ISO-10303-21;
HEADER;
/* Generated by software containing ST-Developer
 * from STEP Tools, Inc. (www.steptools.com) 
 */

FILE_DESCRIPTION(
/* description */ ('',
'CAx-IF Rec.Pracs.---Representation and Presentation of Product Manufa
cturing Information (PMI)---4.0---2014-10-13'),
/* implementation_level */ '2;1');

FILE_NAME(
/* name */ 'CMD15-21SRC_TR8.step',
/* time_stamp */ '2024-12-05T09:19:04+02:00',
/* author */ (''),
/* organization */ (''),
/* preprocessor_version */ 'ST-DEVELOPER v20',
/* originating_system */ 'Autodesk Translation Framework v13.20.0.188',

/* authorisation */ '');

FILE_SCHEMA (('AP242_MANAGED_MODEL_BASED_3D_ENGINEERING_MIM_LF { 1 0 10303 442 1 1 4 }'));
ENDSEC;

DATA;
#10=MECHANICAL_DESIGN_GEOMETRIC_PRESENTATION_REPRESENTATION('',(#17,#18,
#19,#20,#21),#2610);
#11=SHAPE_REPRESENTATION_RELATIONSHIP('SRR','None',#2617,#12);
#12=ADVANCED_BREP_SHAPE_REPRESENTATION('',(#22,#23,#24,#25,#26),#2609);
#13=ELLIPSE('',#1687,0.0751029259498441,0.075);
#14=ELLIPSE('',#1688,0.0751029259498441,0.075);
#15=ELLIPSE('',#1690,0.0751029259498441,0.075);
#16=ELLIPSE('',#1693,0.0751029259498441,0.075);
#17=STYLED_ITEM('',(#2627),#22);
#18=STYLED_ITEM('',(#2627),#23);
#19=STYLED_ITEM('',(#2628),#24);
#20=STYLED_ITEM('',(#2629),#25);
#21=STYLED_ITEM('',(#2629),#26);
#22=MANIFOLD_SOLID_BREP('Body2',#1582);
#23=MANIFOLD_SOLID_BREP('Body3',#1583);
#24=MANIFOLD_SOLID_BREP('Body6',#1584);
#25=MANIFOLD_SOLID_BREP('Body8',#1585);
#26=MANIFOLD_SOLID_BREP('Body9',#1586);
#27=CIRCLE('',#1602,0.425);
#28=CIRCLE('',#1603,0.425);
#29=CIRCLE('',#1606,0.375);
#30=CIRCLE('',#1607,0.600000000000001);
#31=CIRCLE('',#1608,0.6);
#32=CIRCLE('',#1610,0.600000000000001);
#33=CIRCLE('',#1617,0.6);
#34=CIRCLE('',#1620,0.6);
#35=CIRCLE('',#1621,0.6);
#36=CIRCLE('',#1622,0.6);
#37=CIRCLE('',#1623,0.375);
#38=CIRCLE('',#1631,0.6);
#39=CIRCLE('',#1636,0.6);
#40=CIRCLE('',#1641,0.6);
#41=CIRCLE('',#1645,0.6);
#42=CIRCLE('',#1646,0.600000000000001);
#43=CIRCLE('',#1647,0.375);
#44=CIRCLE('',#1650,0.425);
#45=CIRCLE('',#1651,0.425);
#46=CIRCLE('',#1653,0.600000000000001);
#47=CIRCLE('',#1654,0.6);
#48=CIRCLE('',#1664,0.6);
#49=CIRCLE('',#1665,0.6);
#50=CIRCLE('',#1666,0.375);
#51=CIRCLE('',#1670,0.6);
#52=CIRCLE('',#1675,0.6);
#53=CIRCLE('',#1678,0.425);
#54=CIRCLE('',#1683,0.425);
#55=CIRCLE('',#1697,0.425);
#56=CIRCLE('',#1701,0.425);
#57=CIRCLE('',#1705,0.710919068821291);
#58=CIRCLE('',#1706,0.710919068821291);
#59=CIRCLE('',#1716,0.710919068821291);
#60=CIRCLE('',#1717,0.710919068821291);
#61=CYLINDRICAL_SURFACE('',#1601,0.425);
#62=CYLINDRICAL_SURFACE('',#1609,0.600000000000001);
#63=CYLINDRICAL_SURFACE('',#1616,0.6);
#64=CYLINDRICAL_SURFACE('',#1630,0.6);
#65=CYLINDRICAL_SURFACE('',#1633,0.375);
#66=CYLINDRICAL_SURFACE('',#1635,0.6);
#67=CYLINDRICAL_SURFACE('',#1640,0.6);
#68=CYLINDRICAL_SURFACE('',#1649,0.425);
#69=CYLINDRICAL_SURFACE('',#1655,0.600000000000001);
#70=CYLINDRICAL_SURFACE('',#1661,0.6);
#71=CYLINDRICAL_SURFACE('',#1668,0.375);
#72=CYLINDRICAL_SURFACE('',#1669,0.6);
#73=CYLINDRICAL_SURFACE('',#1674,0.6);
#74=CYLINDRICAL_SURFACE('',#1689,0.075);
#75=CYLINDRICAL_SURFACE('',#1694,0.075);
#76=CYLINDRICAL_SURFACE('',#1696,0.425);
#77=CYLINDRICAL_SURFACE('',#1702,0.425);
#78=CYLINDRICAL_SURFACE('',#1704,0.710919068821291);
#79=CYLINDRICAL_SURFACE('',#1715,0.710919068821291);
#80=FACE_OUTER_BOUND('',#163,.T.);
#81=FACE_OUTER_BOUND('',#164,.T.);
#82=FACE_OUTER_BOUND('',#165,.T.);
#83=FACE_OUTER_BOUND('',#166,.T.);
#84=FACE_OUTER_BOUND('',#167,.T.);
#85=FACE_OUTER_BOUND('',#168,.T.);
#86=FACE_OUTER_BOUND('',#169,.T.);
#87=FACE_OUTER_BOUND('',#170,.T.);
#88=FACE_OUTER_BOUND('',#171,.T.);
#89=FACE_OUTER_BOUND('',#172,.T.);
#90=FACE_OUTER_BOUND('',#173,.T.);
#91=FACE_OUTER_BOUND('',#174,.T.);
#92=FACE_OUTER_BOUND('',#175,.T.);
#93=FACE_OUTER_BOUND('',#176,.T.);
#94=FACE_OUTER_BOUND('',#177,.T.);
#95=FACE_OUTER_BOUND('',#178,.T.);
#96=FACE_OUTER_BOUND('',#179,.T.);
#97=FACE_OUTER_BOUND('',#180,.T.);
#98=FACE_OUTER_BOUND('',#181,.T.);
#99=FACE_OUTER_BOUND('',#182,.T.);
#100=FACE_OUTER_BOUND('',#183,.T.);
#101=FACE_OUTER_BOUND('',#184,.T.);
#102=FACE_OUTER_BOUND('',#185,.T.);
#103=FACE_OUTER_BOUND('',#186,.T.);
#104=FACE_OUTER_BOUND('',#187,.T.);
#105=FACE_OUTER_BOUND('',#188,.T.);
#106=FACE_OUTER_BOUND('',#189,.T.);
#107=FACE_OUTER_BOUND('',#190,.T.);
#108=FACE_OUTER_BOUND('',#191,.T.);
#109=FACE_OUTER_BOUND('',#192,.T.);
#110=FACE_OUTER_BOUND('',#193,.T.);
#111=FACE_OUTER_BOUND('',#194,.T.);
#112=FACE_OUTER_BOUND('',#195,.T.);
#113=FACE_OUTER_BOUND('',#196,.T.);
#114=FACE_OUTER_BOUND('',#197,.T.);
#115=FACE_OUTER_BOUND('',#198,.T.);
#116=FACE_OUTER_BOUND('',#199,.T.);
#117=FACE_OUTER_BOUND('',#200,.T.);
#118=FACE_OUTER_BOUND('',#201,.T.);
#119=FACE_OUTER_BOUND('',#202,.T.);
#120=FACE_OUTER_BOUND('',#203,.T.);
#121=FACE_OUTER_BOUND('',#204,.T.);
#122=FACE_OUTER_BOUND('',#205,.T.);
#123=FACE_OUTER_BOUND('',#206,.T.);
#124=FACE_OUTER_BOUND('',#207,.T.);
#125=FACE_OUTER_BOUND('',#208,.T.);
#126=FACE_OUTER_BOUND('',#209,.T.);
#127=FACE_OUTER_BOUND('',#210,.T.);
#128=FACE_OUTER_BOUND('',#211,.T.);
#129=FACE_OUTER_BOUND('',#212,.T.);
#130=FACE_OUTER_BOUND('',#213,.T.);
#131=FACE_OUTER_BOUND('',#214,.T.);
#132=FACE_OUTER_BOUND('',#215,.T.);
#133=FACE_OUTER_BOUND('',#216,.T.);
#134=FACE_OUTER_BOUND('',#217,.T.);
#135=FACE_OUTER_BOUND('',#218,.T.);
#136=FACE_OUTER_BOUND('',#219,.T.);
#137=FACE_OUTER_BOUND('',#220,.T.);
#138=FACE_OUTER_BOUND('',#221,.T.);
#139=FACE_OUTER_BOUND('',#222,.T.);
#140=FACE_OUTER_BOUND('',#223,.T.);
#141=FACE_OUTER_BOUND('',#224,.T.);
#142=FACE_OUTER_BOUND('',#225,.T.);
#143=FACE_OUTER_BOUND('',#226,.T.);
#144=FACE_OUTER_BOUND('',#227,.T.);
#145=FACE_OUTER_BOUND('',#228,.T.);
#146=FACE_OUTER_BOUND('',#229,.T.);
#147=FACE_OUTER_BOUND('',#230,.T.);
#148=FACE_OUTER_BOUND('',#231,.T.);
#149=FACE_OUTER_BOUND('',#232,.T.);
#150=FACE_OUTER_BOUND('',#233,.T.);
#151=FACE_OUTER_BOUND('',#234,.T.);
#152=FACE_OUTER_BOUND('',#235,.T.);
#153=FACE_OUTER_BOUND('',#236,.T.);
#154=FACE_OUTER_BOUND('',#237,.T.);
#155=FACE_OUTER_BOUND('',#238,.T.);
#156=FACE_OUTER_BOUND('',#239,.T.);
#157=FACE_OUTER_BOUND('',#240,.T.);
#158=FACE_OUTER_BOUND('',#241,.T.);
#159=FACE_OUTER_BOUND('',#242,.T.);
#160=FACE_OUTER_BOUND('',#243,.T.);
#161=FACE_OUTER_BOUND('',#244,.T.);
#162=FACE_OUTER_BOUND('',#245,.T.);
#163=EDGE_LOOP('',(#989,#990,#991,#992));
#164=EDGE_LOOP('',(#993,#994,#995,#996));
#165=EDGE_LOOP('',(#997,#998,#999,#1000));
#166=EDGE_LOOP('',(#1001,#1002,#1003,#1004,#1005,#1006,#1007,#1008,#1009,
#1010,#1011,#1012,#1013,#1014,#1015,#1016));
#167=EDGE_LOOP('',(#1017,#1018,#1019,#1020));
#168=EDGE_LOOP('',(#1021,#1022,#1023,#1024));
#169=EDGE_LOOP('',(#1025,#1026,#1027,#1028));
#170=EDGE_LOOP('',(#1029,#1030,#1031,#1032));
#171=EDGE_LOOP('',(#1033,#1034,#1035,#1036));
#172=EDGE_LOOP('',(#1037,#1038,#1039,#1040));
#173=EDGE_LOOP('',(#1041,#1042,#1043,#1044));
#174=EDGE_LOOP('',(#1045,#1046,#1047,#1048,#1049,#1050,#1051,#1052,#1053,
#1054,#1055,#1056));
#175=EDGE_LOOP('',(#1057,#1058,#1059,#1060,#1061,#1062,#1063,#1064,#1065,
#1066,#1067,#1068,#1069,#1070,#1071));
#176=EDGE_LOOP('',(#1072,#1073,#1074,#1075));
#177=EDGE_LOOP('',(#1076,#1077,#1078,#1079));
#178=EDGE_LOOP('',(#1080,#1081,#1082,#1083));
#179=EDGE_LOOP('',(#1084,#1085,#1086,#1087));
#180=EDGE_LOOP('',(#1088,#1089,#1090,#1091));
#181=EDGE_LOOP('',(#1092,#1093,#1094,#1095));
#182=EDGE_LOOP('',(#1096,#1097,#1098,#1099));
#183=EDGE_LOOP('',(#1100,#1101,#1102,#1103,#1104,#1105,#1106,#1107,#1108,
#1109));
#184=EDGE_LOOP('',(#1110,#1111,#1112,#1113));
#185=EDGE_LOOP('',(#1114,#1115,#1116,#1117,#1118,#1119,#1120,#1121,#1122,
#1123));
#186=EDGE_LOOP('',(#1124,#1125,#1126,#1127));
#187=EDGE_LOOP('',(#1128,#1129,#1130,#1131));
#188=EDGE_LOOP('',(#1132,#1133,#1134,#1135));
#189=EDGE_LOOP('',(#1136,#1137,#1138,#1139));
#190=EDGE_LOOP('',(#1140,#1141,#1142,#1143));
#191=EDGE_LOOP('',(#1144,#1145,#1146,#1147,#1148,#1149,#1150,#1151,#1152,
#1153,#1154,#1155,#1156,#1157,#1158));
#192=EDGE_LOOP('',(#1159,#1160,#1161,#1162));
#193=EDGE_LOOP('',(#1163,#1164,#1165,#1166,#1167,#1168,#1169,#1170,#1171,
#1172,#1173,#1174,#1175,#1176,#1177,#1178));
#194=EDGE_LOOP('',(#1179,#1180,#1181,#1182));
#195=EDGE_LOOP('',(#1183,#1184,#1185,#1186));
#196=EDGE_LOOP('',(#1187,#1188,#1189,#1190,#1191,#1192,#1193,#1194,#1195,
#1196,#1197,#1198));
#197=EDGE_LOOP('',(#1199,#1200,#1201,#1202));
#198=EDGE_LOOP('',(#1203,#1204,#1205,#1206));
#199=EDGE_LOOP('',(#1207,#1208,#1209,#1210));
#200=EDGE_LOOP('',(#1211,#1212,#1213,#1214));
#201=EDGE_LOOP('',(#1215,#1216,#1217,#1218));
#202=EDGE_LOOP('',(#1219,#1220,#1221,#1222));
#203=EDGE_LOOP('',(#1223,#1224,#1225,#1226));
#204=EDGE_LOOP('',(#1227,#1228,#1229,#1230,#1231,#1232,#1233,#1234,#1235,
#1236));
#205=EDGE_LOOP('',(#1237,#1238,#1239,#1240,#1241,#1242,#1243,#1244));
#206=EDGE_LOOP('',(#1245,#1246,#1247,#1248,#1249,#1250,#1251,#1252,#1253,
#1254));
#207=EDGE_LOOP('',(#1255,#1256,#1257,#1258));
#208=EDGE_LOOP('',(#1259,#1260,#1261,#1262));
#209=EDGE_LOOP('',(#1263,#1264,#1265,#1266));
#210=EDGE_LOOP('',(#1267,#1268,#1269,#1270));
#211=EDGE_LOOP('',(#1271,#1272,#1273,#1274));
#212=EDGE_LOOP('',(#1275,#1276,#1277,#1278));
#213=EDGE_LOOP('',(#1279,#1280,#1281,#1282,#1283,#1284,#1285,#1286));
#214=EDGE_LOOP('',(#1287,#1288,#1289,#1290,#1291,#1292));
#215=EDGE_LOOP('',(#1293,#1294,#1295,#1296,#1297,#1298));
#216=EDGE_LOOP('',(#1299,#1300,#1301,#1302));
#217=EDGE_LOOP('',(#1303,#1304,#1305,#1306,#1307,#1308));
#218=EDGE_LOOP('',(#1309,#1310,#1311,#1312,#1313,#1314));
#219=EDGE_LOOP('',(#1315,#1316,#1317,#1318));
#220=EDGE_LOOP('',(#1319,#1320,#1321,#1322));
#221=EDGE_LOOP('',(#1323,#1324,#1325,#1326,#1327,#1328));
#222=EDGE_LOOP('',(#1329,#1330,#1331,#1332));
#223=EDGE_LOOP('',(#1333,#1334,#1335,#1336));
#224=EDGE_LOOP('',(#1337,#1338,#1339,#1340,#1341,#1342));
#225=EDGE_LOOP('',(#1343,#1344,#1345,#1346));
#226=EDGE_LOOP('',(#1347,#1348,#1349,#1350));
#227=EDGE_LOOP('',(#1351,#1352,#1353,#1354));
#228=EDGE_LOOP('',(#1355,#1356,#1357,#1358));
#229=EDGE_LOOP('',(#1359,#1360,#1361,#1362));
#230=EDGE_LOOP('',(#1363,#1364,#1365,#1366,#1367,#1368,#1369,#1370));
#231=EDGE_LOOP('',(#1371,#1372,#1373,#1374));
#232=EDGE_LOOP('',(#1375,#1376,#1377,#1378));
#233=EDGE_LOOP('',(#1379,#1380,#1381,#1382));
#234=EDGE_LOOP('',(#1383,#1384,#1385,#1386));
#235=EDGE_LOOP('',(#1387,#1388,#1389,#1390));
#236=EDGE_LOOP('',(#1391,#1392,#1393,#1394));
#237=EDGE_LOOP('',(#1395,#1396,#1397,#1398,#1399));
#238=EDGE_LOOP('',(#1400,#1401,#1402,#1403,#1404));
#239=EDGE_LOOP('',(#1405,#1406,#1407,#1408));
#240=EDGE_LOOP('',(#1409,#1410,#1411,#1412));
#241=EDGE_LOOP('',(#1413,#1414,#1415,#1416));
#242=EDGE_LOOP('',(#1417,#1418,#1419,#1420));
#243=EDGE_LOOP('',(#1421,#1422,#1423,#1424));
#244=EDGE_LOOP('',(#1425,#1426,#1427,#1428,#1429));
#245=EDGE_LOOP('',(#1430,#1431,#1432,#1433,#1434));
#246=LINE('',#2154,#431);
#247=LINE('',#2156,#432);
#248=LINE('',#2158,#433);
#249=LINE('',#2159,#434);
#250=LINE('',#2165,#435);
#251=LINE('',#2168,#436);
#252=LINE('',#2172,#437);
#253=LINE('',#2174,#438);
#254=LINE('',#2176,#439);
#255=LINE('',#2177,#440);
#256=LINE('',#2181,#441);
#257=LINE('',#2185,#442);
#258=LINE('',#2187,#443);
#259=LINE('',#2188,#444);
#260=LINE('',#2192,#445);
#261=LINE('',#2194,#446);
#262=LINE('',#2196,#447);
#263=LINE('',#2198,#448);
#264=LINE('',#2200,#449);
#265=LINE('',#2203,#450);
#266=LINE('',#2204,#451);
#267=LINE('',#2208,#452);
#268=LINE('',#2211,#453);
#269=LINE('',#2212,#454);
#270=LINE('',#2215,#455);
#271=LINE('',#2216,#456);
#272=LINE('',#2219,#457);
#273=LINE('',#2220,#458);
#274=LINE('',#2223,#459);
#275=LINE('',#2224,#460);
#276=LINE('',#2227,#461);
#277=LINE('',#2228,#462);
#278=LINE('',#2232,#463);
#279=LINE('',#2233,#464);
#280=LINE('',#2237,#465);
#281=LINE('',#2241,#466);
#282=LINE('',#2243,#467);
#283=LINE('',#2245,#468);
#284=LINE('',#2247,#469);
#285=LINE('',#2249,#470);
#286=LINE('',#2251,#471);
#287=LINE('',#2255,#472);
#288=LINE('',#2257,#473);
#289=LINE('',#2259,#474);
#290=LINE('',#2263,#475);
#291=LINE('',#2268,#476);
#292=LINE('',#2269,#477);
#293=LINE('',#2270,#478);
#294=LINE('',#2273,#479);
#295=LINE('',#2274,#480);
#296=LINE('',#2277,#481);
#297=LINE('',#2278,#482);
#298=LINE('',#2281,#483);
#299=LINE('',#2282,#484);
#300=LINE('',#2285,#485);
#301=LINE('',#2286,#486);
#302=LINE('',#2289,#487);
#303=LINE('',#2290,#488);
#304=LINE('',#2294,#489);
#305=LINE('',#2296,#490);
#306=LINE('',#2297,#491);
#307=LINE('',#2299,#492);
#308=LINE('',#2302,#493);
#309=LINE('',#2303,#494);
#310=LINE('',#2307,#495);
#311=LINE('',#2310,#496);
#312=LINE('',#2311,#497);
#313=LINE('',#2314,#498);
#314=LINE('',#2315,#499);
#315=LINE('',#2318,#500);
#316=LINE('',#2319,#501);
#317=LINE('',#2326,#502);
#318=LINE('',#2328,#503);
#319=LINE('',#2330,#504);
#320=LINE('',#2331,#505);
#321=LINE('',#2336,#506);
#322=LINE('',#2338,#507);
#323=LINE('',#2340,#508);
#324=LINE('',#2342,#509);
#325=LINE('',#2344,#510);
#326=LINE('',#2348,#511);
#327=LINE('',#2350,#512);
#328=LINE('',#2352,#513);
#329=LINE('',#2354,#514);
#330=LINE('',#2358,#515);
#331=LINE('',#2360,#516);
#332=LINE('',#2361,#517);
#333=LINE('',#2364,#518);
#334=LINE('',#2366,#519);
#335=LINE('',#2367,#520);
#336=LINE('',#2373,#521);
#337=LINE('',#2376,#522);
#338=LINE('',#2378,#523);
#339=LINE('',#2382,#524);
#340=LINE('',#2384,#525);
#341=LINE('',#2386,#526);
#342=LINE('',#2388,#527);
#343=LINE('',#2390,#528);
#344=LINE('',#2392,#529);
#345=LINE('',#2394,#530);
#346=LINE('',#2396,#531);
#347=LINE('',#2398,#532);
#348=LINE('',#2400,#533);
#349=LINE('',#2402,#534);
#350=LINE('',#2404,#535);
#351=LINE('',#2408,#536);
#352=LINE('',#2410,#537);
#353=LINE('',#2412,#538);
#354=LINE('',#2413,#539);
#355=LINE('',#2417,#540);
#356=LINE('',#2421,#541);
#357=LINE('',#2423,#542);
#358=LINE('',#2425,#543);
#359=LINE('',#2430,#544);
#360=LINE('',#2431,#545);
#361=LINE('',#2432,#546);
#362=LINE('',#2437,#547);
#363=LINE('',#2440,#548);
#364=LINE('',#2441,#549);
#365=LINE('',#2444,#550);
#366=LINE('',#2445,#551);
#367=LINE('',#2448,#552);
#368=LINE('',#2449,#553);
#369=LINE('',#2456,#554);
#370=LINE('',#2460,#555);
#371=LINE('',#2462,#556);
#372=LINE('',#2464,#557);
#373=LINE('',#2465,#558);
#374=LINE('',#2469,#559);
#375=LINE('',#2470,#560);
#376=LINE('',#2472,#561);
#377=LINE('',#2474,#562);
#378=LINE('',#2475,#563);
#379=LINE('',#2478,#564);
#380=LINE('',#2480,#565);
#381=LINE('',#2481,#566);
#382=LINE('',#2484,#567);
#383=LINE('',#2486,#568);
#384=LINE('',#2488,#569);
#385=LINE('',#2489,#570);
#386=LINE('',#2492,#571);
#387=LINE('',#2495,#572);
#388=LINE('',#2496,#573);
#389=LINE('',#2500,#574);
#390=LINE('',#2501,#575);
#391=LINE('',#2502,#576);
#392=LINE('',#2506,#577);
#393=LINE('',#2507,#578);
#394=LINE('',#2508,#579);
#395=LINE('',#2514,#580);
#396=LINE('',#2518,#581);
#397=LINE('',#2521,#582);
#398=LINE('',#2522,#583);
#399=LINE('',#2528,#584);
#400=LINE('',#2529,#585);
#401=LINE('',#2534,#586);
#402=LINE('',#2535,#587);
#403=LINE('',#2538,#588);
#404=LINE('',#2539,#589);
#405=LINE('',#2546,#590);
#406=LINE('',#2548,#591);
#407=LINE('',#2550,#592);
#408=LINE('',#2551,#593);
#409=LINE('',#2557,#594);
#410=LINE('',#2560,#595);
#411=LINE('',#2562,#596);
#412=LINE('',#2563,#597);
#413=LINE('',#2566,#598);
#414=LINE('',#2568,#599);
#415=LINE('',#2569,#600);
#416=LINE('',#2571,#601);
#417=LINE('',#2572,#602);
#418=LINE('',#2578,#603);
#419=LINE('',#2580,#604);
#420=LINE('',#2582,#605);
#421=LINE('',#2583,#606);
#422=LINE('',#2586,#607);
#423=LINE('',#2588,#608);
#424=LINE('',#2589,#609);
#425=LINE('',#2592,#610);
#426=LINE('',#2594,#611);
#427=LINE('',#2595,#612);
#428=LINE('',#2601,#613);
#429=LINE('',#2603,#614);
#430=LINE('',#2604,#615);
#431=VECTOR('',#1725,10.);
#432=VECTOR('',#1726,10.);
#433=VECTOR('',#1727,10.);
#434=VECTOR('',#1728,10.);
#435=VECTOR('',#1733,10.);
#436=VECTOR('',#1736,10.);
#437=VECTOR('',#1739,10.);
#438=VECTOR('',#1740,10.);
#439=VECTOR('',#1741,10.);
#440=VECTOR('',#1742,10.);
#441=VECTOR('',#1745,10.);
#442=VECTOR('',#1748,10.);
#443=VECTOR('',#1749,10.);
#444=VECTOR('',#1750,10.);
#445=VECTOR('',#1753,10.);
#446=VECTOR('',#1754,10.);
#447=VECTOR('',#1755,10.);
#448=VECTOR('',#1756,10.);
#449=VECTOR('',#1757,10.);
#450=VECTOR('',#1760,10.);
#451=VECTOR('',#1761,10.);
#452=VECTOR('',#1766,10.);
#453=VECTOR('',#1769,10.);
#454=VECTOR('',#1770,10.);
#455=VECTOR('',#1773,10.);
#456=VECTOR('',#1774,10.);
#457=VECTOR('',#1777,10.);
#458=VECTOR('',#1778,10.);
#459=VECTOR('',#1781,10.);
#460=VECTOR('',#1782,10.);
#461=VECTOR('',#1785,10.);
#462=VECTOR('',#1786,10.);
#463=VECTOR('',#1793,10.);
#464=VECTOR('',#1794,10.);
#465=VECTOR('',#1797,10.);
#466=VECTOR('',#1800,10.);
#467=VECTOR('',#1801,10.);
#468=VECTOR('',#1802,10.);
#469=VECTOR('',#1803,10.);
#470=VECTOR('',#1804,10.);
#471=VECTOR('',#1805,10.);
#472=VECTOR('',#1808,10.);
#473=VECTOR('',#1809,10.);
#474=VECTOR('',#1810,10.);
#475=VECTOR('',#1813,10.);
#476=VECTOR('',#1818,10.);
#477=VECTOR('',#1819,10.);
#478=VECTOR('',#1820,10.);
#479=VECTOR('',#1823,10.);
#480=VECTOR('',#1824,10.);
#481=VECTOR('',#1827,10.);
#482=VECTOR('',#1828,10.);
#483=VECTOR('',#1831,10.);
#484=VECTOR('',#1832,10.);
#485=VECTOR('',#1835,10.);
#486=VECTOR('',#1836,10.);
#487=VECTOR('',#1839,10.);
#488=VECTOR('',#1840,10.);
#489=VECTOR('',#1845,10.);
#490=VECTOR('',#1848,10.);
#491=VECTOR('',#1849,10.);
#492=VECTOR('',#1852,10.);
#493=VECTOR('',#1855,10.);
#494=VECTOR('',#1856,10.);
#495=VECTOR('',#1861,10.);
#496=VECTOR('',#1864,10.);
#497=VECTOR('',#1865,10.);
#498=VECTOR('',#1868,10.);
#499=VECTOR('',#1869,10.);
#500=VECTOR('',#1872,10.);
#501=VECTOR('',#1873,10.);
#502=VECTOR('',#1882,10.);
#503=VECTOR('',#1883,10.);
#504=VECTOR('',#1884,10.);
#505=VECTOR('',#1885,10.);
#506=VECTOR('',#1890,10.);
#507=VECTOR('',#1891,10.);
#508=VECTOR('',#1892,10.);
#509=VECTOR('',#1893,10.);
#510=VECTOR('',#1894,10.);
#511=VECTOR('',#1897,10.);
#512=VECTOR('',#1898,10.);
#513=VECTOR('',#1899,10.);
#514=VECTOR('',#1900,10.);
#515=VECTOR('',#1903,10.);
#516=VECTOR('',#1904,10.);
#517=VECTOR('',#1905,10.);
#518=VECTOR('',#1908,10.);
#519=VECTOR('',#1909,10.);
#520=VECTOR('',#1910,10.);
#521=VECTOR('',#1915,10.);
#522=VECTOR('',#1918,10.);
#523=VECTOR('',#1921,10.);
#524=VECTOR('',#1924,10.);
#525=VECTOR('',#1925,10.);
#526=VECTOR('',#1926,10.);
#527=VECTOR('',#1927,10.);
#528=VECTOR('',#1928,10.);
#529=VECTOR('',#1931,10.);
#530=VECTOR('',#1934,10.);
#531=VECTOR('',#1937,10.);
#532=VECTOR('',#1940,10.);
#533=VECTOR('',#1943,10.);
#534=VECTOR('',#1946,10.);
#535=VECTOR('',#1949,10.);
#536=VECTOR('',#1954,10.);
#537=VECTOR('',#1955,10.);
#538=VECTOR('',#1956,10.);
#539=VECTOR('',#1957,10.);
#540=VECTOR('',#1960,10.);
#541=VECTOR('',#1963,10.);
#542=VECTOR('',#1964,10.);
#543=VECTOR('',#1965,10.);
#544=VECTOR('',#1972,10.);
#545=VECTOR('',#1973,10.);
#546=VECTOR('',#1974,10.);
#547=VECTOR('',#1981,10.);
#548=VECTOR('',#1984,10.);
#549=VECTOR('',#1985,10.);
#550=VECTOR('',#1988,10.);
#551=VECTOR('',#1989,10.);
#552=VECTOR('',#1992,10.);
#553=VECTOR('',#1993,10.);
#554=VECTOR('',#2002,10.);
#555=VECTOR('',#2005,10.);
#556=VECTOR('',#2006,10.);
#557=VECTOR('',#2007,10.);
#558=VECTOR('',#2008,10.);
#559=VECTOR('',#2011,10.);
#560=VECTOR('',#2012,10.);
#561=VECTOR('',#2013,10.);
#562=VECTOR('',#2014,10.);
#563=VECTOR('',#2015,10.);
#564=VECTOR('',#2018,10.);
#565=VECTOR('',#2019,10.);
#566=VECTOR('',#2020,10.);
#567=VECTOR('',#2023,10.);
#568=VECTOR('',#2024,10.);
#569=VECTOR('',#2025,10.);
#570=VECTOR('',#2026,10.);
#571=VECTOR('',#2029,10.);
#572=VECTOR('',#2032,10.);
#573=VECTOR('',#2033,10.);
#574=VECTOR('',#2036,10.);
#575=VECTOR('',#2037,10.);
#576=VECTOR('',#2038,10.);
#577=VECTOR('',#2041,10.);
#578=VECTOR('',#2042,10.);
#579=VECTOR('',#2043,10.);
#580=VECTOR('',#2050,10.);
#581=VECTOR('',#2055,10.);
#582=VECTOR('',#2058,10.);
#583=VECTOR('',#2059,10.);
#584=VECTOR('',#2068,10.);
#585=VECTOR('',#2069,10.);
#586=VECTOR('',#2076,10.);
#587=VECTOR('',#2077,10.);
#588=VECTOR('',#2080,10.);
#589=VECTOR('',#2081,10.);
#590=VECTOR('',#2090,10.);
#591=VECTOR('',#2091,10.);
#592=VECTOR('',#2092,10.);
#593=VECTOR('',#2093,10.);
#594=VECTOR('',#2100,10.);
#595=VECTOR('',#2103,10.);
#596=VECTOR('',#2104,10.);
#597=VECTOR('',#2105,10.);
#598=VECTOR('',#2108,10.);
#599=VECTOR('',#2109,10.);
#600=VECTOR('',#2110,10.);
#601=VECTOR('',#2113,10.);
#602=VECTOR('',#2114,10.);
#603=VECTOR('',#2121,10.);
#604=VECTOR('',#2122,10.);
#605=VECTOR('',#2123,10.);
#606=VECTOR('',#2124,10.);
#607=VECTOR('',#2127,10.);
#608=VECTOR('',#2128,10.);
#609=VECTOR('',#2129,10.);
#610=VECTOR('',#2132,10.);
#611=VECTOR('',#2133,10.);
#612=VECTOR('',#2134,10.);
#613=VECTOR('',#2141,10.);
#614=VECTOR('',#2144,10.);
#615=VECTOR('',#2145,10.);
#616=VERTEX_POINT('',#2152);
#617=VERTEX_POINT('',#2153);
#618=VERTEX_POINT('',#2155);
#619=VERTEX_POINT('',#2157);
#620=VERTEX_POINT('',#2161);
#621=VERTEX_POINT('',#2162);
#622=VERTEX_POINT('',#2164);
#623=VERTEX_POINT('',#2166);
#624=VERTEX_POINT('',#2170);
#625=VERTEX_POINT('',#2171);
#626=VERTEX_POINT('',#2173);
#627=VERTEX_POINT('',#2175);
#628=VERTEX_POINT('',#2179);
#629=VERTEX_POINT('',#2180);
#630=VERTEX_POINT('',#2182);
#631=VERTEX_POINT('',#2184);
#632=VERTEX_POINT('',#2186);
#633=VERTEX_POINT('',#2189);
#634=VERTEX_POINT('',#2191);
#635=VERTEX_POINT('',#2193);
#636=VERTEX_POINT('',#2195);
#637=VERTEX_POINT('',#2197);
#638=VERTEX_POINT('',#2199);
#639=VERTEX_POINT('',#2202);
#640=VERTEX_POINT('',#2206);
#641=VERTEX_POINT('',#2210);
#642=VERTEX_POINT('',#2214);
#643=VERTEX_POINT('',#2218);
#644=VERTEX_POINT('',#2222);
#645=VERTEX_POINT('',#2226);
#646=VERTEX_POINT('',#2235);
#647=VERTEX_POINT('',#2236);
#648=VERTEX_POINT('',#2238);
#649=VERTEX_POINT('',#2240);
#650=VERTEX_POINT('',#2242);
#651=VERTEX_POINT('',#2244);
#652=VERTEX_POINT('',#2246);
#653=VERTEX_POINT('',#2248);
#654=VERTEX_POINT('',#2250);
#655=VERTEX_POINT('',#2252);
#656=VERTEX_POINT('',#2254);
#657=VERTEX_POINT('',#2256);
#658=VERTEX_POINT('',#2258);
#659=VERTEX_POINT('',#2260);
#660=VERTEX_POINT('',#2262);
#661=VERTEX_POINT('',#2266);
#662=VERTEX_POINT('',#2267);
#663=VERTEX_POINT('',#2272);
#664=VERTEX_POINT('',#2276);
#665=VERTEX_POINT('',#2280);
#666=VERTEX_POINT('',#2284);
#667=VERTEX_POINT('',#2288);
#668=VERTEX_POINT('',#2292);
#669=VERTEX_POINT('',#2301);
#670=VERTEX_POINT('',#2305);
#671=VERTEX_POINT('',#2309);
#672=VERTEX_POINT('',#2313);
#673=VERTEX_POINT('',#2317);
#674=VERTEX_POINT('',#2324);
#675=VERTEX_POINT('',#2325);
#676=VERTEX_POINT('',#2327);
#677=VERTEX_POINT('',#2329);
#678=VERTEX_POINT('',#2333);
#679=VERTEX_POINT('',#2335);
#680=VERTEX_POINT('',#2337);
#681=VERTEX_POINT('',#2339);
#682=VERTEX_POINT('',#2341);
#683=VERTEX_POINT('',#2343);
#684=VERTEX_POINT('',#2345);
#685=VERTEX_POINT('',#2347);
#686=VERTEX_POINT('',#2349);
#687=VERTEX_POINT('',#2351);
#688=VERTEX_POINT('',#2353);
#689=VERTEX_POINT('',#2355);
#690=VERTEX_POINT('',#2357);
#691=VERTEX_POINT('',#2359);
#692=VERTEX_POINT('',#2363);
#693=VERTEX_POINT('',#2365);
#694=VERTEX_POINT('',#2369);
#695=VERTEX_POINT('',#2370);
#696=VERTEX_POINT('',#2372);
#697=VERTEX_POINT('',#2374);
#698=VERTEX_POINT('',#2379);
#699=VERTEX_POINT('',#2381);
#700=VERTEX_POINT('',#2383);
#701=VERTEX_POINT('',#2385);
#702=VERTEX_POINT('',#2387);
#703=VERTEX_POINT('',#2389);
#704=VERTEX_POINT('',#2407);
#705=VERTEX_POINT('',#2409);
#706=VERTEX_POINT('',#2411);
#707=VERTEX_POINT('',#2415);
#708=VERTEX_POINT('',#2416);
#709=VERTEX_POINT('',#2418);
#710=VERTEX_POINT('',#2420);
#711=VERTEX_POINT('',#2422);
#712=VERTEX_POINT('',#2424);
#713=VERTEX_POINT('',#2429);
#714=VERTEX_POINT('',#2435);
#715=VERTEX_POINT('',#2439);
#716=VERTEX_POINT('',#2443);
#717=VERTEX_POINT('',#2447);
#718=VERTEX_POINT('',#2454);
#719=VERTEX_POINT('',#2455);
#720=VERTEX_POINT('',#2457);
#721=VERTEX_POINT('',#2459);
#722=VERTEX_POINT('',#2461);
#723=VERTEX_POINT('',#2463);
#724=VERTEX_POINT('',#2467);
#725=VERTEX_POINT('',#2468);
#726=VERTEX_POINT('',#2471);
#727=VERTEX_POINT('',#2473);
#728=VERTEX_POINT('',#2477);
#729=VERTEX_POINT('',#2479);
#730=VERTEX_POINT('',#2483);
#731=VERTEX_POINT('',#2485);
#732=VERTEX_POINT('',#2487);
#733=VERTEX_POINT('',#2491);
#734=VERTEX_POINT('',#2493);
#735=VERTEX_POINT('',#2498);
#736=VERTEX_POINT('',#2499);
#737=VERTEX_POINT('',#2504);
#738=VERTEX_POINT('',#2505);
#739=VERTEX_POINT('',#2510);
#740=VERTEX_POINT('',#2512);
#741=VERTEX_POINT('',#2516);
#742=VERTEX_POINT('',#2520);
#743=VERTEX_POINT('',#2527);
#744=VERTEX_POINT('',#2533);
#745=VERTEX_POINT('',#2537);
#746=VERTEX_POINT('',#2544);
#747=VERTEX_POINT('',#2545);
#748=VERTEX_POINT('',#2547);
#749=VERTEX_POINT('',#2549);
#750=VERTEX_POINT('',#2553);
#751=VERTEX_POINT('',#2555);
#752=VERTEX_POINT('',#2559);
#753=VERTEX_POINT('',#2561);
#754=VERTEX_POINT('',#2565);
#755=VERTEX_POINT('',#2567);
#756=VERTEX_POINT('',#2576);
#757=VERTEX_POINT('',#2577);
#758=VERTEX_POINT('',#2579);
#759=VERTEX_POINT('',#2581);
#760=VERTEX_POINT('',#2585);
#761=VERTEX_POINT('',#2587);
#762=VERTEX_POINT('',#2591);
#763=VERTEX_POINT('',#2593);
#764=VERTEX_POINT('',#2597);
#765=VERTEX_POINT('',#2599);
#766=EDGE_CURVE('',#616,#617,#246,.T.);
#767=EDGE_CURVE('',#616,#618,#247,.T.);
#768=EDGE_CURVE('',#619,#618,#248,.T.);
#769=EDGE_CURVE('',#617,#619,#249,.T.);
#770=EDGE_CURVE('',#620,#621,#27,.T.);
#771=EDGE_CURVE('',#622,#621,#250,.T.);
#772=EDGE_CURVE('',#623,#622,#28,.T.);
#773=EDGE_CURVE('',#623,#620,#251,.T.);
#774=EDGE_CURVE('',#624,#625,#252,.T.);
#775=EDGE_CURVE('',#625,#626,#253,.T.);
#776=EDGE_CURVE('',#627,#626,#254,.T.);
#777=EDGE_CURVE('',#624,#627,#255,.T.);
#778=EDGE_CURVE('',#628,#629,#256,.T.);
#779=EDGE_CURVE('',#629,#630,#29,.T.);
#780=EDGE_CURVE('',#630,#631,#257,.T.);
#781=EDGE_CURVE('',#631,#632,#258,.T.);
#782=EDGE_CURVE('',#626,#632,#259,.T.);
#783=EDGE_CURVE('',#633,#625,#30,.T.);
#784=EDGE_CURVE('',#634,#633,#260,.T.);
#785=EDGE_CURVE('',#635,#634,#261,.T.);
#786=EDGE_CURVE('',#636,#635,#262,.T.);
#787=EDGE_CURVE('',#637,#636,#263,.T.);
#788=EDGE_CURVE('',#638,#637,#264,.T.);
#789=EDGE_CURVE('',#617,#638,#31,.T.);
#790=EDGE_CURVE('',#639,#619,#265,.T.);
#791=EDGE_CURVE('',#639,#628,#266,.T.);
#792=EDGE_CURVE('',#640,#624,#32,.T.);
#793=EDGE_CURVE('',#640,#633,#267,.T.);
#794=EDGE_CURVE('',#640,#641,#268,.T.);
#795=EDGE_CURVE('',#641,#634,#269,.T.);
#796=EDGE_CURVE('',#641,#642,#270,.T.);
#797=EDGE_CURVE('',#642,#635,#271,.T.);
#798=EDGE_CURVE('',#642,#643,#272,.T.);
#799=EDGE_CURVE('',#643,#636,#273,.T.);
#800=EDGE_CURVE('',#644,#643,#274,.T.);
#801=EDGE_CURVE('',#644,#637,#275,.T.);
#802=EDGE_CURVE('',#645,#644,#276,.T.);
#803=EDGE_CURVE('',#645,#638,#277,.T.);
#804=EDGE_CURVE('',#616,#645,#33,.T.);
#805=EDGE_CURVE('',#618,#620,#278,.T.);
#806=EDGE_CURVE('',#621,#627,#279,.T.);
#807=EDGE_CURVE('',#646,#647,#280,.T.);
#808=EDGE_CURVE('',#647,#648,#34,.T.);
#809=EDGE_CURVE('',#648,#649,#281,.T.);
#810=EDGE_CURVE('',#649,#650,#282,.T.);
#811=EDGE_CURVE('',#650,#651,#283,.T.);
#812=EDGE_CURVE('',#651,#652,#284,.T.);
#813=EDGE_CURVE('',#652,#653,#285,.T.);
#814=EDGE_CURVE('',#653,#654,#286,.T.);
#815=EDGE_CURVE('',#654,#655,#35,.T.);
#816=EDGE_CURVE('',#655,#656,#287,.T.);
#817=EDGE_CURVE('',#656,#657,#288,.T.);
#818=EDGE_CURVE('',#657,#658,#289,.T.);
#819=EDGE_CURVE('',#658,#659,#36,.T.);
#820=EDGE_CURVE('',#659,#660,#290,.T.);
#821=EDGE_CURVE('',#660,#646,#37,.T.);
#822=EDGE_CURVE('',#661,#662,#291,.T.);
#823=EDGE_CURVE('',#662,#654,#292,.T.);
#824=EDGE_CURVE('',#661,#653,#293,.T.);
#825=EDGE_CURVE('',#663,#661,#294,.T.);
#826=EDGE_CURVE('',#663,#652,#295,.T.);
#827=EDGE_CURVE('',#664,#663,#296,.T.);
#828=EDGE_CURVE('',#664,#651,#297,.T.);
#829=EDGE_CURVE('',#664,#665,#298,.T.);
#830=EDGE_CURVE('',#665,#650,#299,.T.);
#831=EDGE_CURVE('',#666,#665,#300,.T.);
#832=EDGE_CURVE('',#666,#649,#301,.T.);
#833=EDGE_CURVE('',#666,#667,#302,.T.);
#834=EDGE_CURVE('',#667,#648,#303,.T.);
#835=EDGE_CURVE('',#668,#667,#38,.T.);
#836=EDGE_CURVE('',#668,#647,#304,.T.);
#837=EDGE_CURVE('',#623,#668,#305,.T.);
#838=EDGE_CURVE('',#629,#646,#306,.T.);
#839=EDGE_CURVE('',#630,#660,#307,.T.);
#840=EDGE_CURVE('',#669,#659,#308,.T.);
#841=EDGE_CURVE('',#669,#622,#309,.T.);
#842=EDGE_CURVE('',#670,#669,#39,.T.);
#843=EDGE_CURVE('',#670,#658,#310,.T.);
#844=EDGE_CURVE('',#671,#670,#311,.T.);
#845=EDGE_CURVE('',#671,#657,#312,.T.);
#846=EDGE_CURVE('',#672,#671,#313,.T.);
#847=EDGE_CURVE('',#672,#656,#314,.T.);
#848=EDGE_CURVE('',#673,#672,#315,.T.);
#849=EDGE_CURVE('',#673,#655,#316,.T.);
#850=EDGE_CURVE('',#662,#673,#40,.T.);
#851=EDGE_CURVE('',#674,#675,#317,.T.);
#852=EDGE_CURVE('',#675,#676,#318,.T.);
#853=EDGE_CURVE('',#677,#676,#319,.T.);
#854=EDGE_CURVE('',#674,#677,#320,.T.);
#855=EDGE_CURVE('',#675,#678,#41,.T.);
#856=EDGE_CURVE('',#678,#679,#321,.T.);
#857=EDGE_CURVE('',#679,#680,#322,.T.);
#858=EDGE_CURVE('',#680,#681,#323,.T.);
#859=EDGE_CURVE('',#681,#682,#324,.T.);
#860=EDGE_CURVE('',#682,#683,#325,.T.);
#861=EDGE_CURVE('',#683,#684,#42,.T.);
#862=EDGE_CURVE('',#684,#685,#326,.T.);
#863=EDGE_CURVE('',#686,#685,#327,.T.);
#864=EDGE_CURVE('',#686,#687,#328,.T.);
#865=EDGE_CURVE('',#687,#688,#329,.T.);
#866=EDGE_CURVE('',#688,#689,#43,.T.);
#867=EDGE_CURVE('',#689,#690,#330,.T.);
#868=EDGE_CURVE('',#690,#691,#331,.T.);
#869=EDGE_CURVE('',#676,#691,#332,.T.);
#870=EDGE_CURVE('',#692,#684,#333,.T.);
#871=EDGE_CURVE('',#692,#693,#334,.T.);
#872=EDGE_CURVE('',#685,#693,#335,.T.);
#873=EDGE_CURVE('',#694,#695,#44,.T.);
#874=EDGE_CURVE('',#696,#695,#336,.T.);
#875=EDGE_CURVE('',#697,#696,#45,.T.);
#876=EDGE_CURVE('',#697,#694,#337,.T.);
#877=EDGE_CURVE('',#693,#694,#338,.T.);
#878=EDGE_CURVE('',#698,#692,#46,.T.);
#879=EDGE_CURVE('',#698,#699,#339,.T.);
#880=EDGE_CURVE('',#699,#700,#340,.T.);
#881=EDGE_CURVE('',#700,#701,#341,.T.);
#882=EDGE_CURVE('',#702,#701,#342,.T.);
#883=EDGE_CURVE('',#703,#702,#343,.T.);
#884=EDGE_CURVE('',#674,#703,#47,.T.);
#885=EDGE_CURVE('',#695,#677,#344,.T.);
#886=EDGE_CURVE('',#698,#683,#345,.T.);
#887=EDGE_CURVE('',#699,#682,#346,.T.);
#888=EDGE_CURVE('',#700,#681,#347,.T.);
#889=EDGE_CURVE('',#701,#680,#348,.T.);
#890=EDGE_CURVE('',#702,#679,#349,.T.);
#891=EDGE_CURVE('',#703,#678,#350,.T.);
#892=EDGE_CURVE('',#689,#704,#351,.T.);
#893=EDGE_CURVE('',#705,#704,#352,.T.);
#894=EDGE_CURVE('',#706,#705,#353,.T.);
#895=EDGE_CURVE('',#706,#696,#354,.T.);
#896=EDGE_CURVE('',#707,#708,#355,.T.);
#897=EDGE_CURVE('',#708,#709,#48,.T.);
#898=EDGE_CURVE('',#709,#710,#356,.T.);
#899=EDGE_CURVE('',#710,#711,#357,.T.);
#900=EDGE_CURVE('',#711,#712,#358,.T.);
#901=EDGE_CURVE('',#712,#705,#49,.T.);
#902=EDGE_CURVE('',#704,#707,#50,.T.);
#903=EDGE_CURVE('',#697,#713,#359,.T.);
#904=EDGE_CURVE('',#713,#708,#360,.T.);
#905=EDGE_CURVE('',#707,#688,#361,.T.);
#906=EDGE_CURVE('',#714,#706,#51,.T.);
#907=EDGE_CURVE('',#714,#712,#362,.T.);
#908=EDGE_CURVE('',#715,#714,#363,.T.);
#909=EDGE_CURVE('',#715,#711,#364,.T.);
#910=EDGE_CURVE('',#716,#715,#365,.T.);
#911=EDGE_CURVE('',#716,#710,#366,.T.);
#912=EDGE_CURVE('',#717,#716,#367,.T.);
#913=EDGE_CURVE('',#717,#709,#368,.T.);
#914=EDGE_CURVE('',#713,#717,#52,.T.);
#915=EDGE_CURVE('',#718,#719,#369,.F.);
#916=EDGE_CURVE('',#719,#720,#53,.T.);
#917=EDGE_CURVE('',#720,#721,#370,.F.);
#918=EDGE_CURVE('',#721,#722,#371,.F.);
#919=EDGE_CURVE('',#722,#723,#372,.T.);
#920=EDGE_CURVE('',#723,#718,#373,.F.);
#921=EDGE_CURVE('',#724,#725,#374,.F.);
#922=EDGE_CURVE('',#725,#718,#375,.F.);
#923=EDGE_CURVE('',#726,#723,#376,.F.);
#924=EDGE_CURVE('',#727,#726,#377,.F.);
#925=EDGE_CURVE('',#724,#727,#378,.T.);
#926=EDGE_CURVE('',#720,#728,#379,.F.);
#927=EDGE_CURVE('',#728,#729,#380,.F.);
#928=EDGE_CURVE('',#729,#721,#381,.T.);
#929=EDGE_CURVE('',#729,#730,#382,.F.);
#930=EDGE_CURVE('',#730,#731,#383,.F.);
#931=EDGE_CURVE('',#732,#731,#384,.F.);
#932=EDGE_CURVE('',#722,#732,#385,.F.);
#933=EDGE_CURVE('',#731,#733,#386,.F.);
#934=EDGE_CURVE('',#733,#734,#54,.T.);
#935=EDGE_CURVE('',#734,#727,#387,.F.);
#936=EDGE_CURVE('',#726,#732,#388,.T.);
#937=EDGE_CURVE('',#735,#736,#389,.T.);
#938=EDGE_CURVE('',#732,#735,#390,.T.);
#939=EDGE_CURVE('',#726,#736,#391,.F.);
#940=EDGE_CURVE('',#737,#738,#392,.T.);
#941=EDGE_CURVE('',#723,#737,#393,.T.);
#942=EDGE_CURVE('',#722,#738,#394,.F.);
#943=EDGE_CURVE('',#738,#739,#13,.F.);
#944=EDGE_CURVE('',#740,#735,#14,.F.);
#945=EDGE_CURVE('',#740,#739,#395,.T.);
#946=EDGE_CURVE('',#736,#741,#15,.F.);
#947=EDGE_CURVE('',#741,#740,#396,.T.);
#948=EDGE_CURVE('',#739,#742,#397,.T.);
#949=EDGE_CURVE('',#742,#741,#398,.T.);
#950=EDGE_CURVE('',#742,#737,#16,.F.);
#951=EDGE_CURVE('',#743,#719,#399,.F.);
#952=EDGE_CURVE('',#725,#743,#400,.F.);
#953=EDGE_CURVE('',#728,#743,#55,.T.);
#954=EDGE_CURVE('',#734,#744,#401,.F.);
#955=EDGE_CURVE('',#744,#724,#402,.F.);
#956=EDGE_CURVE('',#745,#733,#403,.F.);
#957=EDGE_CURVE('',#730,#745,#404,.F.);
#958=EDGE_CURVE('',#744,#745,#56,.T.);
#959=EDGE_CURVE('',#746,#747,#405,.T.);
#960=EDGE_CURVE('',#746,#748,#406,.T.);
#961=EDGE_CURVE('',#749,#748,#407,.T.);
#962=EDGE_CURVE('',#747,#749,#408,.T.);
#963=EDGE_CURVE('',#747,#750,#57,.T.);
#964=EDGE_CURVE('',#751,#749,#58,.T.);
#965=EDGE_CURVE('',#750,#751,#409,.T.);
#966=EDGE_CURVE('',#750,#752,#410,.T.);
#967=EDGE_CURVE('',#753,#751,#411,.T.);
#968=EDGE_CURVE('',#752,#753,#412,.T.);
#969=EDGE_CURVE('',#752,#754,#413,.T.);
#970=EDGE_CURVE('',#755,#753,#414,.T.);
#971=EDGE_CURVE('',#754,#755,#415,.T.);
#972=EDGE_CURVE('',#746,#754,#416,.T.);
#973=EDGE_CURVE('',#748,#755,#417,.T.);
#974=EDGE_CURVE('',#756,#757,#418,.T.);
#975=EDGE_CURVE('',#756,#758,#419,.T.);
#976=EDGE_CURVE('',#759,#758,#420,.T.);
#977=EDGE_CURVE('',#757,#759,#421,.T.);
#978=EDGE_CURVE('',#760,#757,#422,.T.);
#979=EDGE_CURVE('',#761,#759,#423,.T.);
#980=EDGE_CURVE('',#760,#761,#424,.T.);
#981=EDGE_CURVE('',#762,#760,#425,.T.);
#982=EDGE_CURVE('',#763,#761,#426,.T.);
#983=EDGE_CURVE('',#762,#763,#427,.T.);
#984=EDGE_CURVE('',#762,#764,#59,.T.);
#985=EDGE_CURVE('',#765,#763,#60,.T.);
#986=EDGE_CURVE('',#764,#765,#428,.T.);
#987=EDGE_CURVE('',#756,#764,#429,.T.);
#988=EDGE_CURVE('',#758,#765,#430,.T.);
#989=ORIENTED_EDGE('',*,*,#766,.F.);
#990=ORIENTED_EDGE('',*,*,#767,.T.);
#991=ORIENTED_EDGE('',*,*,#768,.F.);
#992=ORIENTED_EDGE('',*,*,#769,.F.);
#993=ORIENTED_EDGE('',*,*,#770,.T.);
#994=ORIENTED_EDGE('',*,*,#771,.F.);
#995=ORIENTED_EDGE('',*,*,#772,.F.);
#996=ORIENTED_EDGE('',*,*,#773,.T.);
#997=ORIENTED_EDGE('',*,*,#774,.T.);
#998=ORIENTED_EDGE('',*,*,#775,.T.);
#999=ORIENTED_EDGE('',*,*,#776,.F.);
#1000=ORIENTED_EDGE('',*,*,#777,.F.);
#1001=ORIENTED_EDGE('',*,*,#778,.T.);
#1002=ORIENTED_EDGE('',*,*,#779,.T.);
#1003=ORIENTED_EDGE('',*,*,#780,.T.);
#1004=ORIENTED_EDGE('',*,*,#781,.T.);
#1005=ORIENTED_EDGE('',*,*,#782,.F.);
#1006=ORIENTED_EDGE('',*,*,#775,.F.);
#1007=ORIENTED_EDGE('',*,*,#783,.F.);
#1008=ORIENTED_EDGE('',*,*,#784,.F.);
#1009=ORIENTED_EDGE('',*,*,#785,.F.);
#1010=ORIENTED_EDGE('',*,*,#786,.F.);
#1011=ORIENTED_EDGE('',*,*,#787,.F.);
#1012=ORIENTED_EDGE('',*,*,#788,.F.);
#1013=ORIENTED_EDGE('',*,*,#789,.F.);
#1014=ORIENTED_EDGE('',*,*,#769,.T.);
#1015=ORIENTED_EDGE('',*,*,#790,.F.);
#1016=ORIENTED_EDGE('',*,*,#791,.T.);
#1017=ORIENTED_EDGE('',*,*,#792,.F.);
#1018=ORIENTED_EDGE('',*,*,#793,.T.);
#1019=ORIENTED_EDGE('',*,*,#783,.T.);
#1020=ORIENTED_EDGE('',*,*,#774,.F.);
#1021=ORIENTED_EDGE('',*,*,#794,.T.);
#1022=ORIENTED_EDGE('',*,*,#795,.T.);
#1023=ORIENTED_EDGE('',*,*,#784,.T.);
#1024=ORIENTED_EDGE('',*,*,#793,.F.);
#1025=ORIENTED_EDGE('',*,*,#796,.T.);
#1026=ORIENTED_EDGE('',*,*,#797,.T.);
#1027=ORIENTED_EDGE('',*,*,#785,.T.);
#1028=ORIENTED_EDGE('',*,*,#795,.F.);
#1029=ORIENTED_EDGE('',*,*,#798,.T.);
#1030=ORIENTED_EDGE('',*,*,#799,.T.);
#1031=ORIENTED_EDGE('',*,*,#786,.T.);
#1032=ORIENTED_EDGE('',*,*,#797,.F.);
#1033=ORIENTED_EDGE('',*,*,#800,.F.);
#1034=ORIENTED_EDGE('',*,*,#801,.T.);
#1035=ORIENTED_EDGE('',*,*,#787,.T.);
#1036=ORIENTED_EDGE('',*,*,#799,.F.);
#1037=ORIENTED_EDGE('',*,*,#802,.F.);
#1038=ORIENTED_EDGE('',*,*,#803,.T.);
#1039=ORIENTED_EDGE('',*,*,#788,.T.);
#1040=ORIENTED_EDGE('',*,*,#801,.F.);
#1041=ORIENTED_EDGE('',*,*,#804,.F.);
#1042=ORIENTED_EDGE('',*,*,#766,.T.);
#1043=ORIENTED_EDGE('',*,*,#789,.T.);
#1044=ORIENTED_EDGE('',*,*,#803,.F.);
#1045=ORIENTED_EDGE('',*,*,#770,.F.);
#1046=ORIENTED_EDGE('',*,*,#805,.F.);
#1047=ORIENTED_EDGE('',*,*,#767,.F.);
#1048=ORIENTED_EDGE('',*,*,#804,.T.);
#1049=ORIENTED_EDGE('',*,*,#802,.T.);
#1050=ORIENTED_EDGE('',*,*,#800,.T.);
#1051=ORIENTED_EDGE('',*,*,#798,.F.);
#1052=ORIENTED_EDGE('',*,*,#796,.F.);
#1053=ORIENTED_EDGE('',*,*,#794,.F.);
#1054=ORIENTED_EDGE('',*,*,#792,.T.);
#1055=ORIENTED_EDGE('',*,*,#777,.T.);
#1056=ORIENTED_EDGE('',*,*,#806,.F.);
#1057=ORIENTED_EDGE('',*,*,#807,.T.);
#1058=ORIENTED_EDGE('',*,*,#808,.T.);
#1059=ORIENTED_EDGE('',*,*,#809,.T.);
#1060=ORIENTED_EDGE('',*,*,#810,.T.);
#1061=ORIENTED_EDGE('',*,*,#811,.T.);
#1062=ORIENTED_EDGE('',*,*,#812,.T.);
#1063=ORIENTED_EDGE('',*,*,#813,.T.);
#1064=ORIENTED_EDGE('',*,*,#814,.T.);
#1065=ORIENTED_EDGE('',*,*,#815,.T.);
#1066=ORIENTED_EDGE('',*,*,#816,.T.);
#1067=ORIENTED_EDGE('',*,*,#817,.T.);
#1068=ORIENTED_EDGE('',*,*,#818,.T.);
#1069=ORIENTED_EDGE('',*,*,#819,.T.);
#1070=ORIENTED_EDGE('',*,*,#820,.T.);
#1071=ORIENTED_EDGE('',*,*,#821,.T.);
#1072=ORIENTED_EDGE('',*,*,#822,.T.);
#1073=ORIENTED_EDGE('',*,*,#823,.T.);
#1074=ORIENTED_EDGE('',*,*,#814,.F.);
#1075=ORIENTED_EDGE('',*,*,#824,.F.);
#1076=ORIENTED_EDGE('',*,*,#825,.T.);
#1077=ORIENTED_EDGE('',*,*,#824,.T.);
#1078=ORIENTED_EDGE('',*,*,#813,.F.);
#1079=ORIENTED_EDGE('',*,*,#826,.F.);
#1080=ORIENTED_EDGE('',*,*,#827,.T.);
#1081=ORIENTED_EDGE('',*,*,#826,.T.);
#1082=ORIENTED_EDGE('',*,*,#812,.F.);
#1083=ORIENTED_EDGE('',*,*,#828,.F.);
#1084=ORIENTED_EDGE('',*,*,#829,.F.);
#1085=ORIENTED_EDGE('',*,*,#828,.T.);
#1086=ORIENTED_EDGE('',*,*,#811,.F.);
#1087=ORIENTED_EDGE('',*,*,#830,.F.);
#1088=ORIENTED_EDGE('',*,*,#831,.T.);
#1089=ORIENTED_EDGE('',*,*,#830,.T.);
#1090=ORIENTED_EDGE('',*,*,#810,.F.);
#1091=ORIENTED_EDGE('',*,*,#832,.F.);
#1092=ORIENTED_EDGE('',*,*,#833,.F.);
#1093=ORIENTED_EDGE('',*,*,#832,.T.);
#1094=ORIENTED_EDGE('',*,*,#809,.F.);
#1095=ORIENTED_EDGE('',*,*,#834,.F.);
#1096=ORIENTED_EDGE('',*,*,#835,.T.);
#1097=ORIENTED_EDGE('',*,*,#834,.T.);
#1098=ORIENTED_EDGE('',*,*,#808,.F.);
#1099=ORIENTED_EDGE('',*,*,#836,.F.);
#1100=ORIENTED_EDGE('',*,*,#773,.F.);
#1101=ORIENTED_EDGE('',*,*,#837,.T.);
#1102=ORIENTED_EDGE('',*,*,#836,.T.);
#1103=ORIENTED_EDGE('',*,*,#807,.F.);
#1104=ORIENTED_EDGE('',*,*,#838,.F.);
#1105=ORIENTED_EDGE('',*,*,#778,.F.);
#1106=ORIENTED_EDGE('',*,*,#791,.F.);
#1107=ORIENTED_EDGE('',*,*,#790,.T.);
#1108=ORIENTED_EDGE('',*,*,#768,.T.);
#1109=ORIENTED_EDGE('',*,*,#805,.T.);
#1110=ORIENTED_EDGE('',*,*,#838,.T.);
#1111=ORIENTED_EDGE('',*,*,#821,.F.);
#1112=ORIENTED_EDGE('',*,*,#839,.F.);
#1113=ORIENTED_EDGE('',*,*,#779,.F.);
#1114=ORIENTED_EDGE('',*,*,#780,.F.);
#1115=ORIENTED_EDGE('',*,*,#839,.T.);
#1116=ORIENTED_EDGE('',*,*,#820,.F.);
#1117=ORIENTED_EDGE('',*,*,#840,.F.);
#1118=ORIENTED_EDGE('',*,*,#841,.T.);
#1119=ORIENTED_EDGE('',*,*,#771,.T.);
#1120=ORIENTED_EDGE('',*,*,#806,.T.);
#1121=ORIENTED_EDGE('',*,*,#776,.T.);
#1122=ORIENTED_EDGE('',*,*,#782,.T.);
#1123=ORIENTED_EDGE('',*,*,#781,.F.);
#1124=ORIENTED_EDGE('',*,*,#842,.T.);
#1125=ORIENTED_EDGE('',*,*,#840,.T.);
#1126=ORIENTED_EDGE('',*,*,#819,.F.);
#1127=ORIENTED_EDGE('',*,*,#843,.F.);
#1128=ORIENTED_EDGE('',*,*,#844,.T.);
#1129=ORIENTED_EDGE('',*,*,#843,.T.);
#1130=ORIENTED_EDGE('',*,*,#818,.F.);
#1131=ORIENTED_EDGE('',*,*,#845,.F.);
#1132=ORIENTED_EDGE('',*,*,#846,.T.);
#1133=ORIENTED_EDGE('',*,*,#845,.T.);
#1134=ORIENTED_EDGE('',*,*,#817,.F.);
#1135=ORIENTED_EDGE('',*,*,#847,.F.);
#1136=ORIENTED_EDGE('',*,*,#848,.T.);
#1137=ORIENTED_EDGE('',*,*,#847,.T.);
#1138=ORIENTED_EDGE('',*,*,#816,.F.);
#1139=ORIENTED_EDGE('',*,*,#849,.F.);
#1140=ORIENTED_EDGE('',*,*,#850,.T.);
#1141=ORIENTED_EDGE('',*,*,#849,.T.);
#1142=ORIENTED_EDGE('',*,*,#815,.F.);
#1143=ORIENTED_EDGE('',*,*,#823,.F.);
#1144=ORIENTED_EDGE('',*,*,#772,.T.);
#1145=ORIENTED_EDGE('',*,*,#841,.F.);
#1146=ORIENTED_EDGE('',*,*,#842,.F.);
#1147=ORIENTED_EDGE('',*,*,#844,.F.);
#1148=ORIENTED_EDGE('',*,*,#846,.F.);
#1149=ORIENTED_EDGE('',*,*,#848,.F.);
#1150=ORIENTED_EDGE('',*,*,#850,.F.);
#1151=ORIENTED_EDGE('',*,*,#822,.F.);
#1152=ORIENTED_EDGE('',*,*,#825,.F.);
#1153=ORIENTED_EDGE('',*,*,#827,.F.);
#1154=ORIENTED_EDGE('',*,*,#829,.T.);
#1155=ORIENTED_EDGE('',*,*,#831,.F.);
#1156=ORIENTED_EDGE('',*,*,#833,.T.);
#1157=ORIENTED_EDGE('',*,*,#835,.F.);
#1158=ORIENTED_EDGE('',*,*,#837,.F.);
#1159=ORIENTED_EDGE('',*,*,#851,.T.);
#1160=ORIENTED_EDGE('',*,*,#852,.T.);
#1161=ORIENTED_EDGE('',*,*,#853,.F.);
#1162=ORIENTED_EDGE('',*,*,#854,.F.);
#1163=ORIENTED_EDGE('',*,*,#855,.T.);
#1164=ORIENTED_EDGE('',*,*,#856,.T.);
#1165=ORIENTED_EDGE('',*,*,#857,.T.);
#1166=ORIENTED_EDGE('',*,*,#858,.T.);
#1167=ORIENTED_EDGE('',*,*,#859,.T.);
#1168=ORIENTED_EDGE('',*,*,#860,.T.);
#1169=ORIENTED_EDGE('',*,*,#861,.T.);
#1170=ORIENTED_EDGE('',*,*,#862,.T.);
#1171=ORIENTED_EDGE('',*,*,#863,.F.);
#1172=ORIENTED_EDGE('',*,*,#864,.T.);
#1173=ORIENTED_EDGE('',*,*,#865,.T.);
#1174=ORIENTED_EDGE('',*,*,#866,.T.);
#1175=ORIENTED_EDGE('',*,*,#867,.T.);
#1176=ORIENTED_EDGE('',*,*,#868,.T.);
#1177=ORIENTED_EDGE('',*,*,#869,.F.);
#1178=ORIENTED_EDGE('',*,*,#852,.F.);
#1179=ORIENTED_EDGE('',*,*,#870,.F.);
#1180=ORIENTED_EDGE('',*,*,#871,.T.);
#1181=ORIENTED_EDGE('',*,*,#872,.F.);
#1182=ORIENTED_EDGE('',*,*,#862,.F.);
#1183=ORIENTED_EDGE('',*,*,#873,.T.);
#1184=ORIENTED_EDGE('',*,*,#874,.F.);
#1185=ORIENTED_EDGE('',*,*,#875,.F.);
#1186=ORIENTED_EDGE('',*,*,#876,.T.);
#1187=ORIENTED_EDGE('',*,*,#873,.F.);
#1188=ORIENTED_EDGE('',*,*,#877,.F.);
#1189=ORIENTED_EDGE('',*,*,#871,.F.);
#1190=ORIENTED_EDGE('',*,*,#878,.F.);
#1191=ORIENTED_EDGE('',*,*,#879,.T.);
#1192=ORIENTED_EDGE('',*,*,#880,.T.);
#1193=ORIENTED_EDGE('',*,*,#881,.T.);
#1194=ORIENTED_EDGE('',*,*,#882,.F.);
#1195=ORIENTED_EDGE('',*,*,#883,.F.);
#1196=ORIENTED_EDGE('',*,*,#884,.F.);
#1197=ORIENTED_EDGE('',*,*,#854,.T.);
#1198=ORIENTED_EDGE('',*,*,#885,.F.);
#1199=ORIENTED_EDGE('',*,*,#878,.T.);
#1200=ORIENTED_EDGE('',*,*,#870,.T.);
#1201=ORIENTED_EDGE('',*,*,#861,.F.);
#1202=ORIENTED_EDGE('',*,*,#886,.F.);
#1203=ORIENTED_EDGE('',*,*,#879,.F.);
#1204=ORIENTED_EDGE('',*,*,#886,.T.);
#1205=ORIENTED_EDGE('',*,*,#860,.F.);
#1206=ORIENTED_EDGE('',*,*,#887,.F.);
#1207=ORIENTED_EDGE('',*,*,#880,.F.);
#1208=ORIENTED_EDGE('',*,*,#887,.T.);
#1209=ORIENTED_EDGE('',*,*,#859,.F.);
#1210=ORIENTED_EDGE('',*,*,#888,.F.);
#1211=ORIENTED_EDGE('',*,*,#881,.F.);
#1212=ORIENTED_EDGE('',*,*,#888,.T.);
#1213=ORIENTED_EDGE('',*,*,#858,.F.);
#1214=ORIENTED_EDGE('',*,*,#889,.F.);
#1215=ORIENTED_EDGE('',*,*,#882,.T.);
#1216=ORIENTED_EDGE('',*,*,#889,.T.);
#1217=ORIENTED_EDGE('',*,*,#857,.F.);
#1218=ORIENTED_EDGE('',*,*,#890,.F.);
#1219=ORIENTED_EDGE('',*,*,#883,.T.);
#1220=ORIENTED_EDGE('',*,*,#890,.T.);
#1221=ORIENTED_EDGE('',*,*,#856,.F.);
#1222=ORIENTED_EDGE('',*,*,#891,.F.);
#1223=ORIENTED_EDGE('',*,*,#884,.T.);
#1224=ORIENTED_EDGE('',*,*,#891,.T.);
#1225=ORIENTED_EDGE('',*,*,#855,.F.);
#1226=ORIENTED_EDGE('',*,*,#851,.F.);
#1227=ORIENTED_EDGE('',*,*,#867,.F.);
#1228=ORIENTED_EDGE('',*,*,#892,.T.);
#1229=ORIENTED_EDGE('',*,*,#893,.F.);
#1230=ORIENTED_EDGE('',*,*,#894,.F.);
#1231=ORIENTED_EDGE('',*,*,#895,.T.);
#1232=ORIENTED_EDGE('',*,*,#874,.T.);
#1233=ORIENTED_EDGE('',*,*,#885,.T.);
#1234=ORIENTED_EDGE('',*,*,#853,.T.);
#1235=ORIENTED_EDGE('',*,*,#869,.T.);
#1236=ORIENTED_EDGE('',*,*,#868,.F.);
#1237=ORIENTED_EDGE('',*,*,#896,.T.);
#1238=ORIENTED_EDGE('',*,*,#897,.T.);
#1239=ORIENTED_EDGE('',*,*,#898,.T.);
#1240=ORIENTED_EDGE('',*,*,#899,.T.);
#1241=ORIENTED_EDGE('',*,*,#900,.T.);
#1242=ORIENTED_EDGE('',*,*,#901,.T.);
#1243=ORIENTED_EDGE('',*,*,#893,.T.);
#1244=ORIENTED_EDGE('',*,*,#902,.T.);
#1245=ORIENTED_EDGE('',*,*,#876,.F.);
#1246=ORIENTED_EDGE('',*,*,#903,.T.);
#1247=ORIENTED_EDGE('',*,*,#904,.T.);
#1248=ORIENTED_EDGE('',*,*,#896,.F.);
#1249=ORIENTED_EDGE('',*,*,#905,.T.);
#1250=ORIENTED_EDGE('',*,*,#865,.F.);
#1251=ORIENTED_EDGE('',*,*,#864,.F.);
#1252=ORIENTED_EDGE('',*,*,#863,.T.);
#1253=ORIENTED_EDGE('',*,*,#872,.T.);
#1254=ORIENTED_EDGE('',*,*,#877,.T.);
#1255=ORIENTED_EDGE('',*,*,#905,.F.);
#1256=ORIENTED_EDGE('',*,*,#902,.F.);
#1257=ORIENTED_EDGE('',*,*,#892,.F.);
#1258=ORIENTED_EDGE('',*,*,#866,.F.);
#1259=ORIENTED_EDGE('',*,*,#906,.T.);
#1260=ORIENTED_EDGE('',*,*,#894,.T.);
#1261=ORIENTED_EDGE('',*,*,#901,.F.);
#1262=ORIENTED_EDGE('',*,*,#907,.F.);
#1263=ORIENTED_EDGE('',*,*,#908,.T.);
#1264=ORIENTED_EDGE('',*,*,#907,.T.);
#1265=ORIENTED_EDGE('',*,*,#900,.F.);
#1266=ORIENTED_EDGE('',*,*,#909,.F.);
#1267=ORIENTED_EDGE('',*,*,#910,.T.);
#1268=ORIENTED_EDGE('',*,*,#909,.T.);
#1269=ORIENTED_EDGE('',*,*,#899,.F.);
#1270=ORIENTED_EDGE('',*,*,#911,.F.);
#1271=ORIENTED_EDGE('',*,*,#912,.T.);
#1272=ORIENTED_EDGE('',*,*,#911,.T.);
#1273=ORIENTED_EDGE('',*,*,#898,.F.);
#1274=ORIENTED_EDGE('',*,*,#913,.F.);
#1275=ORIENTED_EDGE('',*,*,#914,.T.);
#1276=ORIENTED_EDGE('',*,*,#913,.T.);
#1277=ORIENTED_EDGE('',*,*,#897,.F.);
#1278=ORIENTED_EDGE('',*,*,#904,.F.);
#1279=ORIENTED_EDGE('',*,*,#875,.T.);
#1280=ORIENTED_EDGE('',*,*,#895,.F.);
#1281=ORIENTED_EDGE('',*,*,#906,.F.);
#1282=ORIENTED_EDGE('',*,*,#908,.F.);
#1283=ORIENTED_EDGE('',*,*,#910,.F.);
#1284=ORIENTED_EDGE('',*,*,#912,.F.);
#1285=ORIENTED_EDGE('',*,*,#914,.F.);
#1286=ORIENTED_EDGE('',*,*,#903,.F.);
#1287=ORIENTED_EDGE('',*,*,#915,.T.);
#1288=ORIENTED_EDGE('',*,*,#916,.T.);
#1289=ORIENTED_EDGE('',*,*,#917,.T.);
#1290=ORIENTED_EDGE('',*,*,#918,.T.);
#1291=ORIENTED_EDGE('',*,*,#919,.T.);
#1292=ORIENTED_EDGE('',*,*,#920,.T.);
#1293=ORIENTED_EDGE('',*,*,#921,.T.);
#1294=ORIENTED_EDGE('',*,*,#922,.T.);
#1295=ORIENTED_EDGE('',*,*,#920,.F.);
#1296=ORIENTED_EDGE('',*,*,#923,.F.);
#1297=ORIENTED_EDGE('',*,*,#924,.F.);
#1298=ORIENTED_EDGE('',*,*,#925,.F.);
#1299=ORIENTED_EDGE('',*,*,#926,.T.);
#1300=ORIENTED_EDGE('',*,*,#927,.T.);
#1301=ORIENTED_EDGE('',*,*,#928,.T.);
#1302=ORIENTED_EDGE('',*,*,#917,.F.);
#1303=ORIENTED_EDGE('',*,*,#929,.T.);
#1304=ORIENTED_EDGE('',*,*,#930,.T.);
#1305=ORIENTED_EDGE('',*,*,#931,.F.);
#1306=ORIENTED_EDGE('',*,*,#932,.F.);
#1307=ORIENTED_EDGE('',*,*,#918,.F.);
#1308=ORIENTED_EDGE('',*,*,#928,.F.);
#1309=ORIENTED_EDGE('',*,*,#933,.T.);
#1310=ORIENTED_EDGE('',*,*,#934,.T.);
#1311=ORIENTED_EDGE('',*,*,#935,.T.);
#1312=ORIENTED_EDGE('',*,*,#924,.T.);
#1313=ORIENTED_EDGE('',*,*,#936,.T.);
#1314=ORIENTED_EDGE('',*,*,#931,.T.);
#1315=ORIENTED_EDGE('',*,*,#937,.F.);
#1316=ORIENTED_EDGE('',*,*,#938,.F.);
#1317=ORIENTED_EDGE('',*,*,#936,.F.);
#1318=ORIENTED_EDGE('',*,*,#939,.T.);
#1319=ORIENTED_EDGE('',*,*,#940,.F.);
#1320=ORIENTED_EDGE('',*,*,#941,.F.);
#1321=ORIENTED_EDGE('',*,*,#919,.F.);
#1322=ORIENTED_EDGE('',*,*,#942,.T.);
#1323=ORIENTED_EDGE('',*,*,#943,.F.);
#1324=ORIENTED_EDGE('',*,*,#942,.F.);
#1325=ORIENTED_EDGE('',*,*,#932,.T.);
#1326=ORIENTED_EDGE('',*,*,#938,.T.);
#1327=ORIENTED_EDGE('',*,*,#944,.F.);
#1328=ORIENTED_EDGE('',*,*,#945,.T.);
#1329=ORIENTED_EDGE('',*,*,#944,.T.);
#1330=ORIENTED_EDGE('',*,*,#937,.T.);
#1331=ORIENTED_EDGE('',*,*,#946,.T.);
#1332=ORIENTED_EDGE('',*,*,#947,.T.);
#1333=ORIENTED_EDGE('',*,*,#948,.F.);
#1334=ORIENTED_EDGE('',*,*,#945,.F.);
#1335=ORIENTED_EDGE('',*,*,#947,.F.);
#1336=ORIENTED_EDGE('',*,*,#949,.F.);
#1337=ORIENTED_EDGE('',*,*,#950,.F.);
#1338=ORIENTED_EDGE('',*,*,#949,.T.);
#1339=ORIENTED_EDGE('',*,*,#946,.F.);
#1340=ORIENTED_EDGE('',*,*,#939,.F.);
#1341=ORIENTED_EDGE('',*,*,#923,.T.);
#1342=ORIENTED_EDGE('',*,*,#941,.T.);
#1343=ORIENTED_EDGE('',*,*,#950,.T.);
#1344=ORIENTED_EDGE('',*,*,#940,.T.);
#1345=ORIENTED_EDGE('',*,*,#943,.T.);
#1346=ORIENTED_EDGE('',*,*,#948,.T.);
#1347=ORIENTED_EDGE('',*,*,#951,.T.);
#1348=ORIENTED_EDGE('',*,*,#915,.F.);
#1349=ORIENTED_EDGE('',*,*,#922,.F.);
#1350=ORIENTED_EDGE('',*,*,#952,.T.);
#1351=ORIENTED_EDGE('',*,*,#953,.F.);
#1352=ORIENTED_EDGE('',*,*,#926,.F.);
#1353=ORIENTED_EDGE('',*,*,#916,.F.);
#1354=ORIENTED_EDGE('',*,*,#951,.F.);
#1355=ORIENTED_EDGE('',*,*,#954,.T.);
#1356=ORIENTED_EDGE('',*,*,#955,.T.);
#1357=ORIENTED_EDGE('',*,*,#925,.T.);
#1358=ORIENTED_EDGE('',*,*,#935,.F.);
#1359=ORIENTED_EDGE('',*,*,#956,.T.);
#1360=ORIENTED_EDGE('',*,*,#933,.F.);
#1361=ORIENTED_EDGE('',*,*,#930,.F.);
#1362=ORIENTED_EDGE('',*,*,#957,.T.);
#1363=ORIENTED_EDGE('',*,*,#955,.F.);
#1364=ORIENTED_EDGE('',*,*,#958,.T.);
#1365=ORIENTED_EDGE('',*,*,#957,.F.);
#1366=ORIENTED_EDGE('',*,*,#929,.F.);
#1367=ORIENTED_EDGE('',*,*,#927,.F.);
#1368=ORIENTED_EDGE('',*,*,#953,.T.);
#1369=ORIENTED_EDGE('',*,*,#952,.F.);
#1370=ORIENTED_EDGE('',*,*,#921,.F.);
#1371=ORIENTED_EDGE('',*,*,#958,.F.);
#1372=ORIENTED_EDGE('',*,*,#954,.F.);
#1373=ORIENTED_EDGE('',*,*,#934,.F.);
#1374=ORIENTED_EDGE('',*,*,#956,.F.);
#1375=ORIENTED_EDGE('',*,*,#959,.F.);
#1376=ORIENTED_EDGE('',*,*,#960,.T.);
#1377=ORIENTED_EDGE('',*,*,#961,.F.);
#1378=ORIENTED_EDGE('',*,*,#962,.F.);
#1379=ORIENTED_EDGE('',*,*,#963,.F.);
#1380=ORIENTED_EDGE('',*,*,#962,.T.);
#1381=ORIENTED_EDGE('',*,*,#964,.F.);
#1382=ORIENTED_EDGE('',*,*,#965,.F.);
#1383=ORIENTED_EDGE('',*,*,#966,.F.);
#1384=ORIENTED_EDGE('',*,*,#965,.T.);
#1385=ORIENTED_EDGE('',*,*,#967,.F.);
#1386=ORIENTED_EDGE('',*,*,#968,.F.);
#1387=ORIENTED_EDGE('',*,*,#969,.F.);
#1388=ORIENTED_EDGE('',*,*,#968,.T.);
#1389=ORIENTED_EDGE('',*,*,#970,.F.);
#1390=ORIENTED_EDGE('',*,*,#971,.F.);
#1391=ORIENTED_EDGE('',*,*,#972,.T.);
#1392=ORIENTED_EDGE('',*,*,#971,.T.);
#1393=ORIENTED_EDGE('',*,*,#973,.F.);
#1394=ORIENTED_EDGE('',*,*,#960,.F.);
#1395=ORIENTED_EDGE('',*,*,#973,.T.);
#1396=ORIENTED_EDGE('',*,*,#970,.T.);
#1397=ORIENTED_EDGE('',*,*,#967,.T.);
#1398=ORIENTED_EDGE('',*,*,#964,.T.);
#1399=ORIENTED_EDGE('',*,*,#961,.T.);
#1400=ORIENTED_EDGE('',*,*,#972,.F.);
#1401=ORIENTED_EDGE('',*,*,#959,.T.);
#1402=ORIENTED_EDGE('',*,*,#963,.T.);
#1403=ORIENTED_EDGE('',*,*,#966,.T.);
#1404=ORIENTED_EDGE('',*,*,#969,.T.);
#1405=ORIENTED_EDGE('',*,*,#974,.F.);
#1406=ORIENTED_EDGE('',*,*,#975,.T.);
#1407=ORIENTED_EDGE('',*,*,#976,.F.);
#1408=ORIENTED_EDGE('',*,*,#977,.F.);
#1409=ORIENTED_EDGE('',*,*,#978,.T.);
#1410=ORIENTED_EDGE('',*,*,#977,.T.);
#1411=ORIENTED_EDGE('',*,*,#979,.F.);
#1412=ORIENTED_EDGE('',*,*,#980,.F.);
#1413=ORIENTED_EDGE('',*,*,#981,.T.);
#1414=ORIENTED_EDGE('',*,*,#980,.T.);
#1415=ORIENTED_EDGE('',*,*,#982,.F.);
#1416=ORIENTED_EDGE('',*,*,#983,.F.);
#1417=ORIENTED_EDGE('',*,*,#984,.F.);
#1418=ORIENTED_EDGE('',*,*,#983,.T.);
#1419=ORIENTED_EDGE('',*,*,#985,.F.);
#1420=ORIENTED_EDGE('',*,*,#986,.F.);
#1421=ORIENTED_EDGE('',*,*,#987,.T.);
#1422=ORIENTED_EDGE('',*,*,#986,.T.);
#1423=ORIENTED_EDGE('',*,*,#988,.F.);
#1424=ORIENTED_EDGE('',*,*,#975,.F.);
#1425=ORIENTED_EDGE('',*,*,#988,.T.);
#1426=ORIENTED_EDGE('',*,*,#985,.T.);
#1427=ORIENTED_EDGE('',*,*,#982,.T.);
#1428=ORIENTED_EDGE('',*,*,#979,.T.);
#1429=ORIENTED_EDGE('',*,*,#976,.T.);
#1430=ORIENTED_EDGE('',*,*,#987,.F.);
#1431=ORIENTED_EDGE('',*,*,#974,.T.);
#1432=ORIENTED_EDGE('',*,*,#978,.F.);
#1433=ORIENTED_EDGE('',*,*,#981,.F.);
#1434=ORIENTED_EDGE('',*,*,#984,.T.);
#1435=PLANE('',#1600);
#1436=PLANE('',#1604);
#1437=PLANE('',#1605);
#1438=PLANE('',#1611);
#1439=PLANE('',#1612);
#1440=PLANE('',#1613);
#1441=PLANE('',#1614);
#1442=PLANE('',#1615);
#1443=PLANE('',#1618);
#1444=PLANE('',#1619);
#1445=PLANE('',#1624);
#1446=PLANE('',#1625);
#1447=PLANE('',#1626);
#1448=PLANE('',#1627);
#1449=PLANE('',#1628);
#1450=PLANE('',#1629);
#1451=PLANE('',#1632);
#1452=PLANE('',#1634);
#1453=PLANE('',#1637);
#1454=PLANE('',#1638);
#1455=PLANE('',#1639);
#1456=PLANE('',#1642);
#1457=PLANE('',#1643);
#1458=PLANE('',#1644);
#1459=PLANE('',#1648);
#1460=PLANE('',#1652);
#1461=PLANE('',#1656);
#1462=PLANE('',#1657);
#1463=PLANE('',#1658);
#1464=PLANE('',#1659);
#1465=PLANE('',#1660);
#1466=PLANE('',#1662);
#1467=PLANE('',#1663);
#1468=PLANE('',#1667);
#1469=PLANE('',#1671);
#1470=PLANE('',#1672);
#1471=PLANE('',#1673);
#1472=PLANE('',#1676);
#1473=PLANE('',#1677);
#1474=PLANE('',#1679);
#1475=PLANE('',#1680);
#1476=PLANE('',#1681);
#1477=PLANE('',#1682);
#1478=PLANE('',#1684);
#1479=PLANE('',#1685);
#1480=PLANE('',#1686);
#1481=PLANE('',#1691);
#1482=PLANE('',#1692);
#1483=PLANE('',#1695);
#1484=PLANE('',#1698);
#1485=PLANE('',#1699);
#1486=PLANE('',#1700);
#1487=PLANE('',#1703);
#1488=PLANE('',#1707);
#1489=PLANE('',#1708);
#1490=PLANE('',#1709);
#1491=PLANE('',#1710);
#1492=PLANE('',#1711);
#1493=PLANE('',#1712);
#1494=PLANE('',#1713);
#1495=PLANE('',#1714);
#1496=PLANE('',#1718);
#1497=PLANE('',#1719);
#1498=PLANE('',#1720);
#1499=ADVANCED_FACE('',(#80),#1435,.T.);
#1500=ADVANCED_FACE('',(#81),#61,.T.);
#1501=ADVANCED_FACE('',(#82),#1436,.T.);
#1502=ADVANCED_FACE('',(#83),#1437,.F.);
#1503=ADVANCED_FACE('',(#84),#62,.T.);
#1504=ADVANCED_FACE('',(#85),#1438,.F.);
#1505=ADVANCED_FACE('',(#86),#1439,.F.);
#1506=ADVANCED_FACE('',(#87),#1440,.F.);
#1507=ADVANCED_FACE('',(#88),#1441,.F.);
#1508=ADVANCED_FACE('',(#89),#1442,.F.);
#1509=ADVANCED_FACE('',(#90),#63,.T.);
#1510=ADVANCED_FACE('',(#91),#1443,.T.);
#1511=ADVANCED_FACE('',(#92),#1444,.T.);
#1512=ADVANCED_FACE('',(#93),#1445,.T.);
#1513=ADVANCED_FACE('',(#94),#1446,.T.);
#1514=ADVANCED_FACE('',(#95),#1447,.T.);
#1515=ADVANCED_FACE('',(#96),#1448,.T.);
#1516=ADVANCED_FACE('',(#97),#1449,.T.);
#1517=ADVANCED_FACE('',(#98),#1450,.T.);
#1518=ADVANCED_FACE('',(#99),#64,.T.);
#1519=ADVANCED_FACE('',(#100),#1451,.T.);
#1520=ADVANCED_FACE('',(#101),#65,.F.);
#1521=ADVANCED_FACE('',(#102),#1452,.T.);
#1522=ADVANCED_FACE('',(#103),#66,.T.);
#1523=ADVANCED_FACE('',(#104),#1453,.T.);
#1524=ADVANCED_FACE('',(#105),#1454,.T.);
#1525=ADVANCED_FACE('',(#106),#1455,.T.);
#1526=ADVANCED_FACE('',(#107),#67,.T.);
#1527=ADVANCED_FACE('',(#108),#1456,.F.);
#1528=ADVANCED_FACE('',(#109),#1457,.T.);
#1529=ADVANCED_FACE('',(#110),#1458,.T.);
#1530=ADVANCED_FACE('',(#111),#1459,.T.);
#1531=ADVANCED_FACE('',(#112),#68,.T.);
#1532=ADVANCED_FACE('',(#113),#1460,.F.);
#1533=ADVANCED_FACE('',(#114),#69,.T.);
#1534=ADVANCED_FACE('',(#115),#1461,.T.);
#1535=ADVANCED_FACE('',(#116),#1462,.T.);
#1536=ADVANCED_FACE('',(#117),#1463,.T.);
#1537=ADVANCED_FACE('',(#118),#1464,.T.);
#1538=ADVANCED_FACE('',(#119),#1465,.T.);
#1539=ADVANCED_FACE('',(#120),#70,.T.);
#1540=ADVANCED_FACE('',(#121),#1466,.T.);
#1541=ADVANCED_FACE('',(#122),#1467,.T.);
#1542=ADVANCED_FACE('',(#123),#1468,.T.);
#1543=ADVANCED_FACE('',(#124),#71,.F.);
#1544=ADVANCED_FACE('',(#125),#72,.T.);
#1545=ADVANCED_FACE('',(#126),#1469,.T.);
#1546=ADVANCED_FACE('',(#127),#1470,.T.);
#1547=ADVANCED_FACE('',(#128),#1471,.T.);
#1548=ADVANCED_FACE('',(#129),#73,.T.);
#1549=ADVANCED_FACE('',(#130),#1472,.F.);
#1550=ADVANCED_FACE('',(#131),#1473,.T.);
#1551=ADVANCED_FACE('',(#132),#1474,.T.);
#1552=ADVANCED_FACE('',(#133),#1475,.T.);
#1553=ADVANCED_FACE('',(#134),#1476,.T.);
#1554=ADVANCED_FACE('',(#135),#1477,.T.);
#1555=ADVANCED_FACE('',(#136),#1478,.T.);
#1556=ADVANCED_FACE('',(#137),#1479,.T.);
#1557=ADVANCED_FACE('',(#138),#1480,.T.);
#1558=ADVANCED_FACE('',(#139),#74,.T.);
#1559=ADVANCED_FACE('',(#140),#1481,.T.);
#1560=ADVANCED_FACE('',(#141),#1482,.T.);
#1561=ADVANCED_FACE('',(#142),#75,.T.);
#1562=ADVANCED_FACE('',(#143),#1483,.T.);
#1563=ADVANCED_FACE('',(#144),#76,.F.);
#1564=ADVANCED_FACE('',(#145),#1484,.T.);
#1565=ADVANCED_FACE('',(#146),#1485,.T.);
#1566=ADVANCED_FACE('',(#147),#1486,.F.);
#1567=ADVANCED_FACE('',(#148),#77,.F.);
#1568=ADVANCED_FACE('',(#149),#1487,.T.);
#1569=ADVANCED_FACE('',(#150),#78,.F.);
#1570=ADVANCED_FACE('',(#151),#1488,.T.);
#1571=ADVANCED_FACE('',(#152),#1489,.T.);
#1572=ADVANCED_FACE('',(#153),#1490,.T.);
#1573=ADVANCED_FACE('',(#154),#1491,.T.);
#1574=ADVANCED_FACE('',(#155),#1492,.F.);
#1575=ADVANCED_FACE('',(#156),#1493,.T.);
#1576=ADVANCED_FACE('',(#157),#1494,.T.);
#1577=ADVANCED_FACE('',(#158),#1495,.T.);
#1578=ADVANCED_FACE('',(#159),#79,.F.);
#1579=ADVANCED_FACE('',(#160),#1496,.T.);
#1580=ADVANCED_FACE('',(#161),#1497,.T.);
#1581=ADVANCED_FACE('',(#162),#1498,.F.);
#1582=CLOSED_SHELL('',(#1499,#1500,#1501,#1502,#1503,#1504,#1505,#1506,
#1507,#1508,#1509,#1510,#1511,#1512,#1513,#1514,#1515,#1516,#1517,#1518,
#1519,#1520,#1521,#1522,#1523,#1524,#1525,#1526,#1527));
#1583=CLOSED_SHELL('',(#1528,#1529,#1530,#1531,#1532,#1533,#1534,#1535,
#1536,#1537,#1538,#1539,#1540,#1541,#1542,#1543,#1544,#1545,#1546,#1547,
#1548,#1549));
#1584=CLOSED_SHELL('',(#1550,#1551,#1552,#1553,#1554,#1555,#1556,#1557,
#1558,#1559,#1560,#1561,#1562,#1563,#1564,#1565,#1566,#1567));
#1585=CLOSED_SHELL('',(#1568,#1569,#1570,#1571,#1572,#1573,#1574));
#1586=CLOSED_SHELL('',(#1575,#1576,#1577,#1578,#1579,#1580,#1581));
#1587=DERIVED_UNIT_ELEMENT(#1589,1.);
#1588=DERIVED_UNIT_ELEMENT(#2612,-3.);
#1589=(
MASS_UNIT()
NAMED_UNIT(*)
SI_UNIT(.KILO.,.GRAM.)
);
#1590=DERIVED_UNIT((#1587,#1588));
#1591=MEASURE_REPRESENTATION_ITEM('density measure',
POSITIVE_RATIO_MEASURE(7850.),#1590);
#1592=PROPERTY_DEFINITION_REPRESENTATION(#1597,#1594);
#1593=PROPERTY_DEFINITION_REPRESENTATION(#1598,#1595);
#1594=REPRESENTATION('material name',(#1596),#2609);
#1595=REPRESENTATION('density',(#1591),#2609);
#1596=DESCRIPTIVE_REPRESENTATION_ITEM('Steel','Steel');
#1597=PROPERTY_DEFINITION('material property','material name',#2619);
#1598=PROPERTY_DEFINITION('material property','density of part',#2619);
#1599=AXIS2_PLACEMENT_3D('',#2150,#1721,#1722);
#1600=AXIS2_PLACEMENT_3D('',#2151,#1723,#1724);
#1601=AXIS2_PLACEMENT_3D('',#2160,#1729,#1730);
#1602=AXIS2_PLACEMENT_3D('',#2163,#1731,#1732);
#1603=AXIS2_PLACEMENT_3D('',#2167,#1734,#1735);
#1604=AXIS2_PLACEMENT_3D('',#2169,#1737,#1738);
#1605=AXIS2_PLACEMENT_3D('',#2178,#1743,#1744);
#1606=AXIS2_PLACEMENT_3D('',#2183,#1746,#1747);
#1607=AXIS2_PLACEMENT_3D('',#2190,#1751,#1752);
#1608=AXIS2_PLACEMENT_3D('',#2201,#1758,#1759);
#1609=AXIS2_PLACEMENT_3D('',#2205,#1762,#1763);
#1610=AXIS2_PLACEMENT_3D('',#2207,#1764,#1765);
#1611=AXIS2_PLACEMENT_3D('',#2209,#1767,#1768);
#1612=AXIS2_PLACEMENT_3D('',#2213,#1771,#1772);
#1613=AXIS2_PLACEMENT_3D('',#2217,#1775,#1776);
#1614=AXIS2_PLACEMENT_3D('',#2221,#1779,#1780);
#1615=AXIS2_PLACEMENT_3D('',#2225,#1783,#1784);
#1616=AXIS2_PLACEMENT_3D('',#2229,#1787,#1788);
#1617=AXIS2_PLACEMENT_3D('',#2230,#1789,#1790);
#1618=AXIS2_PLACEMENT_3D('',#2231,#1791,#1792);
#1619=AXIS2_PLACEMENT_3D('',#2234,#1795,#1796);
#1620=AXIS2_PLACEMENT_3D('',#2239,#1798,#1799);
#1621=AXIS2_PLACEMENT_3D('',#2253,#1806,#1807);
#1622=AXIS2_PLACEMENT_3D('',#2261,#1811,#1812);
#1623=AXIS2_PLACEMENT_3D('',#2264,#1814,#1815);
#1624=AXIS2_PLACEMENT_3D('',#2265,#1816,#1817);
#1625=AXIS2_PLACEMENT_3D('',#2271,#1821,#1822);
#1626=AXIS2_PLACEMENT_3D('',#2275,#1825,#1826);
#1627=AXIS2_PLACEMENT_3D('',#2279,#1829,#1830);
#1628=AXIS2_PLACEMENT_3D('',#2283,#1833,#1834);
#1629=AXIS2_PLACEMENT_3D('',#2287,#1837,#1838);
#1630=AXIS2_PLACEMENT_3D('',#2291,#1841,#1842);
#1631=AXIS2_PLACEMENT_3D('',#2293,#1843,#1844);
#1632=AXIS2_PLACEMENT_3D('',#2295,#1846,#1847);
#1633=AXIS2_PLACEMENT_3D('',#2298,#1850,#1851);
#1634=AXIS2_PLACEMENT_3D('',#2300,#1853,#1854);
#1635=AXIS2_PLACEMENT_3D('',#2304,#1857,#1858);
#1636=AXIS2_PLACEMENT_3D('',#2306,#1859,#1860);
#1637=AXIS2_PLACEMENT_3D('',#2308,#1862,#1863);
#1638=AXIS2_PLACEMENT_3D('',#2312,#1866,#1867);
#1639=AXIS2_PLACEMENT_3D('',#2316,#1870,#1871);
#1640=AXIS2_PLACEMENT_3D('',#2320,#1874,#1875);
#1641=AXIS2_PLACEMENT_3D('',#2321,#1876,#1877);
#1642=AXIS2_PLACEMENT_3D('',#2322,#1878,#1879);
#1643=AXIS2_PLACEMENT_3D('',#2323,#1880,#1881);
#1644=AXIS2_PLACEMENT_3D('',#2332,#1886,#1887);
#1645=AXIS2_PLACEMENT_3D('',#2334,#1888,#1889);
#1646=AXIS2_PLACEMENT_3D('',#2346,#1895,#1896);
#1647=AXIS2_PLACEMENT_3D('',#2356,#1901,#1902);
#1648=AXIS2_PLACEMENT_3D('',#2362,#1906,#1907);
#1649=AXIS2_PLACEMENT_3D('',#2368,#1911,#1912);
#1650=AXIS2_PLACEMENT_3D('',#2371,#1913,#1914);
#1651=AXIS2_PLACEMENT_3D('',#2375,#1916,#1917);
#1652=AXIS2_PLACEMENT_3D('',#2377,#1919,#1920);
#1653=AXIS2_PLACEMENT_3D('',#2380,#1922,#1923);
#1654=AXIS2_PLACEMENT_3D('',#2391,#1929,#1930);
#1655=AXIS2_PLACEMENT_3D('',#2393,#1932,#1933);
#1656=AXIS2_PLACEMENT_3D('',#2395,#1935,#1936);
#1657=AXIS2_PLACEMENT_3D('',#2397,#1938,#1939);
#1658=AXIS2_PLACEMENT_3D('',#2399,#1941,#1942);
#1659=AXIS2_PLACEMENT_3D('',#2401,#1944,#1945);
#1660=AXIS2_PLACEMENT_3D('',#2403,#1947,#1948);
#1661=AXIS2_PLACEMENT_3D('',#2405,#1950,#1951);
#1662=AXIS2_PLACEMENT_3D('',#2406,#1952,#1953);
#1663=AXIS2_PLACEMENT_3D('',#2414,#1958,#1959);
#1664=AXIS2_PLACEMENT_3D('',#2419,#1961,#1962);
#1665=AXIS2_PLACEMENT_3D('',#2426,#1966,#1967);
#1666=AXIS2_PLACEMENT_3D('',#2427,#1968,#1969);
#1667=AXIS2_PLACEMENT_3D('',#2428,#1970,#1971);
#1668=AXIS2_PLACEMENT_3D('',#2433,#1975,#1976);
#1669=AXIS2_PLACEMENT_3D('',#2434,#1977,#1978);
#1670=AXIS2_PLACEMENT_3D('',#2436,#1979,#1980);
#1671=AXIS2_PLACEMENT_3D('',#2438,#1982,#1983);
#1672=AXIS2_PLACEMENT_3D('',#2442,#1986,#1987);
#1673=AXIS2_PLACEMENT_3D('',#2446,#1990,#1991);
#1674=AXIS2_PLACEMENT_3D('',#2450,#1994,#1995);
#1675=AXIS2_PLACEMENT_3D('',#2451,#1996,#1997);
#1676=AXIS2_PLACEMENT_3D('',#2452,#1998,#1999);
#1677=AXIS2_PLACEMENT_3D('',#2453,#2000,#2001);
#1678=AXIS2_PLACEMENT_3D('',#2458,#2003,#2004);
#1679=AXIS2_PLACEMENT_3D('',#2466,#2009,#2010);
#1680=AXIS2_PLACEMENT_3D('',#2476,#2016,#2017);
#1681=AXIS2_PLACEMENT_3D('',#2482,#2021,#2022);
#1682=AXIS2_PLACEMENT_3D('',#2490,#2027,#2028);
#1683=AXIS2_PLACEMENT_3D('',#2494,#2030,#2031);
#1684=AXIS2_PLACEMENT_3D('',#2497,#2034,#2035);
#1685=AXIS2_PLACEMENT_3D('',#2503,#2039,#2040);
#1686=AXIS2_PLACEMENT_3D('',#2509,#2044,#2045);
#1687=AXIS2_PLACEMENT_3D('',#2511,#2046,#2047);
#1688=AXIS2_PLACEMENT_3D('',#2513,#2048,#2049);
#1689=AXIS2_PLACEMENT_3D('',#2515,#2051,#2052);
#1690=AXIS2_PLACEMENT_3D('',#2517,#2053,#2054);
#1691=AXIS2_PLACEMENT_3D('',#2519,#2056,#2057);
#1692=AXIS2_PLACEMENT_3D('',#2523,#2060,#2061);
#1693=AXIS2_PLACEMENT_3D('',#2524,#2062,#2063);
#1694=AXIS2_PLACEMENT_3D('',#2525,#2064,#2065);
#1695=AXIS2_PLACEMENT_3D('',#2526,#2066,#2067);
#1696=AXIS2_PLACEMENT_3D('',#2530,#2070,#2071);
#1697=AXIS2_PLACEMENT_3D('',#2531,#2072,#2073);
#1698=AXIS2_PLACEMENT_3D('',#2532,#2074,#2075);
#1699=AXIS2_PLACEMENT_3D('',#2536,#2078,#2079);
#1700=AXIS2_PLACEMENT_3D('',#2540,#2082,#2083);
#1701=AXIS2_PLACEMENT_3D('',#2541,#2084,#2085);
#1702=AXIS2_PLACEMENT_3D('',#2542,#2086,#2087);
#1703=AXIS2_PLACEMENT_3D('',#2543,#2088,#2089);
#1704=AXIS2_PLACEMENT_3D('',#2552,#2094,#2095);
#1705=AXIS2_PLACEMENT_3D('',#2554,#2096,#2097);
#1706=AXIS2_PLACEMENT_3D('',#2556,#2098,#2099);
#1707=AXIS2_PLACEMENT_3D('',#2558,#2101,#2102);
#1708=AXIS2_PLACEMENT_3D('',#2564,#2106,#2107);
#1709=AXIS2_PLACEMENT_3D('',#2570,#2111,#2112);
#1710=AXIS2_PLACEMENT_3D('',#2573,#2115,#2116);
#1711=AXIS2_PLACEMENT_3D('',#2574,#2117,#2118);
#1712=AXIS2_PLACEMENT_3D('',#2575,#2119,#2120);
#1713=AXIS2_PLACEMENT_3D('',#2584,#2125,#2126);
#1714=AXIS2_PLACEMENT_3D('',#2590,#2130,#2131);
#1715=AXIS2_PLACEMENT_3D('',#2596,#2135,#2136);
#1716=AXIS2_PLACEMENT_3D('',#2598,#2137,#2138);
#1717=AXIS2_PLACEMENT_3D('',#2600,#2139,#2140);
#1718=AXIS2_PLACEMENT_3D('',#2602,#2142,#2143);
#1719=AXIS2_PLACEMENT_3D('',#2605,#2146,#2147);
#1720=AXIS2_PLACEMENT_3D('',#2606,#2148,#2149);
#1721=DIRECTION('axis',(0.,0.,1.));
#1722=DIRECTION('refdir',(1.,0.,0.));
#1723=DIRECTION('center_axis',(0.,1.,0.));
#1724=DIRECTION('ref_axis',(0.,0.,1.));
#1725=DIRECTION('',(0.,0.,-1.));
#1726=DIRECTION('',(1.,0.,0.));
#1727=DIRECTION('',(0.,0.,1.));
#1728=DIRECTION('',(1.,0.,0.));
#1729=DIRECTION('center_axis',(0.,0.,-1.));
#1730=DIRECTION('ref_axis',(0.,1.,0.));
#1731=DIRECTION('center_axis',(0.,0.,1.));
#1732=DIRECTION('ref_axis',(0.,1.,0.));
#1733=DIRECTION('',(0.,0.,-1.));
#1734=DIRECTION('center_axis',(0.,0.,1.));
#1735=DIRECTION('ref_axis',(0.,1.,0.));
#1736=DIRECTION('',(0.,0.,-1.));
#1737=DIRECTION('center_axis',(0.,-1.,0.));
#1738=DIRECTION('ref_axis',(0.,0.,-1.));
#1739=DIRECTION('',(0.,0.,-1.));
#1740=DIRECTION('',(1.,0.,0.));
#1741=DIRECTION('',(0.,0.,-1.));
#1742=DIRECTION('',(1.,0.,0.));
#1743=DIRECTION('center_axis',(0.,0.,1.));
#1744=DIRECTION('ref_axis',(-1.,0.,0.));
#1745=DIRECTION('',(0.,-1.,0.));
#1746=DIRECTION('center_axis',(0.,0.,1.));
#1747=DIRECTION('ref_axis',(0.,1.,0.));
#1748=DIRECTION('',(-1.2335811384724E-15,-1.,0.));
#1749=DIRECTION('',(-1.2335811384724E-15,-1.,0.));
#1750=DIRECTION('',(0.,1.,0.));
#1751=DIRECTION('center_axis',(0.,0.,1.));
#1752=DIRECTION('ref_axis',(-0.11428905561291,-0.993447538507751,0.));
#1753=DIRECTION('',(0.,1.,0.));
#1754=DIRECTION('',(1.,0.,0.));
#1755=DIRECTION('',(-1.92281606293147E-16,-1.,0.));
#1756=DIRECTION('',(-1.,0.,0.));
#1757=DIRECTION('',(0.,1.,0.));
#1758=DIRECTION('center_axis',(0.,0.,1.));
#1759=DIRECTION('ref_axis',(-0.00923775283883238,0.999957331050925,0.));
#1760=DIRECTION('',(0.,1.,0.));
#1761=DIRECTION('',(0.,-1.,0.));
#1762=DIRECTION('center_axis',(0.,0.,1.));
#1763=DIRECTION('ref_axis',(-0.11428905561291,-0.993447538507751,0.));
#1764=DIRECTION('center_axis',(0.,0.,1.));
#1765=DIRECTION('ref_axis',(-0.11428905561291,-0.993447538507751,0.));
#1766=DIRECTION('',(0.,0.,-1.));
#1767=DIRECTION('center_axis',(-1.,0.,0.));
#1768=DIRECTION('ref_axis',(0.,1.,0.));
#1769=DIRECTION('',(0.,-1.,0.));
#1770=DIRECTION('',(0.,0.,-1.));
#1771=DIRECTION('center_axis',(0.,1.,0.));
#1772=DIRECTION('ref_axis',(1.,0.,0.));
#1773=DIRECTION('',(-1.,0.,0.));
#1774=DIRECTION('',(0.,0.,-1.));
#1775=DIRECTION('center_axis',(1.,-1.92281606293147E-16,0.));
#1776=DIRECTION('ref_axis',(-1.92281606293147E-16,-1.,0.));
#1777=DIRECTION('',(1.92281606293147E-16,1.,0.));
#1778=DIRECTION('',(0.,0.,-1.));
#1779=DIRECTION('center_axis',(0.,-1.,0.));
#1780=DIRECTION('ref_axis',(-1.,0.,0.));
#1781=DIRECTION('',(-1.,0.,0.));
#1782=DIRECTION('',(0.,0.,-1.));
#1783=DIRECTION('center_axis',(-1.,0.,0.));
#1784=DIRECTION('ref_axis',(0.,1.,0.));
#1785=DIRECTION('',(0.,1.,0.));
#1786=DIRECTION('',(0.,0.,-1.));
#1787=DIRECTION('center_axis',(0.,0.,1.));
#1788=DIRECTION('ref_axis',(-0.00923775283883238,0.999957331050925,0.));
#1789=DIRECTION('center_axis',(0.,0.,1.));
#1790=DIRECTION('ref_axis',(-0.00923775283883238,0.999957331050925,0.));
#1791=DIRECTION('center_axis',(0.,0.,1.));
#1792=DIRECTION('ref_axis',(-1.,0.,0.));
#1793=DIRECTION('',(0.,-1.,0.));
#1794=DIRECTION('',(0.,-1.,0.));
#1795=DIRECTION('center_axis',(0.,0.,1.));
#1796=DIRECTION('ref_axis',(-1.,0.,0.));
#1797=DIRECTION('',(0.,1.,0.));
#1798=DIRECTION('center_axis',(0.,0.,1.));
#1799=DIRECTION('ref_axis',(-0.32600949640241,-0.945366494146819,0.));
#1800=DIRECTION('',(0.,1.,0.));
#1801=DIRECTION('',(-1.,0.,0.));
#1802=DIRECTION('',(0.,-1.,0.));
#1803=DIRECTION('',(-1.,0.,0.));
#1804=DIRECTION('',(0.,-1.,0.));
#1805=DIRECTION('',(1.,0.,0.));
#1806=DIRECTION('center_axis',(0.,0.,1.));
#1807=DIRECTION('ref_axis',(-0.918353933096676,0.395760095974652,0.));
#1808=DIRECTION('',(0.,-1.,0.));
#1809=DIRECTION('',(1.,0.,0.));
#1810=DIRECTION('',(0.,1.,0.));
#1811=DIRECTION('center_axis',(0.,0.,1.));
#1812=DIRECTION('ref_axis',(-0.32600949640241,-0.945366494146819,0.));
#1813=DIRECTION('',(0.,1.,0.));
#1814=DIRECTION('center_axis',(0.,0.,-1.));
#1815=DIRECTION('ref_axis',(-1.,0.,0.));
#1816=DIRECTION('center_axis',(0.,-1.,0.));
#1817=DIRECTION('ref_axis',(1.,0.,0.));
#1818=DIRECTION('',(1.,0.,0.));
#1819=DIRECTION('',(0.,0.,1.));
#1820=DIRECTION('',(0.,0.,1.));
#1821=DIRECTION('center_axis',(-1.,0.,0.));
#1822=DIRECTION('ref_axis',(0.,-1.,0.));
#1823=DIRECTION('',(0.,-1.,0.));
#1824=DIRECTION('',(0.,0.,1.));
#1825=DIRECTION('center_axis',(0.,1.,0.));
#1826=DIRECTION('ref_axis',(-1.,0.,0.));
#1827=DIRECTION('',(-1.,0.,0.));
#1828=DIRECTION('',(0.,0.,1.));
#1829=DIRECTION('center_axis',(-1.,0.,0.));
#1830=DIRECTION('ref_axis',(0.,-1.,0.));
#1831=DIRECTION('',(0.,1.,0.));
#1832=DIRECTION('',(0.,0.,1.));
#1833=DIRECTION('center_axis',(0.,1.,0.));
#1834=DIRECTION('ref_axis',(-1.,0.,0.));
#1835=DIRECTION('',(-1.,0.,0.));
#1836=DIRECTION('',(0.,0.,1.));
#1837=DIRECTION('center_axis',(1.,0.,0.));
#1838=DIRECTION('ref_axis',(0.,1.,0.));
#1839=DIRECTION('',(0.,-1.,0.));
#1840=DIRECTION('',(0.,0.,1.));
#1841=DIRECTION('center_axis',(0.,0.,1.));
#1842=DIRECTION('ref_axis',(-0.32600949640241,-0.945366494146819,0.));
#1843=DIRECTION('center_axis',(0.,0.,1.));
#1844=DIRECTION('ref_axis',(-0.32600949640241,-0.945366494146819,0.));
#1845=DIRECTION('',(0.,0.,1.));
#1846=DIRECTION('center_axis',(1.,0.,0.));
#1847=DIRECTION('ref_axis',(0.,1.,0.));
#1848=DIRECTION('',(0.,1.,0.));
#1849=DIRECTION('',(0.,0.,1.));
#1850=DIRECTION('center_axis',(0.,0.,1.));
#1851=DIRECTION('ref_axis',(-1.,0.,0.));
#1852=DIRECTION('',(0.,0.,1.));
#1853=DIRECTION('center_axis',(1.,0.,0.));
#1854=DIRECTION('ref_axis',(0.,1.,0.));
#1855=DIRECTION('',(0.,0.,1.));
#1856=DIRECTION('',(0.,1.,0.));
#1857=DIRECTION('center_axis',(0.,0.,1.));
#1858=DIRECTION('ref_axis',(-0.32600949640241,-0.945366494146819,0.));
#1859=DIRECTION('center_axis',(0.,0.,1.));
#1860=DIRECTION('ref_axis',(-0.32600949640241,-0.945366494146819,0.));
#1861=DIRECTION('',(0.,0.,1.));
#1862=DIRECTION('center_axis',(1.,0.,0.));
#1863=DIRECTION('ref_axis',(0.,1.,0.));
#1864=DIRECTION('',(0.,1.,0.));
#1865=DIRECTION('',(0.,0.,1.));
#1866=DIRECTION('center_axis',(0.,-1.,0.));
#1867=DIRECTION('ref_axis',(1.,0.,0.));
#1868=DIRECTION('',(1.,0.,0.));
#1869=DIRECTION('',(0.,0.,1.));
#1870=DIRECTION('center_axis',(-1.,0.,0.));
#1871=DIRECTION('ref_axis',(0.,-1.,0.));
#1872=DIRECTION('',(0.,-1.,0.));
#1873=DIRECTION('',(0.,0.,1.));
#1874=DIRECTION('center_axis',(0.,0.,1.));
#1875=DIRECTION('ref_axis',(-0.918353933096676,0.395760095974652,0.));
#1876=DIRECTION('center_axis',(0.,0.,1.));
#1877=DIRECTION('ref_axis',(-0.918353933096676,0.395760095974652,0.));
#1878=DIRECTION('center_axis',(0.,0.,1.));
#1879=DIRECTION('ref_axis',(-1.,0.,0.));
#1880=DIRECTION('center_axis',(0.,1.,0.));
#1881=DIRECTION('ref_axis',(0.,0.,-1.));
#1882=DIRECTION('',(0.,0.,-1.));
#1883=DIRECTION('',(-1.,0.,0.));
#1884=DIRECTION('',(0.,0.,-1.));
#1885=DIRECTION('',(-1.,0.,0.));
#1886=DIRECTION('center_axis',(0.,0.,-1.));
#1887=DIRECTION('ref_axis',(1.,0.,0.));
#1888=DIRECTION('center_axis',(0.,0.,-1.));
#1889=DIRECTION('ref_axis',(0.00923775283883238,0.999957331050925,0.));
#1890=DIRECTION('',(0.,1.,0.));
#1891=DIRECTION('',(1.,0.,0.));
#1892=DIRECTION('',(1.92281606293147E-16,-1.,0.));
#1893=DIRECTION('',(-1.,0.,0.));
#1894=DIRECTION('',(0.,1.,0.));
#1895=DIRECTION('center_axis',(0.,0.,-1.));
#1896=DIRECTION('ref_axis',(0.11428905561291,-0.993447538507751,0.));
#1897=DIRECTION('',(-1.,0.,0.));
#1898=DIRECTION('',(0.,-1.,0.));
#1899=DIRECTION('',(0.,1.,0.));
#1900=DIRECTION('',(0.,1.,0.));
#1901=DIRECTION('center_axis',(0.,0.,1.));
#1902=DIRECTION('ref_axis',(0.,-1.,0.));
#1903=DIRECTION('',(0.,1.,0.));
#1904=DIRECTION('',(0.,1.,0.));
#1905=DIRECTION('',(0.,-1.,0.));
#1906=DIRECTION('center_axis',(0.,-1.,0.));
#1907=DIRECTION('ref_axis',(0.,0.,1.));
#1908=DIRECTION('',(0.,0.,-1.));
#1909=DIRECTION('',(-1.,0.,0.));
#1910=DIRECTION('',(0.,0.,1.));
#1911=DIRECTION('center_axis',(0.,0.,-1.));
#1912=DIRECTION('ref_axis',(0.,-1.,0.));
#1913=DIRECTION('center_axis',(0.,0.,1.));
#1914=DIRECTION('ref_axis',(0.,-1.,0.));
#1915=DIRECTION('',(0.,0.,-1.));
#1916=DIRECTION('center_axis',(0.,0.,1.));
#1917=DIRECTION('ref_axis',(0.,-1.,0.));
#1918=DIRECTION('',(0.,0.,-1.));
#1919=DIRECTION('center_axis',(0.,0.,-1.));
#1920=DIRECTION('ref_axis',(1.,0.,0.));
#1921=DIRECTION('',(0.,1.,0.));
#1922=DIRECTION('center_axis',(0.,0.,-1.));
#1923=DIRECTION('ref_axis',(0.11428905561291,-0.993447538507751,0.));
#1924=DIRECTION('',(0.,-1.,0.));
#1925=DIRECTION('',(1.,0.,0.));
#1926=DIRECTION('',(-1.92281606293147E-16,1.,0.));
#1927=DIRECTION('',(1.,0.,0.));
#1928=DIRECTION('',(0.,1.,0.));
#1929=DIRECTION('center_axis',(0.,0.,-1.));
#1930=DIRECTION('ref_axis',(0.00923775283883238,0.999957331050925,0.));
#1931=DIRECTION('',(0.,1.,0.));
#1932=DIRECTION('center_axis',(0.,0.,-1.));
#1933=DIRECTION('ref_axis',(0.11428905561291,-0.993447538507751,0.));
#1934=DIRECTION('',(0.,0.,-1.));
#1935=DIRECTION('center_axis',(-1.,0.,0.));
#1936=DIRECTION('ref_axis',(0.,1.,0.));
#1937=DIRECTION('',(0.,0.,-1.));
#1938=DIRECTION('center_axis',(0.,-1.,0.));
#1939=DIRECTION('ref_axis',(-1.,0.,0.));
#1940=DIRECTION('',(0.,0.,-1.));
#1941=DIRECTION('center_axis',(1.,1.92281606293147E-16,0.));
#1942=DIRECTION('ref_axis',(1.92281606293147E-16,-1.,0.));
#1943=DIRECTION('',(0.,0.,-1.));
#1944=DIRECTION('center_axis',(0.,1.,0.));
#1945=DIRECTION('ref_axis',(1.,0.,0.));
#1946=DIRECTION('',(0.,0.,-1.));
#1947=DIRECTION('center_axis',(-1.,0.,0.));
#1948=DIRECTION('ref_axis',(0.,1.,0.));
#1949=DIRECTION('',(0.,0.,-1.));
#1950=DIRECTION('center_axis',(0.,0.,-1.));
#1951=DIRECTION('ref_axis',(0.00923775283883238,0.999957331050925,0.));
#1952=DIRECTION('center_axis',(-1.,0.,0.));
#1953=DIRECTION('ref_axis',(0.,-1.,0.));
#1954=DIRECTION('',(0.,0.,1.));
#1955=DIRECTION('',(0.,-1.,0.));
#1956=DIRECTION('',(0.,0.,1.));
#1957=DIRECTION('',(0.,-1.,0.));
#1958=DIRECTION('center_axis',(0.,0.,1.));
#1959=DIRECTION('ref_axis',(-1.,0.,0.));
#1960=DIRECTION('',(0.,-1.,0.));
#1961=DIRECTION('center_axis',(0.,0.,1.));
#1962=DIRECTION('ref_axis',(0.918353933096676,-0.395760095974652,0.));
#1963=DIRECTION('',(1.,0.,0.));
#1964=DIRECTION('',(0.,1.,0.));
#1965=DIRECTION('',(-1.,0.,0.));
#1966=DIRECTION('center_axis',(0.,0.,1.));
#1967=DIRECTION('ref_axis',(0.918353933096676,-0.395760095974652,0.));
#1968=DIRECTION('center_axis',(0.,0.,-1.));
#1969=DIRECTION('ref_axis',(-1.,0.,0.));
#1970=DIRECTION('center_axis',(-1.,0.,0.));
#1971=DIRECTION('ref_axis',(0.,-1.,0.));
#1972=DIRECTION('',(0.,-1.,0.));
#1973=DIRECTION('',(0.,0.,1.));
#1974=DIRECTION('',(0.,0.,-1.));
#1975=DIRECTION('center_axis',(0.,0.,1.));
#1976=DIRECTION('ref_axis',(1.,-1.22464679914735E-16,0.));
#1977=DIRECTION('center_axis',(0.,0.,1.));
#1978=DIRECTION('ref_axis',(0.918353933096676,-0.395760095974652,0.));
#1979=DIRECTION('center_axis',(0.,0.,1.));
#1980=DIRECTION('ref_axis',(0.918353933096676,-0.395760095974652,0.));
#1981=DIRECTION('',(0.,0.,1.));
#1982=DIRECTION('center_axis',(0.,1.,0.));
#1983=DIRECTION('ref_axis',(-1.,0.,0.));
#1984=DIRECTION('',(-1.,0.,0.));
#1985=DIRECTION('',(0.,0.,1.));
#1986=DIRECTION('center_axis',(1.,0.,0.));
#1987=DIRECTION('ref_axis',(0.,1.,0.));
#1988=DIRECTION('',(0.,1.,0.));
#1989=DIRECTION('',(0.,0.,1.));
#1990=DIRECTION('center_axis',(0.,-1.,0.));
#1991=DIRECTION('ref_axis',(1.,0.,0.));
#1992=DIRECTION('',(1.,0.,0.));
#1993=DIRECTION('',(0.,0.,1.));
#1994=DIRECTION('center_axis',(0.,0.,1.));
#1995=DIRECTION('ref_axis',(0.918353933096676,-0.395760095974652,0.));
#1996=DIRECTION('center_axis',(0.,0.,1.));
#1997=DIRECTION('ref_axis',(0.918353933096676,-0.395760095974652,0.));
#1998=DIRECTION('center_axis',(0.,0.,1.));
#1999=DIRECTION('ref_axis',(-1.,0.,0.));
#2000=DIRECTION('center_axis',(0.,0.,1.));
#2001=DIRECTION('ref_axis',(1.,0.,0.));
#2002=DIRECTION('',(0.,-1.,0.));
#2003=DIRECTION('center_axis',(0.,0.,-1.));
#2004=DIRECTION('ref_axis',(0.,1.,0.));
#2005=DIRECTION('',(0.,-1.,0.));
#2006=DIRECTION('',(1.,0.,0.));
#2007=DIRECTION('',(0.,-1.,0.));
#2008=DIRECTION('',(-1.,0.,0.));
#2009=DIRECTION('center_axis',(0.,-1.,0.));
#2010=DIRECTION('ref_axis',(1.,0.,0.));
#2011=DIRECTION('',(-1.,0.,0.));
#2012=DIRECTION('',(0.,0.,-1.));
#2013=DIRECTION('',(-1.,0.,0.));
#2014=DIRECTION('',(-1.,0.,0.));
#2015=DIRECTION('',(0.,0.,1.));
#2016=DIRECTION('center_axis',(1.,0.,0.));
#2017=DIRECTION('ref_axis',(0.,1.,0.));
#2018=DIRECTION('',(0.,0.,1.));
#2019=DIRECTION('',(0.,-1.,0.));
#2020=DIRECTION('',(0.,0.,1.));
#2021=DIRECTION('center_axis',(0.,1.,0.));
#2022=DIRECTION('ref_axis',(-1.,0.,0.));
#2023=DIRECTION('',(1.,0.,0.));
#2024=DIRECTION('',(0.,0.,-1.));
#2025=DIRECTION('',(1.,0.,0.));
#2026=DIRECTION('',(1.,0.,0.));
#2027=DIRECTION('center_axis',(0.,0.,1.));
#2028=DIRECTION('ref_axis',(1.,0.,0.));
#2029=DIRECTION('',(0.,1.,0.));
#2030=DIRECTION('center_axis',(0.,0.,-1.));
#2031=DIRECTION('ref_axis',(0.,-1.,0.));
#2032=DIRECTION('',(0.,1.,0.));
#2033=DIRECTION('',(0.,1.,0.));
#2034=DIRECTION('center_axis',(-0.998629534754574,0.,0.0523359562429438));
#2035=DIRECTION('ref_axis',(0.,-1.,0.));
#2036=DIRECTION('',(0.,-1.,0.));
#2037=DIRECTION('',(0.0522644276887139,-0.0522644276887139,0.997264688634237));
#2038=DIRECTION('',(-0.0522644276887139,-0.0522644276887139,-0.997264688634237));
#2039=DIRECTION('center_axis',(0.998629534754574,0.,0.0523359562429438));
#2040=DIRECTION('ref_axis',(0.,1.,0.));
#2041=DIRECTION('',(0.,1.,0.));
#2042=DIRECTION('',(-0.0522644276887139,0.0522644276887139,0.997264688634237));
#2043=DIRECTION('',(0.0522644276887139,0.0522644276887139,-0.997264688634237));
#2044=DIRECTION('center_axis',(0.,0.998629534754574,0.0523359562429438));
#2045=DIRECTION('ref_axis',(-1.,0.,0.));
#2046=DIRECTION('center_axis',(0.,0.998629534754574,0.0523359562429438));
#2047=DIRECTION('ref_axis',(1.38587687819405E-15,-0.0523359562429438,0.998629534754574));
#2048=DIRECTION('center_axis',(0.,0.998629534754574,0.0523359562429438));
#2049=DIRECTION('ref_axis',(-1.38587687819405E-15,-0.0523359562429438,0.998629534754574));
#2050=DIRECTION('',(1.,0.,0.));
#2051=DIRECTION('center_axis',(0.,1.,0.));
#2052=DIRECTION('ref_axis',(-0.688354575693752,0.,0.725374371012289));
#2053=DIRECTION('center_axis',(0.,-0.998629534754574,0.0523359562429438));
#2054=DIRECTION('ref_axis',(-1.38587687819405E-15,0.0523359562429438,0.998629534754574));
#2055=DIRECTION('',(0.,1.,0.));
#2056=DIRECTION('center_axis',(0.,0.,1.));
#2057=DIRECTION('ref_axis',(-1.,0.,0.));
#2058=DIRECTION('',(0.,-1.,0.));
#2059=DIRECTION('',(-1.,0.,0.));
#2060=DIRECTION('center_axis',(0.,-0.998629534754574,0.0523359562429438));
#2061=DIRECTION('ref_axis',(1.,0.,0.));
#2062=DIRECTION('center_axis',(0.,-0.998629534754574,0.0523359562429438));
#2063=DIRECTION('ref_axis',(1.38587687819405E-15,0.0523359562429438,0.998629534754574));
#2064=DIRECTION('center_axis',(0.,-1.,0.));
#2065=DIRECTION('ref_axis',(0.688354575693752,0.,0.725374371012289));
#2066=DIRECTION('center_axis',(1.,0.,0.));
#2067=DIRECTION('ref_axis',(0.,1.,0.));
#2068=DIRECTION('',(0.,0.,-1.));
#2069=DIRECTION('',(0.,-1.,0.));
#2070=DIRECTION('center_axis',(0.,0.,-1.));
#2071=DIRECTION('ref_axis',(0.,1.,0.));
#2072=DIRECTION('center_axis',(0.,0.,1.));
#2073=DIRECTION('ref_axis',(0.,1.,0.));
#2074=DIRECTION('center_axis',(-1.,0.,0.));
#2075=DIRECTION('ref_axis',(0.,-1.,0.));
#2076=DIRECTION('',(0.,0.,1.));
#2077=DIRECTION('',(0.,1.,0.));
#2078=DIRECTION('center_axis',(-1.,0.,0.));
#2079=DIRECTION('ref_axis',(0.,-1.,0.));
#2080=DIRECTION('',(0.,0.,-1.));
#2081=DIRECTION('',(0.,1.,0.));
#2082=DIRECTION('center_axis',(0.,0.,1.));
#2083=DIRECTION('ref_axis',(1.,0.,0.));
#2084=DIRECTION('center_axis',(0.,0.,1.));
#2085=DIRECTION('ref_axis',(0.,-1.,0.));
#2086=DIRECTION('center_axis',(0.,0.,-1.));
#2087=DIRECTION('ref_axis',(0.,-1.,0.));
#2088=DIRECTION('center_axis',(-5.52359909786696E-16,-1.,0.));
#2089=DIRECTION('ref_axis',(1.,-5.52359909786696E-16,0.));
#2090=DIRECTION('',(-1.,5.52359909786696E-16,0.));
#2091=DIRECTION('',(0.,0.,1.));
#2092=DIRECTION('',(1.,-5.52359909786696E-16,0.));
#2093=DIRECTION('',(0.,0.,1.));
#2094=DIRECTION('center_axis',(0.,0.,1.));
#2095=DIRECTION('ref_axis',(0.65445507792424,0.756100886773172,0.));
#2096=DIRECTION('center_axis',(0.,0.,1.));
#2097=DIRECTION('ref_axis',(0.65445507792424,0.756100886773172,0.));
#2098=DIRECTION('center_axis',(0.,0.,-1.));
#2099=DIRECTION('ref_axis',(0.65445507792424,0.756100886773172,0.));
#2100=DIRECTION('',(0.,0.,1.));
#2101=DIRECTION('center_axis',(-1.,0.,0.));
#2102=DIRECTION('ref_axis',(0.,-1.,0.));
#2103=DIRECTION('',(0.,1.,0.));
#2104=DIRECTION('',(0.,-1.,0.));
#2105=DIRECTION('',(0.,0.,1.));
#2106=DIRECTION('center_axis',(2.50244329006177E-9,1.,0.));
#2107=DIRECTION('ref_axis',(-1.,2.50244329006177E-9,0.));
#2108=DIRECTION('',(1.,-2.50244329006177E-9,0.));
#2109=DIRECTION('',(-1.,2.50244329006177E-9,0.));
#2110=DIRECTION('',(0.,0.,1.));
#2111=DIRECTION('center_axis',(1.,0.,0.));
#2112=DIRECTION('ref_axis',(0.,1.,0.));
#2113=DIRECTION('',(0.,1.,0.));
#2114=DIRECTION('',(0.,1.,0.));
#2115=DIRECTION('center_axis',(0.,0.,1.));
#2116=DIRECTION('ref_axis',(-1.,0.,0.));
#2117=DIRECTION('center_axis',(0.,0.,1.));
#2118=DIRECTION('ref_axis',(-1.,0.,0.));
#2119=DIRECTION('center_axis',(1.,0.,0.));
#2120=DIRECTION('ref_axis',(0.,1.,0.));
#2121=DIRECTION('',(0.,-1.,0.));
#2122=DIRECTION('',(0.,0.,1.));
#2123=DIRECTION('',(0.,1.,0.));
#2124=DIRECTION('',(0.,0.,1.));
#2125=DIRECTION('center_axis',(2.50244329006178E-9,-1.,0.));
#2126=DIRECTION('ref_axis',(1.,2.50244329006178E-9,0.));
#2127=DIRECTION('',(1.,2.50244329006178E-9,0.));
#2128=DIRECTION('',(1.,2.50244329006178E-9,0.));
#2129=DIRECTION('',(0.,0.,1.));
#2130=DIRECTION('center_axis',(-1.,0.,0.));
#2131=DIRECTION('ref_axis',(0.,-1.,0.));
#2132=DIRECTION('',(0.,-1.,0.));
#2133=DIRECTION('',(0.,-1.,0.));
#2134=DIRECTION('',(0.,0.,1.));
#2135=DIRECTION('center_axis',(0.,0.,1.));
#2136=DIRECTION('ref_axis',(0.141583915877049,-0.989926257235821,0.));
#2137=DIRECTION('center_axis',(0.,0.,1.));
#2138=DIRECTION('ref_axis',(0.141583915877049,-0.989926257235821,0.));
#2139=DIRECTION('center_axis',(0.,0.,-1.));
#2140=DIRECTION('ref_axis',(0.141583915877049,-0.989926257235821,0.));
#2141=DIRECTION('',(0.,0.,1.));
#2142=DIRECTION('center_axis',(-5.52359909786696E-16,1.,0.));
#2143=DIRECTION('ref_axis',(-1.,-5.52359909786696E-16,0.));
#2144=DIRECTION('',(-1.,-5.52359909786696E-16,0.));
#2145=DIRECTION('',(-1.,-5.52359909786696E-16,0.));
#2146=DIRECTION('center_axis',(0.,0.,1.));
#2147=DIRECTION('ref_axis',(-1.,0.,0.));
#2148=DIRECTION('center_axis',(0.,0.,1.));
#2149=DIRECTION('ref_axis',(-1.,0.,0.));
#2150=CARTESIAN_POINT('',(0.,0.,0.));
#2151=CARTESIAN_POINT('Origin',(1.5944573482967,0.599974398630555,-0.01));
#2152=CARTESIAN_POINT('',(1.5944573482967,0.599974398630555,0.));
#2153=CARTESIAN_POINT('',(1.5944573482967,0.599974398630555,-0.01));
#2154=CARTESIAN_POINT('',(1.5944573482967,0.599974398630555,0.));
#2155=CARTESIAN_POINT('',(1.5999973482967,0.599974398630555,0.));
#2156=CARTESIAN_POINT('',(1.5944573482967,0.599974398630555,0.));
#2157=CARTESIAN_POINT('',(1.5999973482967,0.599974398630555,-0.01));
#2158=CARTESIAN_POINT('',(1.5999973482967,0.599974398630555,0.));
#2159=CARTESIAN_POINT('',(1.5944573482967,0.599974398630555,-0.01));
#2160=CARTESIAN_POINT('Origin',(1.6,0.,0.45));
#2161=CARTESIAN_POINT('',(1.5999973482967,0.424999999991728,-6.93889390390723E-17));
#2162=CARTESIAN_POINT('',(1.5999973482967,-0.424999999991728,-6.93889390390723E-17));
#2163=CARTESIAN_POINT('Origin',(1.6,0.,0.));
#2164=CARTESIAN_POINT('',(1.6,-0.425,0.44));
#2165=CARTESIAN_POINT('',(1.6,-0.425,0.45));
#2166=CARTESIAN_POINT('',(1.6,0.425,0.44));
#2167=CARTESIAN_POINT('Origin',(1.6,0.,0.44));
#2168=CARTESIAN_POINT('',(1.6,0.425,0.45));
#2169=CARTESIAN_POINT('Origin',(1.5944573482967,-0.599974398630555,0.));
#2170=CARTESIAN_POINT('',(1.5944573482967,-0.599974398630555,0.));
#2171=CARTESIAN_POINT('',(1.5944573482967,-0.599974398630556,-0.01));
#2172=CARTESIAN_POINT('',(1.5944573482967,-0.599974398630555,0.));
#2173=CARTESIAN_POINT('',(1.5999973482967,-0.599974398630556,-0.01));
#2174=CARTESIAN_POINT('',(1.5944573482967,-0.599974398630556,-0.01));
#2175=CARTESIAN_POINT('',(1.5999973482967,-0.599974398630555,0.));
#2176=CARTESIAN_POINT('',(1.5999973482967,-0.599974398630555,0.));
#2177=CARTESIAN_POINT('',(1.5944573482967,-0.599974398630555,0.));
#2178=CARTESIAN_POINT('Origin',(1.29722867414835,0.,-0.01));
#2179=CARTESIAN_POINT('',(1.5999973482967,0.424963856124372,-0.01));
#2180=CARTESIAN_POINT('',(1.6,0.375,-0.01));
#2181=CARTESIAN_POINT('',(1.6,0.375,-0.01));
#2182=CARTESIAN_POINT('',(1.6,-0.375,-0.01));
#2183=CARTESIAN_POINT('Origin',(1.6,0.,-0.01));
#2184=CARTESIAN_POINT('',(1.5999973482967,-0.424963856124372,-0.01));
#2185=CARTESIAN_POINT('',(1.6,-0.6,-0.01));
#2186=CARTESIAN_POINT('',(1.6,-0.425,-0.01));
#2187=CARTESIAN_POINT('',(1.6,-0.6,-0.01));
#2188=CARTESIAN_POINT('',(1.5999973482967,-0.374959036445444,-0.01));
#2189=CARTESIAN_POINT('',(1.53142656663225,-0.596068523104651,-0.01));
#2190=CARTESIAN_POINT('Origin',(1.6,5.55111512312578E-16,-0.01));
#2191=CARTESIAN_POINT('',(1.53142656663225,-0.70056739254486,-0.01));
#2192=CARTESIAN_POINT('',(1.53142656663225,-0.596068523104651,-0.01));
#2193=CARTESIAN_POINT('',(1.,-0.70056739254486,-0.01));
#2194=CARTESIAN_POINT('',(1.53142656663225,-0.70056739254486,-0.01));
#2195=CARTESIAN_POINT('',(1.,0.70056739254486,-0.01));
#2196=CARTESIAN_POINT('',(1.,-0.742918344375479,-0.01));
#2197=CARTESIAN_POINT('',(1.53142656663225,0.70056739254486,-0.01));
#2198=CARTESIAN_POINT('',(1.53142656663225,0.70056739254486,-0.01));
#2199=CARTESIAN_POINT('',(1.53142656663225,0.596068523104651,-0.01));
#2200=CARTESIAN_POINT('',(1.53142656663225,0.596068523104651,-0.01));
#2201=CARTESIAN_POINT('Origin',(1.6,-3.46944695195361E-17,-0.01));
#2202=CARTESIAN_POINT('',(1.6,0.425,-0.01));
#2203=CARTESIAN_POINT('',(1.5999973482967,0.599974398630555,-0.01));
#2204=CARTESIAN_POINT('',(1.6,0.375,-0.01));
#2205=CARTESIAN_POINT('Origin',(1.6,5.55111512312578E-16,0.));
#2206=CARTESIAN_POINT('',(1.53142656663225,-0.596068523104651,0.));
#2207=CARTESIAN_POINT('Origin',(1.6,5.55111512312578E-16,0.));
#2208=CARTESIAN_POINT('',(1.53142656663225,-0.596068523104651,0.));
#2209=CARTESIAN_POINT('Origin',(1.53142656663225,-0.70056739254486,0.));
#2210=CARTESIAN_POINT('',(1.53142656663225,-0.70056739254486,0.));
#2211=CARTESIAN_POINT('',(1.53142656663225,-0.596068523104651,0.));
#2212=CARTESIAN_POINT('',(1.53142656663225,-0.70056739254486,0.));
#2213=CARTESIAN_POINT('Origin',(1.,-0.70056739254486,0.));
#2214=CARTESIAN_POINT('',(1.,-0.70056739254486,0.));
#2215=CARTESIAN_POINT('',(1.53142656663225,-0.70056739254486,0.));
#2216=CARTESIAN_POINT('',(1.,-0.70056739254486,0.));
#2217=CARTESIAN_POINT('Origin',(1.,0.700567392544859,0.));
#2218=CARTESIAN_POINT('',(1.,0.70056739254486,0.));
#2219=CARTESIAN_POINT('',(1.,-0.742918344375479,0.));
#2220=CARTESIAN_POINT('',(1.,0.70056739254486,0.));
#2221=CARTESIAN_POINT('Origin',(1.53142656663225,0.70056739254486,0.));
#2222=CARTESIAN_POINT('',(1.53142656663225,0.70056739254486,0.));
#2223=CARTESIAN_POINT('',(1.53142656663225,0.70056739254486,0.));
#2224=CARTESIAN_POINT('',(1.53142656663225,0.70056739254486,0.));
#2225=CARTESIAN_POINT('Origin',(1.53142656663225,0.596068523104651,0.));
#2226=CARTESIAN_POINT('',(1.53142656663225,0.596068523104651,0.));
#2227=CARTESIAN_POINT('',(1.53142656663225,0.596068523104651,0.));
#2228=CARTESIAN_POINT('',(1.53142656663225,0.596068523104651,0.));
#2229=CARTESIAN_POINT('Origin',(1.6,-3.46944695195361E-17,0.));
#2230=CARTESIAN_POINT('Origin',(1.6,-3.46944695195361E-17,0.));
#2231=CARTESIAN_POINT('Origin',(1.29722867414835,0.,0.));
#2232=CARTESIAN_POINT('',(1.5999973482967,0.599974398630555,0.));
#2233=CARTESIAN_POINT('',(1.5999973482967,-0.374959036445444,0.));
#2234=CARTESIAN_POINT('Origin',(0.,0.,0.45));
#2235=CARTESIAN_POINT('',(1.6,0.375,0.45));
#2236=CARTESIAN_POINT('',(1.6,0.6,0.45));
#2237=CARTESIAN_POINT('',(1.6,-0.75,0.45));
#2238=CARTESIAN_POINT('',(1.40439430215855,0.567219896488092,0.45));
#2239=CARTESIAN_POINT('Origin',(1.6,0.,0.45));
#2240=CARTESIAN_POINT('',(1.40439430215855,0.75,0.45));
#2241=CARTESIAN_POINT('',(1.40439430215855,0.75,0.45));
#2242=CARTESIAN_POINT('',(1.20552466244942,0.75,0.45));
#2243=CARTESIAN_POINT('',(1.6,0.75,0.45));
#2244=CARTESIAN_POINT('',(1.20552466244942,0.452094246882615,0.45));
#2245=CARTESIAN_POINT('',(1.20552466244942,0.452094246882615,0.45));
#2246=CARTESIAN_POINT('',(1.,0.452094246882615,0.45));
#2247=CARTESIAN_POINT('',(1.20552466244942,0.452094246882615,0.45));
#2248=CARTESIAN_POINT('',(1.,0.237456057584791,0.45));
#2249=CARTESIAN_POINT('',(1.,0.75,0.45));
#2250=CARTESIAN_POINT('',(1.04898764014199,0.237456057584791,0.45));
#2251=CARTESIAN_POINT('',(1.,0.237456057584791,0.45));
#2252=CARTESIAN_POINT('',(1.20552466244942,-0.452094246882615,0.45));
#2253=CARTESIAN_POINT('Origin',(1.6,0.,0.45));
#2254=CARTESIAN_POINT('',(1.20552466244942,-0.75,0.45));
#2255=CARTESIAN_POINT('',(1.20552466244942,-0.452094246882615,0.45));
#2256=CARTESIAN_POINT('',(1.40439430215855,-0.75,0.45));
#2257=CARTESIAN_POINT('',(1.,-0.75,0.45));
#2258=CARTESIAN_POINT('',(1.40439430215855,-0.567219896488091,0.45));
#2259=CARTESIAN_POINT('',(1.40439430215855,-0.75,0.45));
#2260=CARTESIAN_POINT('',(1.6,-0.6,0.45));
#2261=CARTESIAN_POINT('Origin',(1.6,0.,0.45));
#2262=CARTESIAN_POINT('',(1.6,-0.375,0.45));
#2263=CARTESIAN_POINT('',(1.6,-0.75,0.45));
#2264=CARTESIAN_POINT('Origin',(1.6,0.,0.45));
#2265=CARTESIAN_POINT('Origin',(1.,0.237456057584791,0.44));
#2266=CARTESIAN_POINT('',(1.,0.237456057584791,0.44));
#2267=CARTESIAN_POINT('',(1.04898764014199,0.237456057584791,0.44));
#2268=CARTESIAN_POINT('',(1.,0.237456057584791,0.44));
#2269=CARTESIAN_POINT('',(1.04898764014199,0.237456057584791,0.44));
#2270=CARTESIAN_POINT('',(1.,0.237456057584791,0.44));
#2271=CARTESIAN_POINT('Origin',(1.,0.452094246882615,0.44));
#2272=CARTESIAN_POINT('',(1.,0.452094246882615,0.44));
#2273=CARTESIAN_POINT('',(1.,0.75,0.44));
#2274=CARTESIAN_POINT('',(1.,0.452094246882615,0.44));
#2275=CARTESIAN_POINT('Origin',(1.20552466244942,0.452094246882615,0.44));
#2276=CARTESIAN_POINT('',(1.20552466244942,0.452094246882615,0.44));
#2277=CARTESIAN_POINT('',(1.20552466244942,0.452094246882615,0.44));
#2278=CARTESIAN_POINT('',(1.20552466244942,0.452094246882615,0.44));
#2279=CARTESIAN_POINT('Origin',(1.20552466244942,0.75,0.44));
#2280=CARTESIAN_POINT('',(1.20552466244942,0.75,0.44));
#2281=CARTESIAN_POINT('',(1.20552466244942,0.452094246882615,0.44));
#2282=CARTESIAN_POINT('',(1.20552466244942,0.75,0.44));
#2283=CARTESIAN_POINT('Origin',(1.40439430215855,0.75,0.44));
#2284=CARTESIAN_POINT('',(1.40439430215855,0.75,0.44));
#2285=CARTESIAN_POINT('',(1.6,0.75,0.44));
#2286=CARTESIAN_POINT('',(1.40439430215855,0.75,0.44));
#2287=CARTESIAN_POINT('Origin',(1.40439430215855,0.567219896488092,0.44));
#2288=CARTESIAN_POINT('',(1.40439430215855,0.567219896488092,0.44));
#2289=CARTESIAN_POINT('',(1.40439430215855,0.75,0.44));
#2290=CARTESIAN_POINT('',(1.40439430215855,0.567219896488092,0.44));
#2291=CARTESIAN_POINT('Origin',(1.6,0.,0.44));
#2292=CARTESIAN_POINT('',(1.6,0.6,0.44));
#2293=CARTESIAN_POINT('Origin',(1.6,0.,0.44));
#2294=CARTESIAN_POINT('',(1.6,0.6,0.44));
#2295=CARTESIAN_POINT('Origin',(1.6,0.375,0.44));
#2296=CARTESIAN_POINT('',(1.6,-0.75,0.44));
#2297=CARTESIAN_POINT('',(1.6,0.375,0.44));
#2298=CARTESIAN_POINT('Origin',(1.6,0.,0.44));
#2299=CARTESIAN_POINT('',(1.6,-0.375,0.44));
#2300=CARTESIAN_POINT('Origin',(1.6,-0.6,0.44));
#2301=CARTESIAN_POINT('',(1.6,-0.6,0.44));
#2302=CARTESIAN_POINT('',(1.6,-0.6,0.44));
#2303=CARTESIAN_POINT('',(1.6,-0.75,0.44));
#2304=CARTESIAN_POINT('Origin',(1.6,0.,0.44));
#2305=CARTESIAN_POINT('',(1.40439430215855,-0.567219896488091,0.44));
#2306=CARTESIAN_POINT('Origin',(1.6,0.,0.44));
#2307=CARTESIAN_POINT('',(1.40439430215855,-0.567219896488091,0.44));
#2308=CARTESIAN_POINT('Origin',(1.40439430215855,-0.75,0.44));
#2309=CARTESIAN_POINT('',(1.40439430215855,-0.75,0.44));
#2310=CARTESIAN_POINT('',(1.40439430215855,-0.75,0.44));
#2311=CARTESIAN_POINT('',(1.40439430215855,-0.75,0.44));
#2312=CARTESIAN_POINT('Origin',(1.20552466244942,-0.75,0.44));
#2313=CARTESIAN_POINT('',(1.20552466244942,-0.75,0.44));
#2314=CARTESIAN_POINT('',(1.,-0.75,0.44));
#2315=CARTESIAN_POINT('',(1.20552466244942,-0.75,0.44));
#2316=CARTESIAN_POINT('Origin',(1.20552466244942,-0.452094246882615,0.44));
#2317=CARTESIAN_POINT('',(1.20552466244942,-0.452094246882615,0.44));
#2318=CARTESIAN_POINT('',(1.20552466244942,-0.452094246882615,0.44));
#2319=CARTESIAN_POINT('',(1.20552466244942,-0.452094246882615,0.44));
#2320=CARTESIAN_POINT('Origin',(1.6,0.,0.44));
#2321=CARTESIAN_POINT('Origin',(1.6,0.,0.44));
#2322=CARTESIAN_POINT('Origin',(0.,0.,0.44));
#2323=CARTESIAN_POINT('Origin',(-1.5944573482967,0.599974398630555,0.));
#2324=CARTESIAN_POINT('',(-1.5944573482967,0.599974398630555,0.));
#2325=CARTESIAN_POINT('',(-1.5944573482967,0.599974398630555,-0.01));
#2326=CARTESIAN_POINT('',(-1.5944573482967,0.599974398630555,0.));
#2327=CARTESIAN_POINT('',(-1.5999973482967,0.599974398630555,-0.01));
#2328=CARTESIAN_POINT('',(-1.5944573482967,0.599974398630555,-0.01));
#2329=CARTESIAN_POINT('',(-1.5999973482967,0.599974398630555,0.));
#2330=CARTESIAN_POINT('',(-1.5999973482967,0.599974398630555,0.));
#2331=CARTESIAN_POINT('',(-1.5944573482967,0.599974398630555,0.));
#2332=CARTESIAN_POINT('Origin',(-1.29722867414835,0.,-0.01));
#2333=CARTESIAN_POINT('',(-1.53142656663225,0.596068523104651,-0.01));
#2334=CARTESIAN_POINT('Origin',(-1.6,-3.46944695195361E-17,-0.01));
#2335=CARTESIAN_POINT('',(-1.53142656663225,0.70056739254486,-0.01));
#2336=CARTESIAN_POINT('',(-1.53142656663225,0.596068523104651,-0.01));
#2337=CARTESIAN_POINT('',(-1.,0.70056739254486,-0.01));
#2338=CARTESIAN_POINT('',(-1.53142656663225,0.70056739254486,-0.01));
#2339=CARTESIAN_POINT('',(-1.,-0.70056739254486,-0.01));
#2340=CARTESIAN_POINT('',(-1.,-0.742918344375479,-0.01));
#2341=CARTESIAN_POINT('',(-1.53142656663225,-0.70056739254486,-0.01));
#2342=CARTESIAN_POINT('',(-1.53142656663225,-0.70056739254486,-0.01));
#2343=CARTESIAN_POINT('',(-1.53142656663225,-0.596068523104651,-0.01));
#2344=CARTESIAN_POINT('',(-1.53142656663225,-0.596068523104651,-0.01));
#2345=CARTESIAN_POINT('',(-1.5944573482967,-0.599974398630556,-0.01));
#2346=CARTESIAN_POINT('Origin',(-1.6,5.55111512312578E-16,-0.01));
#2347=CARTESIAN_POINT('',(-1.5999973482967,-0.599974398630556,-0.01));
#2348=CARTESIAN_POINT('',(-1.5944573482967,-0.599974398630556,-0.01));
#2349=CARTESIAN_POINT('',(-1.6,-0.425,-0.01));
#2350=CARTESIAN_POINT('',(-1.5999973482967,-0.374959036445444,-0.01));
#2351=CARTESIAN_POINT('',(-1.5999973482967,-0.424963856124372,-0.01));
#2352=CARTESIAN_POINT('',(-1.6,-0.375,-0.01));
#2353=CARTESIAN_POINT('',(-1.6,-0.375,-0.01));
#2354=CARTESIAN_POINT('',(-1.6,-0.375,-0.01));
#2355=CARTESIAN_POINT('',(-1.6,0.375,-0.01));
#2356=CARTESIAN_POINT('Origin',(-1.6,0.,-0.01));
#2357=CARTESIAN_POINT('',(-1.5999973482967,0.424963856124372,-0.01));
#2358=CARTESIAN_POINT('',(-1.6,0.6,-0.01));
#2359=CARTESIAN_POINT('',(-1.6,0.425,-0.01));
#2360=CARTESIAN_POINT('',(-1.6,0.6,-0.01));
#2361=CARTESIAN_POINT('',(-1.5999973482967,0.599974398630555,-0.01));
#2362=CARTESIAN_POINT('Origin',(-1.5944573482967,-0.599974398630555,-0.01));
#2363=CARTESIAN_POINT('',(-1.5944573482967,-0.599974398630555,0.));
#2364=CARTESIAN_POINT('',(-1.5944573482967,-0.599974398630555,0.));
#2365=CARTESIAN_POINT('',(-1.5999973482967,-0.599974398630555,0.));
#2366=CARTESIAN_POINT('',(-1.5944573482967,-0.599974398630555,0.));
#2367=CARTESIAN_POINT('',(-1.5999973482967,-0.599974398630555,0.));
#2368=CARTESIAN_POINT('Origin',(-1.6,0.,0.45));
#2369=CARTESIAN_POINT('',(-1.5999973482967,-0.424999999991728,-6.93889390390723E-17));
#2370=CARTESIAN_POINT('',(-1.5999973482967,0.424999999991728,-6.93889390390723E-17));
#2371=CARTESIAN_POINT('Origin',(-1.6,0.,0.));
#2372=CARTESIAN_POINT('',(-1.6,0.425,0.44));
#2373=CARTESIAN_POINT('',(-1.6,0.425,0.45));
#2374=CARTESIAN_POINT('',(-1.6,-0.425,0.44));
#2375=CARTESIAN_POINT('Origin',(-1.6,0.,0.44));
#2376=CARTESIAN_POINT('',(-1.6,-0.425,0.45));
#2377=CARTESIAN_POINT('Origin',(-1.29722867414835,0.,0.));
#2378=CARTESIAN_POINT('',(-1.5999973482967,-0.374959036445444,0.));
#2379=CARTESIAN_POINT('',(-1.53142656663225,-0.596068523104651,0.));
#2380=CARTESIAN_POINT('Origin',(-1.6,5.55111512312578E-16,0.));
#2381=CARTESIAN_POINT('',(-1.53142656663225,-0.70056739254486,0.));
#2382=CARTESIAN_POINT('',(-1.53142656663225,-0.596068523104651,0.));
#2383=CARTESIAN_POINT('',(-1.,-0.70056739254486,0.));
#2384=CARTESIAN_POINT('',(-1.53142656663225,-0.70056739254486,0.));
#2385=CARTESIAN_POINT('',(-1.,0.70056739254486,0.));
#2386=CARTESIAN_POINT('',(-1.,-0.742918344375479,0.));
#2387=CARTESIAN_POINT('',(-1.53142656663225,0.70056739254486,0.));
#2388=CARTESIAN_POINT('',(-1.53142656663225,0.70056739254486,0.));
#2389=CARTESIAN_POINT('',(-1.53142656663225,0.596068523104651,0.));
#2390=CARTESIAN_POINT('',(-1.53142656663225,0.596068523104651,0.));
#2391=CARTESIAN_POINT('Origin',(-1.6,-3.46944695195361E-17,0.));
#2392=CARTESIAN_POINT('',(-1.5999973482967,0.599974398630555,0.));
#2393=CARTESIAN_POINT('Origin',(-1.6,5.55111512312578E-16,0.));
#2394=CARTESIAN_POINT('',(-1.53142656663225,-0.596068523104651,0.));
#2395=CARTESIAN_POINT('Origin',(-1.53142656663225,-0.70056739254486,0.));
#2396=CARTESIAN_POINT('',(-1.53142656663225,-0.70056739254486,0.));
#2397=CARTESIAN_POINT('Origin',(-1.,-0.70056739254486,0.));
#2398=CARTESIAN_POINT('',(-1.,-0.70056739254486,0.));
#2399=CARTESIAN_POINT('Origin',(-1.,0.700567392544859,0.));
#2400=CARTESIAN_POINT('',(-1.,0.70056739254486,0.));
#2401=CARTESIAN_POINT('Origin',(-1.53142656663225,0.70056739254486,0.));
#2402=CARTESIAN_POINT('',(-1.53142656663225,0.70056739254486,0.));
#2403=CARTESIAN_POINT('Origin',(-1.53142656663225,0.596068523104651,0.));
#2404=CARTESIAN_POINT('',(-1.53142656663225,0.596068523104651,0.));
#2405=CARTESIAN_POINT('Origin',(-1.6,-3.46944695195361E-17,0.));
#2406=CARTESIAN_POINT('Origin',(-1.6,0.6,0.44));
#2407=CARTESIAN_POINT('',(-1.6,0.375,0.45));
#2408=CARTESIAN_POINT('',(-1.6,0.375,0.44));
#2409=CARTESIAN_POINT('',(-1.6,0.6,0.45));
#2410=CARTESIAN_POINT('',(-1.6,0.75,0.45));
#2411=CARTESIAN_POINT('',(-1.6,0.6,0.44));
#2412=CARTESIAN_POINT('',(-1.6,0.6,0.44));
#2413=CARTESIAN_POINT('',(-1.6,0.75,0.44));
#2414=CARTESIAN_POINT('Origin',(0.,0.,0.45));
#2415=CARTESIAN_POINT('',(-1.6,-0.375,0.45));
#2416=CARTESIAN_POINT('',(-1.6,-0.6,0.45));
#2417=CARTESIAN_POINT('',(-1.6,0.75,0.45));
#2418=CARTESIAN_POINT('',(-1.20552466244942,-0.452094246882615,0.45));
#2419=CARTESIAN_POINT('Origin',(-1.6,0.,0.45));
#2420=CARTESIAN_POINT('',(-1.,-0.452094246882615,0.45));
#2421=CARTESIAN_POINT('',(-1.20552466244942,-0.452094246882615,0.45));
#2422=CARTESIAN_POINT('',(-1.,-0.237456057584791,0.45));
#2423=CARTESIAN_POINT('',(-1.,-0.75,0.45));
#2424=CARTESIAN_POINT('',(-1.04898764014199,-0.237456057584791,0.45));
#2425=CARTESIAN_POINT('',(-1.,-0.237456057584791,0.45));
#2426=CARTESIAN_POINT('Origin',(-1.6,0.,0.45));
#2427=CARTESIAN_POINT('Origin',(-1.6,0.,0.45));
#2428=CARTESIAN_POINT('Origin',(-1.6,-0.375,0.44));
#2429=CARTESIAN_POINT('',(-1.6,-0.6,0.44));
#2430=CARTESIAN_POINT('',(-1.6,0.75,0.44));
#2431=CARTESIAN_POINT('',(-1.6,-0.6,0.44));
#2432=CARTESIAN_POINT('',(-1.6,-0.375,0.45));
#2433=CARTESIAN_POINT('Origin',(-1.6,0.,0.44));
#2434=CARTESIAN_POINT('Origin',(-1.6,0.,0.44));
#2435=CARTESIAN_POINT('',(-1.04898764014199,-0.237456057584791,0.44));
#2436=CARTESIAN_POINT('Origin',(-1.6,0.,0.44));
#2437=CARTESIAN_POINT('',(-1.04898764014199,-0.237456057584791,0.44));
#2438=CARTESIAN_POINT('Origin',(-1.,-0.237456057584791,0.44));
#2439=CARTESIAN_POINT('',(-1.,-0.237456057584791,0.44));
#2440=CARTESIAN_POINT('',(-1.,-0.237456057584791,0.44));
#2441=CARTESIAN_POINT('',(-1.,-0.237456057584791,0.44));
#2442=CARTESIAN_POINT('Origin',(-1.,-0.452094246882615,0.44));
#2443=CARTESIAN_POINT('',(-1.,-0.452094246882615,0.44));
#2444=CARTESIAN_POINT('',(-1.,-0.75,0.44));
#2445=CARTESIAN_POINT('',(-1.,-0.452094246882615,0.44));
#2446=CARTESIAN_POINT('Origin',(-1.20552466244942,-0.452094246882615,0.44));
#2447=CARTESIAN_POINT('',(-1.20552466244942,-0.452094246882615,0.44));
#2448=CARTESIAN_POINT('',(-1.20552466244942,-0.452094246882615,0.44));
#2449=CARTESIAN_POINT('',(-1.20552466244942,-0.452094246882615,0.44));
#2450=CARTESIAN_POINT('Origin',(-1.6,0.,0.44));
#2451=CARTESIAN_POINT('Origin',(-1.6,0.,0.44));
#2452=CARTESIAN_POINT('Origin',(0.,0.,0.44));
#2453=CARTESIAN_POINT('Origin',(0.,0.,0.44));
#2454=CARTESIAN_POINT('',(1.599,-0.749,0.44));
#2455=CARTESIAN_POINT('',(1.599,-0.424998823527784,0.44));
#2456=CARTESIAN_POINT('',(1.599,-0.375,0.44));
#2457=CARTESIAN_POINT('',(1.599,0.424998823527784,0.44));
#2458=CARTESIAN_POINT('Origin',(1.6,0.,0.44));
#2459=CARTESIAN_POINT('',(1.599,0.749,0.44));
#2460=CARTESIAN_POINT('',(1.599,-0.375,0.44));
#2461=CARTESIAN_POINT('',(1.00000000374866,0.748998631402662,0.439999928471312));
#2462=CARTESIAN_POINT('',(0.8,0.749,0.44));
#2463=CARTESIAN_POINT('',(1.000001372346,-0.749,0.439973814078429));
#2464=CARTESIAN_POINT('',(1.,0.375,0.44));
#2465=CARTESIAN_POINT('',(-0.8,-0.749,0.44));
#2466=CARTESIAN_POINT('Origin',(-1.6,-0.749,0.));
#2467=CARTESIAN_POINT('',(-1.599,-0.749,0.));
#2468=CARTESIAN_POINT('',(1.599,-0.749,0.));
#2469=CARTESIAN_POINT('',(-0.8,-0.749,0.));
#2470=CARTESIAN_POINT('',(1.599,-0.749,0.));
#2471=CARTESIAN_POINT('',(-1.00000000374866,-0.748998631402662,0.439999928471312));
#2472=CARTESIAN_POINT('',(-0.3,-0.749,0.439973814078431));
#2473=CARTESIAN_POINT('',(-1.599,-0.749,0.44));
#2474=CARTESIAN_POINT('',(-0.8,-0.749,0.44));
#2475=CARTESIAN_POINT('',(-1.599,-0.749,0.));
#2476=CARTESIAN_POINT('Origin',(1.599,-0.75,0.));
#2477=CARTESIAN_POINT('',(1.599,0.424998823527784,0.));
#2478=CARTESIAN_POINT('',(1.599,0.424998823527784,0.45));
#2479=CARTESIAN_POINT('',(1.599,0.749,0.));
#2480=CARTESIAN_POINT('',(1.599,-0.375,0.));
#2481=CARTESIAN_POINT('',(1.599,0.749,0.));
#2482=CARTESIAN_POINT('Origin',(1.6,0.749,0.));
#2483=CARTESIAN_POINT('',(-1.599,0.749,0.));
#2484=CARTESIAN_POINT('',(0.8,0.749,0.));
#2485=CARTESIAN_POINT('',(-1.599,0.749,0.44));
#2486=CARTESIAN_POINT('',(-1.599,0.749,0.));
#2487=CARTESIAN_POINT('',(-1.000001372346,0.749,0.439973814078429));
#2488=CARTESIAN_POINT('',(0.8,0.749,0.44));
#2489=CARTESIAN_POINT('',(0.3,0.749,0.439973814078431));
#2490=CARTESIAN_POINT('Origin',(0.,0.,0.44));
#2491=CARTESIAN_POINT('',(-1.599,0.424998823527784,0.44));
#2492=CARTESIAN_POINT('',(-1.599,0.375,0.44));
#2493=CARTESIAN_POINT('',(-1.599,-0.424998823527784,0.44));
#2494=CARTESIAN_POINT('Origin',(-1.6,0.,0.44));
#2495=CARTESIAN_POINT('',(-1.599,0.375,0.44));
#2496=CARTESIAN_POINT('',(-1.,-0.375,0.44));
#2497=CARTESIAN_POINT('Origin',(-1.,-0.75,0.44));
#2498=CARTESIAN_POINT('',(-0.974376516204474,0.723375143858476,0.928925196718221));
#2499=CARTESIAN_POINT('',(-0.974376516204474,-0.723375143858476,0.928925196718221));
#2500=CARTESIAN_POINT('',(-0.974376516204474,-0.375,0.928925196718221));
#2501=CARTESIAN_POINT('',(-0.99795405751784,0.746952685171842,0.47903890815733));
#2502=CARTESIAN_POINT('',(-0.997271164917433,-0.746269792571435,0.492069275208738));
#2503=CARTESIAN_POINT('Origin',(1.,0.75,0.44));
#2504=CARTESIAN_POINT('',(0.974376516204474,-0.723375143858476,0.928925196718221));
#2505=CARTESIAN_POINT('',(0.974376516204474,0.723375143858476,0.928925196718221));
#2506=CARTESIAN_POINT('',(0.974376516204474,0.375,0.928925196718221));
#2507=CARTESIAN_POINT('',(0.99795405751784,-0.746952685171842,0.47903890815733));
#2508=CARTESIAN_POINT('',(0.997271164917433,0.746269792571435,0.492069275208738));
#2509=CARTESIAN_POINT('Origin',(-1.,0.749001370465246,0.439947664043757));
#2510=CARTESIAN_POINT('',(0.899479301097881,0.719650271255499,1.));
#2511=CARTESIAN_POINT('Origin',(0.899479301097881,0.723580854701727,0.925));
#2512=CARTESIAN_POINT('',(-0.899479301097881,0.719650271255499,1.));
#2513=CARTESIAN_POINT('Origin',(-0.899479301097881,0.723580854701727,0.925));
#2514=CARTESIAN_POINT('',(-0.5,0.719650271255499,1.));
#2515=CARTESIAN_POINT('Origin',(-0.899479301097881,-0.375,0.925));
#2516=CARTESIAN_POINT('',(-0.899479301097881,-0.719650271255499,1.));
#2517=CARTESIAN_POINT('Origin',(-0.899479301097881,-0.723580854701727,0.925));
#2518=CARTESIAN_POINT('',(-0.899479301097881,-0.375,1.));
#2519=CARTESIAN_POINT('Origin',(0.,0.,1.));
#2520=CARTESIAN_POINT('',(0.899479301097881,-0.719650271255499,1.));
#2521=CARTESIAN_POINT('',(0.899479301097881,0.375,1.));
#2522=CARTESIAN_POINT('',(0.5,-0.719650271255499,1.));
#2523=CARTESIAN_POINT('Origin',(1.,-0.749001370465246,0.439947664043757));
#2524=CARTESIAN_POINT('Origin',(0.899479301097881,-0.723580854701727,0.925));
#2525=CARTESIAN_POINT('Origin',(0.899479301097881,0.375,0.925));
#2526=CARTESIAN_POINT('Origin',(1.599,-0.75,0.));
#2527=CARTESIAN_POINT('',(1.599,-0.424998823527784,0.));
#2528=CARTESIAN_POINT('',(1.599,-0.424998823527784,0.45));
#2529=CARTESIAN_POINT('',(1.599,-0.375,0.));
#2530=CARTESIAN_POINT('Origin',(1.6,0.,0.45));
#2531=CARTESIAN_POINT('Origin',(1.6,0.,0.));
#2532=CARTESIAN_POINT('Origin',(-1.599,0.75,0.));
#2533=CARTESIAN_POINT('',(-1.599,-0.424998823527784,0.));
#2534=CARTESIAN_POINT('',(-1.599,-0.424998823527784,0.45));
#2535=CARTESIAN_POINT('',(-1.599,0.375,0.));
#2536=CARTESIAN_POINT('Origin',(-1.599,0.75,0.));
#2537=CARTESIAN_POINT('',(-1.599,0.424998823527784,0.));
#2538=CARTESIAN_POINT('',(-1.599,0.424998823527784,0.45));
#2539=CARTESIAN_POINT('',(-1.599,0.375,0.));
#2540=CARTESIAN_POINT('Origin',(0.,0.,0.));
#2541=CARTESIAN_POINT('Origin',(-1.6,0.,0.));
#2542=CARTESIAN_POINT('Origin',(-1.6,0.,0.45));
#2543=CARTESIAN_POINT('Origin',(-1.13473540541673,0.537526538359736,0.44));
#2544=CARTESIAN_POINT('',(-1.00911271302063,0.537526538359736,0.44));
#2545=CARTESIAN_POINT('',(-1.13473540541673,0.537526538359736,0.44));
#2546=CARTESIAN_POINT('',(-1.00911271302063,0.537526538359736,0.44));
#2547=CARTESIAN_POINT('',(-1.00911271302063,0.537526538359736,0.45));
#2548=CARTESIAN_POINT('',(-1.00911271302063,0.537526538359736,0.44));
#2549=CARTESIAN_POINT('',(-1.13473540541673,0.537526538359736,0.45));
#2550=CARTESIAN_POINT('',(-1.00911271302063,0.537526538359736,0.45));
#2551=CARTESIAN_POINT('',(-1.13473540541673,0.537526538359736,0.44));
#2552=CARTESIAN_POINT('Origin',(-1.6,1.04083408558608E-16,0.44));
#2553=CARTESIAN_POINT('',(-1.49934529436462,0.703757452995836,0.44));
#2554=CARTESIAN_POINT('Origin',(-1.6,1.04083408558608E-16,0.44));
#2555=CARTESIAN_POINT('',(-1.49934529436462,0.703757452995836,0.45));
#2556=CARTESIAN_POINT('Origin',(-1.6,1.04083408558608E-16,0.45));
#2557=CARTESIAN_POINT('',(-1.49934529436462,0.703757452995836,0.44));
#2558=CARTESIAN_POINT('Origin',(-1.49934529436462,0.743125129353319,0.44));
#2559=CARTESIAN_POINT('',(-1.49934529436462,0.743125129353319,0.44));
#2560=CARTESIAN_POINT('',(-1.49934529436462,0.703757452995836,0.44));
#2561=CARTESIAN_POINT('',(-1.49934529436462,0.743125129353319,0.45));
#2562=CARTESIAN_POINT('',(-1.49934529436462,0.703757452995836,0.45));
#2563=CARTESIAN_POINT('',(-1.49934529436462,0.743125129353319,0.44));
#2564=CARTESIAN_POINT('Origin',(-1.00911271302063,0.74312512812654,0.44));
#2565=CARTESIAN_POINT('',(-1.00911271302063,0.74312512812654,0.44));
#2566=CARTESIAN_POINT('',(-1.49934529436462,0.743125129353319,0.44));
#2567=CARTESIAN_POINT('',(-1.00911271302063,0.74312512812654,0.45));
#2568=CARTESIAN_POINT('',(-1.49934529436462,0.743125129353319,0.45));
#2569=CARTESIAN_POINT('',(-1.00911271302063,0.74312512812654,0.44));
#2570=CARTESIAN_POINT('Origin',(-1.00911271302063,0.537526538359736,0.44));
#2571=CARTESIAN_POINT('',(-1.00911271302063,0.537526538359736,0.44));
#2572=CARTESIAN_POINT('',(-1.00911271302063,0.537526538359736,0.45));
#2573=CARTESIAN_POINT('Origin',(-1.25422900369263,0.640325833856528,0.45));
#2574=CARTESIAN_POINT('Origin',(-1.25422900369263,0.640325833856528,0.44));
#2575=CARTESIAN_POINT('Origin',(-1.00911271302063,-0.74312512812654,0.44));
#2576=CARTESIAN_POINT('',(-1.00911271302063,-0.537526538359736,0.44));
#2577=CARTESIAN_POINT('',(-1.00911271302063,-0.74312512812654,0.44));
#2578=CARTESIAN_POINT('',(-1.00911271302063,-0.537526538359736,0.44));
#2579=CARTESIAN_POINT('',(-1.00911271302063,-0.537526538359736,0.45));
#2580=CARTESIAN_POINT('',(-1.00911271302063,-0.537526538359736,0.44));
#2581=CARTESIAN_POINT('',(-1.00911271302063,-0.74312512812654,0.45));
#2582=CARTESIAN_POINT('',(-1.00911271302063,-0.537526538359736,0.45));
#2583=CARTESIAN_POINT('',(-1.00911271302063,-0.74312512812654,0.44));
#2584=CARTESIAN_POINT('Origin',(-1.49934529436462,-0.743125129353319,0.44));
#2585=CARTESIAN_POINT('',(-1.49934529436462,-0.743125129353319,0.44));
#2586=CARTESIAN_POINT('',(-1.49934529436462,-0.743125129353319,0.44));
#2587=CARTESIAN_POINT('',(-1.49934529436462,-0.743125129353319,0.45));
#2588=CARTESIAN_POINT('',(-1.49934529436462,-0.743125129353319,0.45));
#2589=CARTESIAN_POINT('',(-1.49934529436462,-0.743125129353319,0.44));
#2590=CARTESIAN_POINT('Origin',(-1.49934529436462,-0.703757452995836,0.44));
#2591=CARTESIAN_POINT('',(-1.49934529436462,-0.703757452995836,0.44));
#2592=CARTESIAN_POINT('',(-1.49934529436462,-0.703757452995836,0.44));
#2593=CARTESIAN_POINT('',(-1.49934529436462,-0.703757452995836,0.45));
#2594=CARTESIAN_POINT('',(-1.49934529436462,-0.703757452995836,0.45));
#2595=CARTESIAN_POINT('',(-1.49934529436462,-0.703757452995836,0.44));
#2596=CARTESIAN_POINT('Origin',(-1.6,-1.04083408558608E-16,0.44));
#2597=CARTESIAN_POINT('',(-1.13473540541674,-0.537526538359736,0.44));
#2598=CARTESIAN_POINT('Origin',(-1.6,-1.04083408558608E-16,0.44));
#2599=CARTESIAN_POINT('',(-1.13473540541674,-0.537526538359736,0.45));
#2600=CARTESIAN_POINT('Origin',(-1.6,-1.04083408558608E-16,0.45));
#2601=CARTESIAN_POINT('',(-1.13473540541674,-0.537526538359736,0.44));
#2602=CARTESIAN_POINT('Origin',(-1.00911271302063,-0.537526538359736,0.44));
#2603=CARTESIAN_POINT('',(-1.00911271302063,-0.537526538359736,0.44));
#2604=CARTESIAN_POINT('',(-1.00911271302063,-0.537526538359736,0.45));
#2605=CARTESIAN_POINT('Origin',(-1.25422900369263,-0.640325833856528,0.45));
#2606=CARTESIAN_POINT('Origin',(-1.25422900369263,-0.640325833856528,0.44));
#2607=UNCERTAINTY_MEASURE_WITH_UNIT(LENGTH_MEASURE(0.01),#2611,
'DISTANCE_ACCURACY_VALUE',
'Maximum model space distance between geometric entities at asserted c
onnectivities');
#2608=UNCERTAINTY_MEASURE_WITH_UNIT(LENGTH_MEASURE(0.01),#2611,
'DISTANCE_ACCURACY_VALUE',
'Maximum model space distance between geometric entities at asserted c
onnectivities');
#2609=(
GEOMETRIC_REPRESENTATION_CONTEXT(3)
GLOBAL_UNCERTAINTY_ASSIGNED_CONTEXT((#2607))
GLOBAL_UNIT_ASSIGNED_CONTEXT((#2611,#2613,#2614))
REPRESENTATION_CONTEXT('','3D')
);
#2610=(
GEOMETRIC_REPRESENTATION_CONTEXT(3)
GLOBAL_UNCERTAINTY_ASSIGNED_CONTEXT((#2608))
GLOBAL_UNIT_ASSIGNED_CONTEXT((#2611,#2613,#2614))
REPRESENTATION_CONTEXT('','3D')
);
#2611=(
LENGTH_UNIT()
NAMED_UNIT(*)
SI_UNIT(.MILLI.,.METRE.)
);
#2612=(
LENGTH_UNIT()
NAMED_UNIT(*)
SI_UNIT($,.METRE.)
);
#2613=(
NAMED_UNIT(*)
PLANE_ANGLE_UNIT()
SI_UNIT($,.RADIAN.)
);
#2614=(
NAMED_UNIT(*)
SI_UNIT($,.STERADIAN.)
SOLID_ANGLE_UNIT()
);
#2615=SHAPE_DEFINITION_REPRESENTATION(#2616,#2617);
#2616=PRODUCT_DEFINITION_SHAPE('',$,#2619);
#2617=SHAPE_REPRESENTATION('',(#1599),#2609);
#2618=PRODUCT_DEFINITION_CONTEXT('part definition',#2623,'design');
#2619=PRODUCT_DEFINITION('CMD15-21SRC/TR8','CMD15-21SRC/TR8 v2',#2620,#2618);
#2620=PRODUCT_DEFINITION_FORMATION('',$,#2625);
#2621=PRODUCT_RELATED_PRODUCT_CATEGORY('CMD15-21SRC/TR8 v2',
'CMD15-21SRC/TR8 v2',(#2625));
#2622=APPLICATION_PROTOCOL_DEFINITION('international standard',
'ap242_managed_model_based_3d_engineering',2011,#2623);
#2623=APPLICATION_CONTEXT('Managed model based 3d engineering');
#2624=PRODUCT_CONTEXT('part definition',#2623,'mechanical');
#2625=PRODUCT('CMD15-21SRC/TR8','CMD15-21SRC/TR8 v2',$,(#2624));
#2626=PRESENTATION_STYLE_ASSIGNMENT((#2630));
#2627=PRESENTATION_STYLE_ASSIGNMENT((#2631));
#2628=PRESENTATION_STYLE_ASSIGNMENT((#2632));
#2629=PRESENTATION_STYLE_ASSIGNMENT((#2633));
#2630=SURFACE_STYLE_USAGE(.BOTH.,#2634);
#2631=SURFACE_STYLE_USAGE(.BOTH.,#2635);
#2632=SURFACE_STYLE_USAGE(.BOTH.,#2636);
#2633=SURFACE_STYLE_USAGE(.BOTH.,#2637);
#2634=SURFACE_SIDE_STYLE('',(#2638));
#2635=SURFACE_SIDE_STYLE('',(#2639));
#2636=SURFACE_SIDE_STYLE('',(#2640));
#2637=SURFACE_SIDE_STYLE('',(#2641));
#2638=SURFACE_STYLE_FILL_AREA(#2642);
#2639=SURFACE_STYLE_FILL_AREA(#2643);
#2640=SURFACE_STYLE_FILL_AREA(#2644);
#2641=SURFACE_STYLE_FILL_AREA(#2645);
#2642=FILL_AREA_STYLE('Steel - Satin',(#2646));
#2643=FILL_AREA_STYLE('Gold - Polished',(#2647));
#2644=FILL_AREA_STYLE('Opaque(255,255,255)',(#2648));
#2645=FILL_AREA_STYLE('Opaque(255,255,255) (1)',(#2649));
#2646=FILL_AREA_STYLE_COLOUR('Steel - Satin',#2650);
#2647=FILL_AREA_STYLE_COLOUR('Gold - Polished',#2651);
#2648=FILL_AREA_STYLE_COLOUR('Opaque(255,255,255)',#2652);
#2649=FILL_AREA_STYLE_COLOUR('Opaque(255,255,255) (1)',#2653);
#2650=COLOUR_RGB('Steel - Satin',0.627450980392157,0.627450980392157,0.627450980392157);
#2651=COLOUR_RGB('Gold - Polished',0.956862745098039,0.898039215686275,
0.654901960784314);
#2652=COLOUR_RGB('Opaque(255,255,255)',1.,1.,1.);
#2653=COLOUR_RGB('Opaque(255,255,255) (1)',0.0392156862745098,0.552941176470588,
0.0980392156862745);
ENDSEC;
END-ISO-10303-21;
