ISO-10303-21;
HEADER;
FILE_DESCRIPTION (( 'STEP AP214' ),
    '1' );
FILE_NAME ('KBJB.STEP',
    '2025-05-09T05:40:08',
    ( '' ),
    ( '' ),
    'SwSTEP 2.0',
    'SolidWorks 2024',
    '' );
FILE_SCHEMA (( 'AUTOMOTIVE_DESIGN' ));
ENDSEC;

DATA;
#1 = ORIENTED_EDGE ( 'NONE', *, *, #2692, .T. ) ;
#2 = EDGE_CURVE ( 'NONE', #2119, #1319, #2917, .T. ) ;
#3 = PLANE ( 'NONE',  #1179 ) ;
#4 = CARTESIAN_POINT ( 'NONE',  ( -10.99999999999999289, -0.5000000000000019984, -12.59999999999999964 ) ) ;
#5 = FACE_OUTER_BOUND ( 'NONE', #686, .T. ) ;
#6 = EDGE_LOOP ( 'NONE', ( #2265, #1677 ) ) ;
#7 = ORIENTED_EDGE ( 'NONE', *, *, #1104, .T. ) ;
#8 = CARTESIAN_POINT ( 'NONE',  ( -11.50000000000000000, -7.572398285550454377E-16, -12.28329266077839854 ) ) ;
#9 = FACE_OUTER_BOUND ( 'NONE', #1552, .T. ) ;
#10 = ORIENTED_EDGE ( 'NONE', *, *, #2692, .F. ) ;
#11 = DIRECTION ( 'NONE',  ( 0.000000000000000000, 6.123233995736769734E-17, 1.000000000000000000 ) ) ;
#12 = CARTESIAN_POINT ( 'NONE',  ( 0.000000000000000000, -1.100000000000009859, 7.900000000000000355 ) ) ;
#13 = FILL_AREA_STYLE ('',( #2435 ) ) ;
#14 = DIRECTION ( 'NONE',  ( 8.763792996980120523E-14, -0.000000000000000000, -1.000000000000000000 ) ) ;
#15 = ORIENTED_EDGE ( 'NONE', *, *, #1721, .F. ) ;
#16 = EDGE_LOOP ( 'NONE', ( #2729, #1576, #1236, #2340 ) ) ;
#17 = ORIENTED_EDGE ( 'NONE', *, *, #864, .F. ) ;
#18 = DIRECTION ( 'NONE',  ( -1.000000000000000000, -0.000000000000000000, -0.000000000000000000 ) ) ;
#19 = ADVANCED_FACE ( 'NONE', ( #2136 ), #1881, .F. ) ;
#20 = DIRECTION ( 'NONE',  ( 0.000000000000000000, -6.123233995736769734E-17, -1.000000000000000000 ) ) ;
#21 = LINE ( 'NONE', #2411, #668 ) ;
#22 = FACE_OUTER_BOUND ( 'NONE', #310, .T. ) ;
#23 = ADVANCED_FACE ( 'NONE', ( #3417 ), #1039, .F. ) ;
#24 = ORIENTED_EDGE ( 'NONE', *, *, #1306, .T. ) ;
#25 = CARTESIAN_POINT ( 'NONE',  ( 10.54894166923369880, -0.5000000000000009992, 1.660816960928050090 ) ) ;
#26 = LINE ( 'NONE', #2351, #3105 ) ;
#27 = DIRECTION ( 'NONE',  ( 0.5218072611013349071, 0.000000000000000000, -0.8530634104578177501 ) ) ;
#28 = ORIENTED_EDGE ( 'NONE', *, *, #3148, .T. ) ;
#29 = DIRECTION ( 'NONE',  ( -8.763792996980120523E-14, 0.000000000000000000, -1.000000000000000000 ) ) ;
#30 = DIRECTION ( 'NONE',  ( 0.5218072611013907514, 0.000000000000000000, -0.8530634104577836663 ) ) ;
#31 = SURFACE_STYLE_FILL_AREA ( #1002 ) ;
#32 = CARTESIAN_POINT ( 'NONE',  ( -11.00000000000000000, -7.589415207398531038E-16, -12.28329266077840032 ) ) ;
#33 = VERTEX_POINT ( 'NONE', #2602 ) ;
#34 = ORIENTED_EDGE ( 'NONE', *, *, #1927, .T. ) ;
#35 = EDGE_LOOP ( 'NONE', ( #1462, #1199, #1289, #715 ) ) ;
#36 = FACE_OUTER_BOUND ( 'NONE', #1988, .T. ) ;
#37 = CARTESIAN_POINT ( 'NONE',  ( -11.00000000000000000, -0.5000000000000019984, -12.28329266077839854 ) ) ;
#38 = ORIENTED_EDGE ( 'NONE', *, *, #469, .F. ) ;
#39 = DIRECTION ( 'NONE',  ( -0.000000000000000000, 6.123233995736769734E-17, 1.000000000000000000 ) ) ;
#40 = EDGE_CURVE ( 'NONE', #1976, #2119, #215, .T. ) ;
#41 = CARTESIAN_POINT ( 'NONE',  ( 4.850000000000020073, -0.5000000000000009992, 1.660816960928050090 ) ) ;
#42 = AXIS2_PLACEMENT_3D ( 'NONE', #3302, #1940, #1647 ) ;
#43 = DIRECTION ( 'NONE',  ( -2.060900967617650168E-15, 0.000000000000000000, 1.000000000000000000 ) ) ;
#44 = CIRCLE ( 'NONE', #1278, 4.320445629018062839 ) ;
#45 = VECTOR ( 'NONE', #2402, 1000.000000000000000 ) ;
#46 = CARTESIAN_POINT ( 'NONE',  ( 10.54894166923370058, -0.5000000000000009992, 2.299999999999999822 ) ) ;
#47 = DIRECTION ( 'NONE',  ( -4.260947315453938487E-18, 2.979544616289566108E-19, 1.000000000000000000 ) ) ;
#48 = DIRECTION ( 'NONE',  ( 1.000000000000000000, -0.000000000000000000, 0.000000000000000000 ) ) ;
#49 = AXIS2_PLACEMENT_3D ( 'NONE', #184, #2853, #712 ) ;
#50 = AXIS2_PLACEMENT_3D ( 'NONE', #928, #1138, #3005 ) ;
#51 = CARTESIAN_POINT ( 'NONE',  ( -4.451058330766260340, -0.5000000000000009992, 2.299999999999999822 ) ) ;
#52 = EDGE_LOOP ( 'NONE', ( #3147, #811, #3182, #2620 ) ) ;
#53 = AXIS2_PLACEMENT_3D ( 'NONE', #790, #2127, #1595 ) ;
#54 = ORIENTED_EDGE ( 'NONE', *, *, #1780, .T. ) ;
#55 = ORIENTED_EDGE ( 'NONE', *, *, #649, .F. ) ;
#56 = CARTESIAN_POINT ( 'NONE',  ( -11.00000000000000000, -7.589415207398531038E-16, -12.28329266077840032 ) ) ;
#57 = FACE_OUTER_BOUND ( 'NONE', #868, .T. ) ;
#58 = ORIENTED_EDGE ( 'NONE', *, *, #1030, .F. ) ;
#59 = VECTOR ( 'NONE', #481, 1000.000000000000000 ) ;
#60 = CARTESIAN_POINT ( 'NONE',  ( -14.86293112954090034, -1.100000000000020073, 12.12904346204230066 ) ) ;
#61 = CARTESIAN_POINT ( 'NONE',  ( 11.75000000000000000, -0.5000000000000009992, 0.9000000000000010214 ) ) ;
#62 = CARTESIAN_POINT ( 'NONE',  ( 4.250000000000000000, -1.217479950702802318E-16, 0.9000000000000023537 ) ) ;
#63 = EDGE_CURVE ( 'NONE', #1638, #579, #91, .T. ) ;
#64 = DIRECTION ( 'NONE',  ( 1.000000000000000000, 8.309136125331570469E-32, 1.356984908810719923E-15 ) ) ;
#65 = EDGE_CURVE ( 'NONE', #1794, #2563, #2710, .T. ) ;
#66 = CARTESIAN_POINT ( 'NONE',  ( 11.50000000000000000, -0.5000000000000019984, -12.28329266077839854 ) ) ;
#67 = DIRECTION ( 'NONE',  ( 2.725663816014858464E-17, 1.000000000000000000, -1.667251406029599836E-17 ) ) ;
#68 = EDGE_CURVE ( 'NONE', #3285, #3117, #1664, .T. ) ;
#69 = DIRECTION ( 'NONE',  ( 1.356984908810719923E-15, 0.000000000000000000, -1.000000000000000000 ) ) ;
#70 = ORIENTED_EDGE ( 'NONE', *, *, #1866, .F. ) ;
#71 = ADVANCED_FACE ( 'NONE', ( #355 ), #2748, .F. ) ;
#72 = ORIENTED_EDGE ( 'NONE', *, *, #1471, .T. ) ;
#73 = EDGE_LOOP ( 'NONE', ( #2316, #467, #2096, #947, #1692, #2033, #973, #250, #1047, #2185, #2566, #1147, #2573, #1773, #34, #7 ) ) ;
#74 = DIRECTION ( 'NONE',  ( -0.9975640502598241977, 0.06975647374412612123, -4.271352114527520891E-18 ) ) ;
#75 = PLANE ( 'NONE',  #2502 ) ;
#76 = EDGE_LOOP ( 'NONE', ( #93, #2571, #1649, #2640, #393, #2846 ) ) ;
#77 = DIRECTION ( 'NONE',  ( 3.061616997868383634E-17, 1.000000000000000000, -3.061616997869011025E-17 ) ) ;
#78 = LINE ( 'NONE', #61, #1003 ) ;
#79 = ORIENTED_EDGE ( 'NONE', *, *, #602, .F. ) ;
#80 = LINE ( 'NONE', #145, #1330 ) ;
#81 = CARTESIAN_POINT ( 'NONE',  ( 12.31819028894690327, -1.100000000000001199, 5.142090554133019964 ) ) ;
#82 = APPLICATION_PROTOCOL_DEFINITION ( 'draft international standard', 'automotive_design', 1998, #1735 ) ;
#83 = FACE_OUTER_BOUND ( 'NONE', #246, .T. ) ;
#84 = DIRECTION ( 'NONE',  ( -7.002154620015129468E-17, -1.000000000000000000, -2.398353793186899962E-15 ) ) ;
#85 = ORIENTED_EDGE ( 'NONE', *, *, #387, .T. ) ;
#86 = EDGE_CURVE ( 'NONE', #2301, #1246, #1956, .T. ) ;
#87 = ORIENTED_EDGE ( 'NONE', *, *, #2780, .F. ) ;
#88 = CARTESIAN_POINT ( 'NONE',  ( -3.191939035066510222, -1.904944217993929989, 4.677355793191599886 ) ) ;
#89 = DIRECTION ( 'NONE',  ( -4.260947315453938487E-18, 2.979544616289566108E-19, 1.000000000000000000 ) ) ;
#90 = ORIENTED_EDGE ( 'NONE', *, *, #1885, .F. ) ;
#91 = LINE ( 'NONE', #315, #1800 ) ;
#92 = CARTESIAN_POINT ( 'NONE',  ( 2.658138200299672516, -1.900000000017346036, 4.496903024786997882 ) ) ;
#93 = ORIENTED_EDGE ( 'NONE', *, *, #1329, .F. ) ;
#94 = PRESENTATION_STYLE_ASSIGNMENT (( #1939 ) ) ;
#95 = AXIS2_PLACEMENT_3D ( 'NONE', #478, #497, #1826 ) ;
#96 = CARTESIAN_POINT ( 'NONE',  ( -11.74999999999999289, -0.5000000000000019984, -11.87458648033099706 ) ) ;
#97 = DIRECTION ( 'NONE',  ( 1.000000000000000000, 0.000000000000000000, 0.000000000000000000 ) ) ;
#98 = CARTESIAN_POINT ( 'NONE',  ( 11.00000000000000000, -7.589415207398531038E-16, -12.28329266077830084 ) ) ;
#99 = VECTOR ( 'NONE', #778, 1000.000000000000000 ) ;
#100 = LINE ( 'NONE', #2237, #2328 ) ;
#101 = VECTOR ( 'NONE', #1331, 1000.000000000000000 ) ;
#102 = VECTOR ( 'NONE', #3318, 1000.000000000000000 ) ;
#103 = VECTOR ( 'NONE', #2886, 999.9999999999998863 ) ;
#104 = VECTOR ( 'NONE', #375, 1000.000000000000000 ) ;
#105 = EDGE_CURVE ( 'NONE', #1535, #3064, #1657, .T. ) ;
#106 = FILL_AREA_STYLE ('',( #2760 ) ) ;
#107 = VERTEX_POINT ( 'NONE', #340 ) ;
#108 = EDGE_CURVE ( 'NONE', #1357, #2614, #2484, .T. ) ;
#109 = FACE_OUTER_BOUND ( 'NONE', #2156, .T. ) ;
#110 = CARTESIAN_POINT ( 'NONE',  ( -3.048941669233709906, -0.5000000000000009992, 1.660816960928050090 ) ) ;
#111 = EDGE_CURVE ( 'NONE', #2648, #2301, #1137, .T. ) ;
#112 = ORIENTED_EDGE ( 'NONE', *, *, #2737, .T. ) ;
#113 = CYLINDRICAL_SURFACE ( 'NONE', #2796, 1.624999999999999778 ) ;
#114 = CARTESIAN_POINT ( 'NONE',  ( -3.027888391987428651, -1.100000000000012301, 5.142090554133009306 ) ) ;
#115 = ORIENTED_EDGE ( 'NONE', *, *, #2, .F. ) ;
#116 = DIRECTION ( 'NONE',  ( -1.000000000000000000, -0.000000000000000000, -0.000000000000000000 ) ) ;
#117 = APPLICATION_CONTEXT ( 'automotive_design' ) ;
#118 = EDGE_CURVE ( 'NONE', #2444, #3261, #1153, .T. ) ;
#119 = VECTOR ( 'NONE', #643, 1000.000000000000000 ) ;
#120 = DIRECTION ( 'NONE',  ( 0.000000000000000000, -1.000000000000000000, 6.123233995736769734E-17 ) ) ;
#121 = ITEM_DEFINED_TRANSFORMATION ( 'NONE', 'NONE', #3336,  #1405 ) ;
#122 = LINE ( 'NONE', #2254, #3326 ) ;
#123 = CARTESIAN_POINT ( 'NONE',  ( -3.083660169974095311, -1.366435106204660022, 4.988264173844195071 ) ) ;
#124 = SURFACE_STYLE_USAGE ( .BOTH. , #921 ) ;
#125 = ORIENTED_EDGE ( 'NONE', *, *, #2413, .F. ) ;
#126 = DIRECTION ( 'NONE',  ( 8.763792996980120523E-14, 0.000000000000000000, 1.000000000000000000 ) ) ;
#127 = DIRECTION ( 'NONE',  ( 0.000000000000000000, 1.000000000000000000, -6.123233995736769734E-17 ) ) ;
#128 = ORIENTED_EDGE ( 'NONE', *, *, #2092, .F. ) ;
#129 = LINE ( 'NONE', #2506, #2894 ) ;
#130 = CARTESIAN_POINT ( 'NONE',  ( -4.849999999999970335, 1.067390901260399810E-16, 1.660816960928050090 ) ) ;
#131 = CARTESIAN_POINT ( 'NONE',  ( 7.416249555727289611, -1.000000000000007327, 6.774999999999990585 ) ) ;
#132 = EDGE_CURVE ( 'NONE', #803, #1656, #2209, .T. ) ;
#133 = EDGE_LOOP ( 'NONE', ( #2126, #183, #1272, #1065 ) ) ;
#134 = EDGE_CURVE ( 'NONE', #2517, #1916, #1118, .T. ) ;
#135 = PLANE ( 'NONE',  #1618 ) ;
#136 = EDGE_CURVE ( 'NONE', #2825, #1651, #835, .T. ) ;
#137 = EDGE_LOOP ( 'NONE', ( #2778, #1059, #1349, #87 ) ) ;
#138 = DIRECTION ( 'NONE',  ( -1.000000000000000000, 0.000000000000000000, 2.474435292824660134E-15 ) ) ;
#139 = PRESENTATION_STYLE_ASSIGNMENT (( #124 ) ) ;
#140 = ORIENTED_EDGE ( 'NONE', *, *, #2327, .F. ) ;
#141 = LINE ( 'NONE', #3097, #616 ) ;
#142 = ORIENTED_EDGE ( 'NONE', *, *, #3029, .F. ) ;
#143 = DIRECTION ( 'NONE',  ( -1.000000000000000000, 0.000000000000000000, -0.000000000000000000 ) ) ;
#144 = DIRECTION ( 'NONE',  ( 0.000000000000000000, -1.000000000000000000, 6.123233995736769734E-17 ) ) ;
#145 = CARTESIAN_POINT ( 'NONE',  ( -12.39478613950593378, -0.004628304506369510310, 2.300323642578830707 ) ) ;
#146 = PRODUCT_DEFINITION_SHAPE ( 'NONE', 'NONE',  #383 ) ;
#147 = ORIENTED_EDGE ( 'NONE', *, *, #2759, .F. ) ;
#148 = EDGE_CURVE ( 'NONE', #1196, #577, #1367, .T. ) ;
#149 = CARTESIAN_POINT ( 'NONE',  ( 4.068190288946832212, -1.100000000000020295, 12.41819028894689048 ) ) ;
#150 = ORIENTED_EDGE ( 'NONE', *, *, #3323, .T. ) ;
#151 = EDGE_CURVE ( 'NONE', #525, #2064, #2429, .T. ) ;
#152 = LINE ( 'NONE', #2074, #1830 ) ;
#153 = VECTOR ( 'NONE', #2904, 1000.000000000000000 ) ;
#154 = VECTOR ( 'NONE', #14, 1000.000000000000000 ) ;
#155 = VECTOR ( 'NONE', #1686, 1000.000000000000000 ) ;
#156 = DIRECTION ( 'NONE',  ( 0.000000000000000000, -6.123233995736769734E-17, -1.000000000000000000 ) ) ;
#157 = ORIENTED_EDGE ( 'NONE', *, *, #2960, .F. ) ;
#158 = CARTESIAN_POINT ( 'NONE',  ( -2.659249333882680144, -1.904944217993929989, 4.494149312880059810 ) ) ;
#159 = CARTESIAN_POINT ( 'NONE',  ( -10.74999999999992539, 9.509243942682058109E-17, 0.9000000000000010214 ) ) ;
#160 = APPLICATION_CONTEXT ( 'automotive_design' ) ;
#161 = VECTOR ( 'NONE', #583, 1000.000000000000000 ) ;
#162 = EDGE_LOOP ( 'NONE', ( #1572, #488, #743, #970, #2999, #1381 ) ) ;
#163 = VECTOR ( 'NONE', #989, 1000.000000000000000 ) ;
#164 = CARTESIAN_POINT ( 'NONE',  ( 0.000000000000000000, 1.016957087585086310E-16, 1.660816960928050090 ) ) ;
#165 = CARTESIAN_POINT ( 'NONE',  ( 4.451058330766270110, -0.5000000000000009992, 2.299999999999999822 ) ) ;
#166 = LINE ( 'NONE', #1242, #1947 ) ;
#167 = AXIS2_PLACEMENT_3D ( 'NONE', #1836, #1979, #1614 ) ;
#168 = ORIENTED_EDGE ( 'NONE', *, *, #1442, .F. ) ;
#169 = FACE_OUTER_BOUND ( 'NONE', #1787, .T. ) ;
#170 = EDGE_CURVE ( 'NONE', #525, #454, #875, .T. ) ;
#171 = VECTOR ( 'NONE', #2152, 1000.000000000000000 ) ;
#172 = ORIENTED_EDGE ( 'NONE', *, *, #3408, .F. ) ;
#173 = LINE ( 'NONE', #3077, #1729 ) ;
#174 = PRODUCT_RELATED_PRODUCT_CATEGORY ( 'part', '', ( #3144 ) ) ;
#175 = EDGE_CURVE ( 'NONE', #1566, #2709, #625, .T. ) ;
#176 = DIRECTION ( 'NONE',  ( -0.000000000000000000, -0.000000000000000000, 1.000000000000000000 ) ) ;
#177 = ORIENTED_EDGE ( 'NONE', *, *, #212, .T. ) ;
#178 = ORIENTED_EDGE ( 'NONE', *, *, #2333, .T. ) ;
#179 = FACE_OUTER_BOUND ( 'NONE', #1876, .T. ) ;
#180 = ORIENTED_EDGE ( 'NONE', *, *, #3123, .T. ) ;
#181 = DIRECTION ( 'NONE',  ( 0.000000000000000000, 1.000000000000000000, -6.123233995736769734E-17 ) ) ;
#182 = CARTESIAN_POINT ( 'NONE',  ( -11.00000000000000000, -0.5000000000000019984, -12.59999999999999964 ) ) ;
#183 = ORIENTED_EDGE ( 'NONE', *, *, #63, .F. ) ;
#184 = CARTESIAN_POINT ( 'NONE',  ( 12.50000000000000000, 1.499999999999980016, 5.142090554133010194 ) ) ;
#185 = ORIENTED_EDGE ( 'NONE', *, *, #2862, .T. ) ;
#186 = DIRECTION ( 'NONE',  ( -2.172718127382359810E-15, -0.000000000000000000, -1.000000000000000000 ) ) ;
#187 = LINE ( 'NONE', #2319, #897 ) ;
#188 = VERTEX_POINT ( 'NONE', #1189 ) ;
#189 = EDGE_CURVE ( 'NONE', #2709, #1566, #1632, .T. ) ;
#190 = ORIENTED_EDGE ( 'NONE', *, *, #991, .T. ) ;
#191 = EDGE_LOOP ( 'NONE', ( #2666, #2248, #1276, #2932 ) ) ;
#192 = CARTESIAN_POINT ( 'NONE',  ( 2.658138200299672516, -1.900000000017346036, 4.496903024786997882 ) ) ;
#193 = LINE ( 'NONE', #1767, #1683 ) ;
#194 = CARTESIAN_POINT ( 'NONE',  ( 10.25000000000000000, -0.5000000000000009992, 1.660816960928050090 ) ) ;
#195 = VERTEX_POINT ( 'NONE', #130 ) ;
#196 = DIRECTION ( 'NONE',  ( 0.000000000000000000, 2.312964634635742267E-15, -1.000000000000000000 ) ) ;
#197 = PRODUCT_DEFINITION_SHAPE ( 'NONE', 'NONE',  #1046 ) ;
#198 = ORIENTED_EDGE ( 'NONE', *, *, #3210, .T. ) ;
#199 = PLANE ( 'NONE',  #1052 ) ;
#200 = FACE_OUTER_BOUND ( 'NONE', #1856, .T. ) ;
#201 = ORIENTED_EDGE ( 'NONE', *, *, #1718, .F. ) ;
#202 = AXIS2_PLACEMENT_3D ( 'NONE', #782, #1324, #234 ) ;
#203 = DIRECTION ( 'NONE',  ( -1.000000000000000000, -0.000000000000000000, 0.000000000000000000 ) ) ;
#204 = COLOUR_RGB ( '',0.2078431372549019440, 0.2078431372549019440, 0.2078431372549019440 ) ;
#205 = EDGE_CURVE ( 'NONE', #2057, #2371, #2567, .T. ) ;
#206 = VECTOR ( 'NONE', #1583, 1000.000000000000000 ) ;
#207 = ORIENTED_EDGE ( 'NONE', *, *, #1385, .F. ) ;
#208 = CARTESIAN_POINT ( 'NONE',  ( -10.15000000000000036, -0.5000000000000009992, 1.660816960928053643 ) ) ;
#209 = CYLINDRICAL_SURFACE ( 'NONE', #2884, 1.624999999999999778 ) ;
#210 = VECTOR ( 'NONE', #489, 1000.000000000000000 ) ;
#211 = CARTESIAN_POINT ( 'NONE',  ( -11.75000000000000000, -1.217479950702803550E-16, 0.9000000000000032419 ) ) ;
#212 = EDGE_CURVE ( 'NONE', #3023, #3291, #1990, .T. ) ;
#213 =( GEOMETRIC_REPRESENTATION_CONTEXT ( 3 ) GLOBAL_UNCERTAINTY_ASSIGNED_CONTEXT ( ( #2500 ) ) GLOBAL_UNIT_ASSIGNED_CONTEXT ( ( #291, #2160, #306 ) ) REPRESENTATION_CONTEXT ( 'NONE', 'WORKASPACE' ) );
#214 = ORIENTED_EDGE ( 'NONE', *, *, #1726, .F. ) ;
#215 = LINE ( 'NONE', #1291, #2734 ) ;
#216 = LINE ( 'NONE', #267, #1560 ) ;
#217 = LINE ( 'NONE', #2379, #431 ) ;
#218 = VECTOR ( 'NONE', #2929, 1000.000000000000000 ) ;
#219 = EDGE_CURVE ( 'NONE', #195, #600, #696, .T. ) ;
#220 = ORIENTED_EDGE ( 'NONE', *, *, #2287, .T. ) ;
#221 = CARTESIAN_POINT ( 'NONE',  ( -11.74999999999999822, -0.5000000000000008882, 3.141730632977520532 ) ) ;
#222 = LINE ( 'NONE', #805, #486 ) ;
#223 = AXIS2_PLACEMENT_3D ( 'NONE', #2950, #2674, #1095 ) ;
#224 = CARTESIAN_POINT ( 'NONE',  ( -14.86293112954090034, -1.100000000000016964, 12.41819028894689936 ) ) ;
#225 = ORIENTED_EDGE ( 'NONE', *, *, #3277, .T. ) ;
#226 =( NAMED_UNIT ( * ) SI_UNIT ( $, .STERADIAN. ) SOLID_ANGLE_UNIT ( ) );
#227 = ORIENTED_EDGE ( 'NONE', *, *, #1982, .F. ) ;
#228 = CARTESIAN_POINT ( 'NONE',  ( 4.000000000000030198, 0.000000000000000000, 0.000000000000000000 ) ) ;
#229 = DIRECTION ( 'NONE',  ( 1.413556534453750090E-31, 1.000000000000000000, -3.263213650642919963E-46 ) ) ;
#230 = PRODUCT_RELATED_PRODUCT_CATEGORY ( 'part', '', ( #2652 ) ) ;
#231 = ORIENTED_EDGE ( 'NONE', *, *, #2873, .T. ) ;
#232 = EDGE_CURVE ( 'NONE', #600, #677, #1731, .T. ) ;
#233 = DIRECTION ( 'NONE',  ( -1.330406150074129929E-31, -1.000000000000000000, 2.890597559047051827E-46 ) ) ;
#234 = DIRECTION ( 'NONE',  ( 0.000000000000000000, -1.000000000000000000, 6.123233995736769734E-17 ) ) ;
#235 = ORIENTED_EDGE ( 'NONE', *, *, #274, .F. ) ;
#236 = EDGE_CURVE ( 'NONE', #2978, #1580, #3349, .T. ) ;
#237 = DIRECTION ( 'NONE',  ( 0.000000000000000000, 6.123233995736769734E-17, 1.000000000000000000 ) ) ;
#238 = CARTESIAN_POINT ( 'NONE',  ( -11.74999999999999467, -0.5000000000000009992, 3.141730632977520532 ) ) ;
#239 = CARTESIAN_POINT ( 'NONE',  ( 3.250000000000000444, 0.000000000000000000, 0.000000000000000000 ) ) ;
#240 = ORIENTED_EDGE ( 'NONE', *, *, #2327, .T. ) ;
#241 = DIRECTION ( 'NONE',  ( 1.000000000000000000, 0.000000000000000000, 0.000000000000000000 ) ) ;
#242 = LINE ( 'NONE', #2372, #963 ) ;
#243 = ORIENTED_EDGE ( 'NONE', *, *, #1751, .F. ) ;
#244 = CARTESIAN_POINT ( 'NONE',  ( -3.249999999999946709, -0.5000000000000018874, -11.87458648033097752 ) ) ;
#245 = LINE ( 'NONE', #2395, #544 ) ;
#246 = EDGE_LOOP ( 'NONE', ( #3309, #2203, #2916, #1010 ) ) ;
#247 = CARTESIAN_POINT ( 'NONE',  ( 11.75000000000000000, -0.5000000000000012212, 0.9000000000000023537 ) ) ;
#248 = LINE ( 'NONE', #2121, #770 ) ;
#249 = ADVANCED_FACE ( 'NONE', ( #1219 ), #3073, .T. ) ;
#250 = ORIENTED_EDGE ( 'NONE', *, *, #768, .T. ) ;
#251 = LINE ( 'NONE', #841, #2222 ) ;
#252 = DIRECTION ( 'NONE',  ( 0.5218072611014620277, 0.000000000000000000, 0.8530634104577400345 ) ) ;
#253 = ADVANCED_FACE ( 'NONE', ( #2052 ), #2831, .T. ) ;
#254 =( NAMED_UNIT ( * ) PLANE_ANGLE_UNIT ( ) SI_UNIT ( $, .RADIAN. ) );
#255 = ORIENTED_EDGE ( 'NONE', *, *, #3148, .F. ) ;
#256 = APPLICATION_PROTOCOL_DEFINITION ( 'draft international standard', 'automotive_design', 1998, #3378 ) ;
#257 = CARTESIAN_POINT ( 'NONE',  ( -11.50000000000000000, -0.5000000000000019984, -12.59999999999999964 ) ) ;
#258 = VECTOR ( 'NONE', #2867, 1000.000000000000000 ) ;
#259 = ORIENTED_EDGE ( 'NONE', *, *, #1998, .F. ) ;
#260 = CARTESIAN_POINT ( 'NONE',  ( -10.54894166923370058, -0.5000000000000009992, 3.141730632977520532 ) ) ;
#261 = CARTESIAN_POINT ( 'NONE',  ( 11.00000000000000000, -0.5000000000000019984, -12.59999999999999964 ) ) ;
#262 = LINE ( 'NONE', #1362, #2104 ) ;
#263 = VECTOR ( 'NONE', #1079, 1000.000000000000227 ) ;
#264 = VECTOR ( 'NONE', #821, 1000.000000000000000 ) ;
#265 = ORIENTED_EDGE ( 'NONE', *, *, #1936, .F. ) ;
#266 = AXIS2_PLACEMENT_3D ( 'NONE', #2615, #1599, #1341 ) ;
#267 = CARTESIAN_POINT ( 'NONE',  ( 0.000000000000000000, -0.5000000000000017764, -12.59999999999999964 ) ) ;
#268 = CARTESIAN_POINT ( 'NONE',  ( -4.000000000000000000, 0.000000000000000000, 0.000000000000000000 ) ) ;
#269 = VECTOR ( 'NONE', #2918, 1000.000000000000000 ) ;
#270 = ORIENTED_EDGE ( 'NONE', *, *, #1726, .T. ) ;
#271 = PLANE ( 'NONE',  #3442 ) ;
#272 = AXIS2_PLACEMENT_3D ( 'NONE', #1860, #311, #1394 ) ;
#273 = LINE ( 'NONE', #1869, #2441 ) ;
#274 = EDGE_CURVE ( 'NONE', #2320, #295, #2038, .T. ) ;
#275 = DIRECTION ( 'NONE',  ( 0.06908086403641129636, -0.9879023813097994600, -0.1388406252737662272 ) ) ;
#276 = ORIENTED_EDGE ( 'NONE', *, *, #2075, .F. ) ;
#277 = ADVANCED_FACE ( 'NONE', ( #3361 ), #113, .F. ) ;
#278 = VECTOR ( 'NONE', #2523, 1000.000000000000000 ) ;
#279 = EDGE_LOOP ( 'NONE', ( #597, #2072, #1034, #2483 ) ) ;
#280 = ORIENTED_EDGE ( 'NONE', *, *, #1311, .T. ) ;
#281 = DIRECTION ( 'NONE',  ( -5.363550375184883853E-32, 1.000000000000000000, -6.123233995736769734E-17 ) ) ;
#282 = DIRECTION ( 'NONE',  ( -0.06908086403639766837, 0.9879023813098019025, -0.1388406252737560687 ) ) ;
#283 = DIRECTION ( 'NONE',  ( 0.5218072611013505613, 0.000000000000000000, -0.8530634104578082022 ) ) ;
#284 = DIRECTION ( 'NONE',  ( 1.000000000000000000, -0.000000000000000000, 0.000000000000000000 ) ) ;
#285 = ORIENTED_EDGE ( 'NONE', *, *, #2070, .T. ) ;
#286 = CARTESIAN_POINT ( 'NONE',  ( 12.00000000000000000, -0.5000000000000008882, 0.9000000000000050182 ) ) ;
#287 = FACE_OUTER_BOUND ( 'NONE', #825, .T. ) ;
#288 = EDGE_LOOP ( 'NONE', ( #1752, #2091, #2587, #655 ) ) ;
#289 = DIRECTION ( 'NONE',  ( 0.000000000000000000, -1.000000000000000000, 6.123233995736769734E-17 ) ) ;
#290 = DIRECTION ( 'NONE',  ( -0.5218072611014418216, 5.223506875434055894E-17, 0.8530634104577524690 ) ) ;
#291 =( LENGTH_UNIT ( ) NAMED_UNIT ( * ) SI_UNIT ( .MILLI., .METRE. ) );
#292 = DIRECTION ( 'NONE',  ( 1.000000000000000000, 0.000000000000000000, 0.000000000000000000 ) ) ;
#293 = VERTEX_POINT ( 'NONE', #1710 ) ;
#295 = VERTEX_POINT ( 'NONE', #423 ) ;
#294 = EDGE_CURVE ( 'NONE', #1238, #789, #927, .T. ) ;
#296 = VERTEX_POINT ( 'NONE', #1776 ) ;
#297 = CARTESIAN_POINT ( 'NONE',  ( -2.658138200597877976, -1.900000000070753758, 4.496903024970973384 ) ) ;
#298 = CARTESIAN_POINT ( 'NONE',  ( 12.26224883939210031, -1.900000000000040101, 1.163414459190010088E-16 ) ) ;
#299 = ADVANCED_FACE ( 'NONE', ( #1766 ), #2815, .T. ) ;
#300 = VERTEX_POINT ( 'NONE', #660 ) ;
#301 = DIRECTION ( 'NONE',  ( 1.000000000000000000, 0.000000000000000000, 0.000000000000000000 ) ) ;
#302 = CARTESIAN_POINT ( 'NONE',  ( 3.094767861797773190, -1.900000000000040101, 4.680210338728246100 ) ) ;
#303 = CARTESIAN_POINT ( 'NONE',  ( -3.779043462042237955, -1.100000000000020295, 12.12904346204228112 ) ) ;
#304 = DIRECTION ( 'NONE',  ( 5.366275521070849818E-30, -1.000000000000000000, 4.702892783142656334E-43 ) ) ;
#305 = CARTESIAN_POINT ( 'NONE',  ( 2.466096436727850172, -1.071658749124190013, 4.956526442139369770 ) ) ;
#306 =( NAMED_UNIT ( * ) SI_UNIT ( $, .STERADIAN. ) SOLID_ANGLE_UNIT ( ) );
#307 = CARTESIAN_POINT ( 'NONE',  ( 7.416249555727289611, -1.100000000000007416, 6.774999999999990585 ) ) ;
#308 = EDGE_LOOP ( 'NONE', ( #510, #3004, #2449, #2283 ) ) ;
#309 = ORIENTED_EDGE ( 'NONE', *, *, #3217, .F. ) ;
#310 = EDGE_LOOP ( 'NONE', ( #2849, #2659, #793, #2543, #58, #3051, #1875, #780, #1391 ) ) ;
#311 = DIRECTION ( 'NONE',  ( 1.000000000000000000, 0.000000000000000000, 0.000000000000000000 ) ) ;
#312 = LINE ( 'NONE', #2498, #1175 ) ;
#313 = ADVANCED_FACE ( 'NONE', ( #2296 ), #443, .F. ) ;
#314 = EDGE_LOOP ( 'NONE', ( #2927, #2027, #172, #1622 ) ) ;
#315 = CARTESIAN_POINT ( 'NONE',  ( -10.75000000000000000, -0.5000000000000009992, 3.061616997868389797E-17 ) ) ;
#316 = FACE_OUTER_BOUND ( 'NONE', #2885, .T. ) ;
#317 = VECTOR ( 'NONE', #2472, 1000.000000000000000 ) ;
#318 = DIRECTION ( 'NONE',  ( 0.7071067811866200703, 0.000000000000000000, 0.7071067811864750752 ) ) ;
#319 = ADVANCED_FACE ( 'NONE', ( #3085 ), #1754, .F. ) ;
#320 = VECTOR ( 'NONE', #2285, 1000.000000000000000 ) ;
#321 = VECTOR ( 'NONE', #1440, 1000.000000000000000 ) ;
#322 = CARTESIAN_POINT ( 'NONE',  ( 0.000000000000000000, 2.299999999999979838, 6.275000000000001243 ) ) ;
#323 = APPLICATION_PROTOCOL_DEFINITION ( 'draft international standard', 'automotive_design', 1998, #2675 ) ;
#324 = PLANE ( 'NONE',  #1675 ) ;
#325 = CARTESIAN_POINT ( 'NONE',  ( 3.500000000000000000, -0.5000000000000019984, -12.59999999999999964 ) ) ;
#326 = ADVANCED_FACE ( 'NONE', ( #2549 ), #2507, .T. ) ;
#327 = VECTOR ( 'NONE', #1861, 1000.000000000000000 ) ;
#328 = MECHANICAL_DESIGN_GEOMETRIC_PRESENTATION_REPRESENTATION (  '', ( #3332 ), #213 ) ;
#329 = DIRECTION ( 'NONE',  ( 0.000000000000000000, 2.312964634635742267E-15, -1.000000000000000000 ) ) ;
#330 = VERTEX_POINT ( 'NONE', #3413 ) ;
#331 = VECTOR ( 'NONE', #2804, 1000.000000000000000 ) ;
#332 = ORIENTED_EDGE ( 'NONE', *, *, #1978, .T. ) ;
#333 = CARTESIAN_POINT ( 'NONE',  ( -7.416249555727289611, -1.000000000000007327, 6.774999999999990585 ) ) ;
#334 = ORIENTED_EDGE ( 'NONE', *, *, #1539, .T. ) ;
#335 = LINE ( 'NONE', #1877, #218 ) ;
#336 = DIRECTION ( 'NONE',  ( -2.172718127382370065E-15, 0.000000000000000000, -1.000000000000000000 ) ) ;
#337 = VECTOR ( 'NONE', #857, 1000.000000000000000 ) ;
#338 = ORIENTED_EDGE ( 'NONE', *, *, #2, .T. ) ;
#339 = VECTOR ( 'NONE', #2269, 1000.000000000000000 ) ;
#340 = CARTESIAN_POINT ( 'NONE',  ( 1.990051048614449609E-16, -1.100000000000009859, 9.525000000000000355 ) ) ;
#341 = CARTESIAN_POINT ( 'NONE',  ( 10.54894166923370058, -0.5000000000000009992, 3.061616997868389797E-17 ) ) ;
#342 = CARTESIAN_POINT ( 'NONE',  ( -3.249999999999940048, 0.000000000000000000, 0.000000000000000000 ) ) ;
#343 = ORIENTED_EDGE ( 'NONE', *, *, #3364, .T. ) ;
#344 = EDGE_CURVE ( 'NONE', #3385, #1512, #2341, .T. ) ;
#345 = LINE ( 'NONE', #1422, #1556 ) ;
#346 = APPLICATION_PROTOCOL_DEFINITION ( 'draft international standard', 'automotive_design', 1998, #1302 ) ;
#347 = DIRECTION ( 'NONE',  ( 0.000000000000000000, -1.000000000000000000, 6.123233995736769734E-17 ) ) ;
#348 = DIRECTION ( 'NONE',  ( -1.000000000000000000, 0.000000000000000000, 0.000000000000000000 ) ) ;
#349 = ORIENTED_EDGE ( 'NONE', *, *, #1927, .F. ) ;
#350 = CARTESIAN_POINT ( 'NONE',  ( -12.31819028894690149, -1.099999999999999867, 5.142090554133010194 ) ) ;
#351 = ORIENTED_EDGE ( 'NONE', *, *, #2737, .F. ) ;
#352 = CARTESIAN_POINT ( 'NONE',  ( -2.902644214275449830, -1.948027405350740038, 4.652481703373601007 ) ) ;
#353 = PLANE ( 'NONE',  #1736 ) ;
#354 = VERTEX_POINT ( 'NONE', #2393 ) ;
#355 = FACE_OUTER_BOUND ( 'NONE', #1004, .T. ) ;
#356 = DIRECTION ( 'NONE',  ( 0.000000000000000000, -6.123233995736769734E-17, -1.000000000000000000 ) ) ;
#357 = EDGE_LOOP ( 'NONE', ( #1845, #1948, #2366, #3416 ) ) ;
#358 = DIRECTION ( 'NONE',  ( 0.000000000000000000, -2.398353793186899962E-15, 1.000000000000000000 ) ) ;
#359 =( REPRESENTATION_RELATIONSHIP ('NONE','NONE', #3351, #2400 ) REPRESENTATION_RELATIONSHIP_WITH_TRANSFORMATION ( #121 )SHAPE_REPRESENTATION_RELATIONSHIP( ) );
#360 = FACE_OUTER_BOUND ( 'NONE', #76, .T. ) ;
#361 = DIRECTION ( 'NONE',  ( 0.000000000000000000, 0.000000000000000000, -1.000000000000000000 ) ) ;
#362 = EDGE_CURVE ( 'NONE', #2928, #33, #473, .T. ) ;
#363 = EDGE_CURVE ( 'NONE', #2049, #2852, #3131, .T. ) ;
#364 = DIRECTION ( 'NONE',  ( 1.000000000000000000, -3.323654450132629939E-31, -5.427939635242889946E-15 ) ) ;
#365 = EDGE_CURVE ( 'NONE', #300, #505, #2911, .T. ) ;
#366 = EDGE_CURVE ( 'NONE', #2064, #2387, #1796, .T. ) ;
#367 = PLANE ( 'NONE',  #3066 ) ;
#368 = VERTEX_POINT ( 'NONE', #1073 ) ;
#369 = CARTESIAN_POINT ( 'NONE',  ( -2.466092370927400079, -1.071641760130690013, 4.956535830066269632 ) ) ;
#370 = LINE ( 'NONE', #1969, #1281 ) ;
#371 = UNCERTAINTY_MEASURE_WITH_UNIT (LENGTH_MEASURE( 1.000000000000000082E-05 ), #2306, 'distance_accuracy_value', 'NONE');
#372 = ORIENTED_EDGE ( 'NONE', *, *, #3003, .F. ) ;
#373 = DIRECTION ( 'NONE',  ( -1.768792986853007458E-31, -1.000000000000000000, 6.123233995736769734E-17 ) ) ;
#374 = DIRECTION ( 'NONE',  ( -8.763792996980120523E-14, 0.000000000000000000, 1.000000000000000000 ) ) ;
#375 = DIRECTION ( 'NONE',  ( 0.000000000000000000, 6.123233995736769734E-17, 1.000000000000000000 ) ) ;
#376 = ORIENTED_EDGE ( 'NONE', *, *, #1655, .F. ) ;
#377 = CARTESIAN_POINT ( 'NONE',  ( -3.249999999999954259, -3.173024506148847830E-16, -11.87458648033099173 ) ) ;
#378 = ORIENTED_EDGE ( 'NONE', *, *, #2575, .T. ) ;
#379 = VECTOR ( 'NONE', #2604, 1000.000000000000000 ) ;
#380 = DIRECTION ( 'NONE',  ( 2.509468387250411054E-17, -1.000000000000000000, 0.000000000000000000 ) ) ;
#381 = AXIS2_PLACEMENT_3D ( 'NONE', #2626, #3215, #1887 ) ;
#382 = AXIS2_PLACEMENT_3D ( 'NONE', #2672, #20, #2447 ) ;
#383 = PRODUCT_DEFINITION ( 'UNKNOWN', '', #3224, #2565 ) ;
#384 = VECTOR ( 'NONE', #3231, 1000.000000000000000 ) ;
#385 = LINE ( 'NONE', #1705, #2182 ) ;
#386 = ORIENTED_EDGE ( 'NONE', *, *, #1442, .T. ) ;
#387 = EDGE_CURVE ( 'NONE', #454, #1417, #1318, .T. ) ;
#388 = CARTESIAN_POINT ( 'NONE',  ( -2.532506833762440124, -1.349155158002379951, 4.803185058941790153 ) ) ;
#389 = DIRECTION ( 'NONE',  ( 0.06044765655673157295, 0.8644417624181521820, 0.4990856842308727392 ) ) ;
#390 = AXIS2_PLACEMENT_3D ( 'NONE', #1968, #656, #640 ) ;
#391 = EDGE_CURVE ( 'NONE', #2360, #1605, #2647, .T. ) ;
#392 = PRODUCT_DEFINITION_FORMATION_WITH_SPECIFIED_SOURCE ( 'ANY', '', #2652, .NOT_KNOWN. ) ;
#393 = ORIENTED_EDGE ( 'NONE', *, *, #3277, .F. ) ;
#394 = CARTESIAN_POINT ( 'NONE',  ( -11.50000000000000000, -0.5000000000000019984, -12.59999999999999964 ) ) ;
#395 = CARTESIAN_POINT ( 'NONE',  ( -11.00000000000000000, -0.5000000000000019984, -12.28329266077840032 ) ) ;
#396 = CARTESIAN_POINT ( 'NONE',  ( -4.000000000000000000, -7.620880114205980609E-16, -12.59999999999999964 ) ) ;
#397 = ORIENTED_EDGE ( 'NONE', *, *, #649, .T. ) ;
#398 = CARTESIAN_POINT ( 'NONE',  ( -4.849999999999970335, 9.509243942682053179E-17, 0.8999999999999980238 ) ) ;
#399 = CLOSED_SHELL ( 'NONE', ( #3013, #2708, #1506, #2857, #1207, #1914, #313, #3141, #3359, #3365, #2731, #2686, #1008, #492, #957, #3343, #319, #930 ) ) ;
#400 = CARTESIAN_POINT ( 'NONE',  ( 3.250000000000000444, -0.5000000000000009992, 0.8999999999999980238 ) ) ;
#401 = CARTESIAN_POINT ( 'NONE',  ( -14.86293112954090034, -1.100000000000020073, 12.41819028894689936 ) ) ;
#402 = VERTEX_POINT ( 'NONE', #257 ) ;
#403 = DIRECTION ( 'NONE',  ( -8.763792996980120523E-14, 0.000000000000000000, 1.000000000000000000 ) ) ;
#404 = DIRECTION ( 'NONE',  ( 0.000000000000000000, 0.000000000000000000, -1.000000000000000000 ) ) ;
#405 = VERTEX_POINT ( 'NONE', #1335 ) ;
#406 = PLANE ( 'NONE',  #442 ) ;
#407 = APPLICATION_CONTEXT ( 'automotive_design' ) ;
#408 = ADVANCED_FACE ( 'NONE', ( #2892 ), #504, .T. ) ;
#409 = EDGE_CURVE ( 'NONE', #405, #3134, #242, .T. ) ;
#410 = VERTEX_POINT ( 'NONE', #3428 ) ;
#411 = CARTESIAN_POINT ( 'NONE',  ( 11.75000000000000000, -0.5000000000000009992, 3.141730632977529858 ) ) ;
#412 = CARTESIAN_POINT ( 'NONE',  ( 0.000000000000000000, 5.510910596163123452E-17, 0.9000000000000050182 ) ) ;
#413 = CARTESIAN_POINT ( 'NONE',  ( 11.00000000000000000, -7.620880114205980609E-16, -12.59999999999999964 ) ) ;
#414 = DIRECTION ( 'NONE',  ( 1.000000000000000000, -0.000000000000000000, 0.000000000000000000 ) ) ;
#415 = EDGE_CURVE ( 'NONE', #3292, #915, #2110, .T. ) ;
#416 = LINE ( 'NONE', #1055, #2833 ) ;
#417 = ORIENTED_EDGE ( 'NONE', *, *, #1366, .T. ) ;
#418 = PLANE ( 'NONE',  #1226 ) ;
#419 = CARTESIAN_POINT ( 'NONE',  ( 10.25000000000000000, -0.5000000000000008882, 0.9000000000000032419 ) ) ;
#420 = EDGE_LOOP ( 'NONE', ( #1526, #255, #3369, #3420 ) ) ;
#421 = DIRECTION ( 'NONE',  ( -7.002154620015129468E-17, -1.000000000000000000, -2.398353793186899962E-15 ) ) ;
#422 = VERTEX_POINT ( 'NONE', #2786 ) ;
#423 = CARTESIAN_POINT ( 'NONE',  ( -4.000000000000000000, -7.572398285550455363E-16, -12.28329266077840209 ) ) ;
#424 = EDGE_CURVE ( 'NONE', #354, #1954, #129, .T. ) ;
#425 = PLANE ( 'NONE',  #1510 ) ;
#426 = CARTESIAN_POINT ( 'NONE',  ( -3.048941669233709906, -0.5000000000000008882, 3.141730632977524973 ) ) ;
#427 = PRODUCT_RELATED_PRODUCT_CATEGORY ( 'part', '', ( #710 ) ) ;
#428 = ORIENTED_EDGE ( 'NONE', *, *, #530, .T. ) ;
#429 = EDGE_CURVE ( 'NONE', #1414, #402, #3296, .T. ) ;
#430 = LINE ( 'NONE', #3367, #2941 ) ;
#431 = VECTOR ( 'NONE', #802, 1000.000000000000000 ) ;
#432 = ORIENTED_EDGE ( 'NONE', *, *, #3237, .F. ) ;
#433 = LINE ( 'NONE', #2558, #1673 ) ;
#434 = VECTOR ( 'NONE', #764, 1000.000000000000000 ) ;
#435 = VECTOR ( 'NONE', #2683, 1000.000000000000000 ) ;
#436 = VECTOR ( 'NONE', #3357, 1000.000000000000000 ) ;
#437 = DIRECTION ( 'NONE',  ( 0.000000000000000000, 0.000000000000000000, 1.000000000000000000 ) ) ;
#438 = ORIENTED_EDGE ( 'NONE', *, *, #1146, .F. ) ;
#439 = DIRECTION ( 'NONE',  ( -1.000000000000000000, 0.000000000000000000, -8.696627150072860763E-15 ) ) ;
#440 = VECTOR ( 'NONE', #1749, 1000.000000000000000 ) ;
#441 = ORIENTED_EDGE ( 'NONE', *, *, #1543, .T. ) ;
#442 = AXIS2_PLACEMENT_3D ( 'NONE', #924, #1774, #439 ) ;
#443 = PLANE ( 'NONE',  #1353 ) ;
#444 = CARTESIAN_POINT ( 'NONE',  ( 3.499999999999998668, -0.5000000000000019984, -12.28329266077829729 ) ) ;
#445 = CARTESIAN_POINT ( 'NONE',  ( -3.249999999999940048, -0.5000000000000009992, 0.9000000000000010214 ) ) ;
#446 = AXIS2_PLACEMENT_3D ( 'NONE', #2297, #3350, #976 ) ;
#447 = CARTESIAN_POINT ( 'NONE',  ( -14.86293112954090034, -1.900000000000030109, 4.680210338781310320 ) ) ;
#448 = COLOUR_RGB ( '',0.8196078431372548767, 0.8196078431372548767, 0.8196078431372548767 ) ;
#449 = EDGE_CURVE ( 'NONE', #598, #405, #2261, .T. ) ;
#450 = VERTEX_POINT ( 'NONE', #1730 ) ;
#451 = DIRECTION ( 'NONE',  ( 1.000000000000000000, -0.000000000000000000, 0.000000000000000000 ) ) ;
#452 = EDGE_CURVE ( 'NONE', #188, #3134, #926, .T. ) ;
#453 = LINE ( 'NONE', #1490, #2739 ) ;
#454 = VERTEX_POINT ( 'NONE', #3037 ) ;
#455 =( NAMED_UNIT ( * ) PLANE_ANGLE_UNIT ( ) SI_UNIT ( $, .RADIAN. ) );
#456 = VERTEX_POINT ( 'NONE', #659 ) ;
#457 = CARTESIAN_POINT ( 'NONE',  ( 4.451058330766270110, -0.5000000000000009992, 2.299999999999999822 ) ) ;
#458 = ORIENTED_EDGE ( 'NONE', *, *, #1936, .T. ) ;
#459 = DIRECTION ( 'NONE',  ( 2.713969817621439845E-15, 0.000000000000000000, -1.000000000000000000 ) ) ;
#460 =( NAMED_UNIT ( * ) PLANE_ANGLE_UNIT ( ) SI_UNIT ( $, .RADIAN. ) );
#461 = ORIENTED_EDGE ( 'NONE', *, *, #111, .F. ) ;
#462 = CARTESIAN_POINT ( 'NONE',  ( 7.416249555727289611, -1.000000000000009992, 7.899999999999990585 ) ) ;
#463 = ORIENTED_EDGE ( 'NONE', *, *, #752, .F. ) ;
#464 = CARTESIAN_POINT ( 'NONE',  ( -3.027888391987428651, -1.100000000000012301, 5.142090554133009306 ) ) ;
#465 = EDGE_CURVE ( 'NONE', #2517, #456, #678, .T. ) ;
#466 = FACE_OUTER_BOUND ( 'NONE', #2607, .T. ) ;
#467 = ORIENTED_EDGE ( 'NONE', *, *, #585, .T. ) ;
#468 =( NAMED_UNIT ( * ) SI_UNIT ( $, .STERADIAN. ) SOLID_ANGLE_UNIT ( ) );
#469 = EDGE_CURVE ( 'NONE', #789, #915, #2802, .T. ) ;
#470 = SURFACE_SIDE_STYLE ('',( #31 ) ) ;
#471 = UNCERTAINTY_MEASURE_WITH_UNIT (LENGTH_MEASURE( 1.000000000000000082E-05 ), #2525, 'distance_accuracy_value', 'NONE');
#472 = ORIENTED_EDGE ( 'NONE', *, *, #1107, .F. ) ;
#473 = LINE ( 'NONE', #208, #1186 ) ;
#474 = CARTESIAN_POINT ( 'NONE',  ( 4.000000000000008882, -7.620880114205980609E-16, -12.59999999999999964 ) ) ;
#475 = LINE ( 'NONE', #2116, #206 ) ;
#476 = ORIENTED_EDGE ( 'NONE', *, *, #136, .F. ) ;
#477 = DIRECTION ( 'NONE',  ( 1.000000000000000000, 0.000000000000000000, 0.000000000000000000 ) ) ;
#478 = CARTESIAN_POINT ( 'NONE',  ( 3.500000000000000000, -0.5000000000000019984, -12.59999999999999964 ) ) ;
#479 = VERTEX_POINT ( 'NONE', #831 ) ;
#480 = CARTESIAN_POINT ( 'NONE',  ( -12.50000000000000888, 1.499999999999960032, 2.510415623969679988 ) ) ;
#481 = DIRECTION ( 'NONE',  ( -5.366275521070849818E-30, 1.000000000000000000, -4.702892783142656334E-43 ) ) ;
#482 = ORIENTED_EDGE ( 'NONE', *, *, #1978, .F. ) ;
#483 = AXIS2_PLACEMENT_3D ( 'NONE', #632, #2696, #591 ) ;
#484 = ADVANCED_FACE ( 'NONE', ( #22 ), #1901, .F. ) ;
#485 = AXIS2_PLACEMENT_3D ( 'NONE', #2184, #1944, #1195 ) ;
#486 = VECTOR ( 'NONE', #1831, 1000.000000000000000 ) ;
#487 = EDGE_CURVE ( 'NONE', #293, #525, #2150, .T. ) ;
#488 = ORIENTED_EDGE ( 'NONE', *, *, #3404, .T. ) ;
#489 = DIRECTION ( 'NONE',  ( 0.000000000000000000, 0.000000000000000000, -1.000000000000000000 ) ) ;
#490 = VECTOR ( 'NONE', #2467, 1000.000000000000114 ) ;
#491 = DIRECTION ( 'NONE',  ( 0.000000000000000000, 0.000000000000000000, -1.000000000000000000 ) ) ;
#492 = ADVANCED_FACE ( 'NONE', ( #1626 ), #1363, .F. ) ;
#493 = VECTOR ( 'NONE', #2485, 1000.000000000000000 ) ;
#494 = ORIENTED_EDGE ( 'NONE', *, *, #1146, .T. ) ;
#495 = CARTESIAN_POINT ( 'NONE',  ( -3.048941669233709906, -0.5000000000000009992, 3.141730632977520532 ) ) ;
#496 = DIRECTION ( 'NONE',  ( 0.7071067811865370256, 4.329780281177529291E-17, 0.7071067811865580088 ) ) ;
#497 = DIRECTION ( 'NONE',  ( 0.000000000000000000, -6.123233995736769734E-17, -1.000000000000000000 ) ) ;
#498 =( GEOMETRIC_REPRESENTATION_CONTEXT ( 3 ) GLOBAL_UNCERTAINTY_ASSIGNED_CONTEXT ( ( #910 ) ) GLOBAL_UNIT_ASSIGNED_CONTEXT ( ( #2578, #1283, #468 ) ) REPRESENTATION_CONTEXT ( 'NONE', 'WORKASPACE' ) );
#499 = ORIENTED_EDGE ( 'NONE', *, *, #534, .T. ) ;
#500 = FACE_OUTER_BOUND ( 'NONE', #1273, .T. ) ;
#501 = DIRECTION ( 'NONE',  ( -7.002154620015129468E-17, -1.000000000000000000, -2.398353793186899962E-15 ) ) ;
#502 = VECTOR ( 'NONE', #1468, 1000.000000000000000 ) ;
#503 = ORIENTED_EDGE ( 'NONE', *, *, #3256, .F. ) ;
#504 = PLANE ( 'NONE',  #1519 ) ;
#505 = VERTEX_POINT ( 'NONE', #1744 ) ;
#506 = DIRECTION ( 'NONE',  ( 2.888658163454979847E-15, -6.123233995736769734E-17, -1.000000000000000000 ) ) ;
#507 = DIRECTION ( 'NONE',  ( -6.511678747493490384E-17, -0.06975647374413139479, 0.9975640502598238646 ) ) ;
#508 = ORIENTED_EDGE ( 'NONE', *, *, #151, .T. ) ;
#509 = MANIFOLD_SOLID_BREP ( 'Imported1', #2179 ) ;
#510 = ORIENTED_EDGE ( 'NONE', *, *, #2936, .F. ) ;
#511 = CARTESIAN_POINT ( 'NONE',  ( 12.00000000000000000, 9.509243942682064272E-17, 0.9000000000000050182 ) ) ;
#512 = PLANE ( 'NONE',  #2099 ) ;
#513 = EDGE_CURVE ( 'NONE', #2320, #188, #3273, .T. ) ;
#514 = VERTEX_POINT ( 'NONE', #1413 ) ;
#515 = LINE ( 'NONE', #2660, #718 ) ;
#516 = CARTESIAN_POINT ( 'NONE',  ( 12.39550155994331426, 0.005602684402386687475, 2.300391777858573406 ) ) ;
#517 = SURFACE_SIDE_STYLE ('',( #2090 ) ) ;
#518 = ORIENTED_EDGE ( 'NONE', *, *, #1011, .F. ) ;
#519 = SHAPE_DEFINITION_REPRESENTATION ( #2591, #876 ) ;
#520 = CARTESIAN_POINT ( 'NONE',  ( 12.49999999999999822, 1.500000000000000000, 5.142090554133010194 ) ) ;
#521 = ORIENTED_EDGE ( 'NONE', *, *, #610, .F. ) ;
#522 = FACE_BOUND ( 'NONE', #1038, .T. ) ;
#523 = DIRECTION ( 'NONE',  ( 0.000000000000000000, -1.000000000000000000, 6.123233995736769734E-17 ) ) ;
#524 = CARTESIAN_POINT ( 'NONE',  ( -11.75000000000000000, -0.5000000000000008882, 0.9000000000000032419 ) ) ;
#525 = VERTEX_POINT ( 'NONE', #1148 ) ;
#526 = CARTESIAN_POINT ( 'NONE',  ( 11.50000000000000000, -0.5000000000000019984, -12.28329266077840032 ) ) ;
#527 = DIRECTION ( 'NONE',  ( -0.000000000000000000, 1.000000000000000000, 0.000000000000000000 ) ) ;
#528 = DIRECTION ( 'NONE',  ( 0.8530634104578177501, 3.195147960397979424E-17, 0.5218072611013349071 ) ) ;
#529 = EDGE_LOOP ( 'NONE', ( #756, #3403, #85, #2562, #1538, #2601, #1699, #3036, #1520, #3110, #1075, #1, #1345, #1670, #3303, #2906 ) ) ;
#530 = EDGE_CURVE ( 'NONE', #1903, #300, #385, .T. ) ;
#531 = DIRECTION ( 'NONE',  ( -0.000000000000000000, -6.123233995736769734E-17, -1.000000000000000000 ) ) ;
#532 = CARTESIAN_POINT ( 'NONE',  ( 12.44405855044519882, 2.299999999999979838, 12.59999999999999964 ) ) ;
#533 = DIRECTION ( 'NONE',  ( 0.000000000000000000, 1.000000000000000000, -6.123233995736769734E-17 ) ) ;
#534 = EDGE_CURVE ( 'NONE', #1295, #622, #1181, .T. ) ;
#535 = CARTESIAN_POINT ( 'NONE',  ( -4.249999999999968914, 2.299999999999979838, 12.59999999999999254 ) ) ;
#536 = ORIENTED_EDGE ( 'NONE', *, *, #409, .F. ) ;
#537 = ORIENTED_EDGE ( 'NONE', *, *, #1123, .T. ) ;
#538 = VECTOR ( 'NONE', #1384, 1000.000000000000114 ) ;
#539 = ORIENTED_EDGE ( 'NONE', *, *, #1524, .T. ) ;
#540 = CARTESIAN_POINT ( 'NONE',  ( -2.649999999999979927, -0.5000000000000009992, 1.660816960928050090 ) ) ;
#541 = PLANE ( 'NONE',  #382 ) ;
#542 = VECTOR ( 'NONE', #3269, 1000.000000000000000 ) ;
#543 = CARTESIAN_POINT ( 'NONE',  ( 4.068190288946825106, -1.100000000000018963, 12.41819028894689936 ) ) ;
#544 = VECTOR ( 'NONE', #3151, 1000.000000000000000 ) ;
#545 = AXIS2_PLACEMENT_3D ( 'NONE', #3355, #3079, #702 ) ;
#546 = VERTEX_POINT ( 'NONE', #935 ) ;
#547 = VECTOR ( 'NONE', #3258, 1000.000000000000000 ) ;
#548 = DIRECTION ( 'NONE',  ( -1.000000000000000000, 0.000000000000000000, 0.000000000000000000 ) ) ;
#549 = CARTESIAN_POINT ( 'NONE',  ( -4.451058330766260340, -0.5000000000000008882, 3.141730632977528526 ) ) ;
#550 = CARTESIAN_POINT ( 'NONE',  ( 3.960853173095303159, 1.499999999999984235, 12.31085317309540272 ) ) ;
#551 = MECHANICAL_DESIGN_GEOMETRIC_PRESENTATION_REPRESENTATION (  '', ( #673 ), #904 ) ;
#552 = VERTEX_POINT ( 'NONE', #1461 ) ;
#553 = LINE ( 'NONE', #784, #3379 ) ;
#554 = AXIS2_PLACEMENT_3D ( 'NONE', #1941, #2926, #241 ) ;
#555 = DIRECTION ( 'NONE',  ( -3.540705920434812074E-31, -1.000000000000000000, 6.123233995736769734E-17 ) ) ;
#556 = PRESENTATION_STYLE_ASSIGNMENT (( #3198 ) ) ;
#557 = EDGE_CURVE ( 'NONE', #915, #2871, #1428, .T. ) ;
#558 = PRODUCT_DEFINITION_FORMATION_WITH_SPECIFIED_SOURCE ( 'ANY', '', #710, .NOT_KNOWN. ) ;
#559 = FACE_OUTER_BOUND ( 'NONE', #3094, .T. ) ;
#560 = ORIENTED_EDGE ( 'NONE', *, *, #2436, .T. ) ;
#561 = EDGE_CURVE ( 'NONE', #1916, #1209, #2239, .T. ) ;
#562 = VECTOR ( 'NONE', #2522, 1000.000000000000000 ) ;
#563 = ORIENTED_EDGE ( 'NONE', *, *, #628, .T. ) ;
#564 = ORIENTED_EDGE ( 'NONE', *, *, #40, .F. ) ;
#565 = CARTESIAN_POINT ( 'NONE',  ( 12.00000000000000000, 1.067390901260399810E-16, 1.660816960928050090 ) ) ;
#566 = LINE ( 'NONE', #1654, #547 ) ;
#567 = CARTESIAN_POINT ( 'NONE',  ( 0.000000000000000000, 1.016957087585086310E-16, 1.660816960928050090 ) ) ;
#568 = ORIENTED_EDGE ( 'NONE', *, *, #2406, .T. ) ;
#569 = DIRECTION ( 'NONE',  ( 1.261937886676320015E-31, -1.000000000000000000, 2.600729011724600582E-46 ) ) ;
#570 = DIRECTION ( 'NONE',  ( 5.782411586589429820E-15, -6.123233995736769734E-17, -1.000000000000000000 ) ) ;
#571 = DIRECTION ( 'NONE',  ( 1.000000000000000000, -0.000000000000000000, 8.696627150072860763E-15 ) ) ;
#572 = VERTEX_POINT ( 'NONE', #2998 ) ;
#573 = CARTESIAN_POINT ( 'NONE',  ( 10.54894166923370236, 1.565140967917894530E-16, 3.141730632977528970 ) ) ;
#574 = DIRECTION ( 'NONE',  ( -0.000000000000000000, 1.000000000000000000, -6.123233995736769734E-17 ) ) ;
#575 =( NAMED_UNIT ( * ) PLANE_ANGLE_UNIT ( ) SI_UNIT ( $, .RADIAN. ) );
#576 = DIRECTION ( 'NONE',  ( 0.000000000000000000, 6.123233995736769734E-17, 1.000000000000000000 ) ) ;
#577 = VERTEX_POINT ( 'NONE', #621 ) ;
#578 = ADVANCED_FACE ( 'NONE', ( #2218 ), #3327, .F. ) ;
#579 = VERTEX_POINT ( 'NONE', #1984 ) ;
#580 = VERTEX_POINT ( 'NONE', #350 ) ;
#581 = EDGE_CURVE ( 'NONE', #1580, #2049, #1476, .T. ) ;
#582 = CARTESIAN_POINT ( 'NONE',  ( -3.000811057903326695, -1.900000000000039657, 4.664886056788803081 ) ) ;
#583 = DIRECTION ( 'NONE',  ( 0.000000000000000000, 6.123233995736769734E-17, 1.000000000000000000 ) ) ;
#584 = APPLICATION_CONTEXT ( 'automotive_design' ) ;
#585 = EDGE_CURVE ( 'NONE', #677, #1919, #654, .T. ) ;
#586 = ORIENTED_EDGE ( 'NONE', *, *, #2204, .F. ) ;
#587 = ADVANCED_FACE ( 'NONE', ( #1722 ), #367, .F. ) ;
#588 = CONTEXT_DEPENDENT_SHAPE_REPRESENTATION ( #2499, #2570 ) ;
#589 = DIRECTION ( 'NONE',  ( -0.000000000000000000, 1.000000000000000000, -6.123233995736769734E-17 ) ) ;
#590 = CARTESIAN_POINT ( 'NONE',  ( -12.39478613950590891, -0.004628304506348499339, 2.300323642578826266 ) ) ;
#591 = DIRECTION ( 'NONE',  ( 0.000000000000000000, 0.8660254037844402619, 0.4999999999999971134 ) ) ;
#592 = ORIENTED_EDGE ( 'NONE', *, *, #1747, .T. ) ;
#593 = DIRECTION ( 'NONE',  ( 0.000000000000000000, 0.000000000000000000, 1.000000000000000000 ) ) ;
#594 = CARTESIAN_POINT ( 'NONE',  ( 0.000000000000000000, -1.100000000000009859, 6.275000000000001243 ) ) ;
#595 = FACE_OUTER_BOUND ( 'NONE', #1594, .T. ) ;
#596 = CARTESIAN_POINT ( 'NONE',  ( -3.027888391987428651, -1.100000000000012301, 5.142090554133009306 ) ) ;
#597 = ORIENTED_EDGE ( 'NONE', *, *, #1121, .T. ) ;
#598 = VERTEX_POINT ( 'NONE', #599 ) ;
#599 = CARTESIAN_POINT ( 'NONE',  ( -3.500000000000000000, -7.572398285550454377E-16, -12.28329266077840032 ) ) ;
#600 = VERTEX_POINT ( 'NONE', #1669 ) ;
#601 = CARTESIAN_POINT ( 'NONE',  ( -11.50000000000000000, -0.5000000000000019984, -12.28329266077840032 ) ) ;
#602 = EDGE_CURVE ( 'NONE', #1806, #3121, #2723, .T. ) ;
#603 = CARTESIAN_POINT ( 'NONE',  ( -11.00000000000000000, -0.5000000000000019984, -12.28329266077840032 ) ) ;
#604 = EDGE_CURVE ( 'NONE', #2331, #598, #2063, .T. ) ;
#605 = ORIENTED_EDGE ( 'NONE', *, *, #653, .T. ) ;
#606 = CARTESIAN_POINT ( 'NONE',  ( -2.472871394387074151, -1.100000002150788303, 4.940862961540860354 ) ) ;
#607 = DIRECTION ( 'NONE',  ( -7.002154620015129468E-17, -1.000000000000000000, -2.398353793186899962E-15 ) ) ;
#608 = VECTOR ( 'NONE', #2233, 1000.000000000000000 ) ;
#609 =( NAMED_UNIT ( * ) PLANE_ANGLE_UNIT ( ) SI_UNIT ( $, .RADIAN. ) );
#610 = EDGE_CURVE ( 'NONE', #2119, #546, #2076, .T. ) ;
#611 = EDGE_CURVE ( 'NONE', #1530, #293, #1537, .T. ) ;
#612 = VECTOR ( 'NONE', #275, 1000.000000000000227 ) ;
#613 = AXIS2_PLACEMENT_3D ( 'NONE', #1768, #3087, #1221 ) ;
#614 = PLANE ( 'NONE',  #42 ) ;
#615 = LINE ( 'NONE', #98, #155 ) ;
#616 = VECTOR ( 'NONE', #3294, 1000.000000000000000 ) ;
#617 = CIRCLE ( 'NONE', #952, 1.624999999999999778 ) ;
#618 = CARTESIAN_POINT ( 'NONE',  ( 10.25000000000000000, 9.509243942682053179E-17, 0.9000000000000032419 ) ) ;
#619 = VERTEX_POINT ( 'NONE', #419 ) ;
#620 =( GEOMETRIC_REPRESENTATION_CONTEXT ( 3 ) GLOBAL_UNCERTAINTY_ASSIGNED_CONTEXT ( ( #2848 ) ) GLOBAL_UNIT_ASSIGNED_CONTEXT ( ( #1748, #1215, #955 ) ) REPRESENTATION_CONTEXT ( 'NONE', 'WORKASPACE' ) );
#621 = CARTESIAN_POINT ( 'NONE',  ( -12.26224883939209320, -1.900000000000039435, 4.680210338781311208 ) ) ;
#622 = VERTEX_POINT ( 'NONE', #750 ) ;
#623 = CARTESIAN_POINT ( 'NONE',  ( 4.000000000000030198, -0.5000000000000019984, -12.28329266077840032 ) ) ;
#624 = CARTESIAN_POINT ( 'NONE',  ( 12.39478613950591424, -0.004628304506368130337, 2.300323642578825822 ) ) ;
#625 = CIRCLE ( 'NONE', #2118, 1.624999999999999778 ) ;
#626 = ORIENTED_EDGE ( 'NONE', *, *, #767, .F. ) ;
#627 = CARTESIAN_POINT ( 'NONE',  ( -2.536490905455787814, -1.366435108285339428, 4.793588624669226306 ) ) ;
#628 = EDGE_CURVE ( 'NONE', #1414, #2845, #2542, .T. ) ;
#629 =( BOUNDED_SURFACE ( )  B_SPLINE_SURFACE ( 3, 2, ( 
 ( #2214, #2476, #3267 ),
 ( #902, #1964, #2514 ),
 ( #3014, #1456, #2699 ),
 ( #2236, #919, #305 ) ),
 .UNSPECIFIED., .F., .F., .F. ) 
 B_SPLINE_SURFACE_WITH_KNOTS ( ( 4, 4 ),
 ( 3, 3 ),
 ( 0.006035402234144549710, 0.007012306111883080326 ),
 ( 0.000000000000000000, 1.000000000000000000 ),
 .UNSPECIFIED. ) 
 GEOMETRIC_REPRESENTATION_ITEM ( )  RATIONAL_B_SPLINE_SURFACE ( (
 ( 1.000000000000000000, 0.9595151208860750458, 1.000000000000000000),
 ( 1.000000000000000000, 0.9582366291208429532, 1.000000000000000000),
 ( 1.000000000000000000, 0.9568388941425179928, 1.000000000000000000),
 ( 1.000000000000000000, 0.9552816703844180246, 1.000000000000000000) ) ) 
 REPRESENTATION_ITEM ( '' )  SURFACE ( )  );
#630 = PLANE ( 'NONE',  #2337 ) ;
#631 = EDGE_LOOP ( 'NONE', ( #2912, #1689, #766, #494 ) ) ;
#632 = CARTESIAN_POINT ( 'NONE',  ( -14.86293112954090034, -1.900000000000030109, 4.680210338781310320 ) ) ;
#633 = DIRECTION ( 'NONE',  ( -2.713969817621439845E-15, 0.000000000000000000, -1.000000000000000000 ) ) ;
#634 = EDGE_CURVE ( 'NONE', #2387, #886, #453, .T. ) ;
#635 = ITEM_DEFINED_TRANSFORMATION ( 'NONE', 'NONE', #554,  #1405 ) ;
#636 = DIRECTION ( 'NONE',  ( -1.000000000000000000, -1.261937886676309943E-31, -2.060900967617639912E-15 ) ) ;
#637 = FACE_OUTER_BOUND ( 'NONE', #191, .T. ) ;
#638 = CARTESIAN_POINT ( 'NONE',  ( 4.250000000000000000, 0.000000000000000000, 0.000000000000000000 ) ) ;
#639 = ORIENTED_EDGE ( 'NONE', *, *, #219, .T. ) ;
#640 = DIRECTION ( 'NONE',  ( -1.000000000000000000, 0.000000000000000000, 2.474435292824660134E-15 ) ) ;
#641 = CARTESIAN_POINT ( 'NONE',  ( 3.779043462042137591, -1.100000000000018519, 12.12904346204229000 ) ) ;
#642 = ORIENTED_EDGE ( 'NONE', *, *, #3189, .T. ) ;
#643 = DIRECTION ( 'NONE',  ( 1.000000000000000000, -0.000000000000000000, 0.000000000000000000 ) ) ;
#644 = CARTESIAN_POINT ( 'NONE',  ( -4.249999999999996447, -0.5000000000000016653, -11.87458648033100062 ) ) ;
#645 = ORIENTED_EDGE ( 'NONE', *, *, #3252, .F. ) ;
#646 = LINE ( 'NONE', #3282, #664 ) ;
#647 = FACE_OUTER_BOUND ( 'NONE', #1967, .T. ) ;
#648 = CARTESIAN_POINT ( 'NONE',  ( 0.000000000000000000, 0.000000000000000000, 0.000000000000000000 ) ) ;
#649 = EDGE_CURVE ( 'NONE', #1547, #3203, #999, .T. ) ;
#650 = DIRECTION ( 'NONE',  ( 0.5218072611013349071, 0.000000000000000000, -0.8530634104578177501 ) ) ;
#651 = ADVANCED_FACE ( 'NONE', ( #466, #689 ), #1792, .F. ) ;
#652 = PLANE ( 'NONE',  #830 ) ;
#653 = EDGE_CURVE ( 'NONE', #1481, #2043, #2018, .T. ) ;
#654 = LINE ( 'NONE', #1163, #339 ) ;
#655 = ORIENTED_EDGE ( 'NONE', *, *, #1718, .T. ) ;
#656 = DIRECTION ( 'NONE',  ( -2.474435292824660134E-15, -6.123233995736769734E-17, -1.000000000000000000 ) ) ;
#657 = LINE ( 'NONE', #2242, #2105 ) ;
#658 = VERTEX_POINT ( 'NONE', #2358 ) ;
#659 = CARTESIAN_POINT ( 'NONE',  ( -12.44405855044518994, 2.299999999999979838, 12.59999999999999964 ) ) ;
#660 = CARTESIAN_POINT ( 'NONE',  ( 12.50000000000001776, 1.499999999999998668, 12.60000000000001741 ) ) ;
#661 = CARTESIAN_POINT ( 'NONE',  ( -11.75000000000001066, -0.5000000000000014433, -11.87458648033100239 ) ) ;
#662 = ORIENTED_EDGE ( 'NONE', *, *, #40, .T. ) ;
#663 =( NAMED_UNIT ( * ) SI_UNIT ( $, .STERADIAN. ) SOLID_ANGLE_UNIT ( ) );
#664 = VECTOR ( 'NONE', #116, 1000.000000000000000 ) ;
#665 = FACE_OUTER_BOUND ( 'NONE', #3169, .T. ) ;
#666 = DIRECTION ( 'NONE',  ( 0.000000000000000000, 6.123233995736769734E-17, 1.000000000000000000 ) ) ;
#667 = CIRCLE ( 'NONE', #1337, 1.125000000000000222 ) ;
#668 = VECTOR ( 'NONE', #283, 1000.000000000000227 ) ;
#669 = ORIENTED_EDGE ( 'NONE', *, *, #2406, .F. ) ;
#670 = CARTESIAN_POINT ( 'NONE',  ( 0.000000000000000000, 0.000000000000000000, 0.000000000000000000 ) ) ;
#671 = AXIS2_PLACEMENT_3D ( 'NONE', #1085, #1371, #29 ) ;
#672 = VECTOR ( 'NONE', #909, 1000.000000000000000 ) ;
#673 = STYLED_ITEM ( 'NONE', ( #556 ), #2740 ) ;
#674 = DIRECTION ( 'NONE',  ( -0.000000000000000000, -6.123233995736769734E-17, -1.000000000000000000 ) ) ;
#675 = ORIENTED_EDGE ( 'NONE', *, *, #1953, .T. ) ;
#676 = DIRECTION ( 'NONE',  ( -0.000000000000000000, -1.000000000000000000, 6.123233995736769734E-17 ) ) ;
#677 = VERTEX_POINT ( 'NONE', #736 ) ;
#678 = LINE ( 'NONE', #2006, #2952 ) ;
#679 = DIRECTION ( 'NONE',  ( -1.000000000000000000, -5.366275521070849818E-30, -8.763792996980120523E-14 ) ) ;
#680 = CARTESIAN_POINT ( 'NONE',  ( 12.00000000000000000, -0.5000000000000009992, 3.061616997868389797E-17 ) ) ;
#681 = VECTOR ( 'NONE', #1081, 1000.000000000000000 ) ;
#682 = CARTESIAN_POINT ( 'NONE',  ( 0.000000000000000000, -0.5000000000000008882, 1.660816960928050090 ) ) ;
#683 = VECTOR ( 'NONE', #2202, 1000.000000000000000 ) ;
#684 = ORIENTED_EDGE ( 'NONE', *, *, #1192, .F. ) ;
#685 = DIRECTION ( 'NONE',  ( -1.000000000000000000, 0.000000000000000000, -0.000000000000000000 ) ) ;
#686 = EDGE_LOOP ( 'NONE', ( #1358, #2556, #2230, #3222 ) ) ;
#687 = DIRECTION ( 'NONE',  ( 0.7071067811866200703, 0.000000000000000000, 0.7071067811864750752 ) ) ;
#688 = EDGE_CURVE ( 'NONE', #1209, #2335, #1761, .T. ) ;
#689 = FACE_BOUND ( 'NONE', #6, .T. ) ;
#690 = VERTEX_POINT ( 'NONE', #1235 ) ;
#691 = CARTESIAN_POINT ( 'NONE',  ( 0.000000000000000000, -1.900000000000040101, 1.163414459190010088E-16 ) ) ;
#692 = CARTESIAN_POINT ( 'NONE',  ( 3.250000000000000444, -0.5000000000000014433, 0.8999999999999980238 ) ) ;
#693 = PRODUCT_DEFINITION_CONTEXT ( 'detailed design', #2318, 'design' ) ;
#694 = EDGE_CURVE ( 'NONE', #2978, #410, #3344, .T. ) ;
#695 = ORIENTED_EDGE ( 'NONE', *, *, #189, .T. ) ;
#696 = LINE ( 'NONE', #164, #119 ) ;
#697 = DIRECTION ( 'NONE',  ( -0.5218072611013907514, -0.000000000000000000, 0.8530634104577836663 ) ) ;
#698 = DIRECTION ( 'NONE',  ( -0.06958737431666042750, 0.9951458157834177642, -0.06958737431796586936 ) ) ;
#699 = DIRECTION ( 'NONE',  ( -7.002154620015129468E-17, -1.000000000000000000, -2.398353793186899962E-15 ) ) ;
#700 = ORIENTED_EDGE ( 'NONE', *, *, #2183, .T. ) ;
#701 = DIRECTION ( 'NONE',  ( 0.000000000000000000, 6.123233995736769734E-17, 1.000000000000000000 ) ) ;
#702 = DIRECTION ( 'NONE',  ( 0.000000000000000000, -1.000000000000000000, 6.123233995736769734E-17 ) ) ;
#703 = EDGE_LOOP ( 'NONE', ( #1817, #2377, #3238, #2794 ) ) ;
#704 = DIRECTION ( 'NONE',  ( 1.000000000000000000, 0.000000000000000000, 0.000000000000000000 ) ) ;
#705 = CARTESIAN_POINT ( 'NONE',  ( -11.75000000000001066, -7.509833196090874934E-16, -11.87458648033100239 ) ) ;
#706 = EDGE_LOOP ( 'NONE', ( #3154, #243, #1427, #432 ) ) ;
#707 = DIRECTION ( 'NONE',  ( 1.000000000000000000, -2.233834061395680135E-30, -3.648127873197330210E-14 ) ) ;
#708 = CARTESIAN_POINT ( 'NONE',  ( 12.00000000000000000, -0.5000000000000009992, 0.9000000000000050182 ) ) ;
#709 = FACE_OUTER_BOUND ( 'NONE', #1060, .T. ) ;
#710 = PRODUCT ( 'KBJB_1', 'KBJB_1', '', ( #1333 ) ) ;
#711 = ADVANCED_FACE ( 'NONE', ( #1511 ), #1805, .T. ) ;
#712 = DIRECTION ( 'NONE',  ( -0.06975647374412571877, 0.9975640502598241977, 0.000000000000000000 ) ) ;
#713 = EDGE_CURVE ( 'NONE', #2956, #2057, #981, .T. ) ;
#714 = CIRCLE ( 'NONE', #613, 1.125000000000000222 ) ;
#715 = ORIENTED_EDGE ( 'NONE', *, *, #363, .T. ) ;
#716 = FACE_OUTER_BOUND ( 'NONE', #1188, .T. ) ;
#717 = VECTOR ( 'NONE', #3423, 1000.000000000000000 ) ;
#718 = VECTOR ( 'NONE', #2907, 1000.000000000000000 ) ;
#719 = VECTOR ( 'NONE', #1114, 1000.000000000000000 ) ;
#720 = DIRECTION ( 'NONE',  ( 1.000000000000000000, -5.782411586589340136E-17, -1.386826876246442452E-31 ) ) ;
#721 = ORIENTED_EDGE ( 'NONE', *, *, #452, .T. ) ;
#722 = ORIENTED_EDGE ( 'NONE', *, *, #3409, .F. ) ;
#723 = CARTESIAN_POINT ( 'NONE',  ( -12.00000000000000000, -0.5000000000000009992, 0.8999999999999980238 ) ) ;
#724 = AXIS2_PLACEMENT_3D ( 'NONE', #2695, #607, #2210 ) ;
#725 = ORIENTED_EDGE ( 'NONE', *, *, #2183, .F. ) ;
#726 = VECTOR ( 'NONE', #3086, 1000.000000000000000 ) ;
#727 = CARTESIAN_POINT ( 'NONE',  ( 10.25000000000000000, -0.5000000000000009992, 1.660816960928050090 ) ) ;
#728 = CARTESIAN_POINT ( 'NONE',  ( -12.31819028894689616, -1.100000000000019629, 5.142090554133011970 ) ) ;
#729 = ADVANCED_FACE ( 'NONE', ( #2045 ), #1525, .T. ) ;
#730 = CARTESIAN_POINT ( 'NONE',  ( 10.25000000000000000, -0.5000000000000008882, 1.660816960928050090 ) ) ;
#731 = VECTOR ( 'NONE', #1434, 1000.000000000000000 ) ;
#732 = ORIENTED_EDGE ( 'NONE', *, *, #688, .F. ) ;
#733 = EDGE_CURVE ( 'NONE', #1757, #3411, #2576, .T. ) ;
#734 = LINE ( 'NONE', #2336, #3436 ) ;
#735 = EDGE_CURVE ( 'NONE', #1319, #1018, #187, .T. ) ;
#736 = CARTESIAN_POINT ( 'NONE',  ( -4.451058330766260340, -0.5000000000000008882, 1.660816960928050090 ) ) ;
#737 = ORIENTED_EDGE ( 'NONE', *, *, #452, .F. ) ;
#738 = PRODUCT_DEFINITION_SHAPE ( 'NONE', 'NONE',  #3452 ) ;
#739 = CARTESIAN_POINT ( 'NONE',  ( -4.000000000000000000, -7.521347520006226366E-16, -12.28329266077840032 ) ) ;
#740 = ORIENTED_EDGE ( 'NONE', *, *, #2963, .F. ) ;
#741 = FACE_OUTER_BOUND ( 'NONE', #2879, .T. ) ;
#742 = CARTESIAN_POINT ( 'NONE',  ( -7.416249555727289611, -1.100000000000012745, 9.024999999999991473 ) ) ;
#743 = ORIENTED_EDGE ( 'NONE', *, *, #1604, .T. ) ;
#744 = CARTESIAN_POINT ( 'NONE',  ( 10.75000000000000000, -0.5000000000000009992, 0.8999999999999980238 ) ) ;
#745 = PLANE ( 'NONE',  #95 ) ;
#746 = ORIENTED_EDGE ( 'NONE', *, *, #2759, .T. ) ;
#747 = LINE ( 'NONE', #1230, #320 ) ;
#748 = ADVANCED_FACE ( 'NONE', ( #200 ), #2339, .T. ) ;
#749 = EDGE_CURVE ( 'NONE', #1903, #2301, #1816, .T. ) ;
#750 = CARTESIAN_POINT ( 'NONE',  ( 3.190957128151392208, -1.900000000000038325, 4.680210338781307655 ) ) ;
#751 = ORIENTED_EDGE ( 'NONE', *, *, #1425, .F. ) ;
#752 = EDGE_CURVE ( 'NONE', #2845, #2680, #787, .T. ) ;
#753 = ORIENTED_EDGE ( 'NONE', *, *, #749, .F. ) ;
#754 = CARTESIAN_POINT ( 'NONE',  ( 3.083655524682250348, -1.366412903532354450, 4.988276992563035250 ) ) ;
#755 = CARTESIAN_POINT ( 'NONE',  ( 4.850000000000020073, 1.067390901260399810E-16, 1.660816960928050090 ) ) ;
#756 = ORIENTED_EDGE ( 'NONE', *, *, #487, .T. ) ;
#757 = ORIENTED_EDGE ( 'NONE', *, *, #151, .F. ) ;
#758 = PLANE ( 'NONE',  #1624 ) ;
#759 = CARTESIAN_POINT ( 'NONE',  ( -11.75000000000000000, -7.589415207398531038E-16, 0.9000000000000050182 ) ) ;
#760 =( REPRESENTATION_RELATIONSHIP ('NONE','NONE', #3351, #2313 ) REPRESENTATION_RELATIONSHIP_WITH_TRANSFORMATION ( #2513 )SHAPE_REPRESENTATION_RELATIONSHIP( ) );
#761 = PRODUCT_DEFINITION_SHAPE ( 'NONE', 'NONE',  #3450 ) ;
#762 = EDGE_LOOP ( 'NONE', ( #2471, #2389, #1746, #883 ) ) ;
#763 = LINE ( 'NONE', #2367, #3104 ) ;
#764 = DIRECTION ( 'NONE',  ( 0.000000000000000000, 0.000000000000000000, 1.000000000000000000 ) ) ;
#765 = LINE ( 'NONE', #535, #435 ) ;
#766 = ORIENTED_EDGE ( 'NONE', *, *, #974, .F. ) ;
#767 = EDGE_CURVE ( 'NONE', #1429, #1954, #2924, .T. ) ;
#768 = EDGE_CURVE ( 'NONE', #188, #296, #3218, .T. ) ;
#769 =( NAMED_UNIT ( * ) PLANE_ANGLE_UNIT ( ) SI_UNIT ( $, .RADIAN. ) );
#770 = VECTOR ( 'NONE', #3176, 1000.000000000000000 ) ;
#771 = VECTOR ( 'NONE', #403, 1000.000000000000000 ) ;
#772 = VECTOR ( 'NONE', #491, 1000.000000000000000 ) ;
#773 = ORIENTED_EDGE ( 'NONE', *, *, #749, .T. ) ;
#774 = ADVANCED_FACE ( 'NONE', ( #2162 ), #1593, .F. ) ;
#775 = DIRECTION ( 'NONE',  ( 0.000000000000000000, 0.9902680687415706950, -0.1391731009600629398 ) ) ;
#776 = LINE ( 'NONE', #228, #1117 ) ;
#777 = VECTOR ( 'NONE', #2897, 1000.000000000000000 ) ;
#778 = DIRECTION ( 'NONE',  ( 1.000000000000000000, 0.000000000000000000, -0.000000000000000000 ) ) ;
#779 = AXIS2_PLACEMENT_3D ( 'NONE', #182, #3362, #144 ) ;
#780 = ORIENTED_EDGE ( 'NONE', *, *, #1366, .F. ) ;
#781 = DIRECTION ( 'NONE',  ( 1.000000000000000000, 0.000000000000000000, 0.000000000000000000 ) ) ;
#782 = CARTESIAN_POINT ( 'NONE',  ( -4.849999999999970335, -0.5000000000000009992, 0.8999999999999980238 ) ) ;
#783 = VERTEX_POINT ( 'NONE', #2125 ) ;
#784 = CARTESIAN_POINT ( 'NONE',  ( -4.849999999999970335, -0.5000000000000009992, 1.660816960928050090 ) ) ;
#785 = CARTESIAN_POINT ( 'NONE',  ( -4.250000000000000000, 0.000000000000000000, 0.000000000000000000 ) ) ;
#786 = VECTOR ( 'NONE', #569, 1000.000000000000000 ) ;
#787 = LINE ( 'NONE', #824, #1396 ) ;
#788 = VECTOR ( 'NONE', #176, 1000.000000000000000 ) ;
#789 = VERTEX_POINT ( 'NONE', #1108 ) ;
#790 = CARTESIAN_POINT ( 'NONE',  ( 0.000000000000000000, 0.000000000000000000, 0.000000000000000000 ) ) ;
#791 = DIRECTION ( 'NONE',  ( -1.000000000000000000, 0.000000000000000000, -0.000000000000000000 ) ) ;
#792 = EDGE_CURVE ( 'NONE', #1436, #2020, #1070, .T. ) ;
#793 = ORIENTED_EDGE ( 'NONE', *, *, #1633, .F. ) ;
#794 = DIRECTION ( 'NONE',  ( 0.000000000000000000, -6.123233995736769734E-17, -1.000000000000000000 ) ) ;
#795 = PRODUCT_DEFINITION ( 'UNKNOWN', '', #3278, #693 ) ;
#796 = LINE ( 'NONE', #2394, #327 ) ;
#797 = CARTESIAN_POINT ( 'NONE',  ( -14.86293112954090034, 1.499999999999970024, 2.404890217915260475 ) ) ;
#798 = ADVANCED_FACE ( 'NONE', ( #559 ), #3142, .F. ) ;
#799 = ORIENTED_EDGE ( 'NONE', *, *, #362, .F. ) ;
#800 = VERTEX_POINT ( 'NONE', #307 ) ;
#801 = DIRECTION ( 'NONE',  ( 0.000000000000000000, -6.123233995736769734E-17, -1.000000000000000000 ) ) ;
#802 = DIRECTION ( 'NONE',  ( -1.000000000000000000, 5.782411586589340136E-17, 1.386826876246442452E-31 ) ) ;
#803 = VERTEX_POINT ( 'NONE', #2701 ) ;
#804 = CARTESIAN_POINT ( 'NONE',  ( -3.048941669233709906, 0.000000000000000000, 0.000000000000000000 ) ) ;
#805 = CARTESIAN_POINT ( 'NONE',  ( 3.048941669233729890, -0.5000000000000009992, 1.660816960928050090 ) ) ;
#806 = FACE_OUTER_BOUND ( 'NONE', #35, .T. ) ;
#807 = DIRECTION ( 'NONE',  ( -2.509468387250411054E-17, 1.000000000000000000, -0.000000000000000000 ) ) ;
#808 = ORIENTED_EDGE ( 'NONE', *, *, #3146, .F. ) ;
#809 = SHAPE_DEFINITION_REPRESENTATION ( #146, #2294 ) ;
#810 = DIRECTION ( 'NONE',  ( -2.060900967617650168E-15, 0.000000000000000000, 1.000000000000000000 ) ) ;
#811 = ORIENTED_EDGE ( 'NONE', *, *, #557, .T. ) ;
#812 = ORIENTED_EDGE ( 'NONE', *, *, #3210, .F. ) ;
#813 = FACE_OUTER_BOUND ( 'NONE', #2174, .T. ) ;
#814 = DIRECTION ( 'NONE',  ( 0.000000000000000000, 0.000000000000000000, -1.000000000000000000 ) ) ;
#815 = LINE ( 'NONE', #1343, #1893 ) ;
#816 = ORIENTED_EDGE ( 'NONE', *, *, #1224, .T. ) ;
#817 = EDGE_CURVE ( 'NONE', #1512, #3285, #44, .T. ) ;
#818 = CARTESIAN_POINT ( 'NONE',  ( -4.451058330766260340, -0.5000000000000009992, 3.141730632977523641 ) ) ;
#819 = CARTESIAN_POINT ( 'NONE',  ( -10.15000000000000036, -0.5000000000000009992, 1.660816960928050090 ) ) ;
#820 = EDGE_LOOP ( 'NONE', ( #568, #725, #1443, #833 ) ) ;
#821 = DIRECTION ( 'NONE',  ( -0.06908086403638455386, -0.9879023813098013473, -0.1388406252737662827 ) ) ;
#822 = DIRECTION ( 'NONE',  ( 1.000000000000000000, 7.881696367598984269E-18, 5.608118369504044284E-17 ) ) ;
#823 = DIRECTION ( 'NONE',  ( 0.000000000000000000, 1.000000000000000000, -6.123233995736769734E-17 ) ) ;
#824 = CARTESIAN_POINT ( 'NONE',  ( -11.50000000000000000, -7.589415207398531038E-16, -12.28329266077840032 ) ) ;
#825 = EDGE_LOOP ( 'NONE', ( #850, #2445, #2946, #332 ) ) ;
#826 = EDGE_LOOP ( 'NONE', ( #1431, #662, #338, #1218 ) ) ;
#827 = ORIENTED_EDGE ( 'NONE', *, *, #3217, .T. ) ;
#828 = CARTESIAN_POINT ( 'NONE',  ( 0.000000000000000000, -0.5000000000000007772, 3.141730632977520532 ) ) ;
#829 = DIRECTION ( 'NONE',  ( 0.000000000000000000, 0.000000000000000000, 1.000000000000000000 ) ) ;
#830 = AXIS2_PLACEMENT_3D ( 'NONE', #1720, #1408, #2461 ) ;
#831 = CARTESIAN_POINT ( 'NONE',  ( 11.00000000000000000, -0.5000000000000019984, -12.28329266077830084 ) ) ;
#832 = VECTOR ( 'NONE', #2368, 1000.000000000000000 ) ;
#833 = ORIENTED_EDGE ( 'NONE', *, *, #3043, .F. ) ;
#834 = VECTOR ( 'NONE', #1416, 1000.000000000000000 ) ;
#835 = LINE ( 'NONE', #2176, #3063 ) ;
#836 = LINE ( 'NONE', #1549, #2172 ) ;
#837 = PLANE ( 'NONE',  #3152 ) ;
#838 = VECTOR ( 'NONE', #127, 1000.000000000000000 ) ;
#839 = EDGE_CURVE ( 'NONE', #1000, #2747, #2943, .T. ) ;
#840 = ORIENTED_EDGE ( 'NONE', *, *, #561, .T. ) ;
#841 = CARTESIAN_POINT ( 'NONE',  ( -14.86293112954090034, -1.099999999999999645, 5.142090554133010194 ) ) ;
#842 = DIRECTION ( 'NONE',  ( -1.000000000000000000, 0.000000000000000000, -0.000000000000000000 ) ) ;
#843 = DIRECTION ( 'NONE',  ( -0.5218072611013505613, 5.223506875434399788E-17, 0.8530634104578082022 ) ) ;
#844 = EDGE_CURVE ( 'NONE', #1916, #2945, #765, .T. ) ;
#845 = EDGE_CURVE ( 'NONE', #619, #2191, #1200, .T. ) ;
#846 =( LENGTH_UNIT ( ) NAMED_UNIT ( * ) SI_UNIT ( .MILLI., .METRE. ) );
#847 = ORIENTED_EDGE ( 'NONE', *, *, #219, .F. ) ;
#848 = EDGE_CURVE ( 'NONE', #2624, #891, #1612, .T. ) ;
#849 = VECTOR ( 'NONE', #3243, 1000.000000000000000 ) ;
#850 = ORIENTED_EDGE ( 'NONE', *, *, #3317, .T. ) ;
#851 = ORIENTED_EDGE ( 'NONE', *, *, #3168, .F. ) ;
#852 = CARTESIAN_POINT ( 'NONE',  ( 12.50000000000000000, 2.299999999999979838, 12.59999999999999964 ) ) ;
#853 = DIRECTION ( 'NONE',  ( -0.000000000000000000, 1.000000000000000000, -6.123233995736769734E-17 ) ) ;
#854 = SHAPE_REPRESENTATION ( 'KBJB_2', ( #1405 ), #620 ) ;
#855 = ORIENTED_EDGE ( 'NONE', *, *, #2593, .F. ) ;
#856 = ITEM_DEFINED_TRANSFORMATION ( 'NONE', 'NONE', #3389,  #1405 ) ;
#857 = DIRECTION ( 'NONE',  ( 0.000000000000000000, 6.123233995736769734E-17, 1.000000000000000000 ) ) ;
#858 = DIRECTION ( 'NONE',  ( -5.704957463458183024E-17, 0.06975647374412376200, 0.9975640502598244197 ) ) ;
#859 = FACE_OUTER_BOUND ( 'NONE', #2697, .T. ) ;
#860 = ORIENTED_EDGE ( 'NONE', *, *, #561, .F. ) ;
#861 = CARTESIAN_POINT ( 'NONE',  ( 3.250000000000000444, -0.5000000000000019984, 0.8999999999999980238 ) ) ;
#862 = DIRECTION ( 'NONE',  ( 0.000000000000000000, -1.000000000000000000, -0.000000000000000000 ) ) ;
#863 = CARTESIAN_POINT ( 'NONE',  ( 7.416249555727289611, -1.100000000000012745, 9.024999999999991473 ) ) ;
#864 = EDGE_CURVE ( 'NONE', #3253, #3120, #2404, .T. ) ;
#865 = DIRECTION ( 'NONE',  ( -0.000000000000000000, -1.000000000000000000, 0.000000000000000000 ) ) ;
#866 = VERTEX_POINT ( 'NONE', #1834 ) ;
#867 = EDGE_CURVE ( 'NONE', #2335, #580, #3163, .T. ) ;
#868 = EDGE_LOOP ( 'NONE', ( #1712, #1164, #1250, #2547 ) ) ;
#869 = ORIENTED_EDGE ( 'NONE', *, *, #2618, .T. ) ;
#870 = ADVANCED_FACE ( 'NONE', ( #637 ), #1965, .F. ) ;
#871 = PLANE ( 'NONE',  #1005 ) ;
#872 = EDGE_CURVE ( 'NONE', #2687, #2704, #3045, .T. ) ;
#873 = DIRECTION ( 'NONE',  ( -0.5218072611013880868, 0.000000000000000000, 0.8530634104577852206 ) ) ;
#874 = VERTEX_POINT ( 'NONE', #2477 ) ;
#875 = LINE ( 'NONE', #3230, #337 ) ;
#876 = SHAPE_REPRESENTATION ( 'KBJB_3', ( #1405 ), #3061 ) ;
#877 = PLANE ( 'NONE',  #1900 ) ;
#878 = CARTESIAN_POINT ( 'NONE',  ( 3.048941669233729890, -0.5000000000000009992, 3.141730632977529858 ) ) ;
#879 = DIRECTION ( 'NONE',  ( -5.325148301358110684E-31, -1.000000000000000000, 6.123233995736769734E-17 ) ) ;
#880 = DIRECTION ( 'NONE',  ( 1.000000000000000000, 0.000000000000000000, 0.000000000000000000 ) ) ;
#881 = DIRECTION ( 'NONE',  ( -2.509468387250411054E-17, 1.000000000000000000, -0.000000000000000000 ) ) ;
#882 = DIRECTION ( 'NONE',  ( 0.000000000000000000, -6.123233995736769734E-17, -1.000000000000000000 ) ) ;
#883 = ORIENTED_EDGE ( 'NONE', *, *, #1655, .T. ) ;
#884 = EDGE_LOOP ( 'NONE', ( #150, #746, #3033, #3185 ) ) ;
#885 = DIRECTION ( 'NONE',  ( 0.000000000000000000, -6.123233995736769734E-17, -1.000000000000000000 ) ) ;
#886 = VERTEX_POINT ( 'NONE', #1983 ) ;
#887 = CARTESIAN_POINT ( 'NONE',  ( -3.021946479682040554, -1.071641760130690013, 5.158463191555310523 ) ) ;
#888 = LINE ( 'NONE', #2949, #834 ) ;
#889 = VECTOR ( 'NONE', #2194, 1000.000000000000000 ) ;
#890 = EDGE_CURVE ( 'NONE', #2859, #677, #2993, .T. ) ;
#891 = VERTEX_POINT ( 'NONE', #1180 ) ;
#892 = CARTESIAN_POINT ( 'NONE',  ( -2.658138200597877976, -1.900000000070753758, 4.496903024970973384 ) ) ;
#893 = FACE_OUTER_BOUND ( 'NONE', #288, .T. ) ;
#894 = ORIENTED_EDGE ( 'NONE', *, *, #2839, .T. ) ;
#895 = VECTOR ( 'NONE', #2375, 1000.000000000000000 ) ;
#896 = CARTESIAN_POINT ( 'NONE',  ( 3.500000000000000000, -0.5000000000000019984, -12.59999999999999964 ) ) ;
#897 = VECTOR ( 'NONE', #3371, 1000.000000000000000 ) ;
#898 = VECTOR ( 'NONE', #2555, 1000.000000000000000 ) ;
#899 =( BOUNDED_CURVE ( )  B_SPLINE_CURVE ( 3, ( #1361, #2596, #754, #2914 ),
 .UNSPECIFIED., .F., .F. ) 
 B_SPLINE_CURVE_WITH_KNOTS ( ( 4, 4 ),
 ( 0.000000000000000000, 1.000000000000000000 ),
 .UNSPECIFIED. ) 
 CURVE ( )  GEOMETRIC_REPRESENTATION_ITEM ( )  RATIONAL_B_SPLINE_CURVE ( ( 0.9999999999303089693, 0.9999999999281948826, 0.9999999999258915029, 0.9999999999233372128 ) ) 
 REPRESENTATION_ITEM ( '' )  );
#900 = DIRECTION ( 'NONE',  ( 8.497694209043165723E-31, 1.000000000000000000, -6.123233995736769734E-17 ) ) ;
#901 = PRODUCT_CONTEXT ( 'NONE', #1302, 'mechanical' ) ;
#902 = CARTESIAN_POINT ( 'NONE',  ( 3.136742006264030103, -1.626966619177490081, 4.837846234696960401 ) ) ;
#903 = VECTOR ( 'NONE', #2458, 1000.000000000000000 ) ;
#904 =( GEOMETRIC_REPRESENTATION_CONTEXT ( 3 ) GLOBAL_UNCERTAINTY_ASSIGNED_CONTEXT ( ( #1217 ) ) GLOBAL_UNIT_ASSIGNED_CONTEXT ( ( #1541, #575, #1263 ) ) REPRESENTATION_CONTEXT ( 'NONE', 'WORKASPACE' ) );
#905 = DIRECTION ( 'NONE',  ( -7.002154620015129468E-17, -1.000000000000000000, -2.398353793186899962E-15 ) ) ;
#906 = VECTOR ( 'NONE', #18, 1000.000000000000000 ) ;
#907 = ORIENTED_EDGE ( 'NONE', *, *, #2503, .F. ) ;
#908 = FACE_OUTER_BOUND ( 'NONE', #3195, .T. ) ;
#909 = DIRECTION ( 'NONE',  ( -2.233834061395680135E-30, -1.000000000000000000, 8.149312303475177019E-44 ) ) ;
#910 = UNCERTAINTY_MEASURE_WITH_UNIT (LENGTH_MEASURE( 1.000000000000000082E-05 ), #2578, 'distance_accuracy_value', 'NONE');
#911 = VECTOR ( 'NONE', #1904, 1000.000000000000000 ) ;
#912 = EDGE_CURVE ( 'NONE', #1477, #1770, #2795, .T. ) ;
#913 = ORIENTED_EDGE ( 'NONE', *, *, #2055, .F. ) ;
#914 = DIRECTION ( 'NONE',  ( -1.000000000000000000, 0.000000000000000000, -5.782411586589429820E-15 ) ) ;
#915 = VERTEX_POINT ( 'NONE', #2772 ) ;
#916 = CARTESIAN_POINT ( 'NONE',  ( -3.249999999999940048, -0.5000000000000012212, 0.9000000000000010214 ) ) ;
#917 = EDGE_CURVE ( 'NONE', #2965, #2087, #2741, .T. ) ;
#918 = CARTESIAN_POINT ( 'NONE',  ( -12.50000000000000355, 1.500000000000000888, 12.60000000000000675 ) ) ;
#919 = CARTESIAN_POINT ( 'NONE',  ( 2.717393774630560088, -1.119566084586149923, 5.130794069930230350 ) ) ;
#920 = DIRECTION ( 'NONE',  ( 2.725663816014529669E-17, 1.000000000000000000, -1.667251406028951491E-17 ) ) ;
#921 = SURFACE_SIDE_STYLE ('',( #2256 ) ) ;
#922 = VERTEX_POINT ( 'NONE', #1997 ) ;
#923 = DIRECTION ( 'NONE',  ( -1.000000000000000000, 5.366275521070849818E-30, 8.763792996980120523E-14 ) ) ;
#924 = CARTESIAN_POINT ( 'NONE',  ( -10.54894166923370058, -0.5000000000000009992, 1.660816960928050090 ) ) ;
#925 = ORIENTED_EDGE ( 'NONE', *, *, #2712, .T. ) ;
#926 = LINE ( 'NONE', #3313, #1745 ) ;
#927 = LINE ( 'NONE', #2534, #1567 ) ;
#928 = CARTESIAN_POINT ( 'NONE',  ( 3.500000000000000000, -0.5000000000000019984, -12.28329266077830084 ) ) ;
#929 = ORIENTED_EDGE ( 'NONE', *, *, #2427, .T. ) ;
#930 = ADVANCED_FACE ( 'NONE', ( #2758 ), #1704, .F. ) ;
#931 = CARTESIAN_POINT ( 'NONE',  ( 12.26224883939211097, -1.900000000000039213, 4.680210338781309432 ) ) ;
#932 = DIRECTION ( 'NONE',  ( -2.060900967617639912E-15, 0.000000000000000000, 1.000000000000000000 ) ) ;
#933 = EDGE_CURVE ( 'NONE', #1915, #505, #1743, .T. ) ;
#934 = DIRECTION ( 'NONE',  ( 0.000000000000000000, 0.000000000000000000, 1.000000000000000000 ) ) ;
#935 = CARTESIAN_POINT ( 'NONE',  ( 11.49999999999998579, -0.5000000000000019984, -12.59999999999999964 ) ) ;
#936 = ORIENTED_EDGE ( 'NONE', *, *, #1264, .T. ) ;
#937 = CARTESIAN_POINT ( 'NONE',  ( 3.500000000000000000, 0.000000000000000000, 0.000000000000000000 ) ) ;
#938 = VERTEX_POINT ( 'NONE', #618 ) ;
#939 = CARTESIAN_POINT ( 'NONE',  ( -3.500000000000000000, 0.000000000000000000, 0.000000000000000000 ) ) ;
#940 = DIRECTION ( 'NONE',  ( -3.648127873197330210E-14, 0.000000000000000000, -1.000000000000000000 ) ) ;
#941 = LINE ( 'NONE', #1483, #1841 ) ;
#942 = B_SPLINE_CURVE_WITH_KNOTS ( 'NONE', 3,
 ( #3260, #302, #2732, #3281, #2430, #92 ),
 .UNSPECIFIED., .F., .F.,
 ( 4, 2, 4 ),
 ( 8.673617379884035472E-19, 0.0002874407567958173378, 0.0005748815135916338082 ),
 .UNSPECIFIED. ) ;
#943 = LINE ( 'NONE', #3062, #1453 ) ;
#944 = VECTOR ( 'NONE', #701, 1000.000000000000000 ) ;
#945 = EDGE_CURVE ( 'NONE', #296, #2331, #3289, .T. ) ;
#946 = VECTOR ( 'NONE', #555, 1000.000000000000000 ) ;
#947 = ORIENTED_EDGE ( 'NONE', *, *, #917, .T. ) ;
#948 = CARTESIAN_POINT ( 'NONE',  ( 11.00000000000000000, -0.5000000000000009992, 3.061616997868389797E-17 ) ) ;
#949 = VECTOR ( 'NONE', #2837, 1000.000000000000000 ) ;
#950 = EDGE_CURVE ( 'NONE', #2822, #800, #667, .T. ) ;
#951 = B_SPLINE_CURVE_WITH_KNOTS ( 'NONE', 3,
 ( #1012, #1801, #2028, #2586 ),
 .UNSPECIFIED., .F., .F.,
 ( 4, 4 ),
 ( 0.000000000000000000, 0.0006011117884574358273 ),
 .UNSPECIFIED. ) ;
#952 = AXIS2_PLACEMENT_3D ( 'NONE', #1799, #2788, #1496 ) ;
#953 = DIRECTION ( 'NONE',  ( 0.000000000000000000, 6.123233995736769734E-17, 1.000000000000000000 ) ) ;
#954 = ORIENTED_EDGE ( 'NONE', *, *, #1480, .T. ) ;
#955 =( NAMED_UNIT ( * ) SI_UNIT ( $, .STERADIAN. ) SOLID_ANGLE_UNIT ( ) );
#956 = CARTESIAN_POINT ( 'NONE',  ( 12.26224883939210031, -1.900000000000040101, 4.680210338781312096 ) ) ;
#957 = ADVANCED_FACE ( 'NONE', ( #2198 ), #2215, .F. ) ;
#958 = VECTOR ( 'NONE', #1113, 1000.000000000000000 ) ;
#959 = EDGE_CURVE ( 'NONE', #1976, #2371, #100, .T. ) ;
#960 = ORIENTED_EDGE ( 'NONE', *, *, #2641, .T. ) ;
#961 = DIRECTION ( 'NONE',  ( 1.000000000000000000, -0.000000000000000000, 2.888658163454979847E-15 ) ) ;
#962 = LINE ( 'NONE', #680, #726 ) ;
#963 = VECTOR ( 'NONE', #791, 1000.000000000000000 ) ;
#964 = PRESENTATION_LAYER_ASSIGNMENT (  '', '', ( #2397 ) ) ;
#965 = EDGE_LOOP ( 'NONE', ( #214, #1433, #894, #2693 ) ) ;
#966 = DIRECTION ( 'NONE',  ( 0.000000000000000000, 6.123233995736769734E-17, 1.000000000000000000 ) ) ;
#967 = ORIENTED_EDGE ( 'NONE', *, *, #1981, .F. ) ;
#968 = FACE_OUTER_BOUND ( 'NONE', #2029, .T. ) ;
#969 = CARTESIAN_POINT ( 'NONE',  ( 4.850000000000000533, -0.5000000000000009992, 0.9000000000000050182 ) ) ;
#970 = ORIENTED_EDGE ( 'NONE', *, *, #2200, .T. ) ;
#971 = ADVANCED_FACE ( 'NONE', ( #3031 ), #652, .F. ) ;
#972 = PLANE ( 'NONE',  #3055 ) ;
#973 = ORIENTED_EDGE ( 'NONE', *, *, #513, .T. ) ;
#974 = EDGE_CURVE ( 'NONE', #2994, #1196, #1943, .T. ) ;
#975 = DIRECTION ( 'NONE',  ( 5.663232559473338718E-17, -0.1391731009600629398, -0.9902680687415706950 ) ) ;
#976 = DIRECTION ( 'NONE',  ( 0.000000000000000000, 2.312964634635742267E-15, -1.000000000000000000 ) ) ;
#977 = CARTESIAN_POINT ( 'NONE',  ( -10.74999999999995559, -0.5000000000000019984, -11.87458648033101838 ) ) ;
#978 = FACE_OUTER_BOUND ( 'NONE', #2724, .T. ) ;
#979 = ORIENTED_EDGE ( 'NONE', *, *, #1911, .F. ) ;
#980 = DIRECTION ( 'NONE',  ( 0.000000000000000000, 1.000000000000000000, -6.123233995736769734E-17 ) ) ;
#981 = LINE ( 'NONE', #2809, #2830 ) ;
#982 = ORIENTED_EDGE ( 'NONE', *, *, #1486, .T. ) ;
#983 = ORIENTED_EDGE ( 'NONE', *, *, #2186, .T. ) ;
#984 = FACE_OUTER_BOUND ( 'NONE', #1709, .T. ) ;
#985 = ADVANCED_FACE ( 'NONE', ( #2717 ), #1459, .F. ) ;
#986 = EDGE_CURVE ( 'NONE', #1436, #3219, #3307, .T. ) ;
#987 = ORIENTED_EDGE ( 'NONE', *, *, #2036, .F. ) ;
#988 = CARTESIAN_POINT ( 'NONE',  ( 3.500000000000000000, -0.5000000000000019984, -12.28329266077830084 ) ) ;
#989 = DIRECTION ( 'NONE',  ( 1.000000000000000000, -0.000000000000000000, 0.000000000000000000 ) ) ;
#990 =( NAMED_UNIT ( * ) SI_UNIT ( $, .STERADIAN. ) SOLID_ANGLE_UNIT ( ) );
#991 = EDGE_CURVE ( 'NONE', #3064, #1238, #173, .T. ) ;
#992 = EDGE_CURVE ( 'NONE', #1835, #1627, #2044, .T. ) ;
#993 = ORIENTED_EDGE ( 'NONE', *, *, #513, .F. ) ;
#994 = DIRECTION ( 'NONE',  ( 0.5218072611013480078, 0.000000000000000000, 0.8530634104578097565 ) ) ;
#995 = LINE ( 'NONE', #2061, #2995 ) ;
#996 = VECTOR ( 'NONE', #1925, 1000.000000000000000 ) ;
#997 = VECTOR ( 'NONE', #290, 1000.000000000000114 ) ;
#998 = VECTOR ( 'NONE', #2315, 1000.000000000000000 ) ;
#999 = LINE ( 'NONE', #2858, #1131 ) ;
#1000 = VERTEX_POINT ( 'NONE', #480 ) ;
#1001 =( NAMED_UNIT ( * ) PLANE_ANGLE_UNIT ( ) SI_UNIT ( $, .RADIAN. ) );
#1002 = FILL_AREA_STYLE ('',( #1201 ) ) ;
#1003 = VECTOR ( 'NONE', #1190, 1000.000000000000000 ) ;
#1004 = EDGE_LOOP ( 'NONE', ( #626, #2684, #2270, #3239 ) ) ;
#1005 = AXIS2_PLACEMENT_3D ( 'NONE', #601, #1932, #2984 ) ;
#1006 = CARTESIAN_POINT ( 'NONE',  ( -11.00000000000000000, -7.572398285550454377E-16, -12.28329266077839854 ) ) ;
#1007 = DIRECTION ( 'NONE',  ( -0.000000000000000000, -0.000000000000000000, -1.000000000000000000 ) ) ;
#1008 = ADVANCED_FACE ( 'NONE', ( #2030 ), #3092, .F. ) ;
#1009 = ORIENTED_EDGE ( 'NONE', *, *, #449, .T. ) ;
#1010 = ORIENTED_EDGE ( 'NONE', *, *, #2178, .F. ) ;
#1011 = EDGE_CURVE ( 'NONE', #2444, #479, #3391, .T. ) ;
#1012 = CARTESIAN_POINT ( 'NONE',  ( 3.027888395053865089, -1.099999999518592064, 5.142090554410959413 ) ) ;
#1013 = AXIS2_PLACEMENT_3D ( 'NONE', #988, #2765, #3059 ) ;
#1014 = VERTEX_POINT ( 'NONE', #2016 ) ;
#1015 = PLANE ( 'NONE',  #2878 ) ;
#1016 = DIRECTION ( 'NONE',  ( -8.696627150074099275E-15, 6.123233995736769734E-17, 1.000000000000000000 ) ) ;
#1017 = EDGE_LOOP ( 'NONE', ( #54, #334, #1071, #2107, #2612, #343, #2735, #1970, #563, #2396, #539, #1930, #2216, #3076, #1152, #605 ) ) ;
#1018 = VERTEX_POINT ( 'NONE', #2529 ) ;
#1019 = CARTESIAN_POINT ( 'NONE',  ( 4.250000000000000000, -0.5000000000000009992, 0.9000000000000010214 ) ) ;
#1020 = CARTESIAN_POINT ( 'NONE',  ( -3.048941669233709906, 1.609491987503152027E-16, 1.660816960928050090 ) ) ;
#1021 = ORIENTED_EDGE ( 'NONE', *, *, #344, .F. ) ;
#1022 = ORIENTED_EDGE ( 'NONE', *, *, #1121, .F. ) ;
#1023 = FACE_OUTER_BOUND ( 'NONE', #16, .T. ) ;
#1024 = CARTESIAN_POINT ( 'NONE',  ( -11.50000000000000000, -0.5000000000000009992, 3.061616997868389797E-17 ) ) ;
#1025 = ADVANCED_FACE ( 'NONE', ( #716 ), #1015, .T. ) ;
#1026 = ORIENTED_EDGE ( 'NONE', *, *, #634, .F. ) ;
#1027 = LINE ( 'NONE', #804, #1280 ) ;
#1028 = ORIENTED_EDGE ( 'NONE', *, *, #2780, .T. ) ;
#1029 = LINE ( 'NONE', #2383, #997 ) ;
#1030 = EDGE_CURVE ( 'NONE', #577, #2521, #152, .T. ) ;
#1031 = DIRECTION ( 'NONE',  ( 1.000000000000000000, 0.000000000000000000, 0.000000000000000000 ) ) ;
#1032 = ORIENTED_EDGE ( 'NONE', *, *, #465, .T. ) ;
#1033 = UNCERTAINTY_MEASURE_WITH_UNIT (LENGTH_MEASURE( 1.000000000000000082E-05 ), #2860, 'distance_accuracy_value', 'NONE');
#1034 = ORIENTED_EDGE ( 'NONE', *, *, #3324, .F. ) ;
#1035 = DIRECTION ( 'NONE',  ( -2.725663816014529669E-17, -1.000000000000000000, 1.667251406028951491E-17 ) ) ;
#1036 = CARTESIAN_POINT ( 'NONE',  ( 11.00000000000000000, -0.5000000000000019984, -12.28329266077830084 ) ) ;
#1037 = LINE ( 'NONE', #1304, #2996 ) ;
#1038 = EDGE_LOOP ( 'NONE', ( #180, #458 ) ) ;
#1039 = PLANE ( 'NONE',  #1846 ) ;
#1040 = FACE_OUTER_BOUND ( 'NONE', #3372, .T. ) ;
#1041 = LINE ( 'NONE', #3007, #2546 ) ;
#1042 = VERTEX_POINT ( 'NONE', #3065 ) ;
#1043 = LINE ( 'NONE', #1103, #1785 ) ;
#1044 = CARTESIAN_POINT ( 'NONE',  ( -7.416249555727289611, -1.000000000000009992, 7.899999999999990585 ) ) ;
#1045 = EDGE_CURVE ( 'NONE', #2965, #1620, #747, .T. ) ;
#1046 = PRODUCT_DEFINITION ( 'UNKNOWN', '', #2671, #2813 ) ;
#1047 = ORIENTED_EDGE ( 'NONE', *, *, #945, .T. ) ;
#1048 = APPLICATION_PROTOCOL_DEFINITION ( 'draft international standard', 'automotive_design', 1998, #2318 ) ;
#1049 = STYLED_ITEM ( 'NONE', ( #94 ), #1591 ) ;
#1050 = DIRECTION ( 'NONE',  ( 1.000000000000000000, -0.000000000000000000, 0.000000000000000000 ) ) ;
#1051 = ADVANCED_FACE ( 'NONE', ( #2841 ), #418, .T. ) ;
#1052 = AXIS2_PLACEMENT_3D ( 'NONE', #3370, #3341, #980 ) ;
#1053 = VECTOR ( 'NONE', #347, 1000.000000000000000 ) ;
#1054 = ORIENTED_EDGE ( 'NONE', *, *, #2224, .F. ) ;
#1055 = CARTESIAN_POINT ( 'NONE',  ( -12.26224883939209320, -1.900000000000039213, 2.566700762734790864 ) ) ;
#1056 = VECTOR ( 'NONE', #1534, 1000.000000000000000 ) ;
#1057 = DIRECTION ( 'NONE',  ( 0.000000000000000000, 1.000000000000000000, -0.000000000000000000 ) ) ;
#1058 = PRESENTATION_LAYER_ASSIGNMENT (  '', '', ( #673 ) ) ;
#1059 = ORIENTED_EDGE ( 'NONE', *, *, #1161, .T. ) ;
#1060 = EDGE_LOOP ( 'NONE', ( #2343, #2257, #270, #684 ) ) ;
#1061 = CARTESIAN_POINT ( 'NONE',  ( 11.50000000000000000, -0.5000000000000019984, -12.28329266077840032 ) ) ;
#1062 = ADVANCED_BREP_SHAPE_REPRESENTATION ( '', ( #2740, #1405 ), #3061 ) ;
#1063 = CARTESIAN_POINT ( 'NONE',  ( 4.451058330766269222, 1.836191511039270638E-16, 3.141730632977529858 ) ) ;
#1064 = VECTOR ( 'NONE', #2409, 1000.000000000000000 ) ;
#1065 = ORIENTED_EDGE ( 'NONE', *, *, #1096, .F. ) ;
#1066 = CARTESIAN_POINT ( 'NONE',  ( -12.44405855044520059, 2.299999999999979838, 2.622848291731599168 ) ) ;
#1067 = LINE ( 'NONE', #2124, #1334 ) ;
#1068 = SURFACE_STYLE_USAGE ( .BOTH. , #1807 ) ;
#1069 = AXIS2_PLACEMENT_3D ( 'NONE', #1517, #181, #2787 ) ;
#1070 = LINE ( 'NONE', #239, #1951 ) ;
#1071 = ORIENTED_EDGE ( 'NONE', *, *, #3083, .T. ) ;
#1072 = APPLICATION_PROTOCOL_DEFINITION ( 'draft international standard', 'automotive_design', 1998, #117 ) ;
#1073 = CARTESIAN_POINT ( 'NONE',  ( -11.50000000000000000, -0.5000000000000019984, -12.28329266077839854 ) ) ;
#1074 = ADVANCED_FACE ( 'NONE', ( #1814 ), #2268, .T. ) ;
#1075 = ORIENTED_EDGE ( 'NONE', *, *, #2685, .T. ) ;
#1076 = DIRECTION ( 'NONE',  ( 0.000000000000000000, 1.000000000000000000, -6.123233995736769734E-17 ) ) ;
#1077 = CARTESIAN_POINT ( 'NONE',  ( 2.472871382334756341, -1.100000000008094503, 4.940862953461498286 ) ) ;
#1078 = LINE ( 'NONE', #2132, #1231 ) ;
#1079 = DIRECTION ( 'NONE',  ( 0.06044765655673001864, -0.8644417624181566229, -0.4990856842308650787 ) ) ;
#1080 = EDGE_LOOP ( 'NONE', ( #1132, #3174, #38, #1851 ) ) ;
#1081 = DIRECTION ( 'NONE',  ( 5.366275521070849818E-30, 1.000000000000000000, -4.702892783142656334E-43 ) ) ;
#1082 = PLANE ( 'NONE',  #1342 ) ;
#1083 = FACE_OUTER_BOUND ( 'NONE', #420, .T. ) ;
#1084 = EDGE_LOOP ( 'NONE', ( #2201, #2463, #2752, #3295 ) ) ;
#1085 = CARTESIAN_POINT ( 'NONE',  ( 4.000000000000030198, -0.5000000000000019984, -12.28329266077840032 ) ) ;
#1086 = LINE ( 'NONE', #2643, #3268 ) ;
#1087 = CARTESIAN_POINT ( 'NONE',  ( 0.000000000000000000, 2.299999999999980727, 12.59999999999999964 ) ) ;
#1088 = ORIENTED_EDGE ( 'NONE', *, *, #2354, .F. ) ;
#1089 = ORIENTED_EDGE ( 'NONE', *, *, #713, .F. ) ;
#1090 = ORIENTED_EDGE ( 'NONE', *, *, #2496, .F. ) ;
#1091 = CARTESIAN_POINT ( 'NONE',  ( -3.190957125086741897, -1.900000000456588456, 4.680210338517717616 ) ) ;
#1092 = FACE_OUTER_BOUND ( 'NONE', #1160, .T. ) ;
#1093 = FACE_OUTER_BOUND ( 'NONE', #2077, .T. ) ;
#1094 = EDGE_CURVE ( 'NONE', #3331, #3396, #433, .T. ) ;
#1095 = DIRECTION ( 'NONE',  ( -0.06975647374412612123, 0.9975640502598241977, 0.000000000000000000 ) ) ;
#1096 = EDGE_CURVE ( 'NONE', #2631, #2986, #2588, .T. ) ;
#1097 = VERTEX_POINT ( 'NONE', #2808 ) ;
#1098 = DIRECTION ( 'NONE',  ( -0.7071067811866430519, 0.000000000000000000, -0.7071067811864520936 ) ) ;
#1099 = CARTESIAN_POINT ( 'NONE',  ( 4.250000000000006217, -0.5000000000000014433, -11.87458648033100772 ) ) ;
#1100 = LINE ( 'NONE', #1569, #258 ) ;
#1101 = ADVANCED_FACE ( 'NONE', ( #968 ), #199, .F. ) ;
#1102 = ORIENTED_EDGE ( 'NONE', *, *, #3409, .T. ) ;
#1103 = CARTESIAN_POINT ( 'NONE',  ( 2.650000000000030553, -0.5000000000000009992, 0.8999999999999980238 ) ) ;
#1104 = EDGE_CURVE ( 'NONE', #1619, #2859, #995, .T. ) ;
#1105 = LINE ( 'NONE', #1313, #832 ) ;
#1106 = CARTESIAN_POINT ( 'NONE',  ( 4.000000000000030198, -0.5000000000000019984, -12.28329266077840032 ) ) ;
#1107 = EDGE_CURVE ( 'NONE', #2356, #1828, #3321, .T. ) ;
#1108 = CARTESIAN_POINT ( 'NONE',  ( 11.75000000000000000, 2.107242054160646747E-16, 3.141730632977529858 ) ) ;
#1109 = ORIENTED_EDGE ( 'NONE', *, *, #2390, .F. ) ;
#1110 = EDGE_LOOP ( 'NONE', ( #112, #72, #140, #2881 ) ) ;
#1111 = AXIS2_PLACEMENT_3D ( 'NONE', #2988, #2231, #358 ) ;
#1112 = ORIENTED_EDGE ( 'NONE', *, *, #1639, .T. ) ;
#1113 = DIRECTION ( 'NONE',  ( -0.000000000000000000, 6.123233995736769734E-17, 1.000000000000000000 ) ) ;
#1114 = DIRECTION ( 'NONE',  ( -2.725663816014858464E-17, -1.000000000000000000, 1.667251406029599836E-17 ) ) ;
#1115 = VECTOR ( 'NONE', #1327, 1000.000000000000000 ) ;
#1116 = ORIENTED_EDGE ( 'NONE', *, *, #844, .F. ) ;
#1117 = VECTOR ( 'NONE', #2374, 1000.000000000000000 ) ;
#1118 = LINE ( 'NONE', #2953, #849 ) ;
#1119 = DIRECTION ( 'NONE',  ( -3.648127873197330210E-14, 0.000000000000000000, -1.000000000000000000 ) ) ;
#1120 = FILL_AREA_STYLE ('',( #1659 ) ) ;
#1121 = EDGE_CURVE ( 'NONE', #3117, #2994, #3232, .T. ) ;
#1122 = AXIS2_PLACEMENT_3D ( 'NONE', #3116, #823, #1870 ) ;
#1123 = EDGE_CURVE ( 'NONE', #1417, #886, #734, .T. ) ;
#1124 = CARTESIAN_POINT ( 'NONE',  ( -10.99999999999997158, -0.5000000000000019984, -12.59999999999999964 ) ) ;
#1125 = VECTOR ( 'NONE', #2148, 1000.000000000000114 ) ;
#1126 = CARTESIAN_POINT ( 'NONE',  ( -4.849999999999970335, -0.5000000000000009992, 1.660816960928050090 ) ) ;
#1127 = EDGE_CURVE ( 'NONE', #1530, #891, #1043, .T. ) ;
#1128 = DIRECTION ( 'NONE',  ( 0.000000000000000000, -1.000000000000000000, 6.123233995736769734E-17 ) ) ;
#1129 = ORIENTED_EDGE ( 'NONE', *, *, #3078, .T. ) ;
#1130 = VECTOR ( 'NONE', #77, 1000.000000000000000 ) ;
#1131 = VECTOR ( 'NONE', #437, 1000.000000000000000 ) ;
#1132 = ORIENTED_EDGE ( 'NONE', *, *, #1700, .F. ) ;
#1133 = ORIENTED_EDGE ( 'NONE', *, *, #817, .T. ) ;
#1134 = FACE_OUTER_BOUND ( 'NONE', #3200, .T. ) ;
#1135 = LINE ( 'NONE', #3001, #3216 ) ;
#1136 = ORIENTED_EDGE ( 'NONE', *, *, #3317, .F. ) ;
#1137 = LINE ( 'NONE', #1971, #1130 ) ;
#1138 = DIRECTION ( 'NONE',  ( -0.8530634104577852206, -3.195147960398310376E-17, -0.5218072611013880868 ) ) ;
#1139 = CARTESIAN_POINT ( 'NONE',  ( 7.416249555727289611, -1.100000000000010081, 7.899999999999990585 ) ) ;
#1140 = CARTESIAN_POINT ( 'NONE',  ( -4.249999999999969802, -1.100000000000020295, 12.59999999999999964 ) ) ;
#1141 = PRODUCT_CONTEXT ( 'NONE', #160, 'mechanical' ) ;
#1142 = LINE ( 'NONE', #1194, #1053 ) ;
#1143 = EDGE_CURVE ( 'NONE', #1357, #1000, #1907, .T. ) ;
#1144 = CARTESIAN_POINT ( 'NONE',  ( -2.649999999999979927, -0.5000000000000009992, 1.660816960928050090 ) ) ;
#1145 = EDGE_LOOP ( 'NONE', ( #2509, #3366, #1054, #3202 ) ) ;
#1146 = EDGE_CURVE ( 'NONE', #2994, #580, #251, .T. ) ;
#1147 = ORIENTED_EDGE ( 'NONE', *, *, #1251, .T. ) ;
#1148 = CARTESIAN_POINT ( 'NONE',  ( 3.048941669233730334, 1.338441444381775919E-16, 1.660816960928050090 ) ) ;
#1149 = ORIENTED_EDGE ( 'NONE', *, *, #1996, .F. ) ;
#1150 = CARTESIAN_POINT ( 'NONE',  ( -3.094793231229094221, -1.900000000000039657, 4.680210338395410119 ) ) ;
#1151 = CARTESIAN_POINT ( 'NONE',  ( -12.26224883939209853, -1.900000000000039657, 2.566700762734790864 ) ) ;
#1152 = ORIENTED_EDGE ( 'NONE', *, *, #3237, .T. ) ;
#1153 = LINE ( 'NONE', #2450, #731 ) ;
#1154 = FACE_OUTER_BOUND ( 'NONE', #1170, .T. ) ;
#1155 = FILL_AREA_STYLE_COLOUR ( '', #2272 ) ;
#1156 = FACE_OUTER_BOUND ( 'NONE', #2799, .T. ) ;
#1157 = SHAPE_DEFINITION_REPRESENTATION ( #2376, #2313 ) ;
#1158 = DIRECTION ( 'NONE',  ( -0.000000000000000000, -1.000000000000000000, 6.123233995736769734E-17 ) ) ;
#1159 = CARTESIAN_POINT ( 'NONE',  ( 12.39550155994330005, 0.005602684402385297961, 2.300391777858572961 ) ) ;
#1160 = EDGE_LOOP ( 'NONE', ( #1803, #2744, #378, #979 ) ) ;
#1161 = EDGE_CURVE ( 'NONE', #546, #2444, #515, .T. ) ;
#1162 = ADVANCED_FACE ( 'NONE', ( #2939 ), #2123, .T. ) ;
#1163 = CARTESIAN_POINT ( 'NONE',  ( -4.849999999999970335, -0.5000000000000009992, 1.660816960928050090 ) ) ;
#1164 = ORIENTED_EDGE ( 'NONE', *, *, #1248, .F. ) ;
#1165 = EDGE_CURVE ( 'NONE', #783, #1835, #1027, .T. ) ;
#1166 = LINE ( 'NONE', #3000, #2889 ) ;
#1167 = FACE_OUTER_BOUND ( 'NONE', #884, .T. ) ;
#1168 = VECTOR ( 'NONE', #1977, 1000.000000000000000 ) ;
#1169 = ADVANCED_FACE ( 'NONE', ( #1573 ), #2419, .F. ) ;
#1170 = EDGE_LOOP ( 'NONE', ( #3377, #3259, #827, #2085 ) ) ;
#1171 = CARTESIAN_POINT ( 'NONE',  ( -4.249999999999997335, -0.5000000000000009992, -11.87458648033100062 ) ) ;
#1172 = ORIENTED_EDGE ( 'NONE', *, *, #1524, .F. ) ;
#1173 = AXIS2_PLACEMENT_3D ( 'NONE', #194, #2346, #1810 ) ;
#1174 = AXIS2_PLACEMENT_3D ( 'NONE', #1144, #348, #934 ) ;
#1175 = VECTOR ( 'NONE', #853, 1000.000000000000000 ) ;
#1176 = DIRECTION ( 'NONE',  ( 1.356984908810719923E-15, 0.000000000000000000, -1.000000000000000000 ) ) ;
#1177 = CARTESIAN_POINT ( 'NONE',  ( -2.777565136272756840E-14, -1.100000000008094503, 7.902861295432880517 ) ) ;
#1178 = VECTOR ( 'NONE', #203, 1000.000000000000000 ) ;
#1179 = AXIS2_PLACEMENT_3D ( 'NONE', #3170, #2497, #3018 ) ;
#1180 = CARTESIAN_POINT ( 'NONE',  ( 2.650000000000030553, -0.5000000000000008882, 0.8999999999999980238 ) ) ;
#1181 = LINE ( 'NONE', #1198, #1571 ) ;
#1182 = ORIENTED_EDGE ( 'NONE', *, *, #1565, .T. ) ;
#1183 = DIRECTION ( 'NONE',  ( -0.000000000000000000, -1.000000000000000000, 0.000000000000000000 ) ) ;
#1184 = ORIENTED_EDGE ( 'NONE', *, *, #950, .T. ) ;
#1185 = DIRECTION ( 'NONE',  ( 1.000000000000000000, -1.330406150074129929E-31, -2.172718127382370065E-15 ) ) ;
#1186 = VECTOR ( 'NONE', #1581, 1000.000000000000000 ) ;
#1187 = EDGE_CURVE ( 'NONE', #2866, #1976, #1350, .T. ) ;
#1188 = EDGE_LOOP ( 'NONE', ( #3056, #1032, #3080, #2465 ) ) ;
#1189 = CARTESIAN_POINT ( 'NONE',  ( -4.000000000000000000, -0.5000000000000018874, -12.59999999999999964 ) ) ;
#1190 = DIRECTION ( 'NONE',  ( 0.000000000000000000, 1.000000000000000000, -0.000000000000000000 ) ) ;
#1191 = DIRECTION ( 'NONE',  ( -0.000000000000000000, -6.123233995736769734E-17, -1.000000000000000000 ) ) ;
#1192 = EDGE_CURVE ( 'NONE', #2704, #2100, #3445, .T. ) ;
#1193 = CARTESIAN_POINT ( 'NONE',  ( -1.712085101174190096E-16, 0.005602684402384542489, 2.300391777858572073 ) ) ;
#1194 = CARTESIAN_POINT ( 'NONE',  ( 1.990051048614449116E-16, 2.299999999999979838, 9.525000000000000355 ) ) ;
#1195 = DIRECTION ( 'NONE',  ( 0.000000000000000000, 0.000000000000000000, 1.000000000000000000 ) ) ;
#1196 = VERTEX_POINT ( 'NONE', #2608 ) ;
#1197 = ADVANCED_BREP_SHAPE_REPRESENTATION ( '', ( #1645, #1405 ), #620 ) ;
#1198 = CARTESIAN_POINT ( 'NONE',  ( -14.86293112954090034, -1.900000000000037659, 4.680210338781305879 ) ) ;
#1199 = ORIENTED_EDGE ( 'NONE', *, *, #3422, .F. ) ;
#1200 = LINE ( 'NONE', #3310, #1458 ) ;
#1201 = FILL_AREA_STYLE_COLOUR ( '', #2785 ) ;
#1202 = ORIENTED_EDGE ( 'NONE', *, *, #2535, .F. ) ;
#1203 = DIRECTION ( 'NONE',  ( 0.000000000000000000, 1.000000000000000000, -0.000000000000000000 ) ) ;
#1204 = ADVANCED_FACE ( 'NONE', ( #2157 ), #3139, .T. ) ;
#1205 = CARTESIAN_POINT ( 'NONE',  ( -3.960853173095360447, 1.499999999999980016, 12.31085317309539917 ) ) ;
#1206 = DIRECTION ( 'NONE',  ( 0.000000000000000000, -1.000000000000000000, 6.123233995736769734E-17 ) ) ;
#1207 = ADVANCED_FACE ( 'NONE', ( #2921 ), #271, .F. ) ;
#1208 = LINE ( 'NONE', #1769, #1338 ) ;
#1209 = VERTEX_POINT ( 'NONE', #3196 ) ;
#1210 = EDGE_CURVE ( 'NONE', #1919, #195, #553, .T. ) ;
#1211 = CARTESIAN_POINT ( 'NONE',  ( -12.00000000000000000, -0.5000000000000009992, 1.660816960928050090 ) ) ;
#1212 = ADVANCED_FACE ( 'NONE', ( #1312 ), #1852, .T. ) ;
#1213 =( NAMED_UNIT ( * ) SI_UNIT ( $, .STERADIAN. ) SOLID_ANGLE_UNIT ( ) );
#1214 = VERTEX_POINT ( 'NONE', #221 ) ;
#1215 =( NAMED_UNIT ( * ) PLANE_ANGLE_UNIT ( ) SI_UNIT ( $, .RADIAN. ) );
#1216 = FACE_OUTER_BOUND ( 'NONE', #2163, .T. ) ;
#1217 = UNCERTAINTY_MEASURE_WITH_UNIT (LENGTH_MEASURE( 1.000000000000000082E-05 ), #1541, 'distance_accuracy_value', 'NONE');
#1218 = ORIENTED_EDGE ( 'NONE', *, *, #1844, .F. ) ;
#1219 = FACE_OUTER_BOUND ( 'NONE', #529, .T. ) ;
#1220 = CARTESIAN_POINT ( 'NONE',  ( 3.250000000000013323, -0.5000000000000019984, -11.87458648033099351 ) ) ;
#1221 = DIRECTION ( 'NONE',  ( 0.000000000000000000, 2.312964634635742267E-15, -1.000000000000000000 ) ) ;
#1222 = ORIENTED_EDGE ( 'NONE', *, *, #3089, .T. ) ;
#1223 = VECTOR ( 'NONE', #120, 1000.000000000000000 ) ;
#1224 = EDGE_CURVE ( 'NONE', #1398, #2822, #1296, .T. ) ;
#1225 = CARTESIAN_POINT ( 'NONE',  ( -12.44405855044520059, 2.299999999999979838, -1.408343819019440004E-16 ) ) ;
#1226 = AXIS2_PLACEMENT_3D ( 'NONE', #1771, #1260, #687 ) ;
#1227 = AXIS2_PLACEMENT_3D ( 'NONE', #1177, #881, #2715 ) ;
#1228 = EDGE_CURVE ( 'NONE', #2986, #1638, #763, .T. ) ;
#1229 = ORIENTED_EDGE ( 'NONE', *, *, #530, .F. ) ;
#1230 = CARTESIAN_POINT ( 'NONE',  ( -4.849999999999970335, -0.5000000000000009992, 0.8999999999999980238 ) ) ;
#1231 = VECTOR ( 'NONE', #3187, 1000.000000000000000 ) ;
#1232 = EDGE_CURVE ( 'NONE', #479, #690, #2101, .T. ) ;
#1233 = ADVANCED_FACE ( 'NONE', ( #500 ), #3160, .F. ) ;
#1234 = PRESENTATION_LAYER_ASSIGNMENT (  '', '', ( #3332 ) ) ;
#1235 = CARTESIAN_POINT ( 'NONE',  ( 10.75000000000001243, -0.5000000000000016653, -11.87458648033099351 ) ) ;
#1236 = ORIENTED_EDGE ( 'NONE', *, *, #1719, .T. ) ;
#1237 = CARTESIAN_POINT ( 'NONE',  ( 4.000000000000030198, -0.5000000000000019984, -12.28329266077840032 ) ) ;
#1238 = VERTEX_POINT ( 'NONE', #573 ) ;
#1239 = CARTESIAN_POINT ( 'NONE',  ( -14.86293112954090034, -0.004628304506369429645, 2.300323642578829819 ) ) ;
#1240 = CARTESIAN_POINT ( 'NONE',  ( -12.00000000000000000, 1.067390901260399810E-16, 1.660816960928050090 ) ) ;
#1241 = VECTOR ( 'NONE', #301, 1000.000000000000000 ) ;
#1242 = CARTESIAN_POINT ( 'NONE',  ( 4.451058330766270110, -0.5000000000000009992, 1.660816960928050090 ) ) ;
#1243 = AXIS2_PLACEMENT_3D ( 'NONE', #2589, #2611, #156 ) ;
#1244 = PLANE ( 'NONE',  #49 ) ;
#1245 = UNCERTAINTY_MEASURE_WITH_UNIT (LENGTH_MEASURE( 1.000000000000000082E-05 ), #846, 'distance_accuracy_value', 'NONE');
#1246 = VERTEX_POINT ( 'NONE', #1715 ) ;
#1247 = DIRECTION ( 'NONE',  ( 1.000000000000000000, 0.000000000000000000, 0.000000000000000000 ) ) ;
#1248 = EDGE_CURVE ( 'NONE', #293, #422, #2512, .T. ) ;
#1249 = DIRECTION ( 'NONE',  ( -0.000000000000000000, -6.123233995736769734E-17, -1.000000000000000000 ) ) ;
#1250 = ORIENTED_EDGE ( 'NONE', *, *, #611, .F. ) ;
#1252 = VERTEX_POINT ( 'NONE', #2473 ) ;
#1251 = EDGE_CURVE ( 'NONE', #1605, #2687, #345, .T. ) ;
#1253 = FACE_OUTER_BOUND ( 'NONE', #2405, .T. ) ;
#1254 = ORIENTED_EDGE ( 'NONE', *, *, #1700, .T. ) ;
#1255 = DIRECTION ( 'NONE',  ( 0.000000000000000000, 0.000000000000000000, -1.000000000000000000 ) ) ;
#1256 = CARTESIAN_POINT ( 'NONE',  ( -7.416249555727289611, -1.100000000000007416, 6.774999999999990585 ) ) ;
#1257 = DIRECTION ( 'NONE',  ( 0.000000000000000000, 6.123233995736769734E-17, 1.000000000000000000 ) ) ;
#1258 = DIRECTION ( 'NONE',  ( 8.194081986919213887E-17, 0.4999999999999971689, -0.8660254037844403729 ) ) ;
#1259 = ORIENTED_EDGE ( 'NONE', *, *, #2153, .F. ) ;
#1260 = DIRECTION ( 'NONE',  ( -0.7071067811864750752, 4.329780281177911396E-17, 0.7071067811866200703 ) ) ;
#1261 = DIRECTION ( 'NONE',  ( -1.000000000000000000, -0.000000000000000000, -1.387778780781439996E-14 ) ) ;
#1262 = ORIENTED_EDGE ( 'NONE', *, *, #3078, .F. ) ;
#1263 =( NAMED_UNIT ( * ) SI_UNIT ( $, .STERADIAN. ) SOLID_ANGLE_UNIT ( ) );
#1264 = EDGE_CURVE ( 'NONE', #3120, #2454, #2770, .T. ) ;
#1265 = ADVANCED_FACE ( 'NONE', ( #1156 ), #2326, .F. ) ;
#1266 = ORIENTED_EDGE ( 'NONE', *, *, #1751, .T. ) ;
#1267 = LINE ( 'NONE', #1205, #2667 ) ;
#1268 = LINE ( 'NONE', #2876, #2217 ) ;
#1269 = PRODUCT_DEFINITION_SHAPE ( 'NONE', 'NONE',  #2856 ) ;
#1270 = ADVANCED_FACE ( 'NONE', ( #2212 ), #2433, .F. ) ;
#1271 = EDGE_CURVE ( 'NONE', #1566, #2051, #3011, .T. ) ;
#1272 = ORIENTED_EDGE ( 'NONE', *, *, #1228, .F. ) ;
#1273 = EDGE_LOOP ( 'NONE', ( #3426, #1310, #177, #751 ) ) ;
#1274 = CARTESIAN_POINT ( 'NONE',  ( 4.451058330766270998, 1.067390901260399810E-16, 1.660816960928050090 ) ) ;
#1275 = VECTOR ( 'NONE', #2679, 1000.000000000000000 ) ;
#1276 = ORIENTED_EDGE ( 'NONE', *, *, #872, .T. ) ;
#1277 = CARTESIAN_POINT ( 'NONE',  ( 4.850000000000020073, -0.5000000000000009992, 1.660816960928050090 ) ) ;
#1278 = AXIS2_PLACEMENT_3D ( 'NONE', #2438, #807, #1031 ) ;
#1279 = AXIS2_PLACEMENT_3D ( 'NONE', #12, #574, #3162 ) ;
#1280 = VECTOR ( 'NONE', #531, 1000.000000000000000 ) ;
#1281 = VECTOR ( 'NONE', #2763, 1000.000000000000000 ) ;
#1282 = DIRECTION ( 'NONE',  ( 0.000000000000000000, -0.9975640502598241977, -0.06975647374412652368 ) ) ;
#1283 =( NAMED_UNIT ( * ) PLANE_ANGLE_UNIT ( ) SI_UNIT ( $, .RADIAN. ) );
#1284 = UNCERTAINTY_MEASURE_WITH_UNIT (LENGTH_MEASURE( 1.000000000000000082E-05 ), #2278, 'distance_accuracy_value', 'NONE');
#1285 = ORIENTED_EDGE ( 'NONE', *, *, #2432, .T. ) ;
#1286 = CARTESIAN_POINT ( 'NONE',  ( 3.048941669233729890, -0.5000000000000008882, 3.141730632977529858 ) ) ;
#1287 = CARTESIAN_POINT ( 'NONE',  ( 4.850000000000020073, -0.5000000000000008882, 1.660816960928050090 ) ) ;
#1288 = EDGE_CURVE ( 'NONE', #514, #552, #1923, .T. ) ;
#1289 = ORIENTED_EDGE ( 'NONE', *, *, #2158, .F. ) ;
#1290 = VECTOR ( 'NONE', #3058, 1000.000000000000000 ) ;
#1291 = CARTESIAN_POINT ( 'NONE',  ( 11.75000000000000000, -0.5000000000000017764, -11.87458648033100062 ) ) ;
#1292 = PLANE ( 'NONE',  #2835 ) ;
#1293 = DIRECTION ( 'NONE',  ( 0.000000000000000000, -6.123233995736769734E-17, -1.000000000000000000 ) ) ;
#1294 = VECTOR ( 'NONE', #810, 1000.000000000000000 ) ;
#1295 = VERTEX_POINT ( 'NONE', #931 ) ;
#1296 = LINE ( 'NONE', #2355, #2225 ) ;
#1297 = ORIENTED_EDGE ( 'NONE', *, *, #1306, .F. ) ;
#1298 = LINE ( 'NONE', #3407, #717 ) ;
#1299 = CARTESIAN_POINT ( 'NONE',  ( -11.50000000000000000, -7.589415207398531038E-16, -12.28329266077840032 ) ) ;
#1300 = ORIENTED_EDGE ( 'NONE', *, *, #1094, .F. ) ;
#1301 = ORIENTED_EDGE ( 'NONE', *, *, #2757, .T. ) ;
#1302 = APPLICATION_CONTEXT ( 'automotive_design' ) ;
#1303 = DIRECTION ( 'NONE',  ( 5.325148301357352231E-31, 1.000000000000000000, -6.123233995736769734E-17 ) ) ;
#1304 = CARTESIAN_POINT ( 'NONE',  ( 3.500000000000000000, -0.5000000000000019984, -12.28329266077830084 ) ) ;
#1305 = EDGE_LOOP ( 'NONE', ( #2422, #438, #1022, #2973, #2868, #1808, #2702, #1389, #2539, #2554, #2962, #3177 ) ) ;
#1306 = EDGE_CURVE ( 'NONE', #3219, #2624, #2974, .T. ) ;
#1307 = EDGE_LOOP ( 'NONE', ( #1820, #349, #925, #3353 ) ) ;
#1308 = LINE ( 'NONE', #2154, #2505 ) ;
#1309 = CARTESIAN_POINT ( 'NONE',  ( 2.650000000000030553, 9.509243942682053179E-17, 0.8999999999999980238 ) ) ;
#1310 = ORIENTED_EDGE ( 'NONE', *, *, #1996, .T. ) ;
#1311 = EDGE_CURVE ( 'NONE', #2680, #3227, #1701, .T. ) ;
#1312 = FACE_OUTER_BOUND ( 'NONE', #2424, .T. ) ;
#1313 = CARTESIAN_POINT ( 'NONE',  ( 10.25000000000000000, 1.084202172485504434E-16, 1.660816960928050090 ) ) ;
#1314 = EDGE_CURVE ( 'NONE', #891, #422, #1661, .T. ) ;
#1315 = DIRECTION ( 'NONE',  ( 0.000000000000000000, 0.000000000000000000, -1.000000000000000000 ) ) ;
#1316 = VERTEX_POINT ( 'NONE', #81 ) ;
#1317 =( NAMED_UNIT ( * ) PLANE_ANGLE_UNIT ( ) SI_UNIT ( $, .RADIAN. ) );
#1318 = LINE ( 'NONE', #2128, #2793 ) ;
#1319 = VERTEX_POINT ( 'NONE', #2713 ) ;
#1320 = CARTESIAN_POINT ( 'NONE',  ( 0.000000000000000000, 2.299999999999979838, 7.900000000000000355 ) ) ;
#1321 = CARTESIAN_POINT ( 'NONE',  ( -4.849999999999970335, -0.5000000000000009992, 1.660816960928050090 ) ) ;
#1322 = ORIENTED_EDGE ( 'NONE', *, *, #917, .F. ) ;
#1323 = CARTESIAN_POINT ( 'NONE',  ( -3.048941669233709906, -0.5000000000000009992, 1.660816960928050090 ) ) ;
#1324 = DIRECTION ( 'NONE',  ( 0.000000000000000000, 6.123233995736769734E-17, 1.000000000000000000 ) ) ;
#1325 = ORIENTED_EDGE ( 'NONE', *, *, #1611, .T. ) ;
#1326 = CARTESIAN_POINT ( 'NONE',  ( 7.416249555727289611, -1.000000000000009992, 7.899999999999990585 ) ) ;
#1327 = DIRECTION ( 'NONE',  ( 0.000000000000000000, 6.123233995736769734E-17, 1.000000000000000000 ) ) ;
#1328 = PLANE ( 'NONE',  #1457 ) ;
#1329 = EDGE_CURVE ( 'NONE', #2747, #1915, #1402, .T. ) ;
#1330 = VECTOR ( 'NONE', #698, 1000.000000000000114 ) ;
#1331 = DIRECTION ( 'NONE',  ( -8.497694209043039606E-31, 1.000000000000000000, -6.123233995736769734E-17 ) ) ;
#1332 = ORIENTED_EDGE ( 'NONE', *, *, #236, .F. ) ;
#1333 = PRODUCT_CONTEXT ( 'NONE', #1735, 'mechanical' ) ;
#1334 = VECTOR ( 'NONE', #2610, 1000.000000000000000 ) ;
#1335 = CARTESIAN_POINT ( 'NONE',  ( -3.499999999999978684, -7.620880114205980609E-16, -12.59999999999999964 ) ) ;
#1336 = ADVANCED_FACE ( 'NONE', ( #647 ), #1439, .F. ) ;
#1337 = AXIS2_PLACEMENT_3D ( 'NONE', #1688, #84, #329 ) ;
#1338 = VECTOR ( 'NONE', #994, 999.9999999999998863 ) ;
#1339 = EDGE_LOOP ( 'NONE', ( #1884, #1646, #1793, #851 ) ) ;
#1340 = FACE_BOUND ( 'NONE', #3255, .T. ) ;
#1341 = DIRECTION ( 'NONE',  ( 0.000000000000000000, 2.312964634635742267E-15, -1.000000000000000000 ) ) ;
#1342 = AXIS2_PLACEMENT_3D ( 'NONE', #1323, #801, #2097 ) ;
#1343 = CARTESIAN_POINT ( 'NONE',  ( -11.75000000000000000, -0.5000000000000009992, 3.061616997868389797E-17 ) ) ;
#1344 = EDGE_LOOP ( 'NONE', ( #3138, #2634, #2135, #1741, #869, #499, #2983, #1133 ) ) ;
#1345 = ORIENTED_EDGE ( 'NONE', *, *, #1928, .T. ) ;
#1346 = PLANE ( 'NONE',  #2227 ) ;
#1347 = LINE ( 'NONE', #1369, #1727 ) ;
#1348 = AXIS2_PLACEMENT_3D ( 'NONE', #2258, #923, #126 ) ;
#1349 = ORIENTED_EDGE ( 'NONE', *, *, #118, .T. ) ;
#1350 = LINE ( 'NONE', #2957, #1508 ) ;
#1351 = LINE ( 'NONE', #2940, #946 ) ;
#1352 = LINE ( 'NONE', #325, #903 ) ;
#1353 = AXIS2_PLACEMENT_3D ( 'NONE', #395, #679, #374 ) ;
#1354 = DIRECTION ( 'NONE',  ( -1.000000000000000000, -0.000000000000000000, -0.000000000000000000 ) ) ;
#1355 = ORIENTED_EDGE ( 'NONE', *, *, #294, .T. ) ;
#1356 = ADVANCED_FACE ( 'NONE', ( #360 ), #614, .F. ) ;
#1357 = VERTEX_POINT ( 'NONE', #2456 ) ;
#1358 = ORIENTED_EDGE ( 'NONE', *, *, #1329, .T. ) ;
#1359 = EDGE_CURVE ( 'NONE', #1209, #1794, #3265, .T. ) ;
#1360 = LINE ( 'NONE', #2131, #958 ) ;
#1361 = CARTESIAN_POINT ( 'NONE',  ( 3.190957128151392208, -1.900000000000038325, 4.680210338781307655 ) ) ;
#1362 = CARTESIAN_POINT ( 'NONE',  ( 12.31819028894691037, -1.100000000000020739, 12.41819028894690646 ) ) ;
#1363 = PLANE ( 'NONE',  #2561 ) ;
#1364 = EDGE_CURVE ( 'NONE', #2871, #2314, #3246, .T. ) ;
#1365 = ORIENTED_EDGE ( 'NONE', *, *, #2541, .T. ) ;
#1366 = EDGE_CURVE ( 'NONE', #2517, #2335, #3286, .T. ) ;
#1367 = LINE ( 'NONE', #2415, #911 ) ;
#1368 = DIRECTION ( 'NONE',  ( 0.5218072611014620277, 0.000000000000000000, 0.8530634104577400345 ) ) ;
#1369 = CARTESIAN_POINT ( 'NONE',  ( 4.000000000000030198, -0.5000000000000019984, -12.28329266077840032 ) ) ;
#1370 = VERTEX_POINT ( 'NONE', #2791 ) ;
#1371 = DIRECTION ( 'NONE',  ( 1.000000000000000000, -5.366275521070849818E-30, -8.763792996980120523E-14 ) ) ;
#1372 = CARTESIAN_POINT ( 'NONE',  ( 3.250000000000000444, 9.509243942682053179E-17, 0.8999999999999980238 ) ) ;
#1373 = CARTESIAN_POINT ( 'NONE',  ( 3.250000000000000444, -0.5000000000000009992, 0.8999999999999980238 ) ) ;
#1374 = ORIENTED_EDGE ( 'NONE', *, *, #363, .F. ) ;
#1375 = APPLICATION_CONTEXT ( 'automotive_design' ) ;
#1376 = ORIENTED_EDGE ( 'NONE', *, *, #2286, .T. ) ;
#1377 = ORIENTED_EDGE ( 'NONE', *, *, #2526, .F. ) ;
#1378 = CARTESIAN_POINT ( 'NONE',  ( -2.733967522044056242, -1.900000000000040767, 4.556083085164854829 ) ) ;
#1379 = CARTESIAN_POINT ( 'NONE',  ( 4.850000000000020073, -0.5000000000000009992, 1.660816960928050090 ) ) ;
#1380 = ADVANCED_FACE ( 'NONE', ( #665 ), #1472, .T. ) ;
#1381 = ORIENTED_EDGE ( 'NONE', *, *, #86, .T. ) ;
#1382 = CARTESIAN_POINT ( 'NONE',  ( 3.048941669233732998, -0.5000000000000009992, 1.660816960928050090 ) ) ;
#1383 = FACE_OUTER_BOUND ( 'NONE', #1542, .T. ) ;
#1384 = DIRECTION ( 'NONE',  ( -0.06958737431666291162, 0.9951458157835089136, 0.06958737431666089934 ) ) ;
#1385 = EDGE_CURVE ( 'NONE', #2852, #2151, #1347, .T. ) ;
#1386 = CARTESIAN_POINT ( 'NONE',  ( -14.86293112954090034, -2.168404344971008868E-16, 2.299999999999987388 ) ) ;
#1387 = LINE ( 'NONE', #3028, #3438 ) ;
#1388 = PLANE ( 'NONE',  #3384 ) ;
#1389 = ORIENTED_EDGE ( 'NONE', *, *, #733, .F. ) ;
#1390 = UNCERTAINTY_MEASURE_WITH_UNIT (LENGTH_MEASURE( 1.000000000000000082E-05 ), #3050, 'distance_accuracy_value', 'NONE');
#1391 = ORIENTED_EDGE ( 'NONE', *, *, #3283, .F. ) ;
#1392 = VECTOR ( 'NONE', #318, 999.9999999999998863 ) ;
#1393 = ORIENTED_EDGE ( 'NONE', *, *, #1844, .T. ) ;
#1394 = DIRECTION ( 'NONE',  ( 0.000000000000000000, 0.000000000000000000, -1.000000000000000000 ) ) ;
#1395 = DIRECTION ( 'NONE',  ( -1.000000000000000000, -0.000000000000000000, -5.782411586589679888E-15 ) ) ;
#1396 = VECTOR ( 'NONE', #2144, 1000.000000000000114 ) ;
#1397 = AXIS2_PLACEMENT_3D ( 'NONE', #1126, #1995, #361 ) ;
#1398 = VERTEX_POINT ( 'NONE', #2352 ) ;
#1399 = VECTOR ( 'NONE', #3311, 1000.000000000000000 ) ;
#1400 = PLANE ( 'NONE',  #2062 ) ;
#1401 = AXIS2_PLACEMENT_3D ( 'NONE', #3418, #2903, #1587 ) ;
#1402 = LINE ( 'NONE', #1193, #2656 ) ;
#1403 = B_SPLINE_CURVE_WITH_KNOTS ( 'NONE', 3,
 ( #297, #1378, #3186, #582, #1150, #1091 ),
 .UNSPECIFIED., .F., .F.,
 ( 4, 2, 4 ),
 ( 4.336808689942017736E-19, 0.0002874406899505280513, 0.0005748813799010556690 ),
 .UNSPECIFIED. ) ;
#1404 =( LENGTH_UNIT ( ) NAMED_UNIT ( * ) SI_UNIT ( .MILLI., .METRE. ) );
#1405 = AXIS2_PLACEMENT_3D ( 'NONE', #1578, #3395, #704 ) ;
#1406 = CARTESIAN_POINT ( 'NONE',  ( -3.960853173095359558, 1.499999999999975353, 12.31085317309540983 ) ) ;
#1407 = CARTESIAN_POINT ( 'NONE',  ( -12.00000000000000000, 9.509243942682053179E-17, 0.8999999999999980238 ) ) ;
#1408 = DIRECTION ( 'NONE',  ( 6.511678747493452174E-17, 0.06975647374412376200, -0.9975640502598244197 ) ) ;
#1409 = ORIENTED_EDGE ( 'NONE', *, *, #1953, .F. ) ;
#1410 = VECTOR ( 'NONE', #3314, 1000.000000000000000 ) ;
#1411 = VECTOR ( 'NONE', #674, 1000.000000000000000 ) ;
#1412 = ORIENTED_EDGE ( 'NONE', *, *, #487, .F. ) ;
#1413 = CARTESIAN_POINT ( 'NONE',  ( -12.39510978208471847, -2.413436696816515361E-15, 2.299999999999989608 ) ) ;
#1414 = VERTEX_POINT ( 'NONE', #2622 ) ;
#1415 = FACE_OUTER_BOUND ( 'NONE', #1305, .T. ) ;
#1416 = DIRECTION ( 'NONE',  ( -0.000000000000000000, 1.000000000000000000, 0.000000000000000000 ) ) ;
#1417 = VERTEX_POINT ( 'NONE', #1063 ) ;
#1418 = CONTEXT_DEPENDENT_SHAPE_REPRESENTATION ( #3201, #2047 ) ;
#1419 = CARTESIAN_POINT ( 'NONE',  ( -2.598155610007055749, -1.633142081199096207, 4.645528205495251584 ) ) ;
#1420 = LINE ( 'NONE', #41, #2111 ) ;
#1421 = ADVANCED_FACE ( 'NONE', ( #3402 ), #1849, .F. ) ;
#1422 = CARTESIAN_POINT ( 'NONE',  ( -3.249999999999940048, -0.5000000000000009992, 0.9000000000000010214 ) ) ;
#1423 = SHAPE_DEFINITION_REPRESENTATION ( #197, #2400 ) ;
#1424 = CARTESIAN_POINT ( 'NONE',  ( 0.000000000000000000, 5.510910596163080311E-17, 0.8999999999999980238 ) ) ;
#1425 = EDGE_CURVE ( 'NONE', #2314, #3291, #3157, .T. ) ;
#1426 = CARTESIAN_POINT ( 'NONE',  ( -2.649999999999979927, -0.5000000000000009992, 0.9000000000000010214 ) ) ;
#1427 = ORIENTED_EDGE ( 'NONE', *, *, #1972, .F. ) ;
#1428 = LINE ( 'NONE', #3016, #683 ) ;
#1429 = VERTEX_POINT ( 'NONE', #1588 ) ;
#1430 = DIRECTION ( 'NONE',  ( -5.366275521070849818E-30, -1.000000000000000000, 4.702892783142656334E-43 ) ) ;
#1431 = ORIENTED_EDGE ( 'NONE', *, *, #959, .F. ) ;
#1432 = DIRECTION ( 'NONE',  ( 8.759342496006510394E-16, 6.123233995736769734E-17, 1.000000000000000000 ) ) ;
#1433 = ORIENTED_EDGE ( 'NONE', *, *, #391, .F. ) ;
#1434 = DIRECTION ( 'NONE',  ( -0.000000000000000000, 1.000000000000000000, 0.000000000000000000 ) ) ;
#1435 = CARTESIAN_POINT ( 'NONE',  ( 10.54894166923369880, 1.067390901260399810E-16, 1.660816960928050090 ) ) ;
#1436 = VERTEX_POINT ( 'NONE', #1865 ) ;
#1437 = LINE ( 'NONE', #3245, #2161 ) ;
#1438 = EDGE_LOOP ( 'NONE', ( #2814, #2645, #3345, #503 ) ) ;
#1439 = PLANE ( 'NONE',  #1446 ) ;
#1440 = DIRECTION ( 'NONE',  ( -1.000000000000000000, -0.000000000000000000, 0.000000000000000000 ) ) ;
#1441 = CARTESIAN_POINT ( 'NONE',  ( -3.500000000000000000, -0.5000000000000019984, -12.28329266077840032 ) ) ;
#1442 = EDGE_CURVE ( 'NONE', #3291, #2956, #248, .T. ) ;
#1443 = ORIENTED_EDGE ( 'NONE', *, *, #1788, .F. ) ;
#1444 = PLANE ( 'NONE',  #1348 ) ;
#1445 = DIRECTION ( 'NONE',  ( 1.000000000000000000, 0.000000000000000000, 0.000000000000000000 ) ) ;
#1446 = AXIS2_PLACEMENT_3D ( 'NONE', #1994, #64, #1176 ) ;
#1447 = ORIENTED_EDGE ( 'NONE', *, *, #1127, .F. ) ;
#1448 = VECTOR ( 'NONE', #2255, 1000.000000000000114 ) ;
#1449 = DIRECTION ( 'NONE',  ( 0.000000000000000000, 0.000000000000000000, 1.000000000000000000 ) ) ;
#1450 = CARTESIAN_POINT ( 'NONE',  ( -10.15000000000000036, 1.084202172485504434E-16, 1.660816960928050090 ) ) ;
#1451 = SURFACE_STYLE_FILL_AREA ( #1120 ) ;
#1452 = AXIS2_PLACEMENT_3D ( 'NONE', #2086, #11, #289 ) ;
#1453 = VECTOR ( 'NONE', #685, 1000.000000000000000 ) ;
#1454 = DIRECTION ( 'NONE',  ( 1.000000000000000000, -1.661827225066309934E-31, -2.713969817621439845E-15 ) ) ;
#1455 = CONTEXT_DEPENDENT_SHAPE_REPRESENTATION ( #760, #1577 ) ;
#1456 = CARTESIAN_POINT ( 'NONE',  ( 2.780978866483769796, -1.394813641781450064, 4.971879818689929564 ) ) ;
#1457 = AXIS2_PLACEMENT_3D ( 'NONE', #1106, #3374, #2923 ) ;
#1458 = VECTOR ( 'NONE', #1763, 1000.000000000000000 ) ;
#1459 = PLANE ( 'NONE',  #485 ) ;
#1460 = EDGE_CURVE ( 'NONE', #2614, #1903, #2417, .T. ) ;
#1461 = CARTESIAN_POINT ( 'NONE',  ( 12.39510978208472736, -2.722133037453888087E-15, 2.299999999999993161 ) ) ;
#1462 = ORIENTED_EDGE ( 'NONE', *, *, #1385, .T. ) ;
#1463 = DIRECTION ( 'NONE',  ( 1.000000000000000000, 0.000000000000000000, 0.000000000000000000 ) ) ;
#1464 = DIRECTION ( 'NONE',  ( -8.763792996980120523E-14, 0.000000000000000000, -1.000000000000000000 ) ) ;
#1465 = AXIS2_PLACEMENT_3D ( 'NONE', #2262, #707, #940 ) ;
#1466 = EDGE_CURVE ( 'NONE', #2521, #3396, #1100, .T. ) ;
#1467 = ORIENTED_EDGE ( 'NONE', *, *, #2017, .F. ) ;
#1468 = DIRECTION ( 'NONE',  ( 1.000000000000000000, -0.000000000000000000, 0.000000000000000000 ) ) ;
#1469 = DIRECTION ( 'NONE',  ( -0.000000000000000000, 1.000000000000000000, -6.123233995736769734E-17 ) ) ;
#1470 = LINE ( 'NONE', #1732, #163 ) ;
#1471 = EDGE_CURVE ( 'NONE', #1316, #1491, #217, .T. ) ;
#1472 = PLANE ( 'NONE',  #1668 ) ;
#1473 = PLANE ( 'NONE',  #2606 ) ;
#1474 = ORIENTED_EDGE ( 'NONE', *, *, #735, .F. ) ;
#1475 = CARTESIAN_POINT ( 'NONE',  ( -11.75000000000000000, -0.5000000000000009992, 2.299999999999999822 ) ) ;
#1476 = LINE ( 'NONE', #638, #1411 ) ;
#1477 = VERTEX_POINT ( 'NONE', #2919 ) ;
#1478 = CARTESIAN_POINT ( 'NONE',  ( 3.960853173095310265, 1.499999999999980016, 12.31085317309539029 ) ) ;
#1479 = PLANE ( 'NONE',  #2281 ) ;
#1480 = EDGE_CURVE ( 'NONE', #368, #402, #2365, .T. ) ;
#1481 = VERTEX_POINT ( 'NONE', #2638 ) ;
#1482 = DIRECTION ( 'NONE',  ( -1.000000000000000000, 0.000000000000000000, 0.000000000000000000 ) ) ;
#1483 = CARTESIAN_POINT ( 'NONE',  ( -11.00000000000000000, -0.5000000000000009992, 3.061616997868389797E-17 ) ) ;
#1484 = PLANE ( 'NONE',  #3098 ) ;
#1485 = EDGE_CURVE ( 'NONE', #789, #2314, #3441, .T. ) ;
#1486 = EDGE_CURVE ( 'NONE', #3134, #295, #2657, .T. ) ;
#1487 = DIRECTION ( 'NONE',  ( 0.000000000000000000, 0.9975640502598243087, 0.06975647374412374813 ) ) ;
#1488 = ORIENTED_EDGE ( 'NONE', *, *, #2350, .F. ) ;
#1489 = CARTESIAN_POINT ( 'NONE',  ( -2.472871394387074151, -1.100000002150788303, 4.940862961540860354 ) ) ;
#1490 = CARTESIAN_POINT ( 'NONE',  ( 4.451058330766270110, -0.5000000000000009992, 3.141730632977529858 ) ) ;
#1491 = VERTEX_POINT ( 'NONE', #2399 ) ;
#1492 = CARTESIAN_POINT ( 'NONE',  ( 12.26224883939210031, -1.900000000000039657, 2.566700762734792640 ) ) ;
#1493 = DIRECTION ( 'NONE',  ( 0.000000000000000000, 2.312964634635742267E-15, -1.000000000000000000 ) ) ;
#1494 = VERTEX_POINT ( 'NONE', #2138 ) ;
#1495 = CARTESIAN_POINT ( 'NONE',  ( -10.54894166923370058, -0.5000000000000009992, 2.299999999999999822 ) ) ;
#1496 = DIRECTION ( 'NONE',  ( 0.000000000000000000, 0.000000000000000000, -1.000000000000000000 ) ) ;
#1497 = FILL_AREA_STYLE_COLOUR ( '', #3049 ) ;
#1498 = AXIS2_PLACEMENT_3D ( 'NONE', #3137, #528, #27 ) ;
#1499 = EDGE_LOOP ( 'NONE', ( #983, #3320 ) ) ;
#1500 = ADVANCED_FACE ( 'NONE', ( #9 ), #1812, .F. ) ;
#1501 = VECTOR ( 'NONE', #3415, 1000.000000000000000 ) ;
#1502 = DIRECTION ( 'NONE',  ( 0.06958737431667194606, 0.9951458157835084695, 0.06958737431665767970 ) ) ;
#1503 = VECTOR ( 'NONE', #3112, 1000.000000000000000 ) ;
#1504 = AXIS2_PLACEMENT_3D ( 'NONE', #1044, #501, #2088 ) ;
#1505 = ORIENTED_EDGE ( 'NONE', *, *, #2594, .T. ) ;
#1506 = ADVANCED_FACE ( 'NONE', ( #1083 ), #512, .F. ) ;
#1507 = CARTESIAN_POINT ( 'NONE',  ( 0.000000000000000000, 0.000000000000000000, 0.000000000000000000 ) ) ;
#1508 = VECTOR ( 'NONE', #1607, 1000.000000000000000 ) ;
#1509 = CIRCLE ( 'NONE', #3443, 1.125000000000000222 ) ;
#1510 = AXIS2_PLACEMENT_3D ( 'NONE', #2816, #1518, #2026 ) ;
#1511 = FACE_OUTER_BOUND ( 'NONE', #762, .T. ) ;
#1512 = VERTEX_POINT ( 'NONE', #2084 ) ;
#1513 = ORIENTED_EDGE ( 'NONE', *, *, #3146, .T. ) ;
#1514 = CARTESIAN_POINT ( 'NONE',  ( 1.990051048614449609E-16, 2.299999999999979838, 9.525000000000000355 ) ) ;
#1515 = AXIS2_PLACEMENT_3D ( 'NONE', #260, #794, #1076 ) ;
#1516 = ORIENTED_EDGE ( 'NONE', *, *, #3422, .T. ) ;
#1517 = CARTESIAN_POINT ( 'NONE',  ( 0.000000000000000000, 0.000000000000000000, 0.000000000000000000 ) ) ;
#1518 = DIRECTION ( 'NONE',  ( -1.000000000000000000, -5.366275521070849818E-30, -8.763792996980120523E-14 ) ) ;
#1519 = AXIS2_PLACEMENT_3D ( 'NONE', #1579, #2630, #3166 ) ;
#1520 = ORIENTED_EDGE ( 'NONE', *, *, #2158, .T. ) ;
#1521 = FACE_OUTER_BOUND ( 'NONE', #1635, .T. ) ;
#1522 = ORIENTED_EDGE ( 'NONE', *, *, #1288, .T. ) ;
#1523 = DIRECTION ( 'NONE',  ( -0.9975640502598241977, 0.06975647374412581592, 3.040138640838901096E-15 ) ) ;
#1524 = EDGE_CURVE ( 'NONE', #2680, #1824, #1883, .T. ) ;
#1525 = PLANE ( 'NONE',  #1617 ) ;
#1526 = ORIENTED_EDGE ( 'NONE', *, *, #362, .T. ) ;
#1527 = VERTEX_POINT ( 'NONE', #550 ) ;
#1528 = CARTESIAN_POINT ( 'NONE',  ( -11.75000000000000000, -0.5000000000000009992, 0.9000000000000050182 ) ) ;
#1529 = ADVANCED_FACE ( 'NONE', ( #287 ), #745, .T. ) ;
#1530 = VERTEX_POINT ( 'NONE', #1309 ) ;
#1531 = LINE ( 'NONE', #2276, #331 ) ;
#1532 = CARTESIAN_POINT ( 'NONE',  ( 4.451058330766270110, 0.000000000000000000, 0.000000000000000000 ) ) ;
#1533 = ORIENTED_EDGE ( 'NONE', *, *, #2689, .F. ) ;
#1534 = DIRECTION ( 'NONE',  ( -1.000000000000000000, 0.000000000000000000, -5.782411586589429820E-15 ) ) ;
#1535 = VERTEX_POINT ( 'NONE', #2883 ) ;
#1536 = CARTESIAN_POINT ( 'NONE',  ( -12.50000000000000000, 1.499999999999980016, 2.299999999999999822 ) ) ;
#1537 = LINE ( 'NONE', #3113, #1850 ) ;
#1538 = ORIENTED_EDGE ( 'NONE', *, *, #3149, .T. ) ;
#1539 = EDGE_CURVE ( 'NONE', #1014, #2928, #1041, .T. ) ;
#1540 =( NAMED_UNIT ( * ) SI_UNIT ( $, .STERADIAN. ) SOLID_ANGLE_UNIT ( ) );
#1541 =( LENGTH_UNIT ( ) NAMED_UNIT ( * ) SI_UNIT ( .MILLI., .METRE. ) );
#1542 = EDGE_LOOP ( 'NONE', ( #259, #3191, #1522, #2891 ) ) ;
#1543 = EDGE_CURVE ( 'NONE', #1613, #598, #1437, .T. ) ;
#1544 = LINE ( 'NONE', #2079, #1833 ) ;
#1545 = CARTESIAN_POINT ( 'NONE',  ( 12.50000000000000000, 1.500000000000000000, 12.59999999999999964 ) ) ;
#1546 = PRODUCT ( 'KBJB', 'KBJB', '', ( #3427 ) ) ;
#1547 = VERTEX_POINT ( 'NONE', #896 ) ;
#1548 = DIRECTION ( 'NONE',  ( 0.000000000000000000, 0.000000000000000000, -1.000000000000000000 ) ) ;
#1549 = CARTESIAN_POINT ( 'NONE',  ( -3.499999999999969802, -0.5000000000000019984, -12.59999999999999964 ) ) ;
#1550 = CARTESIAN_POINT ( 'NONE',  ( 12.00000000000000000, 1.084202172485504434E-16, 1.660816960928050090 ) ) ;
#1551 = VECTOR ( 'NONE', #593, 1000.000000000000000 ) ;
#1552 = EDGE_LOOP ( 'NONE', ( #2407, #1322, #3099, #2951 ) ) ;
#1553 = DIRECTION ( 'NONE',  ( -1.000000000000000000, 5.782411586589340136E-17, 1.386826876246442452E-31 ) ) ;
#1554 = AXIS2_PLACEMENT_3D ( 'NONE', #3392, #1016, #3126 ) ;
#1555 = AXIS2_PLACEMENT_3D ( 'NONE', #2922, #2159, #252 ) ;
#1556 = VECTOR ( 'NONE', #2990, 1000.000000000000000 ) ;
#1557 = AXIS2_PLACEMENT_3D ( 'NONE', #2034, #1764, #2022 ) ;
#1558 = DIRECTION ( 'NONE',  ( 0.000000000000000000, 6.123233995736769734E-17, 1.000000000000000000 ) ) ;
#1559 = VERTEX_POINT ( 'NONE', #3024 ) ;
#1560 = VECTOR ( 'NONE', #781, 1000.000000000000000 ) ;
#1561 = ADVANCED_FACE ( 'NONE', ( #1713 ), #1644, .F. ) ;
#1562 = ORIENTED_EDGE ( 'NONE', *, *, #604, .F. ) ;
#1563 =( GEOMETRIC_REPRESENTATION_CONTEXT ( 3 ) GLOBAL_UNCERTAINTY_ASSIGNED_CONTEXT ( ( #371 ) ) GLOBAL_UNIT_ASSIGNED_CONTEXT ( ( #2306, #769, #226 ) ) REPRESENTATION_CONTEXT ( 'NONE', 'WORKASPACE' ) );
#1564 = DIRECTION ( 'NONE',  ( -2.172718127382370065E-15, 0.000000000000000000, -1.000000000000000000 ) ) ;
#1565 = EDGE_CURVE ( 'NONE', #1794, #2117, #2768, .T. ) ;
#1566 = VERTEX_POINT ( 'NONE', #2431 ) ;
#1567 = VECTOR ( 'NONE', #961, 1000.000000000000000 ) ;
#1568 = DIRECTION ( 'NONE',  ( 0.7071067811865580088, 0.000000000000000000, -0.7071067811865370256 ) ) ;
#1569 = CARTESIAN_POINT ( 'NONE',  ( 0.000000000000000000, -1.900000000000039879, 2.566700762734789976 ) ) ;
#1570 = ADVANCED_FACE ( 'NONE', ( #859 ), #837, .T. ) ;
#1571 = VECTOR ( 'NONE', #3308, 1000.000000000000000 ) ;
#1572 = ORIENTED_EDGE ( 'NONE', *, *, #3323, .F. ) ;
#1573 = FACE_OUTER_BOUND ( 'NONE', #1926, .T. ) ;
#1574 = CARTESIAN_POINT ( 'NONE',  ( -4.249999999999967137, 1.499999999999992673, 12.60000000000001030 ) ) ;
#1575 = DIRECTION ( 'NONE',  ( 7.041308160068680313E-17, 1.000000000000000000, 2.398353793186899962E-15 ) ) ;
#1576 = ORIENTED_EDGE ( 'NONE', *, *, #132, .F. ) ;
#1577 = PRODUCT_DEFINITION_SHAPE ( 'NONE', 'NONE',  #3451 ) ;
#1578 = CARTESIAN_POINT ( 'NONE',  ( 0.000000000000000000, 0.000000000000000000, 0.000000000000000000 ) ) ;
#1579 = CARTESIAN_POINT ( 'NONE',  ( -12.50000000000000000, 2.299999999999979838, 12.59999999999999964 ) ) ;
#1580 = VERTEX_POINT ( 'NONE', #62 ) ;
#1581 = DIRECTION ( 'NONE',  ( -5.325148301357352231E-31, -1.000000000000000000, 6.123233995736769734E-17 ) ) ;
#1582 = CARTESIAN_POINT ( 'NONE',  ( -11.75000000000000178, -0.5000000000000008882, 1.660816960928050090 ) ) ;
#1583 = DIRECTION ( 'NONE',  ( -0.000000000000000000, -1.000000000000000000, 6.123233995736769734E-17 ) ) ;
#1584 = ORIENTED_EDGE ( 'NONE', *, *, #86, .F. ) ;
#1585 = EDGE_LOOP ( 'NONE', ( #936, #740, #2373, #1706 ) ) ;
#1586 = EDGE_CURVE ( 'NONE', #2945, #456, #646, .T. ) ;
#1587 = DIRECTION ( 'NONE',  ( 2.308513010343759911E-15, 0.000000000000000000, 1.000000000000000000 ) ) ;
#1588 = CARTESIAN_POINT ( 'NONE',  ( 10.75000000000000000, -0.5000000000000008882, 0.8999999999999980238 ) ) ;
#1589 = ORIENTED_EDGE ( 'NONE', *, *, #986, .T. ) ;
#1590 = CARTESIAN_POINT ( 'NONE',  ( 12.00000000000000000, -0.5000000000000009992, 1.660816960928050090 ) ) ;
#1591 = ADVANCED_FACE ( 'NONE', ( #2751 ), #2955, .F. ) ;
#1592 = CARTESIAN_POINT ( 'NONE',  ( -3.048941669233709906, -0.5000000000000009992, 3.141730632977520532 ) ) ;
#1593 = PLANE ( 'NONE',  #2440 ) ;
#1594 = EDGE_LOOP ( 'NONE', ( #3114, #2654, #3010, #3263, #1409, #1880, #518, #2810, #521, #564, #2486, #2093, #812, #1149, #3412, #2353 ) ) ;
#1595 = DIRECTION ( 'NONE',  ( 1.000000000000000000, 0.000000000000000000, 0.000000000000000000 ) ) ;
#1596 = CARTESIAN_POINT ( 'NONE',  ( 3.048941669233729890, -0.5000000000000009992, 3.141730632977529858 ) ) ;
#1597 = ORIENTED_EDGE ( 'NONE', *, *, #1123, .F. ) ;
#1598 = CARTESIAN_POINT ( 'NONE',  ( 12.39478613950591779, -0.004628304506368178910, 2.300323642578828487 ) ) ;
#1599 = DIRECTION ( 'NONE',  ( -7.002154620015129468E-17, -1.000000000000000000, -2.398353793186899962E-15 ) ) ;
#1600 = CARTESIAN_POINT ( 'NONE',  ( -10.54894166923370058, -0.5000000000000008882, 1.660816960928050090 ) ) ;
#1601 = ORIENTED_EDGE ( 'NONE', *, *, #366, .F. ) ;
#1602 = LINE ( 'NONE', #1905, #2887 ) ;
#1603 = CARTESIAN_POINT ( 'NONE',  ( 11.75000000000000000, 2.168404344971008868E-16, 3.141730632977529858 ) ) ;
#1604 = EDGE_CURVE ( 'NONE', #2563, #1757, #1681, .T. ) ;
#1605 = VERTEX_POINT ( 'NONE', #916 ) ;
#1606 = EDGE_CURVE ( 'NONE', #800, #2822, #3373, .T. ) ;
#1607 = DIRECTION ( 'NONE',  ( -0.000000000000000000, -6.123233995736769734E-17, -1.000000000000000000 ) ) ;
#1608 = FACE_OUTER_BOUND ( 'NONE', #3274, .T. ) ;
#1609 = LINE ( 'NONE', #2321, #2942 ) ;
#1610 = VECTOR ( 'NONE', #304, 1000.000000000000000 ) ;
#1611 = EDGE_CURVE ( 'NONE', #2100, #1613, #2733, .T. ) ;
#1612 = LINE ( 'NONE', #1373, #3375 ) ;
#1613 = VERTEX_POINT ( 'NONE', #377 ) ;
#1614 = DIRECTION ( 'NONE',  ( 1.000000000000000000, 0.000000000000000000, 0.000000000000000000 ) ) ;
#1615 =( GEOMETRIC_REPRESENTATION_CONTEXT ( 3 ) GLOBAL_UNCERTAINTY_ASSIGNED_CONTEXT ( ( #1284 ) ) GLOBAL_UNIT_ASSIGNED_CONTEXT ( ( #2278, #1993, #663 ) ) REPRESENTATION_CONTEXT ( 'NONE', 'WORKASPACE' ) );
#1616 = MANIFOLD_SOLID_BREP ( 'Imported1', #3339 ) ;
#1617 = AXIS2_PLACEMENT_3D ( 'NONE', #1772, #3093, #1282 ) ;
#1618 = AXIS2_PLACEMENT_3D ( 'NONE', #3352, #966, #2792 ) ;
#1619 = VERTEX_POINT ( 'NONE', #426 ) ;
#1620 = VERTEX_POINT ( 'NONE', #398 ) ;
#1621 = DIRECTION ( 'NONE',  ( 3.032733015906650586E-15, -2.120693512781811497E-16, 1.000000000000000000 ) ) ;
#1622 = ORIENTED_EDGE ( 'NONE', *, *, #2619, .T. ) ;
#1623 = CARTESIAN_POINT ( 'NONE',  ( -2.649999999999979927, 0.000000000000000000, 0.000000000000000000 ) ) ;
#1624 = AXIS2_PLACEMENT_3D ( 'NONE', #1825, #496, #1568 ) ;
#1625 = PLANE ( 'NONE',  #1173 ) ;
#1626 = FACE_OUTER_BOUND ( 'NONE', #820, .T. ) ;
#1627 = VERTEX_POINT ( 'NONE', #2790 ) ;
#1628 = CARTESIAN_POINT ( 'NONE',  ( -3.500000000000000000, -0.5000000000000019984, -12.28329266077840032 ) ) ;
#1629 = DIRECTION ( 'NONE',  ( 2.060900967617639912E-15, -0.000000000000000000, -1.000000000000000000 ) ) ;
#1630 = DIRECTION ( 'NONE',  ( 0.000000000000000000, 1.000000000000000000, -6.123233995736769734E-17 ) ) ;
#1631 = FACE_OUTER_BOUND ( 'NONE', #1339, .T. ) ;
#1632 = CIRCLE ( 'NONE', #1966, 1.624999999999999778 ) ;
#1633 = EDGE_CURVE ( 'NONE', #3072, #514, #80, .T. ) ;
#1634 =( NAMED_UNIT ( * ) SI_UNIT ( $, .STERADIAN. ) SOLID_ANGLE_UNIT ( ) );
#1635 = EDGE_LOOP ( 'NONE', ( #417, #732, #860, #2769 ) ) ;
#1636 = EDGE_CURVE ( 'NONE', #1417, #2290, #3335, .T. ) ;
#1637 = ORIENTED_EDGE ( 'NONE', *, *, #2797, .F. ) ;
#1638 = VERTEX_POINT ( 'NONE', #977 ) ;
#1639 = EDGE_CURVE ( 'NONE', #3121, #1770, #714, .T. ) ;
#1640 = CARTESIAN_POINT ( 'NONE',  ( 12.26224883939210031, -1.900000000000040101, 1.163414459190010088E-16 ) ) ;
#1641 = CARTESIAN_POINT ( 'NONE',  ( 12.44405855044519882, 2.299999999999979838, 2.622848291731600501 ) ) ;
#1642 = ORIENTED_EDGE ( 'NONE', *, *, #1802, .T. ) ;
#1643 = DIRECTION ( 'NONE',  ( 0.000000000000000000, 0.000000000000000000, 1.000000000000000000 ) ) ;
#1644 = PLANE ( 'NONE',  #483 ) ;
#1645 = MANIFOLD_SOLID_BREP ( 'Imported1', #399 ) ;
#1646 = ORIENTED_EDGE ( 'NONE', *, *, #1232, .T. ) ;
#1647 = DIRECTION ( 'NONE',  ( 0.000000000000000000, -0.9902680687415694738, -0.1391731009600720714 ) ) ;
#1648 = FACE_OUTER_BOUND ( 'NONE', #2838, .T. ) ;
#1649 = ORIENTED_EDGE ( 'NONE', *, *, #1143, .F. ) ;
#1651 = VERTEX_POINT ( 'NONE', #2851 ) ;
#1650 = EDGE_CURVE ( 'NONE', #2191, #1535, #2552, .T. ) ;
#1652 = ORIENTED_EDGE ( 'NONE', *, *, #602, .T. ) ;
#1653 = FACE_OUTER_BOUND ( 'NONE', #1145, .T. ) ;
#1654 = CARTESIAN_POINT ( 'NONE',  ( 10.54894166923370058, 1.084202172485504434E-16, 1.660816960928050090 ) ) ;
#1655 = EDGE_CURVE ( 'NONE', #2290, #2356, #166, .T. ) ;
#1656 = VERTEX_POINT ( 'NONE', #2264 ) ;
#1657 = LINE ( 'NONE', #25, #171 ) ;
#1658 = LINE ( 'NONE', #1171, #2448 ) ;
#1659 = FILL_AREA_STYLE_COLOUR ( '', #2056 ) ;
#1660 = ORIENTED_EDGE ( 'NONE', *, *, #1248, .T. ) ;
#1661 = LINE ( 'NONE', #2753, #2877 ) ;
#1662 = CARTESIAN_POINT ( 'NONE',  ( -11.00000000000000000, -7.589415207398531038E-16, -12.59999999999999964 ) ) ;
#1663 = LINE ( 'NONE', #2716, #1740 ) ;
#1664 = B_SPLINE_CURVE_WITH_KNOTS ( 'NONE', 3,
 ( #892, #1419, #627, #606 ),
 .UNSPECIFIED., .F., .F.,
 ( 4, 4 ),
 ( 0.000000000000000000, 1.000000000000000000 ),
 .UNSPECIFIED. ) ;
#1665 = CARTESIAN_POINT ( 'NONE',  ( -3.190957125086741897, -1.900000000456588456, 4.680210338517717616 ) ) ;
#1666 = ORIENTED_EDGE ( 'NONE', *, *, #3298, .T. ) ;
#1667 = ORIENTED_EDGE ( 'NONE', *, *, #365, .F. ) ;
#1668 = AXIS2_PLACEMENT_3D ( 'NONE', #400, #3041, #1738 ) ;
#1669 = CARTESIAN_POINT ( 'NONE',  ( -4.451058330766260340, 1.067390901260399810E-16, 1.660816960928050090 ) ) ;
#1670 = ORIENTED_EDGE ( 'NONE', *, *, #792, .T. ) ;
#1671 = FACE_OUTER_BOUND ( 'NONE', #2742, .T. ) ;
#1672 = DIRECTION ( 'NONE',  ( 1.000000000000000000, -1.330406150074129929E-31, -2.172718127382370065E-15 ) ) ;
#1673 = VECTOR ( 'NONE', #3354, 1000.000000000000114 ) ;
#1674 = ADVANCED_FACE ( 'NONE', ( #2040 ), #1484, .T. ) ;
#1675 = AXIS2_PLACEMENT_3D ( 'NONE', #2991, #636, #932 ) ;
#1676 = AXIS2_PLACEMENT_3D ( 'NONE', #1326, #2382, #3178 ) ;
#1677 = ORIENTED_EDGE ( 'NONE', *, *, #189, .F. ) ;
#1678 = VECTOR ( 'NONE', #2002, 1000.000000000000000 ) ;
#1679 = DIRECTION ( 'NONE',  ( 1.000000000000000000, 6.067187271668320744E-17, -8.676482028909773481E-16 ) ) ;
#1680 = CARTESIAN_POINT ( 'NONE',  ( 12.00000000000000000, -0.5000000000000008882, 1.660816960928050090 ) ) ;
#1681 = LINE ( 'NONE', #2972, #1392 ) ;
#1682 = ADVANCED_FACE ( 'NONE', ( #709 ), #1779, .F. ) ;
#1683 = VECTOR ( 'NONE', #2832, 1000.000000000000000 ) ;
#1684 = DIRECTION ( 'NONE',  ( 1.387778780781460191E-14, -6.123233995736769734E-17, -1.000000000000000000 ) ) ;
#1685 =( GEOMETRIC_REPRESENTATION_CONTEXT ( 3 ) GLOBAL_UNCERTAINTY_ASSIGNED_CONTEXT ( ( #3358 ) ) GLOBAL_UNIT_ASSIGNED_CONTEXT ( ( #1404, #1317, #1873 ) ) REPRESENTATION_CONTEXT ( 'NONE', 'WORKASPACE' ) );
#1686 = DIRECTION ( 'NONE',  ( -0.000000000000000000, -0.000000000000000000, 1.000000000000000000 ) ) ;
#1687 = EDGE_CURVE ( 'NONE', #580, #577, #3363, .T. ) ;
#1688 = CARTESIAN_POINT ( 'NONE',  ( 7.416249555727289611, -1.100000000000010081, 7.899999999999990585 ) ) ;
#1689 = ORIENTED_EDGE ( 'NONE', *, *, #148, .F. ) ;
#1690 = VECTOR ( 'NONE', #284, 1000.000000000000000 ) ;
#1691 = CARTESIAN_POINT ( 'NONE',  ( 11.00000000000000000, -0.5000000000000019984, -12.28329266077830084 ) ) ;
#1692 = ORIENTED_EDGE ( 'NONE', *, *, #1819, .T. ) ;
#1693 = CARTESIAN_POINT ( 'NONE',  ( -2.780982109931250168, -1.394827298847149954, 4.971871933780369623 ) ) ;
#1694 = DIRECTION ( 'NONE',  ( -0.7071067811865581199, 0.000000000000000000, 0.7071067811865369146 ) ) ;
#1695 = EDGE_LOOP ( 'NONE', ( #3340, #3328, #1254, #2628 ) ) ;
#1696 = DIRECTION ( 'NONE',  ( -1.000000000000000000, 0.000000000000000000, 0.000000000000000000 ) ) ;
#1697 = ORIENTED_EDGE ( 'NONE', *, *, #118, .F. ) ;
#1698 = DIRECTION ( 'NONE',  ( -0.5218072611013959694, -5.223506875434229690E-17, -0.8530634104577804466 ) ) ;
#1699 = ORIENTED_EDGE ( 'NONE', *, *, #236, .T. ) ;
#1700 = EDGE_CURVE ( 'NONE', #3292, #1238, #2931, .T. ) ;
#1701 = LINE ( 'NONE', #96, #608 ) ;
#1702 = DIRECTION ( 'NONE',  ( 0.000000000000000000, 0.000000000000000000, 1.000000000000000000 ) ) ;
#1703 = DIRECTION ( 'NONE',  ( -1.000000000000000000, 0.000000000000000000, -0.000000000000000000 ) ) ;
#1704 = PLANE ( 'NONE',  #3211 ) ;
#1705 = CARTESIAN_POINT ( 'NONE',  ( 12.50000000000000000, 1.499999999999980016, 12.60000000000000320 ) ) ;
#1706 = ORIENTED_EDGE ( 'NONE', *, *, #2073, .F. ) ;
#1707 = DIRECTION ( 'NONE',  ( 0.000000000000000000, -6.123233995736769734E-17, -1.000000000000000000 ) ) ;
#1708 = CARTESIAN_POINT ( 'NONE',  ( -4.249999999999969802, -0.5000000000000009992, 0.8999999999999980238 ) ) ;
#1709 = EDGE_LOOP ( 'NONE', ( #280, #2147, #3111, #1172 ) ) ;
#1710 = CARTESIAN_POINT ( 'NONE',  ( 2.650000000000030553, 1.067390901260399810E-16, 1.660816960928049202 ) ) ;
#1711 = FACE_OUTER_BOUND ( 'NONE', #2480, .T. ) ;
#1712 = ORIENTED_EDGE ( 'NONE', *, *, #1314, .T. ) ;
#1713 = FACE_OUTER_BOUND ( 'NONE', #631, .T. ) ;
#1714 = EDGE_LOOP ( 'NONE', ( #3250, #198, #960, #168 ) ) ;
#1715 = CARTESIAN_POINT ( 'NONE',  ( 3.960853173095305824, 2.299999999999979838, 12.31085317309539207 ) ) ;
#1716 = CARTESIAN_POINT ( 'NONE',  ( 0.000000000000000000, 0.000000000000000000, 0.000000000000000000 ) ) ;
#1717 = LINE ( 'NONE', #2771, #2783 ) ;
#1718 = EDGE_CURVE ( 'NONE', #330, #3203, #1037, .T. ) ;
#1719 = EDGE_CURVE ( 'NONE', #803, #1627, #245, .T. ) ;
#1720 = CARTESIAN_POINT ( 'NONE',  ( -14.86293112954090034, -1.100000000000020073, 12.41819028894689936 ) ) ;
#1721 = EDGE_CURVE ( 'NONE', #2825, #3159, #2133, .T. ) ;
#1722 = FACE_OUTER_BOUND ( 'NONE', #137, .T. ) ;
#1723 = ORIENTED_EDGE ( 'NONE', *, *, #344, .T. ) ;
#1724 = DIRECTION ( 'NONE',  ( -0.06958737431667445794, -0.9951458157835081364, -0.06958737431666017770 ) ) ;
#1725 = DIRECTION ( 'NONE',  ( -2.172718127382370065E-15, 0.000000000000000000, -1.000000000000000000 ) ) ;
#1726 = EDGE_CURVE ( 'NONE', #1605, #2100, #2080, .T. ) ;
#1727 = VECTOR ( 'NONE', #3419, 1000.000000000000000 ) ;
#1728 = EDGE_LOOP ( 'NONE', ( #372, #3242, #2299, #2199 ) ) ;
#1729 = VECTOR ( 'NONE', #2869, 1000.000000000000000 ) ;
#1730 = CARTESIAN_POINT ( 'NONE',  ( -3.960853173095360447, 2.299999999999979838, 12.31085317309539917 ) ) ;
#1731 = LINE ( 'NONE', #3038, #1410 ) ;
#1732 = CARTESIAN_POINT ( 'NONE',  ( 0.000000000000000000, 1.016957087585086310E-16, 1.660816960928050090 ) ) ;
#1733 = ORIENTED_EDGE ( 'NONE', *, *, #2503, .T. ) ;
#1734 = VECTOR ( 'NONE', #1057, 1000.000000000000000 ) ;
#1735 = APPLICATION_CONTEXT ( 'automotive_design' ) ;
#1736 = AXIS2_PLACEMENT_3D ( 'NONE', #1899, #1432, #2482 ) ;
#1737 = ORIENTED_EDGE ( 'NONE', *, *, #3319, .T. ) ;
#1738 = DIRECTION ( 'NONE',  ( 0.000000000000000000, 0.000000000000000000, 1.000000000000000000 ) ) ;
#1739 = DIRECTION ( 'NONE',  ( 0.000000000000000000, 2.312964634635742267E-15, -1.000000000000000000 ) ) ;
#1740 = VECTOR ( 'NONE', #67, 1000.000000000000000 ) ;
#1741 = ORIENTED_EDGE ( 'NONE', *, *, #1466, .T. ) ;
#1742 = AXIS2_PLACEMENT_3D ( 'NONE', #648, #2910, #2195 ) ;
#1743 = LINE ( 'NONE', #1159, #1448 ) ;
#1744 = CARTESIAN_POINT ( 'NONE',  ( 12.50000000000002132, 1.499999999999989120, 2.510415623969684429 ) ) ;
#1745 = VECTOR ( 'NONE', #1989, 1000.000000000000000 ) ;
#1746 = ORIENTED_EDGE ( 'NONE', *, *, #3149, .F. ) ;
#1747 = EDGE_CURVE ( 'NONE', #1619, #783, #2362, .T. ) ;
#1748 =( LENGTH_UNIT ( ) NAMED_UNIT ( * ) SI_UNIT ( .MILLI., .METRE. ) );
#1749 = DIRECTION ( 'NONE',  ( 0.000000000000000000, 6.123233995736769734E-17, 1.000000000000000000 ) ) ;
#1750 = VECTOR ( 'NONE', #3254, 1000.000000000000114 ) ;
#1751 = EDGE_CURVE ( 'NONE', #1214, #2414, #815, .T. ) ;
#1752 = ORIENTED_EDGE ( 'NONE', *, *, #2526, .T. ) ;
#1753 = DIRECTION ( 'NONE',  ( 0.06975647374412581592, 0.9975640502598241977, -0.000000000000000000 ) ) ;
#1754 = PLANE ( 'NONE',  #2238 ) ;
#1755 = CYLINDRICAL_SURFACE ( 'NONE', #446, 1.125000000000000222 ) ;
#1756 = DIRECTION ( 'NONE',  ( 0.000000000000000000, 0.000000000000000000, -1.000000000000000000 ) ) ;
#1757 = VERTEX_POINT ( 'NONE', #543 ) ;
#1758 = CARTESIAN_POINT ( 'NONE',  ( 11.75000000000000178, 1.609491987503152027E-16, 1.660816960928049202 ) ) ;
#1759 = ORIENTED_EDGE ( 'NONE', *, *, #366, .T. ) ;
#1760 = CARTESIAN_POINT ( 'NONE',  ( -2.627284446853050071, -1.100000000000000533, 5.069777143659209173 ) ) ;
#1761 = LINE ( 'NONE', #2560, #2775 ) ;
#1762 = ORIENTED_EDGE ( 'NONE', *, *, #2664, .F. ) ;
#1763 = DIRECTION ( 'NONE',  ( 0.000000000000000000, 6.123233995736769734E-17, 1.000000000000000000 ) ) ;
#1764 = DIRECTION ( 'NONE',  ( 0.000000000000000000, 1.000000000000000000, -6.123233995736769734E-17 ) ) ;
#1765 = VERTEX_POINT ( 'NONE', #755 ) ;
#1766 = FACE_OUTER_BOUND ( 'NONE', #2140, .T. ) ;
#1767 = CARTESIAN_POINT ( 'NONE',  ( -10.15000000000000036, -0.5000000000000009992, 3.061616997868389797E-17 ) ) ;
#1768 = CARTESIAN_POINT ( 'NONE',  ( -7.416249555727289611, -1.100000000000010081, 7.899999999999990585 ) ) ;
#1769 = CARTESIAN_POINT ( 'NONE',  ( -11.00000000000000000, -0.5000000000000017764, -12.28329266077840032 ) ) ;
#1770 = VERTEX_POINT ( 'NONE', #742 ) ;
#1771 = CARTESIAN_POINT ( 'NONE',  ( 4.249999999999979572, 2.299999999999979838, 12.59999999999999964 ) ) ;
#1772 = CARTESIAN_POINT ( 'NONE',  ( -14.86293112954090034, -1.100000000000020073, 12.12904346204230066 ) ) ;
#1773 = ORIENTED_EDGE ( 'NONE', *, *, #132, .T. ) ;
#1774 = DIRECTION ( 'NONE',  ( 8.696627150072860763E-15, -6.123233995736769734E-17, -1.000000000000000000 ) ) ;
#1775 = ORIENTED_EDGE ( 'NONE', *, *, #2282, .T. ) ;
#1776 = CARTESIAN_POINT ( 'NONE',  ( -3.499999999999985789, -0.5000000000000018874, -12.59999999999999964 ) ) ;
#1777 = ADVANCED_FACE ( 'NONE', ( #1879 ), #1625, .F. ) ;
#1778 = DIRECTION ( 'NONE',  ( -0.000000000000000000, 6.123233995736769734E-17, 1.000000000000000000 ) ) ;
#1779 = PLANE ( 'NONE',  #2165 ) ;
#1780 = EDGE_CURVE ( 'NONE', #2043, #1014, #1268, .T. ) ;
#1781 = ORIENTED_EDGE ( 'NONE', *, *, #2618, .F. ) ;
#1782 = PRESENTATION_LAYER_ASSIGNMENT (  '', '', ( #2937 ) ) ;
#1783 = EDGE_CURVE ( 'NONE', #1919, #2965, #2865, .T. ) ;
#1784 = PLANE ( 'NONE',  #2279 ) ;
#1785 = VECTOR ( 'NONE', #2642, 1000.000000000000000 ) ;
#1786 = CIRCLE ( 'NONE', #2011, 1.125000000000000222 ) ;
#1787 = EDGE_LOOP ( 'NONE', ( #2789, #428, #1859, #225 ) ) ;
#1788 = EDGE_CURVE ( 'NONE', #866, #2414, #475, .T. ) ;
#1789 = DIRECTION ( 'NONE',  ( -0.06975647374412581592, -0.9975640502598241977, 0.000000000000000000 ) ) ;
#1790 = AXIS2_PLACEMENT_3D ( 'NONE', #1061, #2603, #1882 ) ;
#1791 = VECTOR ( 'NONE', #3380, 1000.000000000000000 ) ;
#1792 = PLANE ( 'NONE',  #1243 ) ;
#1793 = ORIENTED_EDGE ( 'NONE', *, *, #2593, .T. ) ;
#1794 = VERTEX_POINT ( 'NONE', #2325 ) ;
#1795 = LINE ( 'NONE', #937, #440 ) ;
#1796 = LINE ( 'NONE', #1596, #1294 ) ;
#1797 = ORIENTED_EDGE ( 'NONE', *, *, #2639, .T. ) ;
#1798 =( REPRESENTATION_RELATIONSHIP ('NONE','NONE', #3351, #854 ) REPRESENTATION_RELATIONSHIP_WITH_TRANSFORMATION ( #635 )SHAPE_REPRESENTATION_RELATIONSHIP( ) );
#1799 = CARTESIAN_POINT ( 'NONE',  ( 0.000000000000000000, -1.100000000000009859, 7.900000000000000355 ) ) ;
#1800 = VECTOR ( 'NONE', #39, 1000.000000000000000 ) ;
#1801 = CARTESIAN_POINT ( 'NONE',  ( 2.826735940386376100, -1.100000000000000755, 5.142090551145289901 ) ) ;
#1802 = EDGE_CURVE ( 'NONE', #2648, #300, #3398, .T. ) ;
#1803 = ORIENTED_EDGE ( 'NONE', *, *, #3089, .F. ) ;
#1804 = DIRECTION ( 'NONE',  ( 0.000000000000000000, 0.000000000000000000, -1.000000000000000000 ) ) ;
#1805 = PLANE ( 'NONE',  #545 ) ;
#1806 = VERTEX_POINT ( 'NONE', #2597 ) ;
#1807 = SURFACE_SIDE_STYLE ('',( #2700 ) ) ;
#1808 = ORIENTED_EDGE ( 'NONE', *, *, #1471, .F. ) ;
#1809 = CARTESIAN_POINT ( 'NONE',  ( -3.500000000000000000, -0.5000000000000018874, -12.28329266077840032 ) ) ;
#1810 = DIRECTION ( 'NONE',  ( 0.000000000000000000, 0.000000000000000000, -1.000000000000000000 ) ) ;
#1811 = ORIENTED_EDGE ( 'NONE', *, *, #2757, .F. ) ;
#1812 = PLANE ( 'NONE',  #202 ) ;
#1813 = EDGE_LOOP ( 'NONE', ( #235, #1259, #1222, #1637 ) ) ;
#1814 = FACE_OUTER_BOUND ( 'NONE', #2530, .T. ) ;
#1815 = EDGE_CURVE ( 'NONE', #1847, #3227, #3173, .T. ) ;
#1816 = LINE ( 'NONE', #1087, #3048 ) ;
#1817 = ORIENTED_EDGE ( 'NONE', *, *, #2839, .F. ) ;
#1818 =( LENGTH_UNIT ( ) NAMED_UNIT ( * ) SI_UNIT ( .MILLI., .METRE. ) );
#1819 = EDGE_CURVE ( 'NONE', #2087, #3096, #1843, .T. ) ;
#1820 = ORIENTED_EDGE ( 'NONE', *, *, #1747, .F. ) ;
#1821 = CARTESIAN_POINT ( 'NONE',  ( 4.250000000000027534, -0.5000000000000019984, -11.87458648033101660 ) ) ;
#1822 = LINE ( 'NONE', #2650, #777 ) ;
#1823 = DIRECTION ( 'NONE',  ( 0.000000000000000000, -6.123233995736769734E-17, -1.000000000000000000 ) ) ;
#1824 = VERTEX_POINT ( 'NONE', #211 ) ;
#1825 = CARTESIAN_POINT ( 'NONE',  ( -4.249999999999969802, 2.299999999999979838, 12.59999999999999964 ) ) ;
#1826 = DIRECTION ( 'NONE',  ( 0.000000000000000000, 1.000000000000000000, -6.123233995736769734E-17 ) ) ;
#1827 = VECTOR ( 'NONE', #900, 1000.000000000000000 ) ;
#1828 = VERTEX_POINT ( 'NONE', #1287 ) ;
#1829 = CARTESIAN_POINT ( 'NONE',  ( 11.00000000000000000, -0.5000000000000017764, -12.28329266077830084 ) ) ;
#1830 = VECTOR ( 'NONE', #3125, 1000.000000000000000 ) ;
#1831 = DIRECTION ( 'NONE',  ( 1.000000000000000000, 0.000000000000000000, 8.696627150074099275E-15 ) ) ;
#1832 = VECTOR ( 'NONE', #1703, 1000.000000000000000 ) ;
#1833 = VECTOR ( 'NONE', #1303, 1000.000000000000000 ) ;
#1834 = CARTESIAN_POINT ( 'NONE',  ( -11.75000000000000178, 1.067390901260399810E-16, 1.660816960928050090 ) ) ;
#1835 = VERTEX_POINT ( 'NONE', #1020 ) ;
#1836 = CARTESIAN_POINT ( 'NONE',  ( 0.000000000000000000, 0.000000000000000000, 0.000000000000000000 ) ) ;
#1837 = DIRECTION ( 'NONE',  ( 2.308513010343759911E-15, 0.000000000000000000, 1.000000000000000000 ) ) ;
#1838 = PRODUCT_DEFINITION ( 'UNKNOWN', '', #558, #2292 ) ;
#1839 = ADVANCED_FACE ( 'NONE', ( #5 ), #2633, .F. ) ;
#1840 = EDGE_LOOP ( 'NONE', ( #3190, #1597, #2273, #1109 ) ) ;
#1841 = VECTOR ( 'NONE', #1778, 1000.000000000000000 ) ;
#1842 = CARTESIAN_POINT ( 'NONE',  ( 11.75000000000000000, -0.5000000000000009992, 3.141730632977529858 ) ) ;
#1843 = LINE ( 'NONE', #2899, #2551 ) ;
#1844 = EDGE_CURVE ( 'NONE', #2371, #1319, #1862, .T. ) ;
#1845 = ORIENTED_EDGE ( 'NONE', *, *, #175, .T. ) ;
#1846 = AXIS2_PLACEMENT_3D ( 'NONE', #744, #477, #1548 ) ;
#1847 = VERTEX_POINT ( 'NONE', #524 ) ;
#1848 = DIRECTION ( 'NONE',  ( -0.8530634104577400345, 3.195147960398760273E-17, 0.5218072611014620277 ) ) ;
#1849 = PLANE ( 'NONE',  #1498 ) ;
#1850 = VECTOR ( 'NONE', #1558, 1000.000000000000000 ) ;
#1851 = ORIENTED_EDGE ( 'NONE', *, *, #294, .F. ) ;
#1852 = PLANE ( 'NONE',  #2442 ) ;
#1853 = DIRECTION ( 'NONE',  ( 0.000000000000000000, 6.123233995736769734E-17, 1.000000000000000000 ) ) ;
#1854 = ADVANCED_BREP_SHAPE_REPRESENTATION ( '', ( #2821, #1405 ), #2557 ) ;
#1855 = CARTESIAN_POINT ( 'NONE',  ( -12.31819028894691037, -1.100000000000027400, 3.753881360999059760E-14 ) ) ;
#1856 = EDGE_LOOP ( 'NONE', ( #2902, #757, #1412, #1660 ) ) ;
#1857 = APPLICATION_PROTOCOL_DEFINITION ( 'draft international standard', 'automotive_design', 1998, #584 ) ;
#1858 = CARTESIAN_POINT ( 'NONE',  ( 0.000000000000000000, -0.5000000000000007772, 3.141730632977529858 ) ) ;
#1859 = ORIENTED_EDGE ( 'NONE', *, *, #365, .T. ) ;
#1860 = CARTESIAN_POINT ( 'NONE',  ( -11.50000000000000000, -0.5000000000000019984, -12.28329266077840032 ) ) ;
#1861 = DIRECTION ( 'NONE',  ( -1.000000000000000000, -0.000000000000000000, 1.387778780781439996E-14 ) ) ;
#1862 = LINE ( 'NONE', #2651, #2330 ) ;
#1863 = VERTEX_POINT ( 'NONE', #1600 ) ;
#1864 = DIRECTION ( 'NONE',  ( 0.000000000000000000, 1.000000000000000000, -6.123233995736769734E-17 ) ) ;
#1865 = CARTESIAN_POINT ( 'NONE',  ( 3.250000000000013323, -3.715125592391608429E-16, -11.87458648033099351 ) ) ;
#1866 = EDGE_CURVE ( 'NONE', #3411, #300, #262, .T. ) ;
#1867 = ORIENTED_EDGE ( 'NONE', *, *, #2520, .F. ) ;
#1868 = DIRECTION ( 'NONE',  ( -1.000000000000000000, 0.000000000000000000, -0.000000000000000000 ) ) ;
#1869 = CARTESIAN_POINT ( 'NONE',  ( -14.86293112954090034, -0.004628304506367661095, 2.300323642578829375 ) ) ;
#1870 = DIRECTION ( 'NONE',  ( 0.000000000000000000, 6.123233995736769734E-17, 1.000000000000000000 ) ) ;
#1871 = CARTESIAN_POINT ( 'NONE',  ( -12.50000000000000000, 1.499999999999960254, 2.510415623969677767 ) ) ;
#1872 = ORIENTED_EDGE ( 'NONE', *, *, #912, .F. ) ;
#1873 =( NAMED_UNIT ( * ) SI_UNIT ( $, .STERADIAN. ) SOLID_ANGLE_UNIT ( ) );
#1874 = CARTESIAN_POINT ( 'NONE',  ( -3.249999999999940048, -0.5000000000000019984, 0.9000000000000010214 ) ) ;
#1875 = ORIENTED_EDGE ( 'NONE', *, *, #867, .F. ) ;
#1876 = EDGE_LOOP ( 'NONE', ( #1513, #376, #2219, #537 ) ) ;
#1877 = CARTESIAN_POINT ( 'NONE',  ( 3.500000000000000000, -0.5000000000000019984, -12.59999999999999964 ) ) ;
#1878 = FACE_OUTER_BOUND ( 'NONE', #2669, .T. ) ;
#1879 = FACE_OUTER_BOUND ( 'NONE', #308, .T. ) ;
#1880 = ORIENTED_EDGE ( 'NONE', *, *, #1232, .F. ) ;
#1881 = PLANE ( 'NONE',  #2067 ) ;
#1882 = DIRECTION ( 'NONE',  ( 0.5218072611013602202, 0.000000000000000000, 0.8530634104578023180 ) ) ;
#1883 = LINE ( 'NONE', #759, #2492 ) ;
#1884 = ORIENTED_EDGE ( 'NONE', *, *, #2432, .F. ) ;
#1885 = EDGE_CURVE ( 'NONE', #3227, #368, #21, .T. ) ;
#1886 = CARTESIAN_POINT ( 'NONE',  ( 0.000000000000000000, 5.510910596163099416E-17, 0.9000000000000010214 ) ) ;
#1887 = DIRECTION ( 'NONE',  ( 0.000000000000000000, 2.312964634635742267E-15, -1.000000000000000000 ) ) ;
#1888 = CARTESIAN_POINT ( 'NONE',  ( 0.000000000000000000, -0.5000000000000009992, 3.061616997868389797E-17 ) ) ;
#1889 = AXIS2_PLACEMENT_3D ( 'NONE', #46, #1454, #633 ) ;
#1890 = ADVANCED_FACE ( 'NONE', ( #1093 ), #3140, .F. ) ;
#1891 = ORIENTED_EDGE ( 'NONE', *, *, #409, .T. ) ;
#1892 = VECTOR ( 'NONE', #2032, 1000.000000000000000 ) ;
#1893 = VECTOR ( 'NONE', #1823, 1000.000000000000000 ) ;
#1894 = AXIS2_PLACEMENT_3D ( 'NONE', #1590, #1684, #2736 ) ;
#1895 = VECTOR ( 'NONE', #2410, 1000.000000000000000 ) ;
#1896 = EDGE_LOOP ( 'NONE', ( #1775, #3129 ) ) ;
#1897 = EDGE_LOOP ( 'NONE', ( #220, #276, #1332, #2468 ) ) ;
#1898 = CARTESIAN_POINT ( 'NONE',  ( -2.658138200597877976, -1.900000000070753758, 4.496903024970973384 ) ) ;
#1899 = CARTESIAN_POINT ( 'NONE',  ( -3.960853173095360447, 2.299999999999979838, 12.31085317309539917 ) ) ;
#1900 = AXIS2_PLACEMENT_3D ( 'NONE', #2247, #2508, #2987 ) ;
#1901 = PLANE ( 'NONE',  #223 ) ;
#1902 = AXIS2_PLACEMENT_3D ( 'NONE', #708, #3074, #2568 ) ;
#1903 = VERTEX_POINT ( 'NONE', #532 ) ;
#1904 = DIRECTION ( 'NONE',  ( -1.000000000000000000, -0.000000000000000000, -0.000000000000000000 ) ) ;
#1905 = CARTESIAN_POINT ( 'NONE',  ( -11.75000000000000000, -0.5000000000000009992, 0.9000000000000050182 ) ) ;
#1906 = ORIENTED_EDGE ( 'NONE', *, *, #581, .F. ) ;
#1907 = LINE ( 'NONE', #1066, #264 ) ;
#1908 = CARTESIAN_POINT ( 'NONE',  ( -4.849999999999970335, -0.5000000000000008882, 1.660816960928050090 ) ) ;
#1909 = PRESENTATION_STYLE_ASSIGNMENT (( #1068 ) ) ;
#1910 = VECTOR ( 'NONE', #2311, 1000.000000000000000 ) ;
#1911 = EDGE_CURVE ( 'NONE', #658, #2037, #2908, .T. ) ;
#1912 = DIRECTION ( 'NONE',  ( 1.000000000000000000, 0.000000000000000000, -0.000000000000000000 ) ) ;
#1913 = ORIENTED_EDGE ( 'NONE', *, *, #2706, .T. ) ;
#1914 = ADVANCED_FACE ( 'NONE', ( #1608 ), #2958, .F. ) ;
#1915 = VERTEX_POINT ( 'NONE', #516 ) ;
#1916 = VERTEX_POINT ( 'NONE', #1574 ) ;
#1917 = DIRECTION ( 'NONE',  ( 0.000000000000000000, 6.123233995736769734E-17, 1.000000000000000000 ) ) ;
#1918 = PLANE ( 'NONE',  #2553 ) ;
#1919 = VERTEX_POINT ( 'NONE', #1908 ) ;
#1920 = CARTESIAN_POINT ( 'NONE',  ( 0.000000000000000000, 2.299999999999979838, 7.900000000000000355 ) ) ;
#1921 = CARTESIAN_POINT ( 'NONE',  ( -12.00000000000000000, -0.5000000000000009992, 3.061616997868389797E-17 ) ) ;
#1922 = ORIENTED_EDGE ( 'NONE', *, *, #890, .F. ) ;
#1923 = LINE ( 'NONE', #1386, #3046 ) ;
#1924 = LINE ( 'NONE', #1662, #321 ) ;
#1925 = DIRECTION ( 'NONE',  ( -0.000000000000000000, 1.000000000000000000, -6.123233995736769734E-17 ) ) ;
#1926 = EDGE_LOOP ( 'NONE', ( #1533, #816, #1184, #309 ) ) ;
#1927 = EDGE_CURVE ( 'NONE', #1656, #1619, #2103, .T. ) ;
#1928 = EDGE_CURVE ( 'NONE', #330, #1436, #1029, .T. ) ;
#1929 = ORIENTED_EDGE ( 'NONE', *, *, #170, .F. ) ;
#1930 = ORIENTED_EDGE ( 'NONE', *, *, #2479, .T. ) ;
#1931 = EDGE_CURVE ( 'NONE', #1477, #1806, #2380, .T. ) ;
#1932 = DIRECTION ( 'NONE',  ( 0.8530634104578169730, 3.195147960397990518E-17, 0.5218072611013361284 ) ) ;
#1933 = DIRECTION ( 'NONE',  ( 0.06958737430922780354, 0.9951458157840270546, -0.06958737431668757245 ) ) ;
#1934 = EDGE_CURVE ( 'NONE', #938, #1042, #1105, .T. ) ;
#1935 = EDGE_LOOP ( 'NONE', ( #1797, #482, #1488, #1516 ) ) ;
#1936 = EDGE_CURVE ( 'NONE', #107, #2051, #2776, .T. ) ;
#1937 = CARTESIAN_POINT ( 'NONE',  ( 10.75000000000000000, -0.5000000000000009992, 0.8999999999999980238 ) ) ;
#1938 = PLANE ( 'NONE',  #2665 ) ;
#1939 = SURFACE_STYLE_USAGE ( .BOTH. , #2510 ) ;
#1940 = DIRECTION ( 'NONE',  ( -6.464053647348652868E-17, -0.1391731009600720714, 0.9902680687415694738 ) ) ;
#1941 = CARTESIAN_POINT ( 'NONE',  ( 0.000000000000000000, 0.000000000000000000, 0.000000000000000000 ) ) ;
#1942 = CARTESIAN_POINT ( 'NONE',  ( -10.54894166923370058, -0.5000000000000009992, 3.141730632977520532 ) ) ;
#1943 =( BOUNDED_CURVE ( )  B_SPLINE_CURVE ( 3, ( #596, #123, #2515, #1665 ),
 .UNSPECIFIED., .F., .T. ) 
 B_SPLINE_CURVE_WITH_KNOTS ( ( 4, 4 ),
 ( 0.000000000000000000, 1.000000000000000000 ),
 .UNSPECIFIED. ) 
 CURVE ( )  GEOMETRIC_REPRESENTATION_ITEM ( )  RATIONAL_B_SPLINE_CURVE ( ( 0.9999999974607748365, 0.9999999975453813805, 0.9999999976216704667, 0.9999999976916883471 ) ) 
 REPRESENTATION_ITEM ( '' )  );
#1944 = DIRECTION ( 'NONE',  ( -1.000000000000000000, 0.000000000000000000, 0.000000000000000000 ) ) ;
#1945 = ORIENTED_EDGE ( 'NONE', *, *, #1165, .T. ) ;
#1946 = VERTEX_POINT ( 'NONE', #2142 ) ;
#1947 = VECTOR ( 'NONE', #1206, 1000.000000000000000 ) ;
#1948 = ORIENTED_EDGE ( 'NONE', *, *, #2055, .T. ) ;
#1949 = LINE ( 'NONE', #2220, #2284 ) ;
#1950 = LINE ( 'NONE', #3276, #161 ) ;
#1951 = VECTOR ( 'NONE', #576, 1000.000000000000000 ) ;
#1952 = AXIS2_PLACEMENT_3D ( 'NONE', #1842, #506, #2066 ) ;
#1953 = EDGE_CURVE ( 'NONE', #690, #1429, #1086, .T. ) ;
#1954 = VERTEX_POINT ( 'NONE', #3446 ) ;
#1955 = CIRCLE ( 'NONE', #266, 1.125000000000000222 ) ;
#1956 = LINE ( 'NONE', #2730, #2345 ) ;
#1957 = PLANE ( 'NONE',  #50 ) ;
#1958 = ORIENTED_EDGE ( 'NONE', *, *, #2089, .T. ) ;
#1959 = SURFACE_SIDE_STYLE ('',( #3262 ) ) ;
#1960 = VECTOR ( 'NONE', #697, 1000.000000000000000 ) ;
#1961 = CARTESIAN_POINT ( 'NONE',  ( -2.775557561562890089E-14, -1.900000000034651748, 7.902861295432880517 ) ) ;
#1962 = SHAPE_DEFINITION_REPRESENTATION ( #1269, #854 ) ;
#1963 = VECTOR ( 'NONE', #2850, 1000.000000000000000 ) ;
#1964 = CARTESIAN_POINT ( 'NONE',  ( 2.842651955202060154, -1.671128102096600010, 4.812349590644689812 ) ) ;
#1965 = PLANE ( 'NONE',  #1174 ) ;
#1966 = AXIS2_PLACEMENT_3D ( 'NONE', #2025, #1469, #1255 ) ;
#1967 = EDGE_LOOP ( 'NONE', ( #2168, #1922, #2784, #907 ) ) ;
#1968 = CARTESIAN_POINT ( 'NONE',  ( -3.048941669233709906, -0.5000000000000009992, 3.141730632977520532 ) ) ;
#1969 = CARTESIAN_POINT ( 'NONE',  ( -12.00000000000000000, 1.084202172485504434E-16, 0.8999999999999980238 ) ) ;
#1970 = ORIENTED_EDGE ( 'NONE', *, *, #2073, .T. ) ;
#1971 = CARTESIAN_POINT ( 'NONE',  ( 4.249999999999979572, 2.299999999999979838, 12.59999999999999964 ) ) ;
#1972 = EDGE_CURVE ( 'NONE', #1481, #1214, #2888, .T. ) ;
#1973 = LINE ( 'NONE', #341, #104 ) ;
#1974 = ORIENTED_EDGE ( 'NONE', *, *, #3047, .F. ) ;
#1975 = DIRECTION ( 'NONE',  ( 0.000000000000000000, 2.312964634635742267E-15, -1.000000000000000000 ) ) ;
#1976 = VERTEX_POINT ( 'NONE', #3197 ) ;
#1977 = DIRECTION ( 'NONE',  ( 0.06958737431666556228, -0.9951458157835093576, -0.06958737431665361350 ) ) ;
#1978 = EDGE_CURVE ( 'NONE', #2323, #2462, #1067, .T. ) ;
#1979 = DIRECTION ( 'NONE',  ( 0.000000000000000000, 0.000000000000000000, 1.000000000000000000 ) ) ;
#1980 = CARTESIAN_POINT ( 'NONE',  ( 4.000000000000029310, -0.5000000000000019984, -12.28329266077840209 ) ) ;
#1981 = EDGE_CURVE ( 'NONE', #2020, #1530, #2662, .T. ) ;
#1982 = EDGE_CURVE ( 'NONE', #422, #2064, #222, .T. ) ;
#1983 = CARTESIAN_POINT ( 'NONE',  ( 4.451058330766269222, -0.5000000000000008882, 3.141730632977529858 ) ) ;
#1984 = CARTESIAN_POINT ( 'NONE',  ( -10.74999999999992539, -0.5000000000000014433, 0.9000000000000010214 ) ) ;
#1985 = ORIENTED_EDGE ( 'NONE', *, *, #1885, .T. ) ;
#1986 = CARTESIAN_POINT ( 'NONE',  ( -2.717389875256139842, -1.119549204960489819, 5.130803815386640210 ) ) ;
#1987 = LINE ( 'NONE', #1237, #2443 ) ;
#1988 = EDGE_LOOP ( 'NONE', ( #773, #461, #1642, #1229 ) ) ;
#1989 = DIRECTION ( 'NONE',  ( -0.000000000000000000, 1.000000000000000000, 0.000000000000000000 ) ) ;
#1990 = LINE ( 'NONE', #2007, #3226 ) ;
#1991 = CARTESIAN_POINT ( 'NONE',  ( 12.00000000000000000, -0.5000000000000009992, 1.660816960928050090 ) ) ;
#1992 = ORIENTED_EDGE ( 'NONE', *, *, #1228, .T. ) ;
#1993 =( NAMED_UNIT ( * ) PLANE_ANGLE_UNIT ( ) SI_UNIT ( $, .RADIAN. ) );
#1994 = CARTESIAN_POINT ( 'NONE',  ( -4.451058330766260340, -0.5000000000000009992, 2.299999999999999822 ) ) ;
#1995 = DIRECTION ( 'NONE',  ( 1.000000000000000000, 0.000000000000000000, 0.000000000000000000 ) ) ;
#1996 = EDGE_CURVE ( 'NONE', #2871, #3023, #1298, .T. ) ;
#1997 = CARTESIAN_POINT ( 'NONE',  ( 4.250000000000000000, -0.5000000000000008882, 0.9000000000000023537 ) ) ;
#1998 = EDGE_CURVE ( 'NONE', #3072, #3331, #273, .T. ) ;
#1999 = CARTESIAN_POINT ( 'NONE',  ( -4.249999999999969802, 1.500000000000000000, 12.59999999999999964 ) ) ;
#2000 = ORIENTED_EDGE ( 'NONE', *, *, #2455, .T. ) ;
#2001 = FACE_OUTER_BOUND ( 'NONE', #1344, .T. ) ;
#2002 = DIRECTION ( 'NONE',  ( 0.5218072611014620277, 0.000000000000000000, 0.8530634104577400345 ) ) ;
#2003 = PRESENTATION_LAYER_ASSIGNMENT (  '', '', ( #1049 ) ) ;
#2004 = ORIENTED_EDGE ( 'NONE', *, *, #424, .T. ) ;
#2005 = AXIS2_PLACEMENT_3D ( 'NONE', #1475, #364, #2491 ) ;
#2006 = CARTESIAN_POINT ( 'NONE',  ( -12.49999999999996980, 1.499999999999978018, 12.60000000000000320 ) ) ;
#2007 = CARTESIAN_POINT ( 'NONE',  ( 12.00000000000000000, -0.5000000000000009992, 1.660816960928050090 ) ) ;
#2008 = CARTESIAN_POINT ( 'NONE',  ( -10.99999999999999289, -7.620880114205980609E-16, -12.59999999999999964 ) ) ;
#2009 = VECTOR ( 'NONE', #842, 1000.000000000000000 ) ;
#2010 = SURFACE_STYLE_FILL_AREA ( #2584 ) ;
#2011 = AXIS2_PLACEMENT_3D ( 'NONE', #462, #699, #196 ) ;
#2012 = ORIENTED_EDGE ( 'NONE', *, *, #68, .F. ) ;
#2013 = LINE ( 'NONE', #2538, #949 ) ;
#2014 = VECTOR ( 'NONE', #356, 1000.000000000000000 ) ;
#2015 = ORIENTED_EDGE ( 'NONE', *, *, #1815, .T. ) ;
#2016 = CARTESIAN_POINT ( 'NONE',  ( -10.54894166923370058, 1.609491987503152027E-16, 1.660816960928050090 ) ) ;
#2017 = EDGE_CURVE ( 'NONE', #2631, #579, #1351, .T. ) ;
#2018 = LINE ( 'NONE', #2843, #3172 ) ;
#2019 = VECTOR ( 'NONE', #1035, 1000.000000000000000 ) ;
#2020 = VERTEX_POINT ( 'NONE', #1372 ) ;
#2021 = ADVANCED_FACE ( 'NONE', ( #1631 ), #2682, .F. ) ;
#2022 = DIRECTION ( 'NONE',  ( 0.000000000000000000, 6.123233995736769734E-17, 1.000000000000000000 ) ) ;
#2023 = PRODUCT_DEFINITION_CONTEXT ( 'detailed design', #2675, 'design' ) ;
#2024 = ORIENTED_EDGE ( 'NONE', *, *, #2134, .F. ) ;
#2025 = CARTESIAN_POINT ( 'NONE',  ( 0.000000000000000000, 2.299999999999979838, 7.900000000000000355 ) ) ;
#2026 = DIRECTION ( 'NONE',  ( -8.763792996980120523E-14, 0.000000000000000000, 1.000000000000000000 ) ) ;
#2027 = ORIENTED_EDGE ( 'NONE', *, *, #694, .F. ) ;
#2028 = CARTESIAN_POINT ( 'NONE',  ( 2.627288531157804030, -1.099999999999996980, 5.069780553138751422 ) ) ;
#2029 = EDGE_LOOP ( 'NONE', ( #645, #2244, #2901, #2252 ) ) ;
#2030 = FACE_OUTER_BOUND ( 'NONE', #2082, .T. ) ;
#2031 = ADVANCED_FACE ( 'NONE', ( #83 ), #2975, .F. ) ;
#2032 = DIRECTION ( 'NONE',  ( -3.540705920434658807E-31, -1.000000000000000000, 6.123233995736769734E-17 ) ) ;
#2033 = ORIENTED_EDGE ( 'NONE', *, *, #2153, .T. ) ;
#2034 = CARTESIAN_POINT ( 'NONE',  ( 0.000000000000000000, -0.5000000000000009992, 3.061616997868389797E-17 ) ) ;
#2035 = PRODUCT_RELATED_PRODUCT_CATEGORY ( 'part', '', ( #1546 ) ) ;
#2036 = EDGE_CURVE ( 'NONE', #1316, #3411, #122, .T. ) ;
#2037 = VERTEX_POINT ( 'NONE', #3288 ) ;
#2038 = LINE ( 'NONE', #2275, #1910 ) ;
#2039 = FACE_OUTER_BOUND ( 'NONE', #2807, .T. ) ;
#2040 = FACE_OUTER_BOUND ( 'NONE', #2676, .T. ) ;
#2041 = LINE ( 'NONE', #149, #2385 ) ;
#2042 = UNCERTAINTY_MEASURE_WITH_UNIT (LENGTH_MEASURE( 1.000000000000000082E-05 ), #2155, 'distance_accuracy_value', 'NONE');
#2043 = VERTEX_POINT ( 'NONE', #2181 ) ;
#2044 = LINE ( 'NONE', #2302, #3270 ) ;
#2045 = FACE_OUTER_BOUND ( 'NONE', #1438, .T. ) ;
#2046 = EDGE_LOOP ( 'NONE', ( #3360, #2874, #1467, #1090 ) ) ;
#2047 = PRODUCT_DEFINITION_SHAPE ( 'NONE', 'NONE',  #3454 ) ;
#2048 = SHAPE_REPRESENTATION_RELATIONSHIP ( 'NONE' , 'NONE' ,  #854, #1197 ) ;
#2049 = VERTEX_POINT ( 'NONE', #2738 ) ;
#2050 = LINE ( 'NONE', #2259, #1399 ) ;
#2051 = VERTEX_POINT ( 'NONE', #594 ) ;
#2052 = FACE_OUTER_BOUND ( 'NONE', #314, .T. ) ;
#2053 = LINE ( 'NONE', #131, #1791 ) ;
#2054 = PRESENTATION_STYLE_ASSIGNMENT (( #3301 ) ) ;
#2055 = EDGE_CURVE ( 'NONE', #2709, #107, #1142, .T. ) ;
#2056 = COLOUR_RGB ( '',0.2078431372549019440, 0.2078431372549019440, 0.2078431372549019440 ) ;
#2057 = VERTEX_POINT ( 'NONE', #3234 ) ;
#2058 = CARTESIAN_POINT ( 'NONE',  ( 4.850000000000000533, -0.5000000000000009992, 0.9000000000000050182 ) ) ;
#2059 = STYLED_ITEM ( 'NONE', ( #2961 ), #774 ) ;
#2060 = VECTOR ( 'NONE', #1395, 1000.000000000000000 ) ;
#2061 = CARTESIAN_POINT ( 'NONE',  ( -3.048941669233709906, -0.5000000000000009992, 3.141730632977520532 ) ) ;
#2062 = AXIS2_PLACEMENT_3D ( 'NONE', #2766, #570, #914 ) ;
#2063 = LINE ( 'NONE', #3067, #59 ) ;
#2064 = VERTEX_POINT ( 'NONE', #3248 ) ;
#2065 = ORIENTED_EDGE ( 'NONE', *, *, #817, .F. ) ;
#2066 = DIRECTION ( 'NONE',  ( -1.000000000000000000, 0.000000000000000000, -2.888658163454979847E-15 ) ) ;
#2067 = AXIS2_PLACEMENT_3D ( 'NONE', #495, #548, #3386 ) ;
#2068 = CARTESIAN_POINT ( 'NONE',  ( 10.54894166923370058, -0.5000000000000009992, 3.141730632977526305 ) ) ;
#2069 = ORIENTED_EDGE ( 'NONE', *, *, #1011, .T. ) ;
#2070 = EDGE_CURVE ( 'NONE', #2037, #1620, #2490, .T. ) ;
#2071 = CARTESIAN_POINT ( 'NONE',  ( 0.000000000000000000, -0.5000000000000008882, 0.8999999999999980238 ) ) ;
#2072 = ORIENTED_EDGE ( 'NONE', *, *, #974, .T. ) ;
#2073 = EDGE_CURVE ( 'NONE', #3120, #1414, #1924, .T. ) ;
#2074 = CARTESIAN_POINT ( 'NONE',  ( -12.26224883939210031, -1.900000000000039879, 3.753881360999059760E-14 ) ) ;
#2075 = EDGE_CURVE ( 'NONE', #1580, #922, #3305, .T. ) ;
#2076 = LINE ( 'NONE', #2824, #2616 ) ;
#2077 = EDGE_LOOP ( 'NONE', ( #3394, #3356, #178, #79 ) ) ;
#2078 = EDGE_LOOP ( 'NONE', ( #2504, #2304, #3221, #2863 ) ) ;
#2079 = CARTESIAN_POINT ( 'NONE',  ( -10.54894166923370058, -0.5000000000000009992, 1.660816960928050090 ) ) ;
#2080 = LINE ( 'NONE', #3382, #3212 ) ;
#2081 = ORIENTED_EDGE ( 'NONE', *, *, #1425, .T. ) ;
#2082 = EDGE_LOOP ( 'NONE', ( #2964, #1262, #669, #15 ) ) ;
#2083 = CARTESIAN_POINT ( 'NONE',  ( -4.849999999999970335, -0.5000000000000008882, 0.8999999999999980238 ) ) ;
#2084 = CARTESIAN_POINT ( 'NONE',  ( 2.658138200299672516, -1.900000000017346036, 4.496903024786997882 ) ) ;
#2085 = ORIENTED_EDGE ( 'NONE', *, *, #1606, .T. ) ;
#2086 = CARTESIAN_POINT ( 'NONE',  ( 4.451058330766270110, -0.5000000000000009992, 3.141730632977529858 ) ) ;
#2087 = VERTEX_POINT ( 'NONE', #2196 ) ;
#2088 = DIRECTION ( 'NONE',  ( 0.000000000000000000, 2.312964634635742267E-15, -1.000000000000000000 ) ) ;
#2089 = EDGE_CURVE ( 'NONE', #3385, #3117, #2720, .T. ) ;
#2090 = SURFACE_STYLE_FILL_AREA ( #3199 ) ;
#2091 = ORIENTED_EDGE ( 'NONE', *, *, #986, .F. ) ;
#2092 = EDGE_CURVE ( 'NONE', #2043, #3213, #3042, .T. ) ;
#2093 = ORIENTED_EDGE ( 'NONE', *, *, #2310, .F. ) ;
#2094 = CARTESIAN_POINT ( 'NONE',  ( -12.31819028894684287, -1.100000000000020295, 12.41819028894690291 ) ) ;
#2095 = CARTESIAN_POINT ( 'NONE',  ( -11.75000000000000000, -0.5000000000000009992, 3.061616997868389797E-17 ) ) ;
#2096 = ORIENTED_EDGE ( 'NONE', *, *, #1783, .T. ) ;
#2097 = DIRECTION ( 'NONE',  ( 0.000000000000000000, 1.000000000000000000, -6.123233995736769734E-17 ) ) ;
#2098 = CARTESIAN_POINT ( 'NONE',  ( 12.44405855044520059, 2.299999999999979838, -1.408343819019440004E-16 ) ) ;
#2099 = AXIS2_PLACEMENT_3D ( 'NONE', #819, #3193, #3122 ) ;
#2100 = VERTEX_POINT ( 'NONE', #2457 ) ;
#2101 = LINE ( 'NONE', #1829, #103 ) ;
#2102 = VECTOR ( 'NONE', #3249, 1000.000000000000000 ) ;
#2103 = LINE ( 'NONE', #1592, #434 ) ;
#2104 = VECTOR ( 'NONE', #2673, 1000.000000000000000 ) ;
#2105 = VECTOR ( 'NONE', #676, 1000.000000000000000 ) ;
#2106 = CARTESIAN_POINT ( 'NONE',  ( 7.416249555727289611, -1.000000000000009992, 7.899999999999990585 ) ) ;
#2107 = ORIENTED_EDGE ( 'NONE', *, *, #2496, .T. ) ;
#2108 = ADVANCED_FACE ( 'NONE', ( #2756 ), #324, .F. ) ;
#2109 = SHAPE_DEFINITION_REPRESENTATION ( #2905, #3351 ) ;
#2110 = LINE ( 'NONE', #1858, #502 ) ;
#2111 = VECTOR ( 'NONE', #1119, 1000.000000000000000 ) ;
#2112 = ORIENTED_EDGE ( 'NONE', *, *, #768, .F. ) ;
#2113 = VECTOR ( 'NONE', #281, 1000.000000000000000 ) ;
#2114 = CARTESIAN_POINT ( 'NONE',  ( 2.595770313445207034, -1.622530430998931461, 4.651438250220279791 ) ) ;
#2115 = PLANE ( 'NONE',  #1952 ) ;
#2116 = CARTESIAN_POINT ( 'NONE',  ( -11.75000000000000000, -0.5000000000000009992, 1.660816960928050090 ) ) ;
#2117 = VERTEX_POINT ( 'NONE', #1406 ) ;
#2118 = AXIS2_PLACEMENT_3D ( 'NONE', #1920, #589, #2970 ) ;
#2119 = VERTEX_POINT ( 'NONE', #66 ) ;
#2120 = DIRECTION ( 'NONE',  ( 1.000000000000000000, 0.000000000000000000, 5.782411586589679888E-15 ) ) ;
#2121 = CARTESIAN_POINT ( 'NONE',  ( 12.00000000000000000, 1.084202172485504434E-16, 1.660816960928050090 ) ) ;
#2122 = EDGE_LOOP ( 'NONE', ( #1697, #2069, #1285, #2024 ) ) ;
#2123 = PLANE ( 'NONE',  #1452 ) ;
#2124 = CARTESIAN_POINT ( 'NONE',  ( 4.000000000000000000, -0.5000000000000019984, -12.59999999999999964 ) ) ;
#2125 = CARTESIAN_POINT ( 'NONE',  ( -3.048941669233709906, 2.107242054160646747E-16, 3.141730632977522308 ) ) ;
#2126 = ORIENTED_EDGE ( 'NONE', *, *, #2017, .T. ) ;
#2127 = DIRECTION ( 'NONE',  ( 0.000000000000000000, 0.000000000000000000, 1.000000000000000000 ) ) ;
#2128 = CARTESIAN_POINT ( 'NONE',  ( 0.000000000000000000, 1.923755181729561122E-16, 3.141730632977529858 ) ) ;
#2129 = ORIENTED_EDGE ( 'NONE', *, *, #3364, .F. ) ;
#2130 = ORIENTED_EDGE ( 'NONE', *, *, #2075, .T. ) ;
#2131 = CARTESIAN_POINT ( 'NONE',  ( -10.54894166923370058, -0.5000000000000009992, 3.061616997868389797E-17 ) ) ;
#2132 = CARTESIAN_POINT ( 'NONE',  ( 11.50000000000000000, -0.5000000000000019984, -12.59999999999999964 ) ) ;
#2133 = LINE ( 'NONE', #3119, #3435 ) ;
#2134 = EDGE_CURVE ( 'NONE', #3261, #1494, #615, .T. ) ;
#2135 = ORIENTED_EDGE ( 'NONE', *, *, #1030, .T. ) ;
#2136 = FACE_OUTER_BOUND ( 'NONE', #1307, .T. ) ;
#2137 = CARTESIAN_POINT ( 'NONE',  ( -4.849999999999970335, -0.5000000000000009992, 1.660816960928050090 ) ) ;
#2138 = CARTESIAN_POINT ( 'NONE',  ( 11.00000000000000000, -7.572398285550440572E-16, -12.28329266077830084 ) ) ;
#2139 = ADVANCED_FACE ( 'NONE', ( #1648 ), #629, .T. ) ;
#2140 = EDGE_LOOP ( 'NONE', ( #397, #201, #10, #2363 ) ) ;
#2141 = DIRECTION ( 'NONE',  ( 2.172718127382359810E-15, 0.000000000000000000, 1.000000000000000000 ) ) ;
#2142 = CARTESIAN_POINT ( 'NONE',  ( 4.000000000000029310, -7.572398285550454377E-16, -12.28329266077840209 ) ) ;
#2143 = LINE ( 'NONE', #739, #3057 ) ;
#2144 = DIRECTION ( 'NONE',  ( -0.5218072611013361284, -0.000000000000000000, 0.8530634104578169730 ) ) ;
#2145 = ORIENTED_EDGE ( 'NONE', *, *, #108, .F. ) ;
#2146 = EDGE_LOOP ( 'NONE', ( #855, #675, #2688, #2981 ) ) ;
#2147 = ORIENTED_EDGE ( 'NONE', *, *, #1815, .F. ) ;
#2148 = DIRECTION ( 'NONE',  ( -0.06908086403639733530, 0.9879023813098005702, 0.1388406252737645341 ) ) ;
#2149 = CARTESIAN_POINT ( 'NONE',  ( 2.650000000000030553, -0.5000000000000009992, 1.660816960928050090 ) ) ;
#2150 = LINE ( 'NONE', #567, #1690 ) ;
#2151 = VERTEX_POINT ( 'NONE', #1980 ) ;
#2152 = DIRECTION ( 'NONE',  ( 1.661827225066309934E-31, 1.000000000000000000, -4.510148930931556522E-46 ) ) ;
#2153 = EDGE_CURVE ( 'NONE', #3096, #2320, #1387, .T. ) ;
#2154 = CARTESIAN_POINT ( 'NONE',  ( 10.25000000000000000, -0.5000000000000009992, 0.9000000000000050182 ) ) ;
#2155 =( LENGTH_UNIT ( ) NAMED_UNIT ( * ) SI_UNIT ( .MILLI., .METRE. ) );
#2156 = EDGE_LOOP ( 'NONE', ( #115, #2590, #2000, #1474 ) ) ;
#2157 = FACE_OUTER_BOUND ( 'NONE', #1935, .T. ) ;
#2158 = EDGE_CURVE ( 'NONE', #2049, #1946, #1717, .T. ) ;
#2159 = DIRECTION ( 'NONE',  ( -0.8530634104577400345, 3.195147960398760273E-17, 0.5218072611014620277 ) ) ;
#2160 =( NAMED_UNIT ( * ) PLANE_ANGLE_UNIT ( ) SI_UNIT ( $, .RADIAN. ) );
#2161 = VECTOR ( 'NONE', #1698, 1000.000000000000114 ) ;
#2162 = FACE_OUTER_BOUND ( 'NONE', #1896, .T. ) ;
#2163 = EDGE_LOOP ( 'NONE', ( #231, #722, #476, #2348 ) ) ;
#2164 = AXIS2_PLACEMENT_3D ( 'NONE', #1211, #1247, #1804 ) ;
#2165 = AXIS2_PLACEMENT_3D ( 'NONE', #445, #1257, #2569 ) ;
#2166 = VECTOR ( 'NONE', #1868, 1000.000000000000000 ) ;
#2167 = VECTOR ( 'NONE', #89, 1000.000000000000000 ) ;
#2168 = ORIENTED_EDGE ( 'NONE', *, *, #232, .T. ) ;
#2169 = ORIENTED_EDGE ( 'NONE', *, *, #2664, .T. ) ;
#2170 = PLANE ( 'NONE',  #2840 ) ;
#2171 = CARTESIAN_POINT ( 'NONE',  ( 12.39550155994335867, 0.005602684402381507590, 2.300391777858570741 ) ) ;
#2172 = VECTOR ( 'NONE', #2655, 1000.000000000000000 ) ;
#2173 = VECTOR ( 'NONE', #1430, 1000.000000000000000 ) ;
#2174 = EDGE_LOOP ( 'NONE', ( #2478, #2944, #128, #2307 ) ) ;
#2175 = ITEM_DEFINED_TRANSFORMATION ( 'NONE', 'NONE', #2511,  #1405 ) ;
#2176 = CARTESIAN_POINT ( 'NONE',  ( -12.00000000000000000, -0.5000000000000009992, 0.8999999999999980238 ) ) ;
#2177 = DIRECTION ( 'NONE',  ( 0.000000000000000000, -0.9975640502598243087, 0.06975647374412374813 ) ) ;
#2178 = EDGE_CURVE ( 'NONE', #1620, #195, #430, .T. ) ;
#2179 = CLOSED_SHELL ( 'NONE', ( #1074, #2896, #2031, #1500, #2537, #1421, #798, #2243, #3107, #2966, #2980, #1682, #870, #2893, #19, #3424, #1336, #2819 ) ) ;
#2180 = DIRECTION ( 'NONE',  ( 1.000000000000000000, 0.000000000000000000, 0.000000000000000000 ) ) ;
#2181 = CARTESIAN_POINT ( 'NONE',  ( -10.54894166923370058, 2.107242054160645514E-16, 3.141730632977520532 ) ) ;
#2182 = VECTOR ( 'NONE', #3032, 1000.000000000000114 ) ;
#2183 = EDGE_CURVE ( 'NONE', #2414, #1252, #2013, .T. ) ;
#2184 = CARTESIAN_POINT ( 'NONE',  ( 11.75000000000000000, -0.5000000000000009992, 0.9000000000000010214 ) ) ;
#2185 = ORIENTED_EDGE ( 'NONE', *, *, #2644, .T. ) ;
#2186 = EDGE_CURVE ( 'NONE', #1806, #1477, #3271, .T. ) ;
#2187 = ORIENTED_EDGE ( 'NONE', *, *, #2594, .F. ) ;
#2188 = ORIENTED_EDGE ( 'NONE', *, *, #1934, .T. ) ;
#2189 = LINE ( 'NONE', #2670, #3447 ) ;
#2190 = LINE ( 'NONE', #603, #719 ) ;
#2191 = VERTEX_POINT ( 'NONE', #730 ) ;
#2192 = CARTESIAN_POINT ( 'NONE',  ( -12.00000000000000000, 1.084202172485504434E-16, 1.660816960928050090 ) ) ;
#2193 = DIRECTION ( 'NONE',  ( -7.002154620015129468E-17, -1.000000000000000000, -2.398353793186899962E-15 ) ) ;
#2194 = DIRECTION ( 'NONE',  ( 0.7071067811865580088, 0.000000000000000000, -0.7071067811865370256 ) ) ;
#2195 = DIRECTION ( 'NONE',  ( 1.000000000000000000, 0.000000000000000000, 0.000000000000000000 ) ) ;
#2196 = CARTESIAN_POINT ( 'NONE',  ( -4.249999999999984901, -0.5000000000000008882, 0.8999999999999980238 ) ) ;
#2197 = EDGE_CURVE ( 'NONE', #1491, #3385, #951, .T. ) ;
#2198 = FACE_OUTER_BOUND ( 'NONE', #706, .T. ) ;
#2199 = ORIENTED_EDGE ( 'NONE', *, *, #205, .F. ) ;
#2200 = EDGE_CURVE ( 'NONE', #1757, #2648, #2041, .T. ) ;
#2201 = ORIENTED_EDGE ( 'NONE', *, *, #1866, .T. ) ;
#2202 = DIRECTION ( 'NONE',  ( -0.000000000000000000, -6.123233995736769734E-17, -1.000000000000000000 ) ) ;
#2203 = ORIENTED_EDGE ( 'NONE', *, *, #1783, .F. ) ;
#2204 = EDGE_CURVE ( 'NONE', #456, #1357, #3075, .T. ) ;
#2205 = CARTESIAN_POINT ( 'NONE',  ( -3.136742320342420065, -1.626968201398450109, 4.837845321201259985 ) ) ;
#2206 = ADVANCED_FACE ( 'NONE', ( #1521 ), #1473, .F. ) ;
#2207 = CARTESIAN_POINT ( 'NONE',  ( 0.000000000000000000, -0.5000000000000008882, 0.9000000000000010214 ) ) ;
#2208 = ORIENTED_EDGE ( 'NONE', *, *, #2900, .F. ) ;
#2209 = LINE ( 'NONE', #3280, #3009 ) ;
#2210 = DIRECTION ( 'NONE',  ( 0.000000000000000000, 2.312964634635742267E-15, -1.000000000000000000 ) ) ;
#2211 = FILL_AREA_STYLE ('',( #1155 ) ) ;
#2212 = FACE_OUTER_BOUND ( 'NONE', #1695, .T. ) ;
#2213 = CARTESIAN_POINT ( 'NONE',  ( 0.000000000000000000, 0.000000000000000000, 0.000000000000000000 ) ) ;
#2214 = CARTESIAN_POINT ( 'NONE',  ( 3.191939040755710000, -1.904944246645570161, 4.677355776649570807 ) ) ;
#2215 = PLANE ( 'NONE',  #2005 ) ;
#2216 = ORIENTED_EDGE ( 'NONE', *, *, #1721, .T. ) ;
#2217 = VECTOR ( 'NONE', #1007, 1000.000000000000000 ) ;
#2218 = FACE_OUTER_BOUND ( 'NONE', #2122, .T. ) ;
#2219 = ORIENTED_EDGE ( 'NONE', *, *, #1636, .F. ) ;
#2220 = CARTESIAN_POINT ( 'NONE',  ( -10.15000000000000036, -0.5000000000000009992, 0.9000000000000050182 ) ) ;
#2221 = LINE ( 'NONE', #1379, #672 ) ;
#2222 = VECTOR ( 'NONE', #1553, 1000.000000000000000 ) ;
#2223 = VECTOR ( 'NONE', #3433, 1000.000000000000000 ) ;
#2224 = EDGE_CURVE ( 'NONE', #2845, #368, #3090, .T. ) ;
#2225 = VECTOR ( 'NONE', #3405, 1000.000000000000000 ) ;
#2226 = ORIENTED_EDGE ( 'NONE', *, *, #1311, .F. ) ;
#2227 = AXIS2_PLACEMENT_3D ( 'NONE', #1628, #1848, #1368 ) ;
#2228 = DIRECTION ( 'NONE',  ( 1.000000000000000000, 0.000000000000000000, -1.387778780781439996E-14 ) ) ;
#2229 = LINE ( 'NONE', #2192, #384 ) ;
#2230 = ORIENTED_EDGE ( 'NONE', *, *, #1288, .F. ) ;
#2231 = DIRECTION ( 'NONE',  ( 7.041308160068680313E-17, 1.000000000000000000, 2.398353793186899962E-15 ) ) ;
#2232 = VECTOR ( 'NONE', #2913, 1000.000000000000000 ) ;
#2233 = DIRECTION ( 'NONE',  ( 2.725663816014448010E-17, -1.000000000000000000, 1.667251406028795876E-17 ) ) ;
#2234 = CONTEXT_DEPENDENT_SHAPE_REPRESENTATION ( #1798, #761 ) ;
#2235 = PRODUCT_DEFINITION_FORMATION_WITH_SPECIFIED_SOURCE ( 'ANY', '', #2872, .NOT_KNOWN. ) ;
#2236 = CARTESIAN_POINT ( 'NONE',  ( 3.021950042889519850, -1.071658749124190013, 5.158453382955340949 ) ) ;
#2237 = CARTESIAN_POINT ( 'NONE',  ( 11.75000000000000533, -0.5000000000000019984, -11.87458648033100417 ) ) ;
#2238 = AXIS2_PLACEMENT_3D ( 'NONE', #1495, #1482, #1449 ) ;
#2239 = LINE ( 'NONE', #1999, #1750 ) ;
#2240 = ORIENTED_EDGE ( 'NONE', *, *, #848, .T. ) ;
#2241 = LINE ( 'NONE', #623, #2173 ) ;
#2242 = CARTESIAN_POINT ( 'NONE',  ( 3.250000000000000444, -0.5000000000000009992, 0.8999999999999980238 ) ) ;
#2243 = ADVANCED_FACE ( 'NONE', ( #978 ), #135, .F. ) ;
#2244 = ORIENTED_EDGE ( 'NONE', *, *, #1650, .T. ) ;
#2245 = DIRECTION ( 'NONE',  ( -0.000000000000000000, -0.000000000000000000, 1.000000000000000000 ) ) ;
#2246 = DIRECTION ( 'NONE',  ( 0.000000000000000000, 0.000000000000000000, -1.000000000000000000 ) ) ;
#2247 = CARTESIAN_POINT ( 'NONE',  ( 0.000000000000000000, -0.5000000000000009992, 3.061616997868389797E-17 ) ) ;
#2248 = ORIENTED_EDGE ( 'NONE', *, *, #3304, .F. ) ;
#2249 = PRESENTATION_STYLE_ASSIGNMENT (( #2805 ) ) ;
#2250 = ADVANCED_FACE ( 'NONE', ( #169 ), #1244, .T. ) ;
#2251 = DIRECTION ( 'NONE',  ( 1.000000000000000000, -8.996223908737759404E-18, 6.401145921601848271E-17 ) ) ;
#2252 = ORIENTED_EDGE ( 'NONE', *, *, #2579, .F. ) ;
#2253 = ADVANCED_FACE ( 'NONE', ( #2280 ), #1784, .F. ) ;
#2254 = CARTESIAN_POINT ( 'NONE',  ( 12.31819028894691037, -1.100000000000020739, 1.163414459190010088E-16 ) ) ;
#2255 = DIRECTION ( 'NONE',  ( 0.06908086403641135187, 0.9879023813097994600, 0.1388406252737662827 ) ) ;
#2256 = SURFACE_STYLE_FILL_AREA ( #106 ) ;
#2257 = ORIENTED_EDGE ( 'NONE', *, *, #1251, .F. ) ;
#2258 = CARTESIAN_POINT ( 'NONE',  ( 11.50000000000000000, -0.5000000000000019984, -12.28329266077840032 ) ) ;
#2259 = CARTESIAN_POINT ( 'NONE',  ( 12.00000000000000000, -0.5000000000000009992, 0.9000000000000050182 ) ) ;
#2260 = ORIENTED_EDGE ( 'NONE', *, *, #848, .F. ) ;
#2261 = LINE ( 'NONE', #939, #1290 ) ;
#2262 = CARTESIAN_POINT ( 'NONE',  ( 4.850000000000020073, -0.5000000000000009992, 1.660816960928050090 ) ) ;
#2263 = DIRECTION ( 'NONE',  ( 1.000000000000000000, 0.000000000000000000, -8.759342496006510394E-16 ) ) ;
#2264 = CARTESIAN_POINT ( 'NONE',  ( -3.048941669233709906, -0.5000000000000008882, 1.660816960928050090 ) ) ;
#2265 = ORIENTED_EDGE ( 'NONE', *, *, #175, .F. ) ;
#2266 = CARTESIAN_POINT ( 'NONE',  ( -11.50000000000000000, -0.5000000000000019984, -12.28329266077840032 ) ) ;
#2267 = ORIENTED_EDGE ( 'NONE', *, *, #2641, .F. ) ;
#2268 = PLANE ( 'NONE',  #3153 ) ;
#2269 = DIRECTION ( 'NONE',  ( -1.000000000000000000, -0.000000000000000000, -0.000000000000000000 ) ) ;
#2270 = ORIENTED_EDGE ( 'NONE', *, *, #2936, .T. ) ;
#2271 = CARTESIAN_POINT ( 'NONE',  ( -3.500000000000000000, -0.5000000000000019984, -12.28329266077840032 ) ) ;
#2272 = COLOUR_RGB ( '',0.2000000000000000111, 0.2000000000000000111, 0.2000000000000000111 ) ;
#2273 = ORIENTED_EDGE ( 'NONE', *, *, #387, .F. ) ;
#2274 = VECTOR ( 'NONE', #865, 1000.000000000000000 ) ;
#2275 = CARTESIAN_POINT ( 'NONE',  ( -4.000000000000000000, -0.5000000000000019984, -12.28329266077840032 ) ) ;
#2276 = CARTESIAN_POINT ( 'NONE',  ( -11.75000000000000000, 1.084202172485504434E-16, 2.299999999999999822 ) ) ;
#2277 = VECTOR ( 'NONE', #862, 1000.000000000000000 ) ;
#2278 =( LENGTH_UNIT ( ) NAMED_UNIT ( * ) SI_UNIT ( .MILLI., .METRE. ) );
#2279 = AXIS2_PLACEMENT_3D ( 'NONE', #447, #1258, #3108 ) ;
#2280 = FACE_OUTER_BOUND ( 'NONE', #1110, .T. ) ;
#2281 = AXIS2_PLACEMENT_3D ( 'NONE', #1528, #1185, #1725 ) ;
#2282 = EDGE_CURVE ( 'NONE', #1370, #1398, #1786, .T. ) ;
#2283 = ORIENTED_EDGE ( 'NONE', *, *, #1934, .F. ) ;
#2284 = VECTOR ( 'NONE', #1183, 1000.000000000000000 ) ;
#2285 = DIRECTION ( 'NONE',  ( -0.000000000000000000, 1.000000000000000000, 0.000000000000000000 ) ) ;
#2286 = EDGE_CURVE ( 'NONE', #2533, #1638, #1208, .T. ) ;
#2287 = EDGE_CURVE ( 'NONE', #410, #922, #3387, .T. ) ;
#2288 = DIRECTION ( 'NONE',  ( -1.000000000000000000, 4.542317475796955505E-18, -6.495816625340387000E-17 ) ) ;
#2289 = VECTOR ( 'NONE', #3183, 1000.000000000000000 ) ;
#2290 = VERTEX_POINT ( 'NONE', #1274 ) ;
#2291 = CARTESIAN_POINT ( 'NONE',  ( -3.960853173095360447, 2.299999999999979838, 12.31085317309539917 ) ) ;
#2292 = PRODUCT_DEFINITION_CONTEXT ( 'detailed design', #3130, 'design' ) ;
#2293 = VECTOR ( 'NONE', #2303, 1000.000000000000000 ) ;
#2294 = SHAPE_REPRESENTATION ( 'KBJB', ( #1405 ), #1563 ) ;
#2295 = ORIENTED_EDGE ( 'NONE', *, *, #3168, .T. ) ;
#2296 = FACE_OUTER_BOUND ( 'NONE', #3348, .T. ) ;
#2297 = CARTESIAN_POINT ( 'NONE',  ( -7.416249555727289611, -1.000000000000009992, 7.899999999999990585 ) ) ;
#2298 = DIRECTION ( 'NONE',  ( 1.000000000000000000, 0.000000000000000000, 0.000000000000000000 ) ) ;
#2299 = ORIENTED_EDGE ( 'NONE', *, *, #959, .T. ) ;
#2300 = CARTESIAN_POINT ( 'NONE',  ( -7.416249555727289611, -1.000000000000009992, 7.899999999999990585 ) ) ;
#2301 = VERTEX_POINT ( 'NONE', #2527 ) ;
#2302 = CARTESIAN_POINT ( 'NONE',  ( 0.000000000000000000, 1.016957087585086310E-16, 1.660816960928050090 ) ) ;
#2303 = DIRECTION ( 'NONE',  ( -7.002154620015129468E-17, -1.000000000000000000, -2.398353793186899962E-15 ) ) ;
#2304 = ORIENTED_EDGE ( 'NONE', *, *, #3298, .F. ) ;
#2305 = EDGE_CURVE ( 'NONE', #1429, #619, #2332, .T. ) ;
#2306 =( LENGTH_UNIT ( ) NAMED_UNIT ( * ) SI_UNIT ( .MILLI., .METRE. ) );
#2307 = ORIENTED_EDGE ( 'NONE', *, *, #653, .F. ) ;
#2308 = LINE ( 'NONE', #2291, #436 ) ;
#2309 = ORIENTED_EDGE ( 'NONE', *, *, #992, .T. ) ;
#2310 = EDGE_CURVE ( 'NONE', #2895, #2866, #943, .T. ) ;
#2311 = DIRECTION ( 'NONE',  ( -2.725663816014440614E-17, 1.000000000000000000, -1.667251406028786015E-17 ) ) ;
#2312 = CARTESIAN_POINT ( 'NONE',  ( -2.472871394387074151, -1.100000002150788303, 4.940862961540860354 ) ) ;
#2313 = SHAPE_REPRESENTATION ( 'KBJB_1', ( #1405 ), #498 ) ;
#2314 = VERTEX_POINT ( 'NONE', #1758 ) ;
#2315 = DIRECTION ( 'NONE',  ( 0.000000000000000000, -1.000000000000000000, -0.000000000000000000 ) ) ;
#2316 = ORIENTED_EDGE ( 'NONE', *, *, #890, .T. ) ;
#2317 = CARTESIAN_POINT ( 'NONE',  ( -10.74999999999990052, 1.084202172485504434E-16, 0.9000000000000010214 ) ) ;
#2318 = APPLICATION_CONTEXT ( 'automotive_design' ) ;
#2319 = CARTESIAN_POINT ( 'NONE',  ( 11.50000000000000000, -7.589415207398531038E-16, -12.28329266077840032 ) ) ;
#2320 = VERTEX_POINT ( 'NONE', #2806 ) ;
#2321 = CARTESIAN_POINT ( 'NONE',  ( 0.000000000000000000, 2.299999999999980727, 12.31085317309539917 ) ) ;
#2322 = EDGE_CURVE ( 'NONE', #2521, #3072, #416, .T. ) ;
#2323 = VERTEX_POINT ( 'NONE', #474 ) ;
#2324 = LINE ( 'NONE', #727, #1963 ) ;
#2325 = CARTESIAN_POINT ( 'NONE',  ( -3.779043462042224188, -1.100000000000018519, 12.12904346204229178 ) ) ;
#2326 = CONICAL_SURFACE ( 'NONE', #3208, 4.320445629018062839, 0.5235987755998026127 ) ;
#2327 = EDGE_CURVE ( 'NONE', #622, #1491, #899, .T. ) ;
#2328 = VECTOR ( 'NONE', #920, 1000.000000000000000 ) ;
#2329 = ORIENTED_EDGE ( 'NONE', *, *, #2224, .T. ) ;
#2330 = VECTOR ( 'NONE', #2915, 1000.000000000000000 ) ;
#2331 = VERTEX_POINT ( 'NONE', #1809 ) ;
#2332 = LINE ( 'NONE', #2071, #102 ) ;
#2333 = EDGE_CURVE ( 'NONE', #1770, #3121, #1955, .T. ) ;
#2334 = VECTOR ( 'NONE', #1445, 1000.000000000000000 ) ;
#2335 = VERTEX_POINT ( 'NONE', #2094 ) ;
#2336 = CARTESIAN_POINT ( 'NONE',  ( 4.451058330766267446, -0.5000000000000009992, 3.141730632977529858 ) ) ;
#2337 = AXIS2_PLACEMENT_3D ( 'NONE', #1991, #1696, #1643 ) ;
#2338 = AXIS2_PLACEMENT_3D ( 'NONE', #691, #2811, #1707 ) ;
#2339 = PLANE ( 'NONE',  #1554 ) ;
#2340 = ORIENTED_EDGE ( 'NONE', *, *, #992, .F. ) ;
#2341 = B_SPLINE_CURVE_WITH_KNOTS ( 'NONE', 3,
 ( #1077, #3432, #2114, #192 ),
 .UNSPECIFIED., .F., .F.,
 ( 4, 4 ),
 ( 0.000000000000000000, 1.000000000000000000 ),
 .UNSPECIFIED. ) ;
#2342 = PRODUCT_CONTEXT ( 'NONE', #1375, 'mechanical' ) ;
#2343 = ORIENTED_EDGE ( 'NONE', *, *, #872, .F. ) ;
#2344 = CARTESIAN_POINT ( 'NONE',  ( 4.451058330766270998, -0.5000000000000008882, 1.660816960928050090 ) ) ;
#2345 = VECTOR ( 'NONE', #1098, 1000.000000000000000 ) ;
#2346 = DIRECTION ( 'NONE',  ( 1.000000000000000000, 0.000000000000000000, 0.000000000000000000 ) ) ;
#2347 = PRODUCT_RELATED_PRODUCT_CATEGORY ( 'part', '', ( #3368 ) ) ;
#2348 = ORIENTED_EDGE ( 'NONE', *, *, #2479, .F. ) ;
#2349 = DIRECTION ( 'NONE',  ( -0.5218072611013505613, 0.000000000000000000, -0.8530634104578082022 ) ) ;
#2350 = EDGE_CURVE ( 'NONE', #1946, #2323, #776, .T. ) ;
#2351 = CARTESIAN_POINT ( 'NONE',  ( 0.000000000000000000, -0.5000000000000008882, 1.660816960928050090 ) ) ;
#2352 = CARTESIAN_POINT ( 'NONE',  ( 7.416249555727289611, -1.000000000000012657, 9.024999999999991473 ) ) ;
#2353 = ORIENTED_EDGE ( 'NONE', *, *, #415, .F. ) ;
#2354 = EDGE_CURVE ( 'NONE', #1863, #1014, #1544, .T. ) ;
#2355 = CARTESIAN_POINT ( 'NONE',  ( 7.416249555727289611, -1.000000000000012657, 9.024999999999991473 ) ) ;
#2356 = VERTEX_POINT ( 'NONE', #2344 ) ;
#2357 = CARTESIAN_POINT ( 'NONE',  ( 11.00000000000000000, -0.5000000000000019984, -12.28329266077830084 ) ) ;
#2358 = CARTESIAN_POINT ( 'NONE',  ( -4.249999999999995559, -7.509833196090873948E-16, -11.87458648033099706 ) ) ;
#2359 = ORIENTED_EDGE ( 'NONE', *, *, #134, .T. ) ;
#2360 = VERTEX_POINT ( 'NONE', #244 ) ;
#2361 = LINE ( 'NONE', #1019, #210 ) ;
#2362 = LINE ( 'NONE', #3188, #1734 ) ;
#2363 = ORIENTED_EDGE ( 'NONE', *, *, #2836, .T. ) ;
#2364 = PLANE ( 'NONE',  #1401 ) ;
#2365 = LINE ( 'NONE', #1024, #2774 ) ;
#2366 = ORIENTED_EDGE ( 'NONE', *, *, #3123, .F. ) ;
#2367 = CARTESIAN_POINT ( 'NONE',  ( -10.74999999999992717, -0.5000000000000009992, -11.87458648033100062 ) ) ;
#2368 = DIRECTION ( 'NONE',  ( -0.000000000000000000, -0.000000000000000000, 1.000000000000000000 ) ) ;
#2369 = ADVANCED_FACE ( 'NONE', ( #741 ), #209, .F. ) ;
#2370 = DIRECTION ( 'NONE',  ( -1.000000000000000000, -0.000000000000000000, -0.000000000000000000 ) ) ;
#2371 = VERTEX_POINT ( 'NONE', #2930 ) ;
#2372 = CARTESIAN_POINT ( 'NONE',  ( 0.000000000000000000, -7.715274834628330308E-16, -12.59999999999999964 ) ) ;
#2373 = ORIENTED_EDGE ( 'NONE', *, *, #429, .F. ) ;
#2374 = DIRECTION ( 'NONE',  ( -0.000000000000000000, -6.123233995736769734E-17, -1.000000000000000000 ) ) ;
#2375 = DIRECTION ( 'NONE',  ( 0.000000000000000000, -6.123233995736769734E-17, -1.000000000000000000 ) ) ;
#2376 = PRODUCT_DEFINITION_SHAPE ( 'NONE', 'NONE',  #1838 ) ;
#2377 = ORIENTED_EDGE ( 'NONE', *, *, #2644, .F. ) ;
#2378 = DIRECTION ( 'NONE',  ( 0.000000000000000000, -6.123233995736769734E-17, -1.000000000000000000 ) ) ;
#2379 = CARTESIAN_POINT ( 'NONE',  ( -14.86293112954090034, -1.099999999999999645, 5.142090554133019964 ) ) ;
#2380 = CIRCLE ( 'NONE', #381, 1.125000000000000222 ) ;
#2381 = ORIENTED_EDGE ( 'NONE', *, *, #1586, .T. ) ;
#2382 = DIRECTION ( 'NONE',  ( -7.002154620015129468E-17, -1.000000000000000000, -2.398353793186899962E-15 ) ) ;
#2383 = CARTESIAN_POINT ( 'NONE',  ( 3.500000000000000000, -7.521347520006165230E-16, -12.28329266077830084 ) ) ;
#2384 = ADVANCED_FACE ( 'NONE', ( #2632 ), #2115, .F. ) ;
#2385 = VECTOR ( 'NONE', #1502, 1000.000000000000114 ) ;
#2386 = VECTOR ( 'NONE', #48, 1000.000000000000000 ) ;
#2387 = VERTEX_POINT ( 'NONE', #1286 ) ;
#2388 = EDGE_CURVE ( 'NONE', #2747, #514, #2875, .T. ) ;
#2389 = ORIENTED_EDGE ( 'NONE', *, *, #2619, .F. ) ;
#2390 = EDGE_CURVE ( 'NONE', #2387, #454, #1822, .T. ) ;
#2391 = FACE_BOUND ( 'NONE', #3143, .T. ) ;
#2392 = AXIS2_PLACEMENT_3D ( 'NONE', #1640, #74, #2466 ) ;
#2393 = CARTESIAN_POINT ( 'NONE',  ( 10.75000000000001243, -7.509833196090872962E-16, -11.87458648033099351 ) ) ;
#2394 = CARTESIAN_POINT ( 'NONE',  ( 10.75000000000000000, 1.084202172485504434E-16, 0.8999999999999980238 ) ) ;
#2395 = CARTESIAN_POINT ( 'NONE',  ( -2.649999999999979927, -0.5000000000000009992, 1.660816960928050090 ) ) ;
#2396 = ORIENTED_EDGE ( 'NONE', *, *, #752, .T. ) ;
#2397 = STYLED_ITEM ( 'NONE', ( #139 ), #509 ) ;
#2398 = CARTESIAN_POINT ( 'NONE',  ( 4.850000000000002309, 9.509243942682064272E-17, 0.9000000000000050182 ) ) ;
#2399 = CARTESIAN_POINT ( 'NONE',  ( 3.027888395053865089, -1.099999999518592064, 5.142090554410959413 ) ) ;
#2400 = SHAPE_REPRESENTATION ( 'KBJB_4', ( #1405 ), #2557 ) ;
#2401 = CARTESIAN_POINT ( 'NONE',  ( -10.74999999999990052, -0.5000000000000009992, 0.9000000000000010214 ) ) ;
#2402 = DIRECTION ( 'NONE',  ( -3.323654450132629939E-31, -1.000000000000000000, 1.804059572372631632E-45 ) ) ;
#2403 = FACE_OUTER_BOUND ( 'NONE', #73, .T. ) ;
#2404 = LINE ( 'NONE', #32, #154 ) ;
#2405 = EDGE_LOOP ( 'NONE', ( #1601, #227, #3091, #2260, #1297, #1377, #55, #1136, #2938, #207, #125, #2718, #1974, #472, #808, #1026 ) ) ;
#2407 = ORIENTED_EDGE ( 'NONE', *, *, #2575, .F. ) ;
#2406 = EDGE_CURVE ( 'NONE', #3159, #1252, #3150, .T. ) ;
#2408 = ORIENTED_EDGE ( 'NONE', *, *, #2960, .T. ) ;
#2409 = DIRECTION ( 'NONE',  ( 0.000000000000000000, 0.000000000000000000, 1.000000000000000000 ) ) ;
#2410 = DIRECTION ( 'NONE',  ( -0.000000000000000000, -6.123233995736769734E-17, -1.000000000000000000 ) ) ;
#2411 = CARTESIAN_POINT ( 'NONE',  ( -11.75000000000000000, -0.5000000000000017764, -11.87458648033100062 ) ) ;
#2412 = CARTESIAN_POINT ( 'NONE',  ( -12.00000000000000000, -0.5000000000000009992, 1.660816960928050090 ) ) ;
#2413 = EDGE_CURVE ( 'NONE', #922, #2852, #2361, .T. ) ;
#2414 = VERTEX_POINT ( 'NONE', #1582 ) ;
#2415 = CARTESIAN_POINT ( 'NONE',  ( 0.000000000000000000, -1.900000000000039879, 4.680210338781310320 ) ) ;
#2416 = CARTESIAN_POINT ( 'NONE',  ( -4.249999999999968914, 2.299999999999979838, 12.59999999999999787 ) ) ;
#2417 = LINE ( 'NONE', #2098, #153 ) ;
#2418 = ORIENTED_EDGE ( 'NONE', *, *, #2178, .T. ) ;
#2419 = CYLINDRICAL_SURFACE ( 'NONE', #1676, 1.125000000000000222 ) ;
#2420 = DIRECTION ( 'NONE',  ( 0.8530634104577836663, 3.195147960398328865E-17, 0.5218072611013907514 ) ) ;
#2421 = CARTESIAN_POINT ( 'NONE',  ( -3.499999999999969802, -0.5000000000000019984, -12.59999999999999964 ) ) ;
#2422 = ORIENTED_EDGE ( 'NONE', *, *, #867, .T. ) ;
#2423 = ORIENTED_EDGE ( 'NONE', *, *, #2310, .T. ) ;
#2424 = EDGE_LOOP ( 'NONE', ( #2188, #2854, #190, #1355, #2595, #2081, #386, #3390, #2653, #1393, #2761, #1028, #3124, #2295, #2004, #560 ) ) ;
#2425 = PLANE ( 'NONE',  #1515 ) ;
#2426 = CARTESIAN_POINT ( 'NONE',  ( -10.74999999999990052, 1.084202172485504434E-16, 0.9000000000000010214 ) ) ;
#2427 = EDGE_CURVE ( 'NONE', #1627, #2704, #3171, .T. ) ;
#2428 = ORIENTED_EDGE ( 'NONE', *, *, #2286, .F. ) ;
#2429 = LINE ( 'NONE', #1382, #786 ) ;
#2430 = CARTESIAN_POINT ( 'NONE',  ( 2.733947490536882352, -1.900000000000040101, 4.556067451912740651 ) ) ;
#2431 = CARTESIAN_POINT ( 'NONE',  ( 0.000000000000000000, 2.299999999999979838, 6.275000000000001243 ) ) ;
#2432 = EDGE_CURVE ( 'NONE', #479, #1494, #3414, .T. ) ;
#2433 = PLANE ( 'NONE',  #1889 ) ;
#2434 = CARTESIAN_POINT ( 'NONE',  ( 4.250000000000000000, -0.5000000000000009992, 0.9000000000000010214 ) ) ;
#2435 = FILL_AREA_STYLE_COLOUR ( '', #2727 ) ;
#2436 = EDGE_CURVE ( 'NONE', #1954, #938, #796, .T. ) ;
#2437 =( GEOMETRIC_REPRESENTATION_CONTEXT ( 3 ) GLOBAL_UNCERTAINTY_ASSIGNED_CONTEXT ( ( #2042 ) ) GLOBAL_UNIT_ASSIGNED_CONTEXT ( ( #2155, #609, #3209 ) ) REPRESENTATION_CONTEXT ( 'NONE', 'WORKASPACE' ) );
#2438 = CARTESIAN_POINT ( 'NONE',  ( -2.775557561562890089E-14, -1.900000000034651748, 7.902861295432880517 ) ) ;
#2439 = ORIENTED_EDGE ( 'NONE', *, *, #232, .F. ) ;
#2440 = AXIS2_PLACEMENT_3D ( 'NONE', #2106, #1575, #2627 ) ;
#2441 = VECTOR ( 'NONE', #822, 1000.000000000000000 ) ;
#2442 = AXIS2_PLACEMENT_3D ( 'NONE', #2681, #3214, #237 ) ;
#2443 = VECTOR ( 'NONE', #1464, 1000.000000000000000 ) ;
#2444 = VERTEX_POINT ( 'NONE', #261 ) ;
#2445 = ORIENTED_EDGE ( 'NONE', *, *, #2836, .F. ) ;
#2446 = LINE ( 'NONE', #56, #2232 ) ;
#2447 = DIRECTION ( 'NONE',  ( 0.000000000000000000, 1.000000000000000000, -6.123233995736769734E-17 ) ) ;
#2448 = VECTOR ( 'NONE', #3022, 1000.000000000000000 ) ;
#2449 = ORIENTED_EDGE ( 'NONE', *, *, #3252, .T. ) ;
#2450 = CARTESIAN_POINT ( 'NONE',  ( 11.00000000000000000, -0.5000000000000019984, -12.59999999999999964 ) ) ;
#2451 = CYLINDRICAL_SURFACE ( 'NONE', #724, 1.125000000000000222 ) ;
#2452 = PRODUCT_DEFINITION ( 'UNKNOWN', '', #2235, #2023 ) ;
#2453 = AXIS2_PLACEMENT_3D ( 'NONE', #1239, #975, #775 ) ;
#2454 = VERTEX_POINT ( 'NONE', #4 ) ;
#2455 = EDGE_CURVE ( 'NONE', #546, #1018, #1078, .T. ) ;
#2456 = CARTESIAN_POINT ( 'NONE',  ( -12.44405855044519527, 2.299999999999979838, 2.622848291731599613 ) ) ;
#2457 = CARTESIAN_POINT ( 'NONE',  ( -3.249999999999940048, 9.509243942682058109E-17, 0.9000000000000010214 ) ) ;
#2458 = DIRECTION ( 'NONE',  ( -0.000000000000000000, -1.000000000000000000, 0.000000000000000000 ) ) ;
#2459 =( GEOMETRIC_REPRESENTATION_CONTEXT ( 3 ) GLOBAL_UNCERTAINTY_ASSIGNED_CONTEXT ( ( #1390 ) ) GLOBAL_UNIT_ASSIGNED_CONTEXT ( ( #3050, #2798, #1213 ) ) REPRESENTATION_CONTEXT ( 'NONE', 'WORKASPACE' ) );
#2460 = ADVANCED_FACE ( 'NONE', ( #1878 ), #541, .T. ) ;
#2461 = DIRECTION ( 'NONE',  ( 0.000000000000000000, 0.9975640502598243087, 0.06975647374412374813 ) ) ;
#2462 = VERTEX_POINT ( 'NONE', #2985 ) ;
#2463 = ORIENTED_EDGE ( 'NONE', *, *, #1802, .F. ) ;
#2464 = DIRECTION ( 'NONE',  ( 0.000000000000000000, 1.000000000000000000, -6.123233995736769734E-17 ) ) ;
#2465 = ORIENTED_EDGE ( 'NONE', *, *, #1143, .T. ) ;
#2466 = DIRECTION ( 'NONE',  ( -0.06975647374412612123, -0.9975640502598241977, 0.000000000000000000 ) ) ;
#2467 = DIRECTION ( 'NONE',  ( -0.06958737431652137206, -0.9951458157837009821, -0.06958737431405639939 ) ) ;
#2468 = ORIENTED_EDGE ( 'NONE', *, *, #694, .T. ) ;
#2469 = DIRECTION ( 'NONE',  ( 1.387778780781439996E-14, 6.123233995736769734E-17, 1.000000000000000000 ) ) ;
#2470 = CARTESIAN_POINT ( 'NONE',  ( -14.86293112954090034, -1.524861759117659887E-16, 2.299999999999990052 ) ) ;
#2471 = ORIENTED_EDGE ( 'NONE', *, *, #1107, .T. ) ;
#2472 = DIRECTION ( 'NONE',  ( -0.000000000000000000, -6.123233995736769734E-17, -1.000000000000000000 ) ) ;
#2473 = CARTESIAN_POINT ( 'NONE',  ( -12.00000000000000000, -0.5000000000000008882, 1.660816960928050090 ) ) ;
#2474 = ADVANCED_BREP_SHAPE_REPRESENTATION ( '', ( #509, #1405 ), #498 ) ;
#2475 = DIRECTION ( 'NONE',  ( 0.000000000000000000, 0.000000000000000000, 1.000000000000000000 ) ) ;
#2476 = CARTESIAN_POINT ( 'NONE',  ( 2.902644220450659951, -1.948027433853219748, 4.652481686917689707 ) ) ;
#2477 = CARTESIAN_POINT ( 'NONE',  ( -4.451058330766260340, 1.565140967917894530E-16, 3.141730632977528526 ) ) ;
#2478 = ORIENTED_EDGE ( 'NONE', *, *, #1972, .T. ) ;
#2479 = EDGE_CURVE ( 'NONE', #1824, #2825, #370, .T. ) ;
#2480 = EDGE_LOOP ( 'NONE', ( #28, #185, #1666, #1737, #1266, #700, #1129, #1102, #2015, #1985, #954, #2668, #642, #1376, #2582, #2818 ) ) ;
#2481 = CARTESIAN_POINT ( 'NONE',  ( -3.080151128938460214, -1.349155158028630064, 4.998240756575209609 ) ) ;
#2482 = DIRECTION ( 'NONE',  ( 1.000000000000000000, 0.000000000000000000, -8.759342496006510394E-16 ) ) ;
#2483 = ORIENTED_EDGE ( 'NONE', *, *, #68, .T. ) ;
#2484 = LINE ( 'NONE', #2694, #1241 ) ;
#2485 = DIRECTION ( 'NONE',  ( -0.000000000000000000, -0.000000000000000000, -1.000000000000000000 ) ) ;
#2486 = ORIENTED_EDGE ( 'NONE', *, *, #1187, .F. ) ;
#2487 = DIRECTION ( 'NONE',  ( -1.000000000000000000, -1.261937886676320015E-31, -2.060900967617650168E-15 ) ) ;
#2488 = CARTESIAN_POINT ( 'NONE',  ( 11.75000000000000000, -0.5000000000000009992, 1.660816960928046537 ) ) ;
#2489 = DIRECTION ( 'NONE',  ( 0.000000000000000000, 0.000000000000000000, 1.000000000000000000 ) ) ;
#2490 = LINE ( 'NONE', #1424, #1832 ) ;
#2491 = DIRECTION ( 'NONE',  ( -5.427939635242889946E-15, 0.000000000000000000, -1.000000000000000000 ) ) ;
#2492 = VECTOR ( 'NONE', #2934, 1000.000000000000000 ) ;
#2493 =( GEOMETRIC_REPRESENTATION_CONTEXT ( 3 ) GLOBAL_UNCERTAINTY_ASSIGNED_CONTEXT ( ( #1245 ) ) GLOBAL_UNIT_ASSIGNED_CONTEXT ( ( #846, #254, #1634 ) ) REPRESENTATION_CONTEXT ( 'NONE', 'WORKASPACE' ) );
#2494 = CARTESIAN_POINT ( 'NONE',  ( -4.000000000000000000, -0.5000000000000019984, -12.28329266077840032 ) ) ;
#2495 = ORIENTED_EDGE ( 'NONE', *, *, #1586, .F. ) ;
#2496 = EDGE_CURVE ( 'NONE', #1559, #2631, #2968, .T. ) ;
#2497 = DIRECTION ( 'NONE',  ( 5.782411586589340136E-17, 1.000000000000000000, 2.398353793186899962E-15 ) ) ;
#2498 = CARTESIAN_POINT ( 'NONE',  ( -4.249999999999969802, -0.5000000000000009992, 0.8999999999999980238 ) ) ;
#2499 =( REPRESENTATION_RELATIONSHIP ('NONE','NONE', #3351, #876 ) REPRESENTATION_RELATIONSHIP_WITH_TRANSFORMATION ( #2175 )SHAPE_REPRESENTATION_RELATIONSHIP( ) );
#2500 = UNCERTAINTY_MEASURE_WITH_UNIT (LENGTH_MEASURE( 1.000000000000000082E-05 ), #291, 'distance_accuracy_value', 'NONE');
#2501 = MECHANICAL_DESIGN_GEOMETRIC_PRESENTATION_REPRESENTATION (  '', ( #2059 ), #2493 ) ;
#2502 = AXIS2_PLACEMENT_3D ( 'NONE', #2149, #2746, #829 ) ;
#2503 = EDGE_CURVE ( 'NONE', #600, #874, #1950, .T. ) ;
#2504 = ORIENTED_EDGE ( 'NONE', *, *, #2092, .T. ) ;
#2505 = VECTOR ( 'NONE', #527, 1000.000000000000000 ) ;
#2506 = CARTESIAN_POINT ( 'NONE',  ( 10.75000000000000000, -7.589415207398531038E-16, 0.8999999999999980238 ) ) ;
#2507 = PLANE ( 'NONE',  #2453 ) ;
#2508 = DIRECTION ( 'NONE',  ( 0.000000000000000000, -1.000000000000000000, 6.123233995736769734E-17 ) ) ;
#2509 = ORIENTED_EDGE ( 'NONE', *, *, #429, .T. ) ;
#2510 = SURFACE_SIDE_STYLE ('',( #1451 ) ) ;
#2511 = AXIS2_PLACEMENT_3D ( 'NONE', #2213, #2489, #97 ) ;
#2512 = LINE ( 'NONE', #3026, #2605 ) ;
#2513 = ITEM_DEFINED_TRANSFORMATION ( 'NONE', 'NONE', #53,  #1405 ) ;
#2514 = CARTESIAN_POINT ( 'NONE',  ( 2.596789400671790204, -1.626966619198559894, 4.648973721755970345 ) ) ;
#2515 = CARTESIAN_POINT ( 'NONE',  ( -3.137951828042063074, -1.633142081193397210, 4.834280830039703325 ) ) ;
#2516 = VECTOR ( 'NONE', #143, 1000.000000000000000 ) ;
#2517 = VERTEX_POINT ( 'NONE', #2726 ) ;
#2518 = PLANE ( 'NONE',  #2338 ) ;
#2519 = PLANE ( 'NONE',  #2997 ) ;
#2520 = EDGE_CURVE ( 'NONE', #3253, #2533, #2190, .T. ) ;
#2521 = VERTEX_POINT ( 'NONE', #1151 ) ;
#2522 = DIRECTION ( 'NONE',  ( 0.000000000000000000, -1.000000000000000000, 6.123233995736769734E-17 ) ) ;
#2523 = DIRECTION ( 'NONE',  ( -0.000000000000000000, -0.000000000000000000, -1.000000000000000000 ) ) ;
#2524 = PLANE ( 'NONE',  #779 ) ;
#2525 =( LENGTH_UNIT ( ) NAMED_UNIT ( * ) SI_UNIT ( .MILLI., .METRE. ) );
#2526 = EDGE_CURVE ( 'NONE', #3203, #3219, #3019, .T. ) ;
#2527 = CARTESIAN_POINT ( 'NONE',  ( 4.249999999999979572, 2.299999999999979838, 12.59999999999999964 ) ) ;
#2528 = ORIENTED_EDGE ( 'NONE', *, *, #1998, .T. ) ;
#2529 = CARTESIAN_POINT ( 'NONE',  ( 11.49999999999998579, -7.620880114205980609E-16, -12.59999999999999964 ) ) ;
#2530 = EDGE_LOOP ( 'NONE', ( #2418, #639, #1733, #1301, #1945, #2309, #929, #3337, #1325, #441, #1009, #1891, #982, #3406, #3106, #285 ) ) ;
#2531 = CARTESIAN_POINT ( 'NONE',  ( 0.000000000000000000, -0.5000000000000008882, 0.8999999999999980238 ) ) ;
#2532 = LINE ( 'NONE', #2592, #2386 ) ;
#2533 = VERTEX_POINT ( 'NONE', #37 ) ;
#2534 = CARTESIAN_POINT ( 'NONE',  ( 11.75000000000000000, 2.168404344971008868E-16, 3.141730632977529858 ) ) ;
#2535 = EDGE_CURVE ( 'NONE', #1915, #552, #2707, .T. ) ;
#2536 = LINE ( 'NONE', #2583, #1960 ) ;
#2537 = ADVANCED_FACE ( 'NONE', ( #1092 ), #1918, .F. ) ;
#2538 = CARTESIAN_POINT ( 'NONE',  ( 0.000000000000000000, -0.5000000000000008882, 1.660816960928050090 ) ) ;
#2539 = ORIENTED_EDGE ( 'NONE', *, *, #1604, .F. ) ;
#2540 = DIRECTION ( 'NONE',  ( 1.661827225066309934E-31, -1.000000000000000000, 4.510148930931556522E-46 ) ) ;
#2541 = EDGE_CURVE ( 'NONE', #3331, #552, #3225, .T. ) ;
#2542 = LINE ( 'NONE', #1299, #788 ) ;
#2543 = ORIENTED_EDGE ( 'NONE', *, *, #2322, .F. ) ;
#2544 = FACE_OUTER_BOUND ( 'NONE', #279, .T. ) ;
#2545 = PLANE ( 'NONE',  #1557 ) ;
#2546 = VECTOR ( 'NONE', #571, 1000.000000000000000 ) ;
#2547 = ORIENTED_EDGE ( 'NONE', *, *, #1127, .T. ) ;
#2548 = VECTOR ( 'NONE', #186, 1000.000000000000000 ) ;
#2549 = FACE_OUTER_BOUND ( 'NONE', #2829, .T. ) ;
#2550 = FACE_OUTER_BOUND ( 'NONE', #1585, .T. ) ;
#2551 = VECTOR ( 'NONE', #1564, 1000.000000000000000 ) ;
#2552 = LINE ( 'NONE', #682, #3376 ) ;
#2553 = AXIS2_PLACEMENT_3D ( 'NONE', #1708, #1672, #336 ) ;
#2554 = ORIENTED_EDGE ( 'NONE', *, *, #65, .F. ) ;
#2555 = DIRECTION ( 'NONE',  ( 0.000000000000000000, -6.123233995736769734E-17, -1.000000000000000000 ) ) ;
#2556 = ORIENTED_EDGE ( 'NONE', *, *, #2535, .T. ) ;
#2557 =( GEOMETRIC_REPRESENTATION_CONTEXT ( 3 ) GLOBAL_UNCERTAINTY_ASSIGNED_CONTEXT ( ( #1033 ) ) GLOBAL_UNIT_ASSIGNED_CONTEXT ( ( #2860, #455, #1540 ) ) REPRESENTATION_CONTEXT ( 'NONE', 'WORKASPACE' ) );
#2558 = CARTESIAN_POINT ( 'NONE',  ( 12.39478613950594088, -0.004628304506370215475, 2.300323642578830707 ) ) ;
#2559 = EDGE_CURVE ( 'NONE', #579, #1097, #3205, .T. ) ;
#2560 = CARTESIAN_POINT ( 'NONE',  ( -14.86293112954090034, -1.100000000000020073, 12.41819028894689936 ) ) ;
#2561 = AXIS2_PLACEMENT_3D ( 'NONE', #2412, #885, #2464 ) ;
#2562 = ORIENTED_EDGE ( 'NONE', *, *, #1636, .T. ) ;
#2563 = VERTEX_POINT ( 'NONE', #641 ) ;
#2564 = LINE ( 'NONE', #110, #838 ) ;
#2565 = PRODUCT_DEFINITION_CONTEXT ( 'detailed design', #407, 'design' ) ;
#2566 = ORIENTED_EDGE ( 'NONE', *, *, #391, .T. ) ;
#2567 = LINE ( 'NONE', #2803, #278 ) ;
#2568 = DIRECTION ( 'NONE',  ( 1.000000000000000000, 0.000000000000000000, 1.387778780781439996E-14 ) ) ;
#2569 = DIRECTION ( 'NONE',  ( 0.000000000000000000, -1.000000000000000000, 6.123233995736769734E-17 ) ) ;
#2570 = PRODUCT_DEFINITION_SHAPE ( 'NONE', 'NONE',  #3453 ) ;
#2571 = ORIENTED_EDGE ( 'NONE', *, *, #839, .F. ) ;
#2572 = DIRECTION ( 'NONE',  ( -0.5218072611013044870, -5.223506875434572968E-17, -0.8530634104578362908 ) ) ;
#2573 = ORIENTED_EDGE ( 'NONE', *, *, #3304, .T. ) ;
#2574 = DIRECTION ( 'NONE',  ( 0.000000000000000000, 1.000000000000000000, -6.123233995736769734E-17 ) ) ;
#2575 = EDGE_CURVE ( 'NONE', #2087, #2037, #312, .T. ) ;
#2576 = LINE ( 'NONE', #224, #3100 ) ;
#2577 = ORIENTED_EDGE ( 'NONE', *, *, #2333, .F. ) ;
#2578 =( LENGTH_UNIT ( ) NAMED_UNIT ( * ) SI_UNIT ( .MILLI., .METRE. ) );
#2579 = EDGE_CURVE ( 'NONE', #1042, #3064, #566, .T. ) ;
#2580 = CARTESIAN_POINT ( 'NONE',  ( -12.39550155994332670, 0.005602684402383061035, 2.300391777858571185 ) ) ;
#2581 = ADVANCED_FACE ( 'NONE', ( #57 ), #75, .T. ) ;
#2582 = ORIENTED_EDGE ( 'NONE', *, *, #63, .T. ) ;
#2583 = CARTESIAN_POINT ( 'NONE',  ( 11.00000000000000000, -7.589415207398531038E-16, -12.28329266077830084 ) ) ;
#2584 = FILL_AREA_STYLE ('',( #1497 ) ) ;
#2585 = ORIENTED_EDGE ( 'NONE', *, *, #792, .F. ) ;
#2586 = CARTESIAN_POINT ( 'NONE',  ( 2.472871382334756341, -1.100000000008094503, 4.940862953461498286 ) ) ;
#2587 = ORIENTED_EDGE ( 'NONE', *, *, #1928, .F. ) ;
#2588 = LINE ( 'NONE', #2317, #2548 ) ;
#2589 = CARTESIAN_POINT ( 'NONE',  ( 0.000000000000000000, 2.299999999999979838, -1.408343819019440004E-16 ) ) ;
#2590 = ORIENTED_EDGE ( 'NONE', *, *, #610, .T. ) ;
#2591 = PRODUCT_DEFINITION_SHAPE ( 'NONE', 'NONE',  #2452 ) ;
#2592 = CARTESIAN_POINT ( 'NONE',  ( 0.000000000000000000, 1.923755181729561122E-16, 3.141730632977529858 ) ) ;
#2593 = EDGE_CURVE ( 'NONE', #690, #354, #888, .T. ) ;
#2594 = EDGE_CURVE ( 'NONE', #450, #2945, #1135, .T. ) ;
#2595 = ORIENTED_EDGE ( 'NONE', *, *, #1485, .T. ) ;
#2596 = CARTESIAN_POINT ( 'NONE',  ( 3.137950582778757269, -1.633135742905008847, 4.834284489452214117 ) ) ;
#2597 = CARTESIAN_POINT ( 'NONE',  ( -7.416249555727289611, -1.000000000000007327, 6.774999999999990585 ) ) ;
#2598 = MECHANICAL_DESIGN_GEOMETRIC_PRESENTATION_REPRESENTATION (  '', ( #1049 ), #2437 ) ;
#2599 = ADVANCED_FACE ( 'NONE', ( #1167 ), #353, .T. ) ;
#2600 = VECTOR ( 'NONE', #69, 1000.000000000000000 ) ;
#2601 = ORIENTED_EDGE ( 'NONE', *, *, #3408, .T. ) ;
#2602 = CARTESIAN_POINT ( 'NONE',  ( -10.15000000000000036, -0.5000000000000008882, 1.660816960928050978 ) ) ;
#2603 = DIRECTION ( 'NONE',  ( -0.8530634104578023180, 3.195147960398141510E-17, 0.5218072611013602202 ) ) ;
#2604 = DIRECTION ( 'NONE',  ( 1.000000000000000000, -0.000000000000000000, 1.387778780781460191E-14 ) ) ;
#2605 = VECTOR ( 'NONE', #879, 1000.000000000000000 ) ;
#2606 = AXIS2_PLACEMENT_3D ( 'NONE', #401, #2820, #1487 ) ;
#2607 = EDGE_LOOP ( 'NONE', ( #2145, #586, #2495, #2187, #147, #1584, #753, #2925 ) ) ;
#2608 = CARTESIAN_POINT ( 'NONE',  ( -3.190957125086741897, -1.900000000456588456, 4.680210338517717616 ) ) ;
#2609 = VECTOR ( 'NONE', #389, 1000.000000000000114 ) ;
#2610 = DIRECTION ( 'NONE',  ( -0.000000000000000000, -1.000000000000000000, 6.123233995736769734E-17 ) ) ;
#2611 = DIRECTION ( 'NONE',  ( 0.000000000000000000, -1.000000000000000000, 6.123233995736769734E-17 ) ) ;
#2612 = ORIENTED_EDGE ( 'NONE', *, *, #1096, .T. ) ;
#2613 = AXIS2_PLACEMENT_3D ( 'NONE', #1937, #2469, #2228 ) ;
#2614 = VERTEX_POINT ( 'NONE', #1641 ) ;
#2615 = CARTESIAN_POINT ( 'NONE',  ( -7.416249555727289611, -1.100000000000010081, 7.899999999999990585 ) ) ;
#2616 = VECTOR ( 'NONE', #1249, 1000.000000000000000 ) ;
#2617 = DIRECTION ( 'NONE',  ( 2.725663816014619341E-17, -1.000000000000000000, 1.667251406029128985E-17 ) ) ;
#2618 = EDGE_CURVE ( 'NONE', #3396, #1295, #2691, .T. ) ;
#2619 = EDGE_CURVE ( 'NONE', #1765, #1828, #2221, .T. ) ;
#2620 = ORIENTED_EDGE ( 'NONE', *, *, #1485, .F. ) ;
#2621 = FACE_OUTER_BOUND ( 'NONE', #965, .T. ) ;
#2622 = CARTESIAN_POINT ( 'NONE',  ( -11.50000000000000000, -7.620880114205980609E-16, -12.59999999999999964 ) ) ;
#2623 = ADVANCED_FACE ( 'NONE', ( #179 ), #972, .T. ) ;
#2624 = VERTEX_POINT ( 'NONE', #692 ) ;
#2625 = DIRECTION ( 'NONE',  ( -1.000000000000000000, 1.330406150074120076E-31, 2.172718127382359810E-15 ) ) ;
#2626 = CARTESIAN_POINT ( 'NONE',  ( -7.416249555727289611, -1.000000000000009992, 7.899999999999990585 ) ) ;
#2627 = DIRECTION ( 'NONE',  ( 0.000000000000000000, -2.398353793186899962E-15, 1.000000000000000000 ) ) ;
#2628 = ORIENTED_EDGE ( 'NONE', *, *, #991, .F. ) ;
#2629 = SHAPE_REPRESENTATION_RELATIONSHIP ( 'NONE' , 'NONE' ,  #2313, #2474 ) ;
#2630 = DIRECTION ( 'NONE',  ( 8.410780489584519664E-16, 6.123233995736769734E-17, 1.000000000000000000 ) ) ;
#2631 = VERTEX_POINT ( 'NONE', #159 ) ;
#2632 = FACE_OUTER_BOUND ( 'NONE', #1080, .T. ) ;
#2633 = PLANE ( 'NONE',  #2828 ) ;
#2634 = ORIENTED_EDGE ( 'NONE', *, *, #148, .T. ) ;
#2635 = ADVANCED_FACE ( 'NONE', ( #1253 ), #2545, .F. ) ;
#2636 = EDGE_LOOP ( 'NONE', ( #2359, #2920, #2381, #2722 ) ) ;
#2637 = PLANE ( 'NONE',  #1790 ) ;
#2638 = CARTESIAN_POINT ( 'NONE',  ( -11.74999999999999822, 1.836191511039269405E-16, 3.141730632977520532 ) ) ;
#2639 = EDGE_CURVE ( 'NONE', #2151, #2462, #1987, .T. ) ;
#2640 = ORIENTED_EDGE ( 'NONE', *, *, #108, .T. ) ;
#2641 = EDGE_CURVE ( 'NONE', #2895, #2956, #2050, .T. ) ;
#2642 = DIRECTION ( 'NONE',  ( -0.000000000000000000, -1.000000000000000000, 0.000000000000000000 ) ) ;
#2643 = CARTESIAN_POINT ( 'NONE',  ( 10.75000000000000000, -0.5000000000000009992, 3.061616997868389797E-17 ) ) ;
#2644 = EDGE_CURVE ( 'NONE', #2331, #2360, #3070, .T. ) ;
#2645 = ORIENTED_EDGE ( 'NONE', *, *, #65, .T. ) ;
#2646 = APPLICATION_PROTOCOL_DEFINITION ( 'draft international standard', 'automotive_design', 1998, #407 ) ;
#2647 = LINE ( 'NONE', #1874, #3167 ) ;
#2648 = VERTEX_POINT ( 'NONE', #2847 ) ;
#2649 = LINE ( 'NONE', #3223, #2113 ) ;
#2650 = CARTESIAN_POINT ( 'NONE',  ( 3.048941669233729890, -0.5000000000000009992, 3.141730632977529858 ) ) ;
#2651 = CARTESIAN_POINT ( 'NONE',  ( 11.50000000000000000, -7.589415207398531038E-16, -12.28329266077840032 ) ) ;
#2652 = PRODUCT ( 'KBJB_2', 'KBJB_2', '', ( #2342 ) ) ;
#2653 = ORIENTED_EDGE ( 'NONE', *, *, #205, .T. ) ;
#2654 = ORIENTED_EDGE ( 'NONE', *, *, #1650, .F. ) ;
#2655 = DIRECTION ( 'NONE',  ( -0.000000000000000000, 1.000000000000000000, -6.123233995736769734E-17 ) ) ;
#2656 = VECTOR ( 'NONE', #2251, 1000.000000000000000 ) ;
#2657 = LINE ( 'NONE', #268, #1275 ) ;
#2658 = MECHANICAL_DESIGN_GEOMETRIC_PRESENTATION_REPRESENTATION (  '', ( #2937 ), #1615 ) ;
#2659 = ORIENTED_EDGE ( 'NONE', *, *, #2388, .T. ) ;
#2660 = CARTESIAN_POINT ( 'NONE',  ( 0.000000000000000000, -0.5000000000000017764, -12.59999999999999964 ) ) ;
#2661 = AXIS2_PLACEMENT_3D ( 'NONE', #3181, #292, #1315 ) ;
#2662 = LINE ( 'NONE', #3179, #2009 ) ;
#2663 = DIRECTION ( 'NONE',  ( 0.000000000000000000, 6.123233995736769734E-17, 1.000000000000000000 ) ) ;
#2664 = EDGE_CURVE ( 'NONE', #2020, #2624, #657, .T. ) ;
#2665 = AXIS2_PLACEMENT_3D ( 'NONE', #2470, #858, #2177 ) ;
#2666 = ORIENTED_EDGE ( 'NONE', *, *, #1719, .F. ) ;
#2667 = VECTOR ( 'NONE', #2263, 1000.000000000000000 ) ;
#2668 = ORIENTED_EDGE ( 'NONE', *, *, #2963, .T. ) ;
#2669 = EDGE_LOOP ( 'NONE', ( #2240, #1447, #967, #2169 ) ) ;
#2670 = CARTESIAN_POINT ( 'NONE',  ( -12.50000000000000178, 1.499999999999960032, 2.299999999999999822 ) ) ;
#2671 = PRODUCT_DEFINITION_FORMATION_WITH_SPECIFIED_SOURCE ( 'ANY', '', #3368, .NOT_KNOWN. ) ;
#2672 = CARTESIAN_POINT ( 'NONE',  ( 3.250000000000000444, -0.5000000000000009992, 0.8999999999999980238 ) ) ;
#2673 = DIRECTION ( 'NONE',  ( 0.06958737431666575657, 0.9951458157835093576, 0.06958737431665379392 ) ) ;
#2674 = DIRECTION ( 'NONE',  ( 0.9975640502598241977, 0.06975647374412612123, -3.048681345067960983E-15 ) ) ;
#2675 = APPLICATION_CONTEXT ( 'automotive_design' ) ;
#2676 = EDGE_LOOP ( 'NONE', ( #3316, #1374, #1906, #2130 ) ) ;
#2677 = DIRECTION ( 'NONE',  ( -1.699538841808626138E-30, -1.000000000000000000, 6.123233995736769734E-17 ) ) ;
#2678 = FACE_OUTER_BOUND ( 'NONE', #826, .T. ) ;
#2679 = DIRECTION ( 'NONE',  ( 0.000000000000000000, 6.123233995736769734E-17, 1.000000000000000000 ) ) ;
#2680 = VERTEX_POINT ( 'NONE', #705 ) ;
#2681 = CARTESIAN_POINT ( 'NONE',  ( 0.000000000000000000, 0.000000000000000000, 0.000000000000000000 ) ) ;
#2682 = PLANE ( 'NONE',  #2880 ) ;
#2683 = DIRECTION ( 'NONE',  ( -5.150117702450347802E-32, 1.000000000000000000, -6.123233995736769734E-17 ) ) ;
#2684 = ORIENTED_EDGE ( 'NONE', *, *, #2305, .T. ) ;
#2685 = EDGE_CURVE ( 'NONE', #2323, #572, #141, .T. ) ;
#2686 = ADVANCED_FACE ( 'NONE', ( #1216 ), #2519, .F. ) ;
#2687 = VERTEX_POINT ( 'NONE', #2812 ) ;
#2688 = ORIENTED_EDGE ( 'NONE', *, *, #767, .T. ) ;
#2689 = EDGE_CURVE ( 'NONE', #1398, #1370, #1509, .T. ) ;
#2690 = LINE ( 'NONE', #828, #906 ) ;
#2691 = LINE ( 'NONE', #298, #2167 ) ;
#2692 = EDGE_CURVE ( 'NONE', #572, #330, #1795, .T. ) ;
#2693 = ORIENTED_EDGE ( 'NONE', *, *, #1611, .F. ) ;
#2694 = CARTESIAN_POINT ( 'NONE',  ( 0.000000000000000000, 2.299999999999979838, 2.622848291731600057 ) ) ;
#2695 = CARTESIAN_POINT ( 'NONE',  ( 7.416249555727289611, -1.000000000000009992, 7.899999999999990585 ) ) ;
#2696 = DIRECTION ( 'NONE',  ( 8.194081986919213887E-17, 0.4999999999999971689, -0.8660254037844403729 ) ) ;
#2697 = EDGE_LOOP ( 'NONE', ( #1759, #2801, #1929, #508 ) ) ;
#2698 = DIRECTION ( 'NONE',  ( 0.000000000000000000, 0.000000000000000000, 1.000000000000000000 ) ) ;
#2699 = CARTESIAN_POINT ( 'NONE',  ( 2.532503427533039808, -1.349141301962740069, 4.803192687005079620 ) ) ;
#2700 = SURFACE_STYLE_FILL_AREA ( #13 ) ;
#2701 = CARTESIAN_POINT ( 'NONE',  ( -2.649999999999979927, -0.5000000000000008882, 1.660816960928050090 ) ) ;
#2702 = ORIENTED_EDGE ( 'NONE', *, *, #2036, .T. ) ;
#2703 = ORIENTED_EDGE ( 'NONE', *, *, #585, .F. ) ;
#2704 = VERTEX_POINT ( 'NONE', #2800 ) ;
#2705 = PLANE ( 'NONE',  #272 ) ;
#2706 = EDGE_CURVE ( 'NONE', #2117, #450, #2308, .T. ) ;
#2707 = LINE ( 'NONE', #2171, #490 ) ;
#2708 = ADVANCED_FACE ( 'NONE', ( #3035 ), #406, .F. ) ;
#2709 = VERTEX_POINT ( 'NONE', #1514 ) ;
#2710 = LINE ( 'NONE', #60, #3393 ) ;
#2711 = FACE_OUTER_BOUND ( 'NONE', #1714, .T. ) ;
#2712 = EDGE_CURVE ( 'NONE', #1656, #1835, #2564, .T. ) ;
#2713 = CARTESIAN_POINT ( 'NONE',  ( 11.50000000000000000, -7.572398285550454377E-16, -12.28329266077839854 ) ) ;
#2714 = PRODUCT_CONTEXT ( 'NONE', #584, 'mechanical' ) ;
#2715 = DIRECTION ( 'NONE',  ( 1.000000000000000000, 0.000000000000000000, 0.000000000000000000 ) ) ;
#2716 = CARTESIAN_POINT ( 'NONE',  ( -3.249999999999938272, -0.5000000000000019984, -11.87458648033101838 ) ) ;
#2717 = FACE_OUTER_BOUND ( 'NONE', #1728, .T. ) ;
#2718 = ORIENTED_EDGE ( 'NONE', *, *, #2287, .F. ) ;
#2719 = VECTOR ( 'NONE', #1912, 1000.000000000000000 ) ;
#2720 = CIRCLE ( 'NONE', #1227, 3.858565413649424958 ) ;
#2721 = VECTOR ( 'NONE', #873, 1000.000000000000227 ) ;
#2722 = ORIENTED_EDGE ( 'NONE', *, *, #465, .F. ) ;
#2723 = LINE ( 'NONE', #333, #2293 ) ;
#2724 = EDGE_LOOP ( 'NONE', ( #157, #2112, #721, #536 ) ) ;
#2725 = PLANE ( 'NONE',  #2392 ) ;
#2726 = CARTESIAN_POINT ( 'NONE',  ( -12.49999999999999645, 1.499999999999983791, 12.60000000000001386 ) ) ;
#2727 = COLOUR_RGB ( '',0.8196078431372548767, 0.8196078431372548767, 0.8196078431372548767 ) ;
#2728 = VECTOR ( 'NONE', #1463, 1000.000000000000000 ) ;
#2729 = ORIENTED_EDGE ( 'NONE', *, *, #2712, .F. ) ;
#2730 = CARTESIAN_POINT ( 'NONE',  ( 4.249999999999979572, 2.299999999999980727, 12.59999999999999964 ) ) ;
#2731 = ADVANCED_FACE ( 'NONE', ( #984 ), #1479, .F. ) ;
#2732 = CARTESIAN_POINT ( 'NONE',  ( 2.999172831378757120, -1.900000000000038991, 4.664521085273868550 ) ) ;
#2733 = LINE ( 'NONE', #342, #317 ) ;
#2734 = VECTOR ( 'NONE', #2349, 1000.000000000000227 ) ;
#2735 = ORIENTED_EDGE ( 'NONE', *, *, #864, .T. ) ;
#2736 = DIRECTION ( 'NONE',  ( -1.000000000000000000, 0.000000000000000000, -1.387778780781460191E-14 ) ) ;
#2737 = EDGE_CURVE ( 'NONE', #1295, #1316, #2781, .T. ) ;
#2738 = CARTESIAN_POINT ( 'NONE',  ( 4.250000000000006217, -7.509833196090874934E-16, -11.87458648033100772 ) ) ;
#2739 = VECTOR ( 'NONE', #2870, 1000.000000000000000 ) ;
#2740 = MANIFOLD_SOLID_BREP ( 'Imported1', #2844 ) ;
#2741 = LINE ( 'NONE', #3015, #2102 ) ;
#2742 = EDGE_LOOP ( 'NONE', ( #3300, #1667, #70, #987, #351, #1781, #1300, #1365, #1202 ) ) ;
#2743 = DIRECTION ( 'NONE',  ( 0.000000000000000000, 0.000000000000000000, -1.000000000000000000 ) ) ;
#2744 = ORIENTED_EDGE ( 'NONE', *, *, #1819, .F. ) ;
#2745 = CARTESIAN_POINT ( 'NONE',  ( -2.596789756059759924, -1.626968201419960014, 4.648972840474661083 ) ) ;
#2746 = DIRECTION ( 'NONE',  ( -1.000000000000000000, 0.000000000000000000, 0.000000000000000000 ) ) ;
#2747 = VERTEX_POINT ( 'NONE', #2580 ) ;
#2748 = PLANE ( 'NONE',  #2613 ) ;
#2749 = LINE ( 'NONE', #1921, #2014 ) ;
#2750 = EDGE_LOOP ( 'NONE', ( #1088, #3068, #799, #3040 ) ) ;
#2751 = FACE_OUTER_BOUND ( 'NONE', #1499, .T. ) ;
#2752 = ORIENTED_EDGE ( 'NONE', *, *, #2200, .F. ) ;
#2753 = CARTESIAN_POINT ( 'NONE',  ( 2.650000000000030553, -0.5000000000000009992, 1.660816960928050090 ) ) ;
#2754 = APPLICATION_PROTOCOL_DEFINITION ( 'draft international standard', 'automotive_design', 1998, #160 ) ;
#2755 = PRODUCT_RELATED_PRODUCT_CATEGORY ( 'part', '', ( #2872 ) ) ;
#2756 = FACE_OUTER_BOUND ( 'NONE', #52, .T. ) ;
#2757 = EDGE_CURVE ( 'NONE', #874, #783, #2532, .T. ) ;
#2758 = FACE_OUTER_BOUND ( 'NONE', #1017, .T. ) ;
#2759 = EDGE_CURVE ( 'NONE', #1246, #450, #1609, .T. ) ;
#2760 = FILL_AREA_STYLE_COLOUR ( '', #448 ) ;
#2761 = ORIENTED_EDGE ( 'NONE', *, *, #735, .T. ) ;
#2762 = CARTESIAN_POINT ( 'NONE',  ( -2.842652297023720021, -1.671129680366810089, 4.812348679431390330 ) ) ;
#2763 = DIRECTION ( 'NONE',  ( -1.000000000000000000, -0.000000000000000000, -2.775557561562909653E-14 ) ) ;
#2764 = EDGE_LOOP ( 'NONE', ( #1872, #2909, #1652, #1112 ) ) ;
#2765 = DIRECTION ( 'NONE',  ( -1.000000000000000000, 0.000000000000000000, 0.000000000000000000 ) ) ;
#2766 = CARTESIAN_POINT ( 'NONE',  ( 4.850000000000000533, -0.5000000000000009992, 0.9000000000000050182 ) ) ;
#2767 = EDGE_LOOP ( 'NONE', ( #1116, #840, #3044, #1182, #1913, #1505 ) ) ;
#2768 = LINE ( 'NONE', #303, #538 ) ;
#2769 = ORIENTED_EDGE ( 'NONE', *, *, #134, .F. ) ;
#2770 = LINE ( 'NONE', #1124, #1610 ) ;
#2771 = CARTESIAN_POINT ( 'NONE',  ( 4.250000000000000000, -7.271087162167901691E-16, -11.87458648033100062 ) ) ;
#2772 = CARTESIAN_POINT ( 'NONE',  ( 11.75000000000000000, -0.5000000000000008882, 3.141730632977529858 ) ) ;
#2773 = ADVANCED_FACE ( 'NONE', ( #595 ), #2861, .F. ) ;
#2774 = VECTOR ( 'NONE', #1293, 1000.000000000000000 ) ;
#2775 = VECTOR ( 'NONE', #2288, 1000.000000000000000 ) ;
#2776 = CIRCLE ( 'NONE', #1279, 1.624999999999999778 ) ;
#2777 = CARTESIAN_POINT ( 'NONE',  ( 11.00000000000000000, -0.5000000000000019984, -12.59999999999999964 ) ) ;
#2778 = ORIENTED_EDGE ( 'NONE', *, *, #2455, .F. ) ;
#2779 = LINE ( 'NONE', #2531, #2728 ) ;
#2780 = EDGE_CURVE ( 'NONE', #1018, #3261, #3180, .T. ) ;
#2781 = LINE ( 'NONE', #956, #2609 ) ;
#2782 = PRODUCT_DEFINITION_CONTEXT ( 'detailed design', #117, 'design' ) ;
#2783 = VECTOR ( 'NONE', #2572, 1000.000000000000227 ) ;
#2784 = ORIENTED_EDGE ( 'NONE', *, *, #2900, .T. ) ;
#2785 = COLOUR_RGB ( '',0.8196078431372548767, 0.8196078431372548767, 0.8196078431372548767 ) ;
#2786 = CARTESIAN_POINT ( 'NONE',  ( 2.650000000000030553, -0.5000000000000008882, 1.660816960928049202 ) ) ;
#2787 = DIRECTION ( 'NONE',  ( 0.000000000000000000, 6.123233995736769734E-17, 1.000000000000000000 ) ) ;
#2788 = DIRECTION ( 'NONE',  ( -0.000000000000000000, 1.000000000000000000, -6.123233995736769734E-17 ) ) ;
#2789 = ORIENTED_EDGE ( 'NONE', *, *, #1460, .T. ) ;
#2790 = CARTESIAN_POINT ( 'NONE',  ( -2.649999999999979927, 1.067390901260399810E-16, 1.660816960928050090 ) ) ;
#2791 = CARTESIAN_POINT ( 'NONE',  ( 7.416249555727289611, -1.000000000000007327, 6.774999999999990585 ) ) ;
#2792 = DIRECTION ( 'NONE',  ( 0.000000000000000000, -1.000000000000000000, 6.123233995736769734E-17 ) ) ;
#2793 = VECTOR ( 'NONE', #1050, 1000.000000000000000 ) ;
#2794 = ORIENTED_EDGE ( 'NONE', *, *, #1543, .F. ) ;
#2795 = LINE ( 'NONE', #2977, #2935 ) ;
#2796 = AXIS2_PLACEMENT_3D ( 'NONE', #3297, #3333, #2246 ) ;
#2797 = EDGE_CURVE ( 'NONE', #295, #658, #2143, .T. ) ;
#2798 =( NAMED_UNIT ( * ) PLANE_ANGLE_UNIT ( ) SI_UNIT ( $, .RADIAN. ) );
#2799 = EDGE_LOOP ( 'NONE', ( #1021, #1958, #2012, #2065 ) ) ;
#2800 = CARTESIAN_POINT ( 'NONE',  ( -2.649999999999979927, 9.509243942682058109E-17, 0.9000000000000010214 ) ) ;
#2801 = ORIENTED_EDGE ( 'NONE', *, *, #2390, .T. ) ;
#2802 = LINE ( 'NONE', #411, #3284 ) ;
#2803 = CARTESIAN_POINT ( 'NONE',  ( 11.75000000000000000, 1.084202172485504434E-16, 0.9000000000000010214 ) ) ;
#2804 = DIRECTION ( 'NONE',  ( 5.427939635242889946E-15, -0.000000000000000000, 1.000000000000000000 ) ) ;
#2805 = SURFACE_STYLE_USAGE ( .BOTH. , #2834 ) ;
#2806 = CARTESIAN_POINT ( 'NONE',  ( -3.999999999999999112, -0.5000000000000018874, -12.28329266077840209 ) ) ;
#2807 = EDGE_LOOP ( 'NONE', ( #2267, #2423, #3006, #1089 ) ) ;
#2808 = CARTESIAN_POINT ( 'NONE',  ( -10.15000000000000036, -0.5000000000000008882, 0.9000000000000037970 ) ) ;
#2809 = CARTESIAN_POINT ( 'NONE',  ( 12.00000000000000000, 1.084202172485504434E-16, 0.9000000000000050182 ) ) ;
#2810 = ORIENTED_EDGE ( 'NONE', *, *, #1161, .F. ) ;
#2811 = DIRECTION ( 'NONE',  ( 0.000000000000000000, -1.000000000000000000, 6.123233995736769734E-17 ) ) ;
#2812 = CARTESIAN_POINT ( 'NONE',  ( -2.649999999999979927, -0.5000000000000008882, 0.9000000000000010214 ) ) ;
#2813 = PRODUCT_DEFINITION_CONTEXT ( 'detailed design', #3378, 'design' ) ;
#2814 = ORIENTED_EDGE ( 'NONE', *, *, #1565, .F. ) ;
#2815 = PLANE ( 'NONE',  #1013 ) ;
#2816 = CARTESIAN_POINT ( 'NONE',  ( -3.500000000000000000, -0.5000000000000019984, -12.28329266077840032 ) ) ;
#2817 = ADVANCED_FACE ( 'NONE', ( #806 ), #1328, .T. ) ;
#2818 = ORIENTED_EDGE ( 'NONE', *, *, #2559, .T. ) ;
#2819 = ADVANCED_FACE ( 'NONE', ( #2403 ), #1388, .F. ) ;
#2820 = DIRECTION ( 'NONE',  ( 6.511678747493452174E-17, 0.06975647374412376200, -0.9975640502598244197 ) ) ;
#2821 = MANIFOLD_SOLID_BREP ( 'Imported1', #3449 ) ;
#2822 = VERTEX_POINT ( 'NONE', #863 ) ;
#2823 = DIRECTION ( 'NONE',  ( 0.000000000000000000, 6.123233995736769734E-17, 1.000000000000000000 ) ) ;
#2824 = CARTESIAN_POINT ( 'NONE',  ( 11.50000000000000000, -0.5000000000000009992, 3.061616997868389797E-17 ) ) ;
#2825 = VERTEX_POINT ( 'NONE', #1407 ) ;
#2826 =( GEOMETRIC_REPRESENTATION_CONTEXT ( 3 ) GLOBAL_UNCERTAINTY_ASSIGNED_CONTEXT ( ( #471 ) ) GLOBAL_UNIT_ASSIGNED_CONTEXT ( ( #2525, #460, #990 ) ) REPRESENTATION_CONTEXT ( 'NONE', 'WORKASPACE' ) );
#2827 = DIRECTION ( 'NONE',  ( -2.775557561562909653E-14, 6.123233995736769734E-17, 1.000000000000000000 ) ) ;
#2828 = AXIS2_PLACEMENT_3D ( 'NONE', #797, #507, #3434 ) ;
#2829 = EDGE_LOOP ( 'NONE', ( #3439, #2528, #3399, #2969 ) ) ;
#2830 = VECTOR ( 'NONE', #1261, 1000.000000000000000 ) ;
#2831 = PLANE ( 'NONE',  #1465 ) ;
#2832 = DIRECTION ( 'NONE',  ( -0.000000000000000000, 6.123233995736769734E-17, 1.000000000000000000 ) ) ;
#2833 = VECTOR ( 'NONE', #282, 1000.000000000000000 ) ;
#2834 = SURFACE_SIDE_STYLE ('',( #2010 ) ) ;
#2835 = AXIS2_PLACEMENT_3D ( 'NONE', #3440, #2933, #2120 ) ;
#2836 = EDGE_CURVE ( 'NONE', #572, #1547, #1352, .T. ) ;
#2837 = DIRECTION ( 'NONE',  ( -1.000000000000000000, -0.000000000000000000, -0.000000000000000000 ) ) ;
#2838 = EDGE_LOOP ( 'NONE', ( #142, #240, #3020, #1723 ) ) ;
#2839 = EDGE_CURVE ( 'NONE', #2360, #1613, #1663, .T. ) ;
#2840 = AXIS2_PLACEMENT_3D ( 'NONE', #852, #1917, #2967 ) ;
#2841 = FACE_OUTER_BOUND ( 'NONE', #162, .T. ) ;
#2842 = ADVANCED_FACE ( 'NONE', ( #2678 ), #2637, .F. ) ;
#2843 = CARTESIAN_POINT ( 'NONE',  ( -10.54894166923370058, 2.168404344971008868E-16, 3.141730632977520532 ) ) ;
#2844 = CLOSED_SHELL ( 'NONE', ( #249, #1570, #748, #2581, #2460, #1380, #3069, #299, #1529, #1204, #2817, #1674, #3008, #253, #711, #2623, #1162, #2635 ) ) ;
#2845 = VERTEX_POINT ( 'NONE', #8 ) ;
#2846 = ORIENTED_EDGE ( 'NONE', *, *, #933, .F. ) ;
#2847 = CARTESIAN_POINT ( 'NONE',  ( 4.249999999999984013, 1.500000000000001554, 12.60000000000001386 ) ) ;
#2848 = UNCERTAINTY_MEASURE_WITH_UNIT (LENGTH_MEASURE( 1.000000000000000082E-05 ), #1748, 'distance_accuracy_value', 'NONE');
#2849 = ORIENTED_EDGE ( 'NONE', *, *, #839, .T. ) ;
#2850 = DIRECTION ( 'NONE',  ( 0.000000000000000000, 1.000000000000000000, -6.123233995736769734E-17 ) ) ;
#2851 = CARTESIAN_POINT ( 'NONE',  ( -12.00000000000000000, -0.5000000000000008882, 0.8999999999999980238 ) ) ;
#2852 = VERTEX_POINT ( 'NONE', #1099 ) ;
#2853 = DIRECTION ( 'NONE',  ( 0.9975640502598241977, 0.06975647374412571877, -4.271352114527500091E-18 ) ) ;
#2854 = ORIENTED_EDGE ( 'NONE', *, *, #2579, .T. ) ;
#2855 = CARTESIAN_POINT ( 'NONE',  ( -2.826730638372972226, -1.099999999999961009, 5.142090550288645368 ) ) ;
#2856 = PRODUCT_DEFINITION ( 'UNKNOWN', '', #392, #2782 ) ;
#2857 = ADVANCED_FACE ( 'NONE', ( #2882 ), #1292, .F. ) ;
#2858 = CARTESIAN_POINT ( 'NONE',  ( 3.500000000000000000, -0.5000000000000019984, -12.28329266077830084 ) ) ;
#2859 = VERTEX_POINT ( 'NONE', #549 ) ;
#2860 =( LENGTH_UNIT ( ) NAMED_UNIT ( * ) SI_UNIT ( .MILLI., .METRE. ) );
#2861 = PLANE ( 'NONE',  #1122 ) ;
#2862 = EDGE_CURVE ( 'NONE', #33, #1863, #26, .T. ) ;
#2863 = ORIENTED_EDGE ( 'NONE', *, *, #1780, .F. ) ;
#2864 = DIRECTION ( 'NONE',  ( 0.000000000000000000, -1.000000000000000000, -0.000000000000000000 ) ) ;
#2865 = LINE ( 'NONE', #1321, #772 ) ;
#2866 = VERTEX_POINT ( 'NONE', #247 ) ;
#2867 = DIRECTION ( 'NONE',  ( 1.000000000000000000, 0.000000000000000000, 0.000000000000000000 ) ) ;
#2868 = ORIENTED_EDGE ( 'NONE', *, *, #2197, .F. ) ;
#2869 = DIRECTION ( 'NONE',  ( 2.713969817621439845E-15, -0.000000000000000000, 1.000000000000000000 ) ) ;
#2870 = DIRECTION ( 'NONE',  ( 1.000000000000000000, 0.000000000000000000, -0.000000000000000000 ) ) ;
#2871 = VERTEX_POINT ( 'NONE', #3207 ) ;
#2872 = PRODUCT ( 'KBJB_3', 'KBJB_3', '', ( #901 ) ) ;
#2873 = EDGE_CURVE ( 'NONE', #1824, #1847, #1602, .T. ) ;
#2874 = ORIENTED_EDGE ( 'NONE', *, *, #2559, .F. ) ;
#2875 = LINE ( 'NONE', #3132, #3381 ) ;
#2876 = CARTESIAN_POINT ( 'NONE',  ( -10.54894166923370058, 2.168404344971008868E-16, 2.299999999999999822 ) ) ;
#2877 = VECTOR ( 'NONE', #2698, 1000.000000000000000 ) ;
#2878 = AXIS2_PLACEMENT_3D ( 'NONE', #1536, #1523, #1789 ) ;
#2879 = EDGE_LOOP ( 'NONE', ( #913, #695, #3127, #265 ) ) ;
#2880 = AXIS2_PLACEMENT_3D ( 'NONE', #2357, #2420, #30 ) ;
#2881 = ORIENTED_EDGE ( 'NONE', *, *, #534, .F. ) ;
#2882 = FACE_OUTER_BOUND ( 'NONE', #2046, .T. ) ;
#2883 = CARTESIAN_POINT ( 'NONE',  ( 10.54894166923369880, -0.5000000000000008882, 1.660816960928050090 ) ) ;
#2884 = AXIS2_PLACEMENT_3D ( 'NONE', #1320, #523, #814 ) ;
#2885 = EDGE_LOOP ( 'NONE', ( #1562, #3206, #2408, #3312 ) ) ;
#2886 = DIRECTION ( 'NONE',  ( -0.5218072611014399342, 0.000000000000000000, 0.8530634104577536903 ) ) ;
#2887 = VECTOR ( 'NONE', #233, 1000.000000000000000 ) ;
#2888 = LINE ( 'NONE', #238, #45 ) ;
#2889 = VECTOR ( 'NONE', #3257, 1000.000000000000000 ) ;
#2890 = FILL_AREA_STYLE_COLOUR ( '', #204 ) ;
#2891 = ORIENTED_EDGE ( 'NONE', *, *, #2541, .F. ) ;
#2892 = FACE_OUTER_BOUND ( 'NONE', #2636, .T. ) ;
#2893 = ADVANCED_FACE ( 'NONE', ( #1023 ), #1082, .F. ) ;
#2894 = VECTOR ( 'NONE', #2245, 1000.000000000000000 ) ;
#2895 = VERTEX_POINT ( 'NONE', #286 ) ;
#2896 = ADVANCED_FACE ( 'NONE', ( #1040 ), #3156, .F. ) ;
#2897 = DIRECTION ( 'NONE',  ( -1.261937886676320015E-31, 1.000000000000000000, -2.600729011724600582E-46 ) ) ;
#2898 = AXIS2_PLACEMENT_3D ( 'NONE', #1691, #3290, #2743 ) ;
#2899 = CARTESIAN_POINT ( 'NONE',  ( -4.249999999999969802, -0.5000000000000009992, 0.8999999999999980238 ) ) ;
#2900 = EDGE_CURVE ( 'NONE', #2859, #874, #3175, .T. ) ;
#2901 = ORIENTED_EDGE ( 'NONE', *, *, #105, .T. ) ;
#2902 = ORIENTED_EDGE ( 'NONE', *, *, #1982, .T. ) ;
#2903 = DIRECTION ( 'NONE',  ( -1.000000000000000000, 1.413556534453750090E-31, 2.308513010343759911E-15 ) ) ;
#2904 = DIRECTION ( 'NONE',  ( -0.000000000000000000, 6.123233995736769734E-17, 1.000000000000000000 ) ) ;
#2905 = PRODUCT_DEFINITION_SHAPE ( 'NONE', 'NONE',  #795 ) ;
#2906 = ORIENTED_EDGE ( 'NONE', *, *, #611, .T. ) ;
#2907 = DIRECTION ( 'NONE',  ( -1.000000000000000000, 0.000000000000000000, -0.000000000000000000 ) ) ;
#2908 = LINE ( 'NONE', #785, #1115 ) ;
#2909 = ORIENTED_EDGE ( 'NONE', *, *, #2186, .F. ) ;
#2910 = DIRECTION ( 'NONE',  ( 0.000000000000000000, 0.000000000000000000, 1.000000000000000000 ) ) ;
#2911 = LINE ( 'NONE', #520, #2289 ) ;
#2912 = ORIENTED_EDGE ( 'NONE', *, *, #1687, .T. ) ;
#2913 = DIRECTION ( 'NONE',  ( -0.5218072611014620277, -0.000000000000000000, -0.8530634104577400345 ) ) ;
#2914 = CARTESIAN_POINT ( 'NONE',  ( 3.027888395053865089, -1.099999999518592064, 5.142090554410959413 ) ) ;
#2915 = DIRECTION ( 'NONE',  ( -0.5218072611013602202, -0.000000000000000000, -0.8530634104578023180 ) ) ;
#2916 = ORIENTED_EDGE ( 'NONE', *, *, #1210, .T. ) ;
#2917 = LINE ( 'NONE', #526, #681 ) ;
#2918 = DIRECTION ( 'NONE',  ( -1.515154630527482790E-31, 1.000000000000000000, -6.123233995736769734E-17 ) ) ;
#2919 = CARTESIAN_POINT ( 'NONE',  ( -7.416249555727289611, -1.000000000000012657, 9.024999999999991473 ) ) ;
#2920 = ORIENTED_EDGE ( 'NONE', *, *, #844, .T. ) ;
#2921 = FACE_OUTER_BOUND ( 'NONE', #133, .T. ) ;
#2922 = CARTESIAN_POINT ( 'NONE',  ( -11.00000000000000000, -0.5000000000000019984, -12.28329266077840032 ) ) ;
#2923 = DIRECTION ( 'NONE',  ( -0.5218072611013602202, 0.000000000000000000, -0.8530634104578023180 ) ) ;
#2924 = LINE ( 'NONE', #3448, #101 ) ;
#2925 = ORIENTED_EDGE ( 'NONE', *, *, #1460, .F. ) ;
#2926 = DIRECTION ( 'NONE',  ( 0.000000000000000000, 0.000000000000000000, 1.000000000000000000 ) ) ;
#2927 = ORIENTED_EDGE ( 'NONE', *, *, #3047, .T. ) ;
#2928 = VERTEX_POINT ( 'NONE', #2954 ) ;
#2929 = DIRECTION ( 'NONE',  ( -1.000000000000000000, -0.000000000000000000, -0.000000000000000000 ) ) ;
#2930 = CARTESIAN_POINT ( 'NONE',  ( 11.75000000000000000, -3.173024506148857198E-16, -11.87458648033100417 ) ) ;
#2931 = LINE ( 'NONE', #2068, #1501 ) ;
#2932 = ORIENTED_EDGE ( 'NONE', *, *, #2427, .F. ) ;
#2933 = DIRECTION ( 'NONE',  ( -5.782411586589679888E-15, 6.123233995736769734E-17, 1.000000000000000000 ) ) ;
#2934 = DIRECTION ( 'NONE',  ( 2.172718127382370065E-15, -0.000000000000000000, 1.000000000000000000 ) ) ;
#2935 = VECTOR ( 'NONE', #905, 1000.000000000000000 ) ;
#2936 = EDGE_CURVE ( 'NONE', #619, #938, #1308, .T. ) ;
#2937 = STYLED_ITEM ( 'NONE', ( #2249 ), #1645 ) ;
#2938 = ORIENTED_EDGE ( 'NONE', *, *, #2639, .F. ) ;
#2939 = FACE_OUTER_BOUND ( 'NONE', #1840, .T. ) ;
#2940 = CARTESIAN_POINT ( 'NONE',  ( -10.74999999999990052, -0.5000000000000009992, 0.9000000000000010214 ) ) ;
#2941 = VECTOR ( 'NONE', #666, 1000.000000000000000 ) ;
#2942 = VECTOR ( 'NONE', #2976, 1000.000000000000000 ) ;
#2943 = LINE ( 'NONE', #1871, #612 ) ;
#2944 = ORIENTED_EDGE ( 'NONE', *, *, #3319, .F. ) ;
#2945 = VERTEX_POINT ( 'NONE', #2416 ) ;
#2946 = ORIENTED_EDGE ( 'NONE', *, *, #2685, .F. ) ;
#2947 = CARTESIAN_POINT ( 'NONE',  ( 12.50000000000000178, 1.499999999999960032, 2.510415623969679100 ) ) ;
#2948 = ADVANCED_FACE ( 'NONE', ( #109 ), #1444, .F. ) ;
#2949 = CARTESIAN_POINT ( 'NONE',  ( 10.75000000000000000, -0.5000000000000009992, -11.87458648033100062 ) ) ;
#2950 = CARTESIAN_POINT ( 'NONE',  ( -12.26224883939210031, -1.900000000000040101, 3.753881360999059760E-14 ) ) ;
#2951 = ORIENTED_EDGE ( 'NONE', *, *, #2070, .F. ) ;
#2952 = VECTOR ( 'NONE', #1753, 1000.000000000000114 ) ;
#2953 = CARTESIAN_POINT ( 'NONE',  ( -12.50000000000000000, 1.500000000000000000, 12.59999999999999964 ) ) ;
#2954 = CARTESIAN_POINT ( 'NONE',  ( -10.15000000000000036, 1.067390901260399810E-16, 1.660816960928050978 ) ) ;
#2955 = PLANE ( 'NONE',  #1111 ) ;
#2956 = VERTEX_POINT ( 'NONE', #511 ) ;
#2957 = CARTESIAN_POINT ( 'NONE',  ( 11.75000000000000000, -0.5000000000000009992, 3.061616997868389797E-17 ) ) ;
#2958 = PLANE ( 'NONE',  #1555 ) ;
#2959 = CARTESIAN_POINT ( 'NONE',  ( 11.00000000000000000, -7.589415207398531038E-16, -12.59999999999999964 ) ) ;
#2960 = EDGE_CURVE ( 'NONE', #296, #405, #836, .T. ) ;
#2961 = PRESENTATION_STYLE_ASSIGNMENT (( #3425 ) ) ;
#2962 = ORIENTED_EDGE ( 'NONE', *, *, #1359, .F. ) ;
#2963 = EDGE_CURVE ( 'NONE', #402, #2454, #216, .T. ) ;
#2964 = ORIENTED_EDGE ( 'NONE', *, *, #136, .T. ) ;
#2965 = VERTEX_POINT ( 'NONE', #2083 ) ;
#2966 = ADVANCED_FACE ( 'NONE', ( #3192 ), #1346, .F. ) ;
#2967 = DIRECTION ( 'NONE',  ( 0.000000000000000000, -1.000000000000000000, 6.123233995736769734E-17 ) ) ;
#2968 = LINE ( 'NONE', #2426, #2060 ) ;
#2969 = ORIENTED_EDGE ( 'NONE', *, *, #1466, .F. ) ;
#2970 = DIRECTION ( 'NONE',  ( 0.000000000000000000, 0.000000000000000000, -1.000000000000000000 ) ) ;
#2971 = LINE ( 'NONE', #1450, #493 ) ;
#2972 = CARTESIAN_POINT ( 'NONE',  ( 4.249999999999979572, -1.100000000000020295, 12.59999999999999964 ) ) ;
#2973 = ORIENTED_EDGE ( 'NONE', *, *, #2089, .F. ) ;
#2974 = LINE ( 'NONE', #861, #1551 ) ;
#2975 = PLANE ( 'NONE',  #1397 ) ;
#2976 = DIRECTION ( 'NONE',  ( -1.000000000000000000, -0.000000000000000000, -0.000000000000000000 ) ) ;
#2977 = CARTESIAN_POINT ( 'NONE',  ( -7.416249555727289611, -1.000000000000012657, 9.024999999999991473 ) ) ;
#2978 = VERTEX_POINT ( 'NONE', #2398 ) ;
#2979 = ADVANCED_FACE ( 'NONE', ( #3136 ), #758, .T. ) ;
#2981 = ORIENTED_EDGE ( 'NONE', *, *, #424, .F. ) ;
#2980 = ADVANCED_FACE ( 'NONE', ( #2621 ), #2364, .F. ) ;
#2982 = DIRECTION ( 'NONE',  ( 0.000000000000000000, -1.000000000000000000, 6.123233995736769734E-17 ) ) ;
#2983 = ORIENTED_EDGE ( 'NONE', *, *, #3029, .T. ) ;
#2984 = DIRECTION ( 'NONE',  ( 0.5218072611013361284, 0.000000000000000000, -0.8530634104578169730 ) ) ;
#2985 = CARTESIAN_POINT ( 'NONE',  ( 4.000000000000008882, -0.5000000000000019984, -12.59999999999999964 ) ) ;
#2986 = VERTEX_POINT ( 'NONE', #3299 ) ;
#2987 = DIRECTION ( 'NONE',  ( 0.000000000000000000, -6.123233995736769734E-17, -1.000000000000000000 ) ) ;
#2988 = CARTESIAN_POINT ( 'NONE',  ( -7.416249555727289611, -1.000000000000009992, 7.899999999999990585 ) ) ;
#2989 = PRESENTATION_LAYER_ASSIGNMENT (  '', '', ( #2992 ) ) ;
#2990 = DIRECTION ( 'NONE',  ( 1.000000000000000000, 0.000000000000000000, -0.000000000000000000 ) ) ;
#2991 = CARTESIAN_POINT ( 'NONE',  ( 11.75000000000000000, -0.5000000000000009992, 3.141730632977529858 ) ) ;
#2992 = STYLED_ITEM ( 'NONE', ( #2054 ), #1616 ) ;
#2993 = LINE ( 'NONE', #51, #2600 ) ;
#2994 = VERTEX_POINT ( 'NONE', #114 ) ;
#2995 = VECTOR ( 'NONE', #138, 1000.000000000000000 ) ;
#2996 = VECTOR ( 'NONE', #2617, 1000.000000000000000 ) ;
#2997 = AXIS2_PLACEMENT_3D ( 'NONE', #723, #2827, #3347 ) ;
#2998 = CARTESIAN_POINT ( 'NONE',  ( 3.500000000000000000, -7.620880114205980609E-16, -12.59999999999999964 ) ) ;
#2999 = ORIENTED_EDGE ( 'NONE', *, *, #111, .T. ) ;
#3000 = CARTESIAN_POINT ( 'NONE',  ( 4.850000000000020073, 0.000000000000000000, 0.000000000000000000 ) ) ;
#3001 = CARTESIAN_POINT ( 'NONE',  ( -3.960853173095360447, 2.299999999999980727, 12.31085317309539917 ) ) ;
#3002 = EDGE_CURVE ( 'NONE', #1535, #3292, #1973, .T. ) ;
#3003 = EDGE_CURVE ( 'NONE', #2866, #2057, #78, .T. ) ;
#3004 = ORIENTED_EDGE ( 'NONE', *, *, #845, .T. ) ;
#3005 = DIRECTION ( 'NONE',  ( -0.5218072611013880868, 0.000000000000000000, 0.8530634104577852206 ) ) ;
#3006 = ORIENTED_EDGE ( 'NONE', *, *, #3003, .T. ) ;
#3007 = CARTESIAN_POINT ( 'NONE',  ( -10.54894166923370058, 1.084202172485504434E-16, 1.660816960928050090 ) ) ;
#3008 = ADVANCED_FACE ( 'NONE', ( #3244 ), #1400, .T. ) ;
#3009 = VECTOR ( 'NONE', #3021, 1000.000000000000000 ) ;
#3010 = ORIENTED_EDGE ( 'NONE', *, *, #845, .F. ) ;
#3011 = LINE ( 'NONE', #322, #1223 ) ;
#3012 = APPLICATION_PROTOCOL_DEFINITION ( 'draft international standard', 'automotive_design', 1998, #3130 ) ;
#3013 = ADVANCED_FACE ( 'NONE', ( #1711 ), #877, .T. ) ;
#3014 = CARTESIAN_POINT ( 'NONE',  ( 3.080148154200720523, -1.349141301988580066, 4.998248756363669720 ) ) ;
#3015 = CARTESIAN_POINT ( 'NONE',  ( -4.849999999999970335, -0.5000000000000009992, 0.8999999999999980238 ) ) ;
#3016 = CARTESIAN_POINT ( 'NONE',  ( 11.75000000000000000, -0.5000000000000009992, 3.061616997868389797E-17 ) ) ;
#3017 = ORIENTED_EDGE ( 'NONE', *, *, #1639, .F. ) ;
#3018 = DIRECTION ( 'NONE',  ( 0.000000000000000000, -2.398353793186899962E-15, 1.000000000000000000 ) ) ;
#3019 = LINE ( 'NONE', #3241, #2721 ) ;
#3020 = ORIENTED_EDGE ( 'NONE', *, *, #2197, .T. ) ;
#3021 = DIRECTION ( 'NONE',  ( -1.000000000000000000, -0.000000000000000000, -0.000000000000000000 ) ) ;
#3022 = DIRECTION ( 'NONE',  ( 1.330406150074129929E-31, 1.000000000000000000, -2.890597559047051827E-46 ) ) ;
#3023 = VERTEX_POINT ( 'NONE', #1680 ) ;
#3024 = CARTESIAN_POINT ( 'NONE',  ( -10.15000000000000036, 9.509243942682058109E-17, 0.9000000000000037970 ) ) ;
#3025 = ADVANCED_FACE ( 'NONE', ( #1154 ), #2451, .F. ) ;
#3026 = CARTESIAN_POINT ( 'NONE',  ( 2.650000000000030553, -0.5000000000000009992, 1.660816960928046537 ) ) ;
#3027 = APPLICATION_PROTOCOL_DEFINITION ( 'draft international standard', 'automotive_design', 1998, #3030 ) ;
#3028 = CARTESIAN_POINT ( 'NONE',  ( -4.000000000000000000, -0.5000000000000019984, -12.28329266077840032 ) ) ;
#3029 = EDGE_CURVE ( 'NONE', #622, #1512, #942, .T. ) ;
#3030 = APPLICATION_CONTEXT ( 'automotive_design' ) ;
#3031 = FACE_OUTER_BOUND ( 'NONE', #1084, .T. ) ;
#3032 = DIRECTION ( 'NONE',  ( 0.06975647374412571877, -0.9975640502598241977, -0.000000000000000000 ) ) ;
#3033 = ORIENTED_EDGE ( 'NONE', *, *, #2706, .F. ) ;
#3034 = LINE ( 'NONE', #1478, #3109 ) ;
#3035 = FACE_OUTER_BOUND ( 'NONE', #2750, .T. ) ;
#3036 = ORIENTED_EDGE ( 'NONE', *, *, #581, .T. ) ;
#3037 = CARTESIAN_POINT ( 'NONE',  ( 3.048941669233729890, 2.107242054160646747E-16, 3.141730632977529858 ) ) ;
#3038 = CARTESIAN_POINT ( 'NONE',  ( -4.451058330766260340, -0.5000000000000009992, 1.660816960928050090 ) ) ;
#3039 = CARTESIAN_POINT ( 'NONE',  ( -10.54894166923370058, -0.5000000000000008882, 3.141730632977520532 ) ) ;
#3040 = ORIENTED_EDGE ( 'NONE', *, *, #1539, .F. ) ;
#3041 = DIRECTION ( 'NONE',  ( -1.000000000000000000, 0.000000000000000000, 0.000000000000000000 ) ) ;
#3042 = LINE ( 'NONE', #1942, #3155 ) ;
#3043 = EDGE_CURVE ( 'NONE', #3159, #866, #2229, .T. ) ;
#3044 = ORIENTED_EDGE ( 'NONE', *, *, #1359, .T. ) ;
#3045 = LINE ( 'NONE', #1426, #996 ) ;
#3046 = VECTOR ( 'NONE', #3233, 1000.000000000000000 ) ;
#3047 = EDGE_CURVE ( 'NONE', #1828, #410, #1420, .T. ) ;
#3048 = VECTOR ( 'NONE', #2370, 1000.000000000000000 ) ;
#3049 = COLOUR_RGB ( '',0.8196078431372548767, 0.8196078431372548767, 0.8196078431372548767 ) ;
#3050 =( LENGTH_UNIT ( ) NAMED_UNIT ( * ) SI_UNIT ( .MILLI., .METRE. ) );
#3051 = ORIENTED_EDGE ( 'NONE', *, *, #1687, .F. ) ;
#3052 = CARTESIAN_POINT ( 'NONE',  ( 2.472871382334756341, -1.100000000008094503, 4.940862953461498286 ) ) ;
#3053 = DIRECTION ( 'NONE',  ( 1.000000000000000000, 1.661827225066309934E-31, 2.713969817621439845E-15 ) ) ;
#3054 = ADVANCED_FACE ( 'NONE', ( #1383 ), #1938, .F. ) ;
#3055 = AXIS2_PLACEMENT_3D ( 'NONE', #457, #3053, #3081 ) ;
#3056 = ORIENTED_EDGE ( 'NONE', *, *, #3283, .T. ) ;
#3057 = VECTOR ( 'NONE', #843, 1000.000000000000227 ) ;
#3058 = DIRECTION ( 'NONE',  ( -0.000000000000000000, -6.123233995736769734E-17, -1.000000000000000000 ) ) ;
#3059 = DIRECTION ( 'NONE',  ( 0.000000000000000000, 0.000000000000000000, 1.000000000000000000 ) ) ;
#3060 = FACE_OUTER_BOUND ( 'NONE', #2764, .T. ) ;
#3061 =( GEOMETRIC_REPRESENTATION_CONTEXT ( 3 ) GLOBAL_UNCERTAINTY_ASSIGNED_CONTEXT ( ( #3082 ) ) GLOBAL_UNIT_ASSIGNED_CONTEXT ( ( #1818, #1001, #3145 ) ) REPRESENTATION_CONTEXT ( 'NONE', 'WORKASPACE' ) );
#3062 = CARTESIAN_POINT ( 'NONE',  ( 0.000000000000000000, -0.5000000000000008882, 0.9000000000000050182 ) ) ;
#3063 = VECTOR ( 'NONE', #2677, 1000.000000000000000 ) ;
#3064 = VERTEX_POINT ( 'NONE', #1435 ) ;
#3065 = CARTESIAN_POINT ( 'NONE',  ( 10.25000000000000000, 1.067390901260399810E-16, 1.660816960928050090 ) ) ;
#3066 = AXIS2_PLACEMENT_3D ( 'NONE', #2777, #953, #2982 ) ;
#3067 = CARTESIAN_POINT ( 'NONE',  ( -3.500000000000000000, -0.5000000000000019984, -12.28329266077840032 ) ) ;
#3068 = ORIENTED_EDGE ( 'NONE', *, *, #2862, .F. ) ;
#3069 = ADVANCED_FACE ( 'NONE', ( #893 ), #1957, .T. ) ;
#3070 = LINE ( 'NONE', #2271, #1678 ) ;
#3071 = ADVANCED_FACE ( 'NONE', ( #2711 ), #630, .F. ) ;
#3072 = VERTEX_POINT ( 'NONE', #590 ) ;
#3073 = PLANE ( 'NONE',  #1069 ) ;
#3074 = DIRECTION ( 'NONE',  ( -1.387778780781439996E-14, 6.123233995736769734E-17, 1.000000000000000000 ) ) ;
#3075 = LINE ( 'NONE', #1225, #898 ) ;
#3076 = ORIENTED_EDGE ( 'NONE', *, *, #3043, .T. ) ;
#3077 = CARTESIAN_POINT ( 'NONE',  ( 10.54894166923370058, 1.084202172485504434E-16, 2.299999999999999822 ) ) ;
#3078 = EDGE_CURVE ( 'NONE', #1252, #1651, #2749, .T. ) ;
#3079 = DIRECTION ( 'NONE',  ( 0.000000000000000000, 6.123233995736769734E-17, 1.000000000000000000 ) ) ;
#3080 = ORIENTED_EDGE ( 'NONE', *, *, #2204, .T. ) ;
#3081 = DIRECTION ( 'NONE',  ( 2.713969817621439845E-15, 0.000000000000000000, -1.000000000000000000 ) ) ;
#3082 = UNCERTAINTY_MEASURE_WITH_UNIT (LENGTH_MEASURE( 1.000000000000000082E-05 ), #1818, 'distance_accuracy_value', 'NONE');
#3083 = EDGE_CURVE ( 'NONE', #2928, #1559, #2971, .T. ) ;
#3084 = ORIENTED_EDGE ( 'NONE', *, *, #1264, .F. ) ;
#3085 = FACE_OUTER_BOUND ( 'NONE', #2078, .T. ) ;
#3086 = DIRECTION ( 'NONE',  ( -0.000000000000000000, -6.123233995736769734E-17, -1.000000000000000000 ) ) ;
#3087 = DIRECTION ( 'NONE',  ( -7.002154620015129468E-17, -1.000000000000000000, -2.398353793186899962E-15 ) ) ;
#3088 = ADVANCED_BREP_SHAPE_REPRESENTATION ( '', ( #1616, #1405 ), #1563 ) ;
#3089 = EDGE_CURVE ( 'NONE', #3096, #658, #1658, .T. ) ;
#3090 = LINE ( 'NONE', #2266, #998 ) ;
#3091 = ORIENTED_EDGE ( 'NONE', *, *, #1314, .F. ) ;
#3092 = PLANE ( 'NONE',  #2164 ) ;
#3093 = DIRECTION ( 'NONE',  ( 8.697669113727494141E-16, -0.06975647374412652368, 0.9975640502598241977 ) ) ;
#3094 = EDGE_LOOP ( 'NONE', ( #737, #993, #3444, #3164 ) ) ;
#3095 = VECTOR ( 'NONE', #1629, 1000.000000000000000 ) ;
#3096 = VERTEX_POINT ( 'NONE', #644 ) ;
#3097 = CARTESIAN_POINT ( 'NONE',  ( 0.000000000000000000, -7.715274834628330308E-16, -12.59999999999999964 ) ) ;
#3098 = AXIS2_PLACEMENT_3D ( 'NONE', #3103, #2298, #1756 ) ;
#3099 = ORIENTED_EDGE ( 'NONE', *, *, #1045, .T. ) ;
#3100 = VECTOR ( 'NONE', #720, 1000.000000000000000 ) ;
#3101 = PLANE ( 'NONE',  #1902 ) ;
#3102 = AXIS2_PLACEMENT_3D ( 'NONE', #2300, #3338, #1739 ) ;
#3103 = CARTESIAN_POINT ( 'NONE',  ( 4.250000000000000000, -0.5000000000000009992, 0.9000000000000010214 ) ) ;
#3104 = VECTOR ( 'NONE', #3421, 1000.000000000000000 ) ;
#3105 = VECTOR ( 'NONE', #3401, 1000.000000000000000 ) ;
#3106 = ORIENTED_EDGE ( 'NONE', *, *, #1911, .T. ) ;
#3107 = ADVANCED_FACE ( 'NONE', ( #316 ), #425, .F. ) ;
#3108 = DIRECTION ( 'NONE',  ( 0.000000000000000000, 0.8660254037844402619, 0.4999999999999971134 ) ) ;
#3109 = VECTOR ( 'NONE', #1724, 1000.000000000000227 ) ;
#3110 = ORIENTED_EDGE ( 'NONE', *, *, #2350, .T. ) ;
#3111 = ORIENTED_EDGE ( 'NONE', *, *, #2873, .F. ) ;
#3112 = DIRECTION ( 'NONE',  ( 1.000000000000000000, 0.000000000000000000, -0.000000000000000000 ) ) ;
#3113 = CARTESIAN_POINT ( 'NONE',  ( 2.650000000000030553, 0.000000000000000000, 0.000000000000000000 ) ) ;
#3114 = ORIENTED_EDGE ( 'NONE', *, *, #3002, .F. ) ;
#3115 = SHAPE_REPRESENTATION_RELATIONSHIP ( 'NONE' , 'NONE' ,  #2400, #1854 ) ;
#3116 = CARTESIAN_POINT ( 'NONE',  ( 0.000000000000000000, -0.5000000000000009992, 3.061616997868389797E-17 ) ) ;
#3117 = VERTEX_POINT ( 'NONE', #2312 ) ;
#3118 = DIRECTION ( 'NONE',  ( 0.06958737431931100170, -0.9951458157833216189, -0.06958737431669198559 ) ) ;
#3119 = CARTESIAN_POINT ( 'NONE',  ( -12.00000000000000000, 1.084202172485504434E-16, 1.660816960928050090 ) ) ;
#3120 = VERTEX_POINT ( 'NONE', #2008 ) ;
#3121 = VERTEX_POINT ( 'NONE', #1256 ) ;
#3122 = DIRECTION ( 'NONE',  ( 0.000000000000000000, 0.000000000000000000, 1.000000000000000000 ) ) ;
#3123 = EDGE_CURVE ( 'NONE', #2051, #107, #617, .T. ) ;
#3124 = ORIENTED_EDGE ( 'NONE', *, *, #2134, .T. ) ;
#3125 = DIRECTION ( 'NONE',  ( -3.041254910537563909E-15, -2.126652602014402943E-16, -1.000000000000000000 ) ) ;
#3126 = DIRECTION ( 'NONE',  ( 1.000000000000000000, 0.000000000000000000, 8.696627150074099275E-15 ) ) ;
#3127 = ORIENTED_EDGE ( 'NONE', *, *, #1271, .T. ) ;
#3128 = SHAPE_REPRESENTATION_RELATIONSHIP ( 'NONE' , 'NONE' ,  #876, #1062 ) ;
#3129 = ORIENTED_EDGE ( 'NONE', *, *, #2689, .T. ) ;
#3130 = APPLICATION_CONTEXT ( 'automotive_design' ) ;
#3131 = LINE ( 'NONE', #1821, #2019 ) ;
#3132 = CARTESIAN_POINT ( 'NONE',  ( -12.39550155994330005, 0.005602684402384097533, 2.300391777858572073 ) ) ;
#3133 = DIRECTION ( 'NONE',  ( -0.000000000000000000, -0.000000000000000000, 1.000000000000000000 ) ) ;
#3134 = VERTEX_POINT ( 'NONE', #396 ) ;
#3135 = ORIENTED_EDGE ( 'NONE', *, *, #1606, .F. ) ;
#3136 = FACE_OUTER_BOUND ( 'NONE', #2767, .T. ) ;
#3137 = CARTESIAN_POINT ( 'NONE',  ( -4.000000000000000000, -0.5000000000000019984, -12.28329266077840032 ) ) ;
#3138 = ORIENTED_EDGE ( 'NONE', *, *, #3324, .T. ) ;
#3139 = PLANE ( 'NONE',  #671 ) ;
#3140 = CYLINDRICAL_SURFACE ( 'NONE', #1504, 1.125000000000000222 ) ;
#3141 = ADVANCED_FACE ( 'NONE', ( #2550 ), #2524, .F. ) ;
#3142 = PLANE ( 'NONE',  #2661 ) ;
#3143 = EDGE_LOOP ( 'NONE', ( #3135, #3279 ) ) ;
#3144 = PRODUCT ( 'KBJB', 'KBJB', '', ( #2714 ) ) ;
#3145 =( NAMED_UNIT ( * ) SI_UNIT ( $, .STERADIAN. ) SOLID_ANGLE_UNIT ( ) );
#3146 = EDGE_CURVE ( 'NONE', #886, #2356, #3334, .T. ) ;
#3147 = ORIENTED_EDGE ( 'NONE', *, *, #469, .T. ) ;
#3148 = EDGE_CURVE ( 'NONE', #1097, #33, #193, .T. ) ;
#3149 = EDGE_CURVE ( 'NONE', #2290, #1765, #1470, .T. ) ;
#3150 = LINE ( 'NONE', #3397, #3330 ) ;
#3151 = DIRECTION ( 'NONE',  ( 0.000000000000000000, 1.000000000000000000, -0.000000000000000000 ) ) ;
#3152 = AXIS2_PLACEMENT_3D ( 'NONE', #878, #2487, #43 ) ;
#3153 = AXIS2_PLACEMENT_3D ( 'NONE', #1507, #2574, #2823 ) ;
#3154 = ORIENTED_EDGE ( 'NONE', *, *, #1788, .T. ) ;
#3155 = VECTOR ( 'NONE', #1158, 1000.000000000000000 ) ;
#3156 = PLANE ( 'NONE',  #3272 ) ;
#3157 = LINE ( 'NONE', #1550, #379 ) ;
#3158 = VECTOR ( 'NONE', #1933, 1000.000000000000114 ) ;
#3159 = VERTEX_POINT ( 'NONE', #1240 ) ;
#3160 = PLANE ( 'NONE',  #1894 ) ;
#3161 = VECTOR ( 'NONE', #459, 1000.000000000000000 ) ;
#3162 = DIRECTION ( 'NONE',  ( 0.000000000000000000, 0.000000000000000000, -1.000000000000000000 ) ) ;
#3163 = LINE ( 'NONE', #1855, #542 ) ;
#3164 = ORIENTED_EDGE ( 'NONE', *, *, #1486, .F. ) ;
#3165 = DIRECTION ( 'NONE',  ( 1.000000000000000000, 0.000000000000000000, 0.000000000000000000 ) ) ;
#3166 = DIRECTION ( 'NONE',  ( 1.000000000000000000, 0.000000000000000000, -8.410780489584519664E-16 ) ) ;
#3167 = VECTOR ( 'NONE', #1837, 1000.000000000000000 ) ;
#3168 = EDGE_CURVE ( 'NONE', #1494, #354, #2536, .T. ) ;
#3169 = EDGE_LOOP ( 'NONE', ( #24, #1762, #2585, #1589 ) ) ;
#3170 = CARTESIAN_POINT ( 'NONE',  ( -14.86293112954090034, -1.100000000000010081, 9.525000000000000355 ) ) ;
#3171 = LINE ( 'NONE', #1623, #1895 ) ;
#3172 = VECTOR ( 'NONE', #3410, 1000.000000000000000 ) ;
#3173 = LINE ( 'NONE', #2095, #895 ) ;
#3174 = ORIENTED_EDGE ( 'NONE', *, *, #415, .T. ) ;
#3175 = LINE ( 'NONE', #818, #269 ) ;
#3176 = DIRECTION ( 'NONE',  ( -0.000000000000000000, -0.000000000000000000, -1.000000000000000000 ) ) ;
#3177 = ORIENTED_EDGE ( 'NONE', *, *, #688, .T. ) ;
#3178 = DIRECTION ( 'NONE',  ( 0.000000000000000000, 2.312964634635742267E-15, -1.000000000000000000 ) ) ;
#3179 = CARTESIAN_POINT ( 'NONE',  ( 0.000000000000000000, 5.510910596163080311E-17, 0.8999999999999980238 ) ) ;
#3180 = LINE ( 'NONE', #2959, #1178 ) ;
#3181 = CARTESIAN_POINT ( 'NONE',  ( -4.000000000000000000, -0.5000000000000019984, -12.28329266077840032 ) ) ;
#3182 = ORIENTED_EDGE ( 'NONE', *, *, #1364, .T. ) ;
#3183 = DIRECTION ( 'NONE',  ( -4.260947315453918458E-18, -2.979544616289535293E-19, -1.000000000000000000 ) ) ;
#3184 = ORIENTED_EDGE ( 'NONE', *, *, #1104, .F. ) ;
#3185 = ORIENTED_EDGE ( 'NONE', *, *, #3256, .T. ) ;
#3186 = CARTESIAN_POINT ( 'NONE',  ( -2.818980885456438656, -1.900000000000040101, 4.602529706215218397 ) ) ;
#3187 = DIRECTION ( 'NONE',  ( -0.000000000000000000, 1.000000000000000000, -6.123233995736769734E-17 ) ) ;
#3188 = CARTESIAN_POINT ( 'NONE',  ( -3.048941669233709906, -0.5000000000000009992, 3.141730632977520532 ) ) ;
#3189 = EDGE_CURVE ( 'NONE', #2454, #2533, #941, .T. ) ;
#3190 = ORIENTED_EDGE ( 'NONE', *, *, #634, .T. ) ;
#3191 = ORIENTED_EDGE ( 'NONE', *, *, #1633, .T. ) ;
#3192 = FACE_OUTER_BOUND ( 'NONE', #703, .T. ) ;
#3193 = DIRECTION ( 'NONE',  ( -1.000000000000000000, 0.000000000000000000, 0.000000000000000000 ) ) ;
#3194 = ADVANCED_FACE ( 'NONE', ( #3060 ), #1755, .F. ) ;
#3195 = EDGE_LOOP ( 'NONE', ( #2208, #3184, #592, #1811 ) ) ;
#3196 = CARTESIAN_POINT ( 'NONE',  ( -4.068190288946849975, -1.100000000000018741, 12.41819028894689936 ) ) ;
#3197 = CARTESIAN_POINT ( 'NONE',  ( 11.75000000000000000, -0.5000000000000019984, -11.87458648033100417 ) ) ;
#3198 = SURFACE_STYLE_USAGE ( .BOTH. , #470 ) ;
#3199 = FILL_AREA_STYLE ('',( #2890 ) ) ;
#3200 = EDGE_LOOP ( 'NONE', ( #2329, #90, #2226, #463 ) ) ;
#3201 =( REPRESENTATION_RELATIONSHIP ('NONE','NONE', #3351, #2294 ) REPRESENTATION_RELATIONSHIP_WITH_TRANSFORMATION ( #856 )SHAPE_REPRESENTATION_RELATIONSHIP( ) );
#3202 = ORIENTED_EDGE ( 'NONE', *, *, #628, .F. ) ;
#3203 = VERTEX_POINT ( 'NONE', #444 ) ;
#3204 = CARTESIAN_POINT ( 'NONE',  ( 10.54894166923370236, -0.5000000000000008882, 3.141730632977528970 ) ) ;
#3205 = LINE ( 'NONE', #2207, #2334 ) ;
#3206 = ORIENTED_EDGE ( 'NONE', *, *, #945, .F. ) ;
#3207 = CARTESIAN_POINT ( 'NONE',  ( 11.75000000000000178, -0.5000000000000008882, 1.660816960928049202 ) ) ;
#3208 = AXIS2_PLACEMENT_3D ( 'NONE', #1961, #380, #2180 ) ;
#3209 =( NAMED_UNIT ( * ) SI_UNIT ( $, .STERADIAN. ) SOLID_ANGLE_UNIT ( ) );
#3210 = EDGE_CURVE ( 'NONE', #3023, #2895, #962, .T. ) ;
#3211 = AXIS2_PLACEMENT_3D ( 'NONE', #670, #1128, #882 ) ;
#3212 = VECTOR ( 'NONE', #229, 1000.000000000000000 ) ;
#3213 = VERTEX_POINT ( 'NONE', #3039 ) ;
#3214 = DIRECTION ( 'NONE',  ( 0.000000000000000000, 1.000000000000000000, -6.123233995736769734E-17 ) ) ;
#3215 = DIRECTION ( 'NONE',  ( -7.002154620015129468E-17, -1.000000000000000000, -2.398353793186899962E-15 ) ) ;
#3216 = VECTOR ( 'NONE', #1694, 1000.000000000000000 ) ;
#3217 = EDGE_CURVE ( 'NONE', #1370, #800, #2053, .T. ) ;
#3218 = LINE ( 'NONE', #2421, #2719 ) ;
#3219 = VERTEX_POINT ( 'NONE', #1220 ) ;
#3220 =( BOUNDED_SURFACE ( )  B_SPLINE_SURFACE ( 3, 2, ( 
 ( #887, #1986, #369 ),
 ( #2481, #1693, #388 ),
 ( #2205, #2762, #2745 ),
 ( #88, #352, #158 ) ),
 .UNSPECIFIED., .F., .F., .F. ) 
 B_SPLINE_SURFACE_WITH_KNOTS ( ( 4, 4 ),
 ( 3, 3 ),
 ( 0.006139450491004059748, 0.007116254080069229701 ),
 ( 0.000000000000000000, 1.000000000000000000 ),
 .UNSPECIFIED. ) 
 GEOMETRIC_REPRESENTATION_ITEM ( )  RATIONAL_B_SPLINE_SURFACE ( (
 ( 1.000000000000000000, 0.9552815750424910046, 1.000000000000000000),
 ( 1.000000000000000000, 0.9568389785464780362, 1.000000000000000000),
 ( 1.000000000000000000, 0.9582366363895420402, 1.000000000000000000),
 ( 1.000000000000000000, 0.9595151207542990113, 1.000000000000000000) ) ) 
 REPRESENTATION_ITEM ( '' )  SURFACE ( )  );
#3221 = ORIENTED_EDGE ( 'NONE', *, *, #2354, .T. ) ;
#3222 = ORIENTED_EDGE ( 'NONE', *, *, #2388, .F. ) ;
#3223 = CARTESIAN_POINT ( 'NONE',  ( 3.960853173095299606, 2.299999999999979838, 12.31085317309539207 ) ) ;
#3224 = PRODUCT_DEFINITION_FORMATION_WITH_SPECIFIED_SOURCE ( 'ANY', '', #3144, .NOT_KNOWN. ) ;
#3225 = LINE ( 'NONE', #624, #3158 ) ;
#3226 = VECTOR ( 'NONE', #1203, 1000.000000000000000 ) ;
#3227 = VERTEX_POINT ( 'NONE', #661 ) ;
#3228 = CONTEXT_DEPENDENT_SHAPE_REPRESENTATION ( #359, #738 ) ;
#3229 = VECTOR ( 'NONE', #404, 1000.000000000000000 ) ;
#3230 = CARTESIAN_POINT ( 'NONE',  ( 3.048941669233729890, 0.000000000000000000, 0.000000000000000000 ) ) ;
#3231 = DIRECTION ( 'NONE',  ( 1.000000000000000000, 0.000000000000000000, 0.000000000000000000 ) ) ;
#3232 = B_SPLINE_CURVE_WITH_KNOTS ( 'NONE', 3,
 ( #1489, #1760, #2855, #464 ),
 .UNSPECIFIED., .F., .F.,
 ( 4, 4 ),
 ( 0.000000000000000000, 0.0006011116448251792397 ),
 .UNSPECIFIED. ) ;
#3233 = DIRECTION ( 'NONE',  ( 1.000000000000000000, -4.542317475797480899E-18, 6.495816625340422745E-17 ) ) ;
#3234 = CARTESIAN_POINT ( 'NONE',  ( 11.75000000000000000, 9.509243942682064272E-17, 0.9000000000000023537 ) ) ;
#3235 = CARTESIAN_POINT ( 'NONE',  ( 3.250000000000000444, -0.5000000000000009992, -11.87458648033100062 ) ) ;
#3236 = ORIENTED_EDGE ( 'NONE', *, *, #3189, .F. ) ;
#3237 = EDGE_CURVE ( 'NONE', #866, #1481, #1531, .T. ) ;
#3238 = ORIENTED_EDGE ( 'NONE', *, *, #604, .T. ) ;
#3239 = ORIENTED_EDGE ( 'NONE', *, *, #2436, .F. ) ;
#3240 = LINE ( 'NONE', #540, #1064 ) ;
#3241 = CARTESIAN_POINT ( 'NONE',  ( 3.500000000000000000, -0.5000000000000019984, -12.28329266077830084 ) ) ;
#3242 = ORIENTED_EDGE ( 'NONE', *, *, #1187, .T. ) ;
#3243 = DIRECTION ( 'NONE',  ( 1.000000000000000000, 0.000000000000000000, -8.410780489584519664E-16 ) ) ;
#3244 = FACE_OUTER_BOUND ( 'NONE', #1897, .T. ) ;
#3245 = CARTESIAN_POINT ( 'NONE',  ( -3.249999999999969802, -7.271087162167901691E-16, -11.87458648033100062 ) ) ;
#3246 = LINE ( 'NONE', #2488, #1827 ) ;
#3247 = CARTESIAN_POINT ( 'NONE',  ( 0.000000000000000000, 0.000000000000000000, 0.000000000000000000 ) ) ;
#3248 = CARTESIAN_POINT ( 'NONE',  ( 3.048941669233730334, -0.5000000000000008882, 1.660816960928050090 ) ) ;
#3249 = DIRECTION ( 'NONE',  ( 1.000000000000000000, 0.000000000000000000, -0.000000000000000000 ) ) ;
#3250 = ORIENTED_EDGE ( 'NONE', *, *, #212, .F. ) ;
#3251 = ADVANCED_FACE ( 'NONE', ( #2039 ), #3101, .F. ) ;
#3252 = EDGE_CURVE ( 'NONE', #2191, #1042, #2324, .T. ) ;
#3253 = VERTEX_POINT ( 'NONE', #1006 ) ;
#3254 = DIRECTION ( 'NONE',  ( 0.06958737431665876216, -0.9951458157835095797, -0.06958737431665644457 ) ) ;
#3255 = EDGE_LOOP ( 'NONE', ( #3017, #2577 ) ) ;
#3256 = EDGE_CURVE ( 'NONE', #2117, #1527, #1267, .T. ) ;
#3257 = DIRECTION ( 'NONE',  ( -0.000000000000000000, -6.123233995736769734E-17, -1.000000000000000000 ) ) ;
#3258 = DIRECTION ( 'NONE',  ( 1.000000000000000000, 0.000000000000000000, 0.000000000000000000 ) ) ;
#3259 = ORIENTED_EDGE ( 'NONE', *, *, #2282, .F. ) ;
#3260 = CARTESIAN_POINT ( 'NONE',  ( 3.190957128151392208, -1.900000000000038325, 4.680210338781307655 ) ) ;
#3261 = VERTEX_POINT ( 'NONE', #413 ) ;
#3262 = SURFACE_STYLE_FILL_AREA ( #2211 ) ;
#3263 = ORIENTED_EDGE ( 'NONE', *, *, #2305, .F. ) ;
#3264 = VECTOR ( 'NONE', #1191, 1000.000000000000000 ) ;
#3265 = LINE ( 'NONE', #1140, #889 ) ;
#3266 = APPLICATION_PROTOCOL_DEFINITION ( 'draft international standard', 'automotive_design', 1998, #1375 ) ;
#3267 = CARTESIAN_POINT ( 'NONE',  ( 2.659249340320489985, -1.904944246645570161, 4.494149296922030246 ) ) ;
#3268 = VECTOR ( 'NONE', #1853, 1000.000000000000000 ) ;
#3269 = DIRECTION ( 'NONE',  ( -3.041254910537563909E-15, -2.126652602014402943E-16, -1.000000000000000000 ) ) ;
#3270 = VECTOR ( 'NONE', #451, 1000.000000000000000 ) ;
#3271 = CIRCLE ( 'NONE', #3102, 1.125000000000000222 ) ;
#3272 = AXIS2_PLACEMENT_3D ( 'NONE', #2137, #2378, #1864 ) ;
#3273 = LINE ( 'NONE', #2494, #3229 ) ;
#3274 = EDGE_LOOP ( 'NONE', ( #1992, #2428, #1867, #2129 ) ) ;
#3275 = CARTESIAN_POINT ( 'NONE',  ( 12.31819028894691037, -1.100000000000019185, 12.41819028894690113 ) ) ;
#3276 = CARTESIAN_POINT ( 'NONE',  ( -4.451058330766260340, 0.000000000000000000, 0.000000000000000000 ) ) ;
#3277 = EDGE_CURVE ( 'NONE', #505, #2614, #3315, .T. ) ;
#3278 = PRODUCT_DEFINITION_FORMATION_WITH_SPECIFIED_SOURCE ( 'ANY', '', #1546, .NOT_KNOWN. ) ;
#3279 = ORIENTED_EDGE ( 'NONE', *, *, #950, .F. ) ;
#3280 = CARTESIAN_POINT ( 'NONE',  ( -3.048941669233709906, -0.5000000000000009992, 1.660816960928050090 ) ) ;
#3281 = CARTESIAN_POINT ( 'NONE',  ( 2.817464907807784247, -1.900000000000038547, 4.601809538207134231 ) ) ;
#3282 = CARTESIAN_POINT ( 'NONE',  ( 0.000000000000000000, 2.299999999999980727, 12.59999999999999964 ) ) ;
#3283 = EDGE_CURVE ( 'NONE', #1000, #2517, #2189, .T. ) ;
#3284 = VECTOR ( 'NONE', #373, 1000.000000000000000 ) ;
#3285 = VERTEX_POINT ( 'NONE', #1898 ) ;
#3286 = LINE ( 'NONE', #918, #1168 ) ;
#3287 = SHAPE_REPRESENTATION_RELATIONSHIP ( 'NONE' , 'NONE' ,  #2294, #3088 ) ;
#3288 = CARTESIAN_POINT ( 'NONE',  ( -4.249999999999977796, -3.385884295673812665E-16, 0.8999999999999980238 ) ) ;
#3289 = LINE ( 'NONE', #1441, #771 ) ;
#3290 = DIRECTION ( 'NONE',  ( 1.000000000000000000, 0.000000000000000000, 0.000000000000000000 ) ) ;
#3291 = VERTEX_POINT ( 'NONE', #565 ) ;
#3292 = VERTEX_POINT ( 'NONE', #3204 ) ;
#3293 = PLANE ( 'NONE',  #390 ) ;
#3294 = DIRECTION ( 'NONE',  ( -1.000000000000000000, 0.000000000000000000, -0.000000000000000000 ) ) ;
#3295 = ORIENTED_EDGE ( 'NONE', *, *, #733, .T. ) ;
#3296 = LINE ( 'NONE', #394, #562 ) ;
#3297 = CARTESIAN_POINT ( 'NONE',  ( 0.000000000000000000, 2.299999999999979838, 7.900000000000000355 ) ) ;
#3298 = EDGE_CURVE ( 'NONE', #1863, #3213, #1360, .T. ) ;
#3299 = CARTESIAN_POINT ( 'NONE',  ( -10.74999999999995559, -5.341428851119864094E-16, -11.87458648033101838 ) ) ;
#3300 = ORIENTED_EDGE ( 'NONE', *, *, #933, .T. ) ;
#3301 = SURFACE_STYLE_USAGE ( .BOTH. , #1959 ) ;
#3302 = CARTESIAN_POINT ( 'NONE',  ( -1.712085101174190096E-16, 2.299999999999979838, 2.622848291731600057 ) ) ;
#3303 = ORIENTED_EDGE ( 'NONE', *, *, #1981, .T. ) ;
#3304 = EDGE_CURVE ( 'NONE', #2687, #803, #3240, .T. ) ;
#3305 = LINE ( 'NONE', #2434, #2277 ) ;
#3306 = ADVANCED_FACE ( 'NONE', ( #1671 ), #2725, .F. ) ;
#3307 = LINE ( 'NONE', #3235, #2274 ) ;
#3308 = DIRECTION ( 'NONE',  ( -1.000000000000000000, 4.097040993459582291E-17, -7.096283161364519907E-17 ) ) ;
#3309 = ORIENTED_EDGE ( 'NONE', *, *, #1045, .F. ) ;
#3310 = CARTESIAN_POINT ( 'NONE',  ( 10.25000000000000000, -0.5000000000000009992, 3.061616997868389797E-17 ) ) ;
#3311 = DIRECTION ( 'NONE',  ( 8.497694209043039606E-31, 1.000000000000000000, -6.123233995736769734E-17 ) ) ;
#3312 = ORIENTED_EDGE ( 'NONE', *, *, #449, .F. ) ;
#3313 = CARTESIAN_POINT ( 'NONE',  ( -4.000000000000000000, -0.5000000000000019984, -12.59999999999999964 ) ) ;
#3314 = DIRECTION ( 'NONE',  ( -0.000000000000000000, -1.000000000000000000, 6.123233995736769734E-17 ) ) ;
#3315 = LINE ( 'NONE', #2947, #1125 ) ;
#3316 = ORIENTED_EDGE ( 'NONE', *, *, #2413, .T. ) ;
#3317 = EDGE_CURVE ( 'NONE', #2462, #1547, #335, .T. ) ;
#3318 = DIRECTION ( 'NONE',  ( -1.000000000000000000, 0.000000000000000000, -0.000000000000000000 ) ) ;
#3319 = EDGE_CURVE ( 'NONE', #3213, #1214, #2690, .T. ) ;
#3320 = ORIENTED_EDGE ( 'NONE', *, *, #1931, .T. ) ;
#3321 = LINE ( 'NONE', #1277, #1503 ) ;
#3322 = AXIS2_PLACEMENT_3D ( 'NONE', #1139, #2193, #1975 ) ;
#3323 = EDGE_CURVE ( 'NONE', #1527, #1246, #2649, .T. ) ;
#3324 = EDGE_CURVE ( 'NONE', #3285, #1196, #1403, .T. ) ;
#3325 = PRESENTATION_LAYER_ASSIGNMENT (  '', '', ( #2059 ) ) ;
#3326 = VECTOR ( 'NONE', #47, 1000.000000000000000 ) ;
#3327 = PLANE ( 'NONE',  #2898 ) ;
#3328 = ORIENTED_EDGE ( 'NONE', *, *, #3002, .T. ) ;
#3329 = CARTESIAN_POINT ( 'NONE',  ( 7.416249555727289611, -1.000000000000009992, 7.899999999999990585 ) ) ;
#3330 = VECTOR ( 'NONE', #2864, 1000.000000000000000 ) ;
#3331 = VERTEX_POINT ( 'NONE', #1598 ) ;
#3332 = STYLED_ITEM ( 'NONE', ( #1909 ), #2821 ) ;
#3333 = DIRECTION ( 'NONE',  ( 0.000000000000000000, -1.000000000000000000, 6.123233995736769734E-17 ) ) ;
#3334 = LINE ( 'NONE', #165, #3161 ) ;
#3335 = LINE ( 'NONE', #1532, #3264 ) ;
#3336 = AXIS2_PLACEMENT_3D ( 'NONE', #1716, #2475, #3165 ) ;
#3337 = ORIENTED_EDGE ( 'NONE', *, *, #1192, .T. ) ;
#3338 = DIRECTION ( 'NONE',  ( -7.002154620015129468E-17, -1.000000000000000000, -2.398353793186899962E-15 ) ) ;
#3339 = CLOSED_SHELL ( 'NONE', ( #277, #1890, #1169, #651, #2250, #1356, #1025, #408, #2979, #2599, #1051, #3346, #2369, #3306, #1839, #484, #2206, #729, #3383, #971, #2253, #3429, #326, #3054, #1561, #3388, #1265, #2139, #3194, #3025, #1591, #774 ) ) ;
#3340 = ORIENTED_EDGE ( 'NONE', *, *, #105, .F. ) ;
#3341 = DIRECTION ( 'NONE',  ( 0.000000000000000000, -6.123233995736769734E-17, -1.000000000000000000 ) ) ;
#3342 = MECHANICAL_DESIGN_GEOMETRIC_PRESENTATION_REPRESENTATION (  '', ( #2397 ), #2459 ) ;
#3343 = ADVANCED_FACE ( 'NONE', ( #813 ), #2425, .F. ) ;
#3344 = LINE ( 'NONE', #969, #1892 ) ;
#3345 = ORIENTED_EDGE ( 'NONE', *, *, #3404, .F. ) ;
#3346 = ADVANCED_FACE ( 'NONE', ( #36 ), #2170, .T. ) ;
#3347 = DIRECTION ( 'NONE',  ( 1.000000000000000000, 0.000000000000000000, 2.775557561562909653E-14 ) ) ;
#3348 = EDGE_LOOP ( 'NONE', ( #3437, #3236, #3084, #17 ) ) ;
#3349 = LINE ( 'NONE', #412, #2516 ) ;
#3350 = DIRECTION ( 'NONE',  ( -7.002154620015129468E-17, -1.000000000000000000, -2.398353793186899962E-15 ) ) ;
#3351 = SHAPE_REPRESENTATION ( 'KBJB', ( #167, #554, #53, #3336, #2511, #3389 ), #1685 ) ;
#3352 = CARTESIAN_POINT ( 'NONE',  ( -3.499999999999969802, -0.5000000000000019984, -12.59999999999999964 ) ) ;
#3353 = ORIENTED_EDGE ( 'NONE', *, *, #1165, .F. ) ;
#3354 = DIRECTION ( 'NONE',  ( -0.06908086403639766837, -0.9879023813098019025, 0.1388406252737560687 ) ) ;
#3355 = CARTESIAN_POINT ( 'NONE',  ( 4.850000000000020073, -0.5000000000000009992, 1.660816960928050090 ) ) ;
#3356 = ORIENTED_EDGE ( 'NONE', *, *, #912, .T. ) ;
#3357 = DIRECTION ( 'NONE',  ( -3.061616997868381785E-17, 1.000000000000000000, -3.061616997868472997E-17 ) ) ;
#3358 = UNCERTAINTY_MEASURE_WITH_UNIT (LENGTH_MEASURE( 1.000000000000000082E-05 ), #1404, 'distance_accuracy_value', 'NONE');
#3359 = ADVANCED_FACE ( 'NONE', ( #1653 ), #2705, .F. ) ;
#3360 = ORIENTED_EDGE ( 'NONE', *, *, #3400, .T. ) ;
#3361 = FACE_OUTER_BOUND ( 'NONE', #357, .T. ) ;
#3362 = DIRECTION ( 'NONE',  ( 0.000000000000000000, 6.123233995736769734E-17, 1.000000000000000000 ) ) ;
#3363 = LINE ( 'NONE', #728, #263 ) ;
#3364 = EDGE_CURVE ( 'NONE', #2986, #3253, #2446, .T. ) ;
#3365 = ADVANCED_FACE ( 'NONE', ( #1134 ), #871, .F. ) ;
#3366 = ORIENTED_EDGE ( 'NONE', *, *, #1480, .F. ) ;
#3367 = CARTESIAN_POINT ( 'NONE',  ( -4.849999999999970335, 0.000000000000000000, 0.000000000000000000 ) ) ;
#3368 = PRODUCT ( 'KBJB_4', 'KBJB_4', '', ( #1141 ) ) ;
#3369 = ORIENTED_EDGE ( 'NONE', *, *, #3400, .F. ) ;
#3370 = CARTESIAN_POINT ( 'NONE',  ( 10.54894166923370058, -0.5000000000000009992, 1.660816960928050090 ) ) ;
#3371 = DIRECTION ( 'NONE',  ( -8.763792996980120523E-14, -0.000000000000000000, -1.000000000000000000 ) ) ;
#3372 = EDGE_LOOP ( 'NONE', ( #3431, #2703, #2439, #847 ) ) ;
#3373 = CIRCLE ( 'NONE', #3322, 1.125000000000000222 ) ;
#3374 = DIRECTION ( 'NONE',  ( 0.8530634104578023180, -3.195147960398141510E-17, -0.5218072611013602202 ) ) ;
#3375 = VECTOR ( 'NONE', #1354, 1000.000000000000000 ) ;
#3376 = VECTOR ( 'NONE', #414, 1000.000000000000000 ) ;
#3377 = ORIENTED_EDGE ( 'NONE', *, *, #1224, .F. ) ;
#3378 = APPLICATION_CONTEXT ( 'automotive_design' ) ;
#3379 = VECTOR ( 'NONE', #1630, 1000.000000000000000 ) ;
#3380 = DIRECTION ( 'NONE',  ( -7.002154620015129468E-17, -1.000000000000000000, -2.398353793186899962E-15 ) ) ;
#3381 = VECTOR ( 'NONE', #3118, 1000.000000000000114 ) ;
#3382 = CARTESIAN_POINT ( 'NONE',  ( -3.249999999999940048, -0.5000000000000009992, 0.9000000000000010214 ) ) ;
#3383 = ADVANCED_FACE ( 'NONE', ( #1415, #522, #1340, #2391 ), #3, .F. ) ;
#3384 = AXIS2_PLACEMENT_3D ( 'NONE', #1888, #533, #2663 ) ;
#3385 = VERTEX_POINT ( 'NONE', #3052 ) ;
#3386 = DIRECTION ( 'NONE',  ( 0.000000000000000000, 0.000000000000000000, 1.000000000000000000 ) ) ;
#3387 = LINE ( 'NONE', #2058, #1056 ) ;
#3388 = ADVANCED_FACE ( 'NONE', ( #2544 ), #3220, .T. ) ;
#3389 = AXIS2_PLACEMENT_3D ( 'NONE', #3247, #1702, #880 ) ;
#3390 = ORIENTED_EDGE ( 'NONE', *, *, #713, .T. ) ;
#3391 = LINE ( 'NONE', #948, #944 ) ;
#3392 = CARTESIAN_POINT ( 'NONE',  ( 3.048941669233729890, -0.5000000000000009992, 1.660816960928050090 ) ) ;
#3393 = VECTOR ( 'NONE', #1679, 1000.000000000000000 ) ;
#3394 = ORIENTED_EDGE ( 'NONE', *, *, #1931, .F. ) ;
#3395 = DIRECTION ( 'NONE',  ( 0.000000000000000000, 0.000000000000000000, 1.000000000000000000 ) ) ;
#3396 = VERTEX_POINT ( 'NONE', #1492 ) ;
#3397 = CARTESIAN_POINT ( 'NONE',  ( -12.00000000000000000, -0.5000000000000009992, 1.660816960928050090 ) ) ;
#3398 = LINE ( 'NONE', #1545, #99 ) ;
#3399 = ORIENTED_EDGE ( 'NONE', *, *, #1094, .T. ) ;
#3400 = EDGE_CURVE ( 'NONE', #1559, #1097, #1949, .T. ) ;
#3401 = DIRECTION ( 'NONE',  ( -1.000000000000000000, -0.000000000000000000, -0.000000000000000000 ) ) ;
#3402 = FACE_OUTER_BOUND ( 'NONE', #1813, .T. ) ;
#3403 = ORIENTED_EDGE ( 'NONE', *, *, #170, .T. ) ;
#3404 = EDGE_CURVE ( 'NONE', #1527, #2563, #3034, .T. ) ;
#3405 = DIRECTION ( 'NONE',  ( -7.002154620015129468E-17, -1.000000000000000000, -2.398353793186899962E-15 ) ) ;
#3406 = ORIENTED_EDGE ( 'NONE', *, *, #2797, .T. ) ;
#3407 = CARTESIAN_POINT ( 'NONE',  ( 0.000000000000000000, -0.5000000000000008882, 1.660816960928050090 ) ) ;
#3408 = EDGE_CURVE ( 'NONE', #1765, #2978, #1166, .T. ) ;
#3409 = EDGE_CURVE ( 'NONE', #1651, #1847, #2779, .T. ) ;
#3410 = DIRECTION ( 'NONE',  ( 1.000000000000000000, 0.000000000000000000, 0.000000000000000000 ) ) ;
#3411 = VERTEX_POINT ( 'NONE', #3275 ) ;
#3412 = ORIENTED_EDGE ( 'NONE', *, *, #557, .F. ) ;
#3413 = CARTESIAN_POINT ( 'NONE',  ( 3.499999999999998668, -6.759246656186309288E-16, -12.28329266077829729 ) ) ;
#3414 = LINE ( 'NONE', #1036, #2223 ) ;
#3415 = DIRECTION ( 'NONE',  ( 1.768792986853007458E-31, 1.000000000000000000, -6.123233995736769734E-17 ) ) ;
#3416 = ORIENTED_EDGE ( 'NONE', *, *, #1271, .F. ) ;
#3417 = FACE_OUTER_BOUND ( 'NONE', #2146, .T. ) ;
#3418 = CARTESIAN_POINT ( 'NONE',  ( -3.249999999999940048, -0.5000000000000009992, 0.9000000000000010214 ) ) ;
#3419 = DIRECTION ( 'NONE',  ( -0.5218072611013602202, 0.000000000000000000, -0.8530634104578023180 ) ) ;
#3420 = ORIENTED_EDGE ( 'NONE', *, *, #3083, .F. ) ;
#3421 = DIRECTION ( 'NONE',  ( -1.330406150074120076E-31, -1.000000000000000000, 2.890597559047016822E-46 ) ) ;
#3422 = EDGE_CURVE ( 'NONE', #1946, #2151, #2241, .T. ) ;
#3423 = DIRECTION ( 'NONE',  ( 1.000000000000000000, -0.000000000000000000, 0.000000000000000000 ) ) ;
#3424 = ADVANCED_FACE ( 'NONE', ( #908 ), #3293, .F. ) ;
#3425 = SURFACE_STYLE_USAGE ( .BOTH. , #517 ) ;
#3426 = ORIENTED_EDGE ( 'NONE', *, *, #1364, .F. ) ;
#3427 = PRODUCT_CONTEXT ( 'NONE', #3030, 'mechanical' ) ;
#3428 = CARTESIAN_POINT ( 'NONE',  ( 4.850000000000002309, -0.5000000000000008882, 0.9000000000000050182 ) ) ;
#3429 = ADVANCED_FACE ( 'NONE', ( #2001 ), #2518, .T. ) ;
#3430 = MECHANICAL_DESIGN_GEOMETRIC_PRESENTATION_REPRESENTATION (  '', ( #2992 ), #2826 ) ;
#3431 = ORIENTED_EDGE ( 'NONE', *, *, #1210, .F. ) ;
#3432 = CARTESIAN_POINT ( 'NONE',  ( 2.533966247819321893, -1.355863764325264453, 4.799431690941836415 ) ) ;
#3433 = DIRECTION ( 'NONE',  ( -2.725663816014629818E-17, 1.000000000000000000, -1.667251406029146857E-17 ) ) ;
#3434 = DIRECTION ( 'NONE',  ( 0.000000000000000000, -0.9975640502598238646, -0.06975647374413139479 ) ) ;
#3435 = VECTOR ( 'NONE', #3133, 1000.000000000000000 ) ;
#3436 = VECTOR ( 'NONE', #2540, 1000.000000000000000 ) ;
#3437 = ORIENTED_EDGE ( 'NONE', *, *, #2520, .T. ) ;
#3438 = VECTOR ( 'NONE', #650, 1000.000000000000000 ) ;
#3439 = ORIENTED_EDGE ( 'NONE', *, *, #2322, .T. ) ;
#3440 = CARTESIAN_POINT ( 'NONE',  ( -10.74999999999990052, -0.5000000000000009992, 0.9000000000000010214 ) ) ;
#3441 = LINE ( 'NONE', #1603, #3095 ) ;
#3442 = AXIS2_PLACEMENT_3D ( 'NONE', #2401, #2625, #2141 ) ;
#3443 = AXIS2_PLACEMENT_3D ( 'NONE', #3329, #421, #1493 ) ;
#3444 = ORIENTED_EDGE ( 'NONE', *, *, #274, .T. ) ;
#3445 = LINE ( 'NONE', #1886, #2166 ) ;
#3446 = CARTESIAN_POINT ( 'NONE',  ( 10.75000000000000000, -3.385884295673812665E-16, 0.8999999999999980238 ) ) ;
#3447 = VECTOR ( 'NONE', #1621, 1000.000000000000000 ) ;
#3448 = CARTESIAN_POINT ( 'NONE',  ( 10.75000000000000000, -0.5000000000000009992, 0.8999999999999980238 ) ) ;
#3449 = CLOSED_SHELL ( 'NONE', ( #2773, #2384, #1270, #1101, #1777, #71, #23, #2021, #578, #587, #2948, #2842, #985, #3251, #3071, #1233, #2108, #1212 ) ) ;
#3450 = NEXT_ASSEMBLY_USAGE_OCCURRENCE ( 'NAUO1', ' ', ' ', #795, #2856, $ ) ;
#3451 = NEXT_ASSEMBLY_USAGE_OCCURRENCE ( 'NAUO2', ' ', ' ', #795, #1838, $ ) ;
#3452 = NEXT_ASSEMBLY_USAGE_OCCURRENCE ( 'NAUO3', ' ', ' ', #795, #1046, $ ) ;
#3453 = NEXT_ASSEMBLY_USAGE_OCCURRENCE ( 'NAUO4', ' ', ' ', #795, #2452, $ ) ;
#3454 = NEXT_ASSEMBLY_USAGE_OCCURRENCE ( 'NAUO5', ' ', ' ', #795, #383, $ ) ;
ENDSEC;
END-ISO-10303-21;
