ISO-10303-21;
HEADER;
FILE_DESCRIPTION (( 'STEP AP214' ),
    '1' );
FILE_NAME ('NVD5117PLT4G-VF01.STEP',
    '2023-01-15T06:40:16',
    ( '' ),
    ( '' ),
    'SwSTEP 2.0',
    'SolidWorks 2022',
    '' );
FILE_SCHEMA (( 'AUTOMOTIVE_DESIGN' ));
ENDSEC;

DATA;
#1 = PRODUCT_DEFINITION_FORMATION_WITH_SPECIFIED_SOURCE ( 'ANY', '', #2417, .NOT_KNOWN. ) ;
#2 = SURFACE_STYLE_USAGE ( .BOTH. , #384 ) ;
#3 = DIRECTION ( 'NONE',  ( -0.04337548421186977754, -0.1416849627551049484, 0.9889610400306325655 ) ) ;
#4 = AXIS2_PLACEMENT_3D ( 'NONE', #71, #3661, #1579 ) ;
#5 = ORIENTED_EDGE ( 'NONE', *, *, #2186, .T. ) ;
#6 = LINE ( 'NONE', #1208, #36 ) ;
#7 = AXIS2_PLACEMENT_3D ( 'NONE', #3386, #221, #1617 ) ;
#8 = SURFACE_STYLE_FILL_AREA ( #4210 ) ;
#9 = LINE ( 'NONE', #3201, #3859 ) ;
#10 = VECTOR ( 'NONE', #4576, 1000.000000000000000 ) ;
#11 = STYLED_ITEM ( 'NONE', ( #3824 ), #3630 ) ;
#12 =( GEOMETRIC_REPRESENTATION_CONTEXT ( 3 ) GLOBAL_UNCERTAINTY_ASSIGNED_CONTEXT ( ( #284 ) ) GLOBAL_UNIT_ASSIGNED_CONTEXT ( ( #4134, #2312, #1613 ) ) REPRESENTATION_CONTEXT ( 'NONE', 'WORKASPACE' ) );
#13 = DIRECTION ( 'NONE',  ( 1.000000000000000000, 0.000000000000000000, 0.000000000000000000 ) ) ;
#14 = EDGE_CURVE ( 'NONE', #2880, #942, #2260, .T. ) ;
#15 = EDGE_CURVE ( 'NONE', #849, #305, #1101, .T. ) ;
#16 = UNCERTAINTY_MEASURE_WITH_UNIT (LENGTH_MEASURE( 1.000000000000000082E-05 ), #837, 'distance_accuracy_value', 'NONE');
#17 = COLOUR_RGB ( '',0.3921568627450980338, 0.3921568627450980338, 0.3921568627450980338 ) ;
#18 = EDGE_CURVE ( 'NONE', #2739, #490, #738, .T. ) ;
#19 = LINE ( 'NONE', #2160, #640 ) ;
#20 = CARTESIAN_POINT ( 'NONE',  ( 2.754999999999999893, -6.219999999999998863, 1.378724977539289132 ) ) ;
#21 = ORIENTED_EDGE ( 'NONE', *, *, #4338, .F. ) ;
#22 =( NAMED_UNIT ( * ) SI_UNIT ( $, .STERADIAN. ) SOLID_ANGLE_UNIT ( ) );
#23 = ORIENTED_EDGE ( 'NONE', *, *, #18, .T. ) ;
#24 = DIRECTION ( 'NONE',  ( -0.000000000000000000, 1.000000000000000000, -0.000000000000000000 ) ) ;
#25 = SURFACE_STYLE_USAGE ( .BOTH. , #1419 ) ;
#26 =( LENGTH_UNIT ( ) NAMED_UNIT ( * ) SI_UNIT ( .MILLI., .METRE. ) );
#27 = COLOUR_RGB ( '',0.3921568627450980338, 0.3921568627450980338, 0.3921568627450980338 ) ;
#28 = ORIENTED_EDGE ( 'NONE', *, *, #2951, .T. ) ;
#29 = SURFACE_SIDE_STYLE ('',( #2154 ) ) ;
#30 = CIRCLE ( 'NONE', #2773, 0.5401766702561872080 ) ;
#31 = AXIS2_PLACEMENT_3D ( 'NONE', #3045, #2305, #3372 ) ;
#32 =( NAMED_UNIT ( * ) SI_UNIT ( $, .STERADIAN. ) SOLID_ANGLE_UNIT ( ) );
#33 =( LENGTH_UNIT ( ) NAMED_UNIT ( * ) SI_UNIT ( .MILLI., .METRE. ) );
#34 = MECHANICAL_DESIGN_GEOMETRIC_PRESENTATION_REPRESENTATION (  '', ( #2025 ), #3584 ) ;
#35 = SURFACE_STYLE_FILL_AREA ( #3862 ) ;
#36 = VECTOR ( 'NONE', #446, 999.9999999999998863 ) ;
#37 = CARTESIAN_POINT ( 'NONE',  ( 3.069903862770769543, 2.696478948577849977, 2.279999999999999805 ) ) ;
#38 = EDGE_CURVE ( 'NONE', #2030, #44, #4206, .T. ) ;
#39 = CARTESIAN_POINT ( 'NONE',  ( 1.909999999999999476, -6.219999999999999751, 0.7184753252913850252 ) ) ;
#40 = PLANE ( 'NONE',  #4198 ) ;
#41 = LINE ( 'NONE', #3735, #2964 ) ;
#42 = ORIENTED_EDGE ( 'NONE', *, *, #1902, .T. ) ;
#43 = SURFACE_STYLE_FILL_AREA ( #3563 ) ;
#44 = VERTEX_POINT ( 'NONE', #4249 ) ;
#45 = ADVANCED_FACE ( 'NONE', ( #2457 ), #3542, .T. ) ;
#46 =( NAMED_UNIT ( * ) SI_UNIT ( $, .STERADIAN. ) SOLID_ANGLE_UNIT ( ) );
#47 = SURFACE_SIDE_STYLE ('',( #1477 ) ) ;
#48 = VERTEX_POINT ( 'NONE', #2150 ) ;
#49 = STYLED_ITEM ( 'NONE', ( #2216 ), #2196 ) ;
#50 = FILL_AREA_STYLE ('',( #3220 ) ) ;
#51 = SURFACE_STYLE_FILL_AREA ( #3931 ) ;
#52 = MECHANICAL_DESIGN_GEOMETRIC_PRESENTATION_REPRESENTATION (  '', ( #2280 ), #2646 ) ;
#53 = DIRECTION ( 'NONE',  ( -0.04381752416915601911, 0.000000000000000000, -0.9990395510567564585 ) ) ;
#54 = MECHANICAL_DESIGN_GEOMETRIC_PRESENTATION_REPRESENTATION (  '', ( #2649 ), #514 ) ;
#55 = PRESENTATION_LAYER_ASSIGNMENT (  '', '', ( #2286 ) ) ;
#56 = LINE ( 'NONE', #4004, #267 ) ;
#57 = CARTESIAN_POINT ( 'NONE',  ( 3.078805352334569534, 2.802785851140827234, 2.338890759213386072 ) ) ;
#58 = CARTESIAN_POINT ( 'NONE',  ( 3.138817725256816349, -3.047499999999999876, 0.7087639353182818569 ) ) ;
#59 = FILL_AREA_STYLE_COLOUR ( '', #1846 ) ;
#60 = EDGE_CURVE ( 'NONE', #251, #1190, #2827, .T. ) ;
#61 = ORIENTED_EDGE ( 'NONE', *, *, #2711, .F. ) ;
#62 = LINE ( 'NONE', #733, #1887 ) ;
#63 = ORIENTED_EDGE ( 'NONE', *, *, #3354, .T. ) ;
#64 = ADVANCED_FACE ( 'NONE', ( #2504 ), #690, .T. ) ;
#65 = DIRECTION ( 'NONE',  ( -0.04337548421186969427, 0.1416849627551051150, -0.9889610400306324545 ) ) ;
#66 = EDGE_CURVE ( 'NONE', #4091, #1074, #3482, .T. ) ;
#67 =( NAMED_UNIT ( * ) PLANE_ANGLE_UNIT ( ) SI_UNIT ( $, .RADIAN. ) );
#68 = ORIENTED_EDGE ( 'NONE', *, *, #3120, .T. ) ;
#69 = CARTESIAN_POINT ( 'NONE',  ( -2.507499999999999840, 0.000000000000000000, 0.5350000000000000311 ) ) ;
#70 = PRESENTATION_STYLE_ASSIGNMENT (( #4329 ) ) ;
#71 = CARTESIAN_POINT ( 'NONE',  ( 0.000000000000000000, 0.8249999999999999556, 0.1300000000000000044 ) ) ;
#72 = CARTESIAN_POINT ( 'NONE',  ( -3.169382324298102294, -2.947500000000000231, -2.710505431213761085E-17 ) ) ;
#73 = COLOUR_RGB ( '',0.7921568627450980005, 0.8196078431372548767, 0.9333333333333333481 ) ;
#74 =( NAMED_UNIT ( * ) PLANE_ANGLE_UNIT ( ) SI_UNIT ( $, .RADIAN. ) );
#75 = VECTOR ( 'NONE', #3876, 1000.000000000000114 ) ;
#76 = LINE ( 'NONE', #2133, #2779 ) ;
#77 = DIRECTION ( 'NONE',  ( 0.000000000000000000, -0.5841973208100528225, -0.8116116622858225993 ) ) ;
#78 = FILL_AREA_STYLE ('',( #460 ) ) ;
#79 = VECTOR ( 'NONE', #2098, 1000.000000000000000 ) ;
#80 = VECTOR ( 'NONE', #2156, 1000.000000000000000 ) ;
#81 = DIRECTION ( 'NONE',  ( 1.000000000000000000, -1.345724878333519912E-15, 0.000000000000000000 ) ) ;
#82 = FACE_OUTER_BOUND ( 'NONE', #3832, .T. ) ;
#83 = CARTESIAN_POINT ( 'NONE',  ( -3.270000000000000018, -3.047499999999999876, 0.000000000000000000 ) ) ;
#84 = DIRECTION ( 'NONE',  ( 1.355252715606879951E-15, 1.000000000000000000, 0.000000000000000000 ) ) ;
#85 = EDGE_LOOP ( 'NONE', ( #2191, #4348, #1614, #1007, #4493, #1751, #3750, #68 ) ) ;
#86 = CYLINDRICAL_SURFACE ( 'NONE', #2177, 0.09999999999999982514 ) ;
#87 = SURFACE_STYLE_USAGE ( .BOTH. , #710 ) ;
#88 = ORIENTED_EDGE ( 'NONE', *, *, #1640, .F. ) ;
#89 = CARTESIAN_POINT ( 'NONE',  ( -3.159987903766132700, -2.889249594220246298, 2.289036583740565955 ) ) ;
#90 = CARTESIAN_POINT ( 'NONE',  ( 2.754999999999999893, -6.219999999999993534, 1.378724977539296015 ) ) ;
#91 =( NAMED_UNIT ( * ) PLANE_ANGLE_UNIT ( ) SI_UNIT ( $, .RADIAN. ) );
#92 = ORIENTED_EDGE ( 'NONE', *, *, #3660, .T. ) ;
#93 = EDGE_CURVE ( 'NONE', #527, #48, #2007, .T. ) ;
#94 = EDGE_CURVE ( 'NONE', #2718, #4183, #3657, .T. ) ;
#95 = DIRECTION ( 'NONE',  ( 1.000000000000000000, 0.000000000000000000, 0.000000000000000000 ) ) ;
#96 = CIRCLE ( 'NONE', #341, 0.1000000000000001166 ) ;
#97 = VECTOR ( 'NONE', #2517, 1000.000000000000000 ) ;
#98 = CARTESIAN_POINT ( 'NONE',  ( 3.169807817876447942, 2.696478948577850421, 2.284381752416916544 ) ) ;
#99 = COLOUR_RGB ( '',1.000000000000000000, 1.000000000000000000, 1.000000000000000000 ) ;
#100 = AXIS2_PLACEMENT_3D ( 'NONE', #3133, #1383, #3795 ) ;
#101 = SURFACE_STYLE_USAGE ( .BOTH. , #3979 ) ;
#102 = LINE ( 'NONE', #2999, #2882 ) ;
#103 = FACE_OUTER_BOUND ( 'NONE', #3874, .T. ) ;
#104 = CIRCLE ( 'NONE', #100, 0.4000000000000001887 ) ;
#105 = DIRECTION ( 'NONE',  ( 0.000000000000000000, 0.5841973208099482395, 0.8116116622858979834 ) ) ;
#106 = VERTEX_POINT ( 'NONE', #4327 ) ;
#107 = SURFACE_STYLE_FILL_AREA ( #2192 ) ;
#108 = CARTESIAN_POINT ( 'NONE',  ( 3.069903862770769543, 2.696478948577849977, 2.379999999999999893 ) ) ;
#109 = EDGE_LOOP ( 'NONE', ( #1658, #3389, #3631, #981 ) ) ;
#110 = CARTESIAN_POINT ( 'NONE',  ( -3.169807817876451050, 2.696478948577849977, 2.284381752416920541 ) ) ;
#111 =( NAMED_UNIT ( * ) SI_UNIT ( $, .STERADIAN. ) SOLID_ANGLE_UNIT ( ) );
#112 = DIRECTION ( 'NONE',  ( 0.000000000000000000, -0.000000000000000000, 1.000000000000000000 ) ) ;
#113 = ORIENTED_EDGE ( 'NONE', *, *, #1924, .F. ) ;
#114 = CARTESIAN_POINT ( 'NONE',  ( 0.000000000000000000, 0.000000000000000000, 0.000000000000000000 ) ) ;
#115 = EDGE_CURVE ( 'NONE', #4003, #793, #1577, .T. ) ;
#116 = FILL_AREA_STYLE_COLOUR ( '', #458 ) ;
#117 = ORIENTED_EDGE ( 'NONE', *, *, #3749, .F. ) ;
#118 =( GEOMETRIC_REPRESENTATION_CONTEXT ( 3 ) GLOBAL_UNCERTAINTY_ASSIGNED_CONTEXT ( ( #4432 ) ) GLOBAL_UNIT_ASSIGNED_CONTEXT ( ( #4268, #2478, #2142 ) ) REPRESENTATION_CONTEXT ( 'NONE', 'WORKASPACE' ) );
#119 = PRESENTATION_LAYER_ASSIGNMENT (  '', '', ( #4274 ) ) ;
#120 = DIRECTION ( 'NONE',  ( 1.000000000000000000, 0.000000000000000000, 0.000000000000000000 ) ) ;
#121 = LINE ( 'NONE', #2996, #2490 ) ;
#122 = SURFACE_SIDE_STYLE ('',( #4075 ) ) ;
#123 = MECHANICAL_DESIGN_GEOMETRIC_PRESENTATION_REPRESENTATION (  '', ( #510 ), #2725 ) ;
#124 = SURFACE_STYLE_USAGE ( .BOTH. , #177 ) ;
#125 = ADVANCED_FACE ( 'NONE', ( #2199 ), #1863, .T. ) ;
#126 = ORIENTED_EDGE ( 'NONE', *, *, #1593, .T. ) ;
#127 = UNCERTAINTY_MEASURE_WITH_UNIT (LENGTH_MEASURE( 1.000000000000000082E-05 ), #2111, 'distance_accuracy_value', 'NONE');
#128 = PRESENTATION_STYLE_ASSIGNMENT (( #2262 ) ) ;
#129 = CARTESIAN_POINT ( 'NONE',  ( 8.118964578768549600, -5.070905971414140012, 0.000000000000000000 ) ) ;
#130 = VECTOR ( 'NONE', #2916, 1000.000000000000000 ) ;
#131 =( BOUNDED_SURFACE ( )  B_SPLINE_SURFACE ( 3, 3, ( 
 ( #953, #999, #2354, #3769 ),
 ( #931, #2332, #637, #2406 ),
 ( #1365, #3742, #2051, #2783 ),
 ( #1330, #3077, #611, #587 ) ),
 .UNSPECIFIED., .F., .F., .F. ) 
 B_SPLINE_SURFACE_WITH_KNOTS ( ( 4, 4 ),
 ( 4, 4 ),
 ( 0.000000000000000000, 1.000000000000000000 ),
 ( 0.000000000000000000, 1.000000000000000000 ),
 .UNSPECIFIED. ) 
 GEOMETRIC_REPRESENTATION_ITEM ( )  RATIONAL_B_SPLINE_SURFACE ( (
 ( 1.000000000000000000, 0.3333333333333283188, 0.3333333333333283188, 1.000000000000000000),
 ( 0.9232626203548155441, 0.3077542067849338703, 0.3077542067849338703, 0.9232626203548155441),
 ( 0.9232626203548155441, 0.3077542067849338703, 0.3077542067849338703, 0.9232626203548155441),
 ( 1.000000000000000000, 0.3333333333333283188, 0.3333333333333283188, 1.000000000000000000) ) ) 
 REPRESENTATION_ITEM ( '' )  SURFACE ( )  );
#132 = AXIS2_PLACEMENT_3D ( 'NONE', #1034, #1804, #1758 ) ;
#133 = CARTESIAN_POINT ( 'NONE',  ( -0.3800000000000020028, -4.769999999999999574, 1.574999999999999956 ) ) ;
#134 = PLANE ( 'NONE',  #31 ) ;
#135 = VERTEX_POINT ( 'NONE', #3217 ) ;
#136 = UNCERTAINTY_MEASURE_WITH_UNIT (LENGTH_MEASURE( 1.000000000000000082E-05 ), #2089, 'distance_accuracy_value', 'NONE');
#137 = CARTESIAN_POINT ( 'NONE',  ( -1.909999999999999920, -6.198439174041880051, 1.408678928324029966 ) ) ;
#138 = VERTEX_POINT ( 'NONE', #3995 ) ;
#139 =( LENGTH_UNIT ( ) NAMED_UNIT ( * ) SI_UNIT ( .MILLI., .METRE. ) );
#140 = EDGE_LOOP ( 'NONE', ( #1952, #3921, #1005, #3168, #3086 ) ) ;
#141 = CARTESIAN_POINT ( 'NONE',  ( -0.3800000000000020028, -4.769999999999999574, 0.000000000000000000 ) ) ;
#142 = PRODUCT_CONTEXT ( 'NONE', #604, 'mechanical' ) ;
#143 =( NAMED_UNIT ( * ) SI_UNIT ( $, .STERADIAN. ) SOLID_ANGLE_UNIT ( ) );
#144 = ORIENTED_EDGE ( 'NONE', *, *, #1793, .T. ) ;
#145 = DIRECTION ( 'NONE',  ( -1.000000000000000000, 1.345724878333519912E-15, -0.000000000000000000 ) ) ;
#146 = CARTESIAN_POINT ( 'NONE',  ( 3.069903862770779757, -2.846785424473889492, 2.279999999999998916 ) ) ;
#147 = FILL_AREA_STYLE_COLOUR ( '', #1777 ) ;
#148 = ORIENTED_EDGE ( 'NONE', *, *, #1615, .F. ) ;
#149 =( GEOMETRIC_REPRESENTATION_CONTEXT ( 3 ) GLOBAL_UNCERTAINTY_ASSIGNED_CONTEXT ( ( #1642 ) ) GLOBAL_UNIT_ASSIGNED_CONTEXT ( ( #2396, #3107, #2770 ) ) REPRESENTATION_CONTEXT ( 'NONE', 'WORKASPACE' ) );
#150 =( NAMED_UNIT ( * ) SI_UNIT ( $, .STERADIAN. ) SOLID_ANGLE_UNIT ( ) );
#151 = FILL_AREA_STYLE_COLOUR ( '', #654 ) ;
#152 = EDGE_CURVE ( 'NONE', #3519, #4434, #4022, .T. ) ;
#153 = ADVANCED_FACE ( 'NONE', ( #818 ), #1494, .T. ) ;
#154 = AXIS2_PLACEMENT_3D ( 'NONE', #3148, #3169, #2502 ) ;
#155 = EDGE_CURVE ( 'NONE', #979, #4202, #1523, .T. ) ;
#156 = PRESENTATION_STYLE_ASSIGNMENT (( #3676 ) ) ;
#157 =( GEOMETRIC_REPRESENTATION_CONTEXT ( 3 ) GLOBAL_UNCERTAINTY_ASSIGNED_CONTEXT ( ( #259 ) ) GLOBAL_UNIT_ASSIGNED_CONTEXT ( ( #513, #3603, #3640 ) ) REPRESENTATION_CONTEXT ( 'NONE', 'WORKASPACE' ) );
#158 = CYLINDRICAL_SURFACE ( 'NONE', #3360, 0.09999999999999983902 ) ;
#159 = PRESENTATION_LAYER_ASSIGNMENT (  '', '', ( #2376 ) ) ;
#160 = FILL_AREA_STYLE ('',( #3375 ) ) ;
#161 =( LENGTH_UNIT ( ) NAMED_UNIT ( * ) SI_UNIT ( .MILLI., .METRE. ) );
#162 = AXIS2_PLACEMENT_3D ( 'NONE', #3801, #2384, #976 ) ;
#163 = EDGE_LOOP ( 'NONE', ( #1705, #1555, #1223, #1492, #3539, #3150, #752 ) ) ;
#164 = VECTOR ( 'NONE', #1754, 1000.000000000000000 ) ;
#165 = FILL_AREA_STYLE_COLOUR ( '', #1990 ) ;
#166 = CARTESIAN_POINT ( 'NONE',  ( -3.220000000000000195, 1.523749999999999938, 1.139999999999999902 ) ) ;
#167 =( NAMED_UNIT ( * ) SI_UNIT ( $, .STERADIAN. ) SOLID_ANGLE_UNIT ( ) );
#168 = ORIENTED_EDGE ( 'NONE', *, *, #2732, .T. ) ;
#169 = ORIENTED_EDGE ( 'NONE', *, *, #3716, .F. ) ;
#170 = DIRECTION ( 'NONE',  ( 0.000000000000000000, -0.000000000000000000, -1.000000000000000000 ) ) ;
#171 = SHAPE_REPRESENTATION_RELATIONSHIP ( 'NONE' , 'NONE' ,  #2018, #2266 ) ;
#172 = DIRECTION ( 'NONE',  ( 0.000000000000000000, 0.5841973208100660342, 0.8116116622858130514 ) ) ;
#173 = CARTESIAN_POINT ( 'NONE',  ( -1.804112415015880167E-15, -5.780000000000000249, 1.574999999999999956 ) ) ;
#174 = FACE_OUTER_BOUND ( 'NONE', #1439, .T. ) ;
#175 = DIRECTION ( 'NONE',  ( 1.084202172485503842E-15, 1.000000000000000000, 0.000000000000000000 ) ) ;
#176 =( LENGTH_UNIT ( ) NAMED_UNIT ( * ) SI_UNIT ( .MILLI., .METRE. ) );
#177 = SURFACE_SIDE_STYLE ('',( #3319 ) ) ;
#178 = CARTESIAN_POINT ( 'NONE',  ( 2.754999999999999893, -6.219999999999999751, 0.7184753252913876898 ) ) ;
#179 = DIRECTION ( 'NONE',  ( -0.000000000000000000, 0.000000000000000000, 1.000000000000000000 ) ) ;
#180 = MECHANICAL_DESIGN_GEOMETRIC_PRESENTATION_REPRESENTATION (  '', ( #3878 ), #1859 ) ;
#181 =( NAMED_UNIT ( * ) PLANE_ANGLE_UNIT ( ) SI_UNIT ( $, .RADIAN. ) );
#182 = PLANE ( 'NONE',  #662 ) ;
#183 = AXIS2_PLACEMENT_3D ( 'NONE', #2634, #2213, #835 ) ;
#184 = EDGE_CURVE ( 'NONE', #471, #3058, #1332, .T. ) ;
#185 = DIRECTION ( 'NONE',  ( -0.04350722696467122091, -0.1187981766220960606, -0.9919647747945034011 ) ) ;
#186 =( NAMED_UNIT ( * ) PLANE_ANGLE_UNIT ( ) SI_UNIT ( $, .RADIAN. ) );
#187 = UNCERTAINTY_MEASURE_WITH_UNIT (LENGTH_MEASURE( 1.000000000000000082E-05 ), #4510, 'distance_accuracy_value', 'NONE');
#188 = DIRECTION ( 'NONE',  ( 0.000000000000000000, -1.000000000000000000, -0.000000000000000000 ) ) ;
#189 = PRESENTATION_LAYER_ASSIGNMENT (  '', '', ( #932 ) ) ;
#190 = VERTEX_POINT ( 'NONE', #4492 ) ;
#191 =( GEOMETRIC_REPRESENTATION_CONTEXT ( 3 ) GLOBAL_UNCERTAINTY_ASSIGNED_CONTEXT ( ( #1406 ) ) GLOBAL_UNIT_ASSIGNED_CONTEXT ( ( #2484, #2589, #496 ) ) REPRESENTATION_CONTEXT ( 'NONE', 'WORKASPACE' ) );
#192 = STYLED_ITEM ( 'NONE', ( #2914 ), #1098 ) ;
#193 = ORIENTED_EDGE ( 'NONE', *, *, #1040, .F. ) ;
#194 =( NAMED_UNIT ( * ) PLANE_ANGLE_UNIT ( ) SI_UNIT ( $, .RADIAN. ) );
#195 =( LENGTH_UNIT ( ) NAMED_UNIT ( * ) SI_UNIT ( .MILLI., .METRE. ) );
#196 = ORIENTED_EDGE ( 'NONE', *, *, #2298, .T. ) ;
#197 = FACE_OUTER_BOUND ( 'NONE', #1027, .T. ) ;
#198 = SURFACE_STYLE_FILL_AREA ( #3707 ) ;
#199 = LINE ( 'NONE', #2652, #3741 ) ;
#200 = MECHANICAL_DESIGN_GEOMETRIC_PRESENTATION_REPRESENTATION (  '', ( #4266 ), #285 ) ;
#201 = DIRECTION ( 'NONE',  ( 0.000000000000000000, 0.000000000000000000, 1.000000000000000000 ) ) ;
#202 = VECTOR ( 'NONE', #224, 1000.000000000000000 ) ;
#203 = UNCERTAINTY_MEASURE_WITH_UNIT (LENGTH_MEASURE( 1.000000000000000082E-05 ), #889, 'distance_accuracy_value', 'NONE');
#204 = DIRECTION ( 'NONE',  ( 1.000000000000000000, 0.000000000000000000, -0.000000000000000000 ) ) ;
#205 = FILL_AREA_STYLE ('',( #3818 ) ) ;
#206 = CARTESIAN_POINT ( 'NONE',  ( 8.118964578768549600, -5.070905971414140012, 0.000000000000000000 ) ) ;
#207 = PRESENTATION_LAYER_ASSIGNMENT (  '', '', ( #1322 ) ) ;
#208 = VECTOR ( 'NONE', #1824, 1000.000000000000114 ) ;
#209 = CARTESIAN_POINT ( 'NONE',  ( 3.069903862770771763, 2.795468217242374820, 2.294181843648209540 ) ) ;
#210 = DIRECTION ( 'NONE',  ( 1.092206005483639953E-15, 0.8116116622858131624, -0.5841973208100661452 ) ) ;
#211 = EDGE_LOOP ( 'NONE', ( #2989, #3144, #871, #2938, #1800, #2741 ) ) ;
#212 = STYLED_ITEM ( 'NONE', ( #1356 ), #2584 ) ;
#213 = FILL_AREA_STYLE ('',( #2357 ) ) ;
#214 = SURFACE_SIDE_STYLE ('',( #639 ) ) ;
#215 = CARTESIAN_POINT ( 'NONE',  ( -2.669999999999999929, -5.765644948968873251, 0.6650000000000000355 ) ) ;
#216 = ORIENTED_EDGE ( 'NONE', *, *, #1839, .T. ) ;
#217 = ORIENTED_EDGE ( 'NONE', *, *, #3074, .T. ) ;
#218 = EDGE_CURVE ( 'NONE', #3779, #3757, #1281, .T. ) ;
#219 = FILL_AREA_STYLE_COLOUR ( '', #99 ) ;
#220 = EDGE_CURVE ( 'NONE', #3803, #48, #1718, .T. ) ;
#221 = DIRECTION ( 'NONE',  ( 0.000000000000000000, 0.000000000000000000, 1.000000000000000000 ) ) ;
#222 = ORIENTED_EDGE ( 'NONE', *, *, #424, .F. ) ;
#223 = PLANE ( 'NONE',  #3890 ) ;
#224 = DIRECTION ( 'NONE',  ( 1.818033508945646468E-16, -1.000000000000000000, 7.973831179586175883E-18 ) ) ;
#225 = FILL_AREA_STYLE_COLOUR ( '', #2201 ) ;
#226 = CARTESIAN_POINT ( 'NONE',  ( 0.000000000000000000, 0.000000000000000000, 0.000000000000000000 ) ) ;
#227 = SURFACE_STYLE_FILL_AREA ( #652 ) ;
#228 = UNCERTAINTY_MEASURE_WITH_UNIT (LENGTH_MEASURE( 1.000000000000000082E-05 ), #3314, 'distance_accuracy_value', 'NONE');
#229 = CARTESIAN_POINT ( 'NONE',  ( 2.754999999999999893, -6.725589679152944811, 0.6763210716759763264 ) ) ;
#230 = ORIENTED_EDGE ( 'NONE', *, *, #1403, .F. ) ;
#231 = SURFACE_STYLE_USAGE ( .BOTH. , #265 ) ;
#232 = SURFACE_STYLE_FILL_AREA ( #930 ) ;
#233 = CARTESIAN_POINT ( 'NONE',  ( -1.909999999999999920, -6.219999999999999751, 1.574999999999999956 ) ) ;
#234 = DIRECTION ( 'NONE',  ( 1.000000000000000000, 0.000000000000000000, -0.000000000000000000 ) ) ;
#235 = VECTOR ( 'NONE', #993, 1000.000000000000227 ) ;
#236 = VECTOR ( 'NONE', #298, 1000.000000000000000 ) ;
#237 = FACE_OUTER_BOUND ( 'NONE', #4497, .T. ) ;
#238 = VECTOR ( 'NONE', #4445, 1000.000000000000114 ) ;
#239 = CARTESIAN_POINT ( 'NONE',  ( -3.096960060191121578, -2.739784888771480631, 2.437605117080526185 ) ) ;
#240 = VERTEX_POINT ( 'NONE', #3050 ) ;
#241 = AXIS2_PLACEMENT_3D ( 'NONE', #1147, #3177, #1058 ) ;
#242 = ORIENTED_EDGE ( 'NONE', *, *, #4313, .F. ) ;
#243 = CARTESIAN_POINT ( 'NONE',  ( -3.106787190463850212, -3.047499321295041419, 1.445005667186395115 ) ) ;
#244 = STYLED_ITEM ( 'NONE', ( #2691 ), #3576 ) ;
#245 = PRESENTATION_LAYER_ASSIGNMENT (  '', '', ( #2153 ) ) ;
#246 = PRESENTATION_LAYER_ASSIGNMENT (  '', '', ( #4373 ) ) ;
#247 = CARTESIAN_POINT ( 'NONE',  ( 2.669999999999999929, -6.198439174041887156, 1.408678928324029966 ) ) ;
#248 = DIRECTION ( 'NONE',  ( -1.000000000000000000, 0.000000000000000000, 0.000000000000000000 ) ) ;
#249 = ORIENTED_EDGE ( 'NONE', *, *, #3010, .T. ) ;
#250 = EDGE_CURVE ( 'NONE', #2078, #734, #3681, .T. ) ;
#251 = VERTEX_POINT ( 'NONE', #4154 ) ;
#252 = CARTESIAN_POINT ( 'NONE',  ( -1.635000000000000009, -2.997500000000000053, 0.4175000000000000377 ) ) ;
#253 = UNCERTAINTY_MEASURE_WITH_UNIT (LENGTH_MEASURE( 1.000000000000000082E-05 ), #1347, 'distance_accuracy_value', 'NONE');
#254 = SURFACE_SIDE_STYLE ('',( #198 ) ) ;
#255 = PRESENTATION_STYLE_ASSIGNMENT (( #4185 ) ) ;
#256 = EDGE_CURVE ( 'NONE', #4421, #44, #1792, .T. ) ;
#257 = SURFACE_STYLE_USAGE ( .BOTH. , #3438 ) ;
#258 =( NAMED_UNIT ( * ) PLANE_ANGLE_UNIT ( ) SI_UNIT ( $, .RADIAN. ) );
#259 = UNCERTAINTY_MEASURE_WITH_UNIT (LENGTH_MEASURE( 1.000000000000000082E-05 ), #513, 'distance_accuracy_value', 'NONE');
#260 = CARTESIAN_POINT ( 'NONE',  ( 3.173260575784647042, 2.693595519843324126, 2.350464468875245405 ) ) ;
#261 = SURFACE_STYLE_USAGE ( .BOTH. , #4078 ) ;
#262 =( NAMED_UNIT ( * ) SI_UNIT ( $, .STERADIAN. ) SOLID_ANGLE_UNIT ( ) );
#263 = EDGE_CURVE ( 'NONE', #793, #2269, #340, .T. ) ;
#264 = AXIS2_PLACEMENT_3D ( 'NONE', #4562, #4201, #3122 ) ;
#265 = SURFACE_SIDE_STYLE ('',( #4431 ) ) ;
#266 = CARTESIAN_POINT ( 'NONE',  ( 1.824999999999999956, -6.620000000000000107, 0.000000000000000000 ) ) ;
#267 = VECTOR ( 'NONE', #1469, 1000.000000000000000 ) ;
#268 = VECTOR ( 'NONE', #3151, 1000.000000000000000 ) ;
#269 = PLANE ( 'NONE',  #1775 ) ;
#270 =( GEOMETRIC_REPRESENTATION_CONTEXT ( 3 ) GLOBAL_UNCERTAINTY_ASSIGNED_CONTEXT ( ( #2706 ) ) GLOBAL_UNIT_ASSIGNED_CONTEXT ( ( #1328, #2782, #4175 ) ) REPRESENTATION_CONTEXT ( 'NONE', 'WORKASPACE' ) );
#271 = DIRECTION ( 'NONE',  ( -1.000000000000000000, -2.510377808680052374E-16, 3.006440489437192915E-17 ) ) ;
#272 = COLOUR_RGB ( '',1.000000000000000000, 1.000000000000000000, 1.000000000000000000 ) ;
#273 = ORIENTED_EDGE ( 'NONE', *, *, #651, .T. ) ;
#274 = ORIENTED_EDGE ( 'NONE', *, *, #3473, .F. ) ;
#275 = COLOUR_RGB ( '',0.3921568627450980338, 0.3921568627450980338, 0.3921568627450980338 ) ;
#276 = AXIS2_PLACEMENT_3D ( 'NONE', #4000, #2284, #3684 ) ;
#277 = SURFACE_SIDE_STYLE ('',( #4472 ) ) ;
#278 = ORIENTED_EDGE ( 'NONE', *, *, #1787, .T. ) ;
#279 = ORIENTED_EDGE ( 'NONE', *, *, #4212, .F. ) ;
#280 = SURFACE_STYLE_FILL_AREA ( #964 ) ;
#281 = FACE_OUTER_BOUND ( 'NONE', #2802, .T. ) ;
#282 = ADVANCED_FACE ( 'NONE', ( #3700 ), #4085, .T. ) ;
#283 = FILL_AREA_STYLE_COLOUR ( '', #17 ) ;
#284 = UNCERTAINTY_MEASURE_WITH_UNIT (LENGTH_MEASURE( 1.000000000000000082E-05 ), #4134, 'distance_accuracy_value', 'NONE');
#285 =( GEOMETRIC_REPRESENTATION_CONTEXT ( 3 ) GLOBAL_UNCERTAINTY_ASSIGNED_CONTEXT ( ( #4391 ) ) GLOBAL_UNIT_ASSIGNED_CONTEXT ( ( #2836, #1679, #2757 ) ) REPRESENTATION_CONTEXT ( 'NONE', 'WORKASPACE' ) );
#286 = FILL_AREA_STYLE ('',( #4575 ) ) ;
#287 = CARTESIAN_POINT ( 'NONE',  ( 3.124602643412338843, -2.901148327010768746, 2.343660963109997830 ) ) ;
#288 = CARTESIAN_POINT ( 'NONE',  ( -3.043564399855192892, 2.729837610177739737, 2.370517580555283388 ) ) ;
#289 = FACE_OUTER_BOUND ( 'NONE', #3167, .T. ) ;
#290 = ADVANCED_FACE ( 'NONE', ( #958 ), #1231, .T. ) ;
#291 = EDGE_CURVE ( 'NONE', #1536, #2976, #3802, .T. ) ;
#292 = VECTOR ( 'NONE', #1958, 1000.000000000000000 ) ;
#293 = ORIENTED_EDGE ( 'NONE', *, *, #4490, .T. ) ;
#294 = AXIS2_PLACEMENT_3D ( 'NONE', #1161, #3609, #2864 ) ;
#295 = STYLED_ITEM ( 'NONE', ( #3219 ), #1978 ) ;
#296 = PRESENTATION_STYLE_ASSIGNMENT (( #1721 ) ) ;
#297 = VECTOR ( 'NONE', #1410, 1000.000000000000000 ) ;
#298 = DIRECTION ( 'NONE',  ( -1.000000000000000000, -0.000000000000000000, 0.000000000000000000 ) ) ;
#299 = PRESENTATION_STYLE_ASSIGNMENT (( #337 ) ) ;
#300 = ORIENTED_EDGE ( 'NONE', *, *, #4126, .F. ) ;
#301 = ORIENTED_EDGE ( 'NONE', *, *, #2712, .T. ) ;
#302 = COLOUR_RGB ( '',0.3921568627450980338, 0.3921568627450980338, 0.3921568627450980338 ) ;
#303 =( BOUNDED_CURVE ( )  B_SPLINE_CURVE ( 3, ( #1475, #4046, #1889, #1212 ),
 .UNSPECIFIED., .F., .F. ) 
 B_SPLINE_CURVE_WITH_KNOTS ( ( 4, 4 ),
 ( 3.138987462834880837, 4.712388980384693227 ),
 .UNSPECIFIED. ) 
 CURVE ( )  GEOMETRIC_REPRESENTATION_ITEM ( )  RATIONAL_B_SPLINE_CURVE ( ( 1.000000000000000000, 0.8041234050194525640, 0.8041234050194525640, 1.000000000000000000 ) ) 
 REPRESENTATION_ITEM ( '' )  );
#304 =( NAMED_UNIT ( * ) PLANE_ANGLE_UNIT ( ) SI_UNIT ( $, .RADIAN. ) );
#305 = VERTEX_POINT ( 'NONE', #641 ) ;
#306 = UNCERTAINTY_MEASURE_WITH_UNIT (LENGTH_MEASURE( 1.000000000000000082E-05 ), #4231, 'distance_accuracy_value', 'NONE');
#307 = PRESENTATION_STYLE_ASSIGNMENT (( #3463 ) ) ;
#308 = SURFACE_STYLE_USAGE ( .BOTH. , #3038 ) ;
#309 = DIRECTION ( 'NONE',  ( 0.04381752416915602605, 0.000000000000000000, -0.9990395510567564585 ) ) ;
#310 =( NAMED_UNIT ( * ) SI_UNIT ( $, .STERADIAN. ) SOLID_ANGLE_UNIT ( ) );
#311 = ORIENTED_EDGE ( 'NONE', *, *, #2557, .F. ) ;
#312 = FILL_AREA_STYLE ('',( #2733 ) ) ;
#313 = EDGE_CURVE ( 'NONE', #1117, #495, #2012, .T. ) ;
#314 = PRESENTATION_STYLE_ASSIGNMENT (( #3534 ) ) ;
#315 = EDGE_CURVE ( 'NONE', #595, #4439, #1056, .T. ) ;
#316 = SURFACE_STYLE_USAGE ( .BOTH. , #3476 ) ;
#317 = SURFACE_SIDE_STYLE ('',( #3477 ) ) ;
#318 = ORIENTED_EDGE ( 'NONE', *, *, #3152, .F. ) ;
#319 = EDGE_LOOP ( 'NONE', ( #2955, #2365, #2962, #2293, #1773, #2865, #3510 ) ) ;
#320 = PRESENTATION_STYLE_ASSIGNMENT (( #3480 ) ) ;
#321 =( LENGTH_UNIT ( ) NAMED_UNIT ( * ) SI_UNIT ( .MILLI., .METRE. ) );
#322 = FILL_AREA_STYLE_COLOUR ( '', #2084 ) ;
#323 = EDGE_LOOP ( 'NONE', ( #3500, #938, #4223, #803 ) ) ;
#324 = VECTOR ( 'NONE', #3619, 1000.000000000000000 ) ;
#325 = SURFACE_SIDE_STYLE ('',( #989 ) ) ;
#326 = MECHANICAL_DESIGN_GEOMETRIC_PRESENTATION_REPRESENTATION (  '', ( #4525 ), #3190 ) ;
#327 = PRESENTATION_LAYER_ASSIGNMENT (  '', '', ( #3340 ) ) ;
#328 = CARTESIAN_POINT ( 'NONE',  ( -3.246655490636389363, 2.947499999999998010, 0.5322548134903306583 ) ) ;
#329 = CARTESIAN_POINT ( 'NONE',  ( 1.824999999999999512, -6.219999999999998863, 1.378724977539288465 ) ) ;
#330 = CARTESIAN_POINT ( 'NONE',  ( -3.124214730825139341, 2.750292564901144932, 2.344454823786827902 ) ) ;
#331 = ORIENTED_EDGE ( 'NONE', *, *, #3146, .T. ) ;
#332 = CYLINDRICAL_SURFACE ( 'NONE', #3959, 0.4000000000000001887 ) ;
#333 = CARTESIAN_POINT ( 'NONE',  ( 1.824999999999999512, -6.619999999999997442, 0.8230143411670406417 ) ) ;
#334 = CARTESIAN_POINT ( 'NONE',  ( -3.160115255632697906, 2.738460837811637294, 2.289971237349238908 ) ) ;
#335 = ADVANCED_FACE ( 'NONE', ( #3871 ), #2074, .T. ) ;
#336 = CLOSED_SHELL ( 'NONE', ( #2911, #2392, #282, #1596, #1454, #3380, #2474, #3894, #3630, #1331, #1510, #4214, #2613, #1535, #45, #2585, #508, #3893, #368, #3499, #2867, #125, #4008, #2355, #1039, #3178, #2917, #1455, #1706, #2283, #1098, #3206, #1381, #3065 ) ) ;
#337 = SURFACE_STYLE_USAGE ( .BOTH. , #1657 ) ;
#338 = VERTEX_POINT ( 'NONE', #2759 ) ;
#339 = CARTESIAN_POINT ( 'NONE',  ( -3.124214730825139785, 2.750292564901145376, 2.344454823786828346 ) ) ;
#340 = CIRCLE ( 'NONE', #3722, 0.1000000000000001166 ) ;
#341 = AXIS2_PLACEMENT_3D ( 'NONE', #3613, #2909, #1894 ) ;
#342 = CARTESIAN_POINT ( 'NONE',  ( 2.670000000000000373, -4.769999999999999574, 1.064999999999999947 ) ) ;
#343 = STYLED_ITEM ( 'NONE', ( #4238 ), #560 ) ;
#344 = PLANE ( 'NONE',  #4235 ) ;
#345 =( NAMED_UNIT ( * ) SI_UNIT ( $, .STERADIAN. ) SOLID_ANGLE_UNIT ( ) );
#346 = ORIENTED_EDGE ( 'NONE', *, *, #1837, .F. ) ;
#347 = PRODUCT_RELATED_PRODUCT_CATEGORY ( 'part', '', ( #4486 ) ) ;
#348 = MECHANICAL_DESIGN_GEOMETRIC_PRESENTATION_REPRESENTATION (  '', ( #1867 ), #1369 ) ;
#349 = CIRCLE ( 'NONE', #3889, 0.4000000000000001887 ) ;
#350 =( NAMED_UNIT ( * ) SI_UNIT ( $, .STERADIAN. ) SOLID_ANGLE_UNIT ( ) );
#351 = PRESENTATION_STYLE_ASSIGNMENT (( #2807 ) ) ;
#352 = CARTESIAN_POINT ( 'NONE',  ( -3.148028078326144730, 2.750292564901144488, 2.324389241444421828 ) ) ;
#353 = ORIENTED_EDGE ( 'NONE', *, *, #2500, .F. ) ;
#354 = DIRECTION ( 'NONE',  ( -0.000000000000000000, 1.000000000000000000, -0.000000000000000000 ) ) ;
#355 =( NAMED_UNIT ( * ) SI_UNIT ( $, .STERADIAN. ) SOLID_ANGLE_UNIT ( ) );
#356 = CARTESIAN_POINT ( 'NONE',  ( -1.910000000000001696, -6.725589679152941258, 0.6763210716759713304 ) ) ;
#357 = VECTOR ( 'NONE', #814, 1000.000000000000000 ) ;
#358 = CIRCLE ( 'NONE', #4334, 0.4000000000000001887 ) ;
#359 = DIRECTION ( 'NONE',  ( -0.3542825857777479603, -0.8393256118912307828, -0.4123304095480269105 ) ) ;
#360 = ORIENTED_EDGE ( 'NONE', *, *, #676, .T. ) ;
#361 = SURFACE_STYLE_FILL_AREA ( #382 ) ;
#362 = ORIENTED_EDGE ( 'NONE', *, *, #4541, .T. ) ;
#363 =( GEOMETRIC_REPRESENTATION_CONTEXT ( 3 ) GLOBAL_UNCERTAINTY_ASSIGNED_CONTEXT ( ( #886 ) ) GLOBAL_UNIT_ASSIGNED_CONTEXT ( ( #4324, #4283, #22 ) ) REPRESENTATION_CONTEXT ( 'NONE', 'WORKASPACE' ) );
#364 = STYLED_ITEM ( 'NONE', ( #1048 ), #2046 ) ;
#365 = CARTESIAN_POINT ( 'NONE',  ( 2.754999999999999893, -6.090289613883203224, 0.8986789283240279591 ) ) ;
#366 = ORIENTED_EDGE ( 'NONE', *, *, #534, .F. ) ;
#367 = VECTOR ( 'NONE', #1271, 1000.000000000000000 ) ;
#368 = ADVANCED_FACE ( 'NONE', ( #4536 ), #2475, .T. ) ;
#369 =( NAMED_UNIT ( * ) PLANE_ANGLE_UNIT ( ) SI_UNIT ( $, .RADIAN. ) );
#370 = ADVANCED_FACE ( 'NONE', ( #2496 ), #2139, .T. ) ;
#371 =( GEOMETRIC_REPRESENTATION_CONTEXT ( 3 ) GLOBAL_UNCERTAINTY_ASSIGNED_CONTEXT ( ( #3649 ) ) GLOBAL_UNIT_ASSIGNED_CONTEXT ( ( #176, #853, #4337 ) ) REPRESENTATION_CONTEXT ( 'NONE', 'WORKASPACE' ) );
#372 = SURFACE_SIDE_STYLE ('',( #2463 ) ) ;
#373 =( NAMED_UNIT ( * ) PLANE_ANGLE_UNIT ( ) SI_UNIT ( $, .RADIAN. ) );
#374 = CARTESIAN_POINT ( 'NONE',  ( -1.910000000000000364, -6.219999999999999751, 0.7184753252913785859 ) ) ;
#375 = FILL_AREA_STYLE_COLOUR ( '', #2252 ) ;
#376 = CARTESIAN_POINT ( 'NONE',  ( 3.069903862770777092, -2.846785424473896153, 2.280000000000005134 ) ) ;
#377 = FILL_AREA_STYLE_COLOUR ( '', #2715 ) ;
#378 = FILL_AREA_STYLE ('',( #3535 ) ) ;
#379 = CARTESIAN_POINT ( 'NONE',  ( -2.669999999999999929, -6.620000000000000107, 0.000000000000000000 ) ) ;
#380 =( NAMED_UNIT ( * ) SI_UNIT ( $, .STERADIAN. ) SOLID_ANGLE_UNIT ( ) );
#381 = EDGE_LOOP ( 'NONE', ( #4371, #1033, #2604, #430 ) ) ;
#382 = FILL_AREA_STYLE ('',( #2881 ) ) ;
#383 = ORIENTED_EDGE ( 'NONE', *, *, #2533, .T. ) ;
#384 = SURFACE_SIDE_STYLE ('',( #1708 ) ) ;
#385 = PRESENTATION_LAYER_ASSIGNMENT (  '', '', ( #1411 ) ) ;
#386 =( LENGTH_UNIT ( ) NAMED_UNIT ( * ) SI_UNIT ( .MILLI., .METRE. ) );
#387 = STYLED_ITEM ( 'NONE', ( #2530 ), #2033 ) ;
#388 = ORIENTED_EDGE ( 'NONE', *, *, #1122, .T. ) ;
#389 = COLOUR_RGB ( '',0.3921568627450980338, 0.3921568627450980338, 0.3921568627450980338 ) ;
#390 = DIRECTION ( 'NONE',  ( 1.000000000000000000, -1.345724878333519912E-15, 0.000000000000000000 ) ) ;
#391 =( LENGTH_UNIT ( ) NAMED_UNIT ( * ) SI_UNIT ( .MILLI., .METRE. ) );
#392 = EDGE_CURVE ( 'NONE', #3593, #642, #2468, .T. ) ;
#393 = CARTESIAN_POINT ( 'NONE',  ( 2.754999999999999893, -6.617440118994263543, 0.1663210716759763452 ) ) ;
#394 =( GEOMETRIC_REPRESENTATION_CONTEXT ( 3 ) GLOBAL_UNCERTAINTY_ASSIGNED_CONTEXT ( ( #880 ) ) GLOBAL_UNIT_ASSIGNED_CONTEXT ( ( #3615, #1553, #482 ) ) REPRESENTATION_CONTEXT ( 'NONE', 'WORKASPACE' ) );
#395 = LINE ( 'NONE', #1805, #4395 ) ;
#396 = COLOUR_RGB ( '',1.000000000000000000, 1.000000000000000000, 1.000000000000000000 ) ;
#397 = COLOUR_RGB ( '',1.000000000000000000, 1.000000000000000000, 1.000000000000000000 ) ;
#398 = AXIS2_PLACEMENT_3D ( 'NONE', #4248, #3877, #1442 ) ;
#399 = EDGE_CURVE ( 'NONE', #2238, #4003, #2927, .T. ) ;
#400 = CARTESIAN_POINT ( 'NONE',  ( 8.315181305344919949, -5.070905971414140012, 0.1000000000000000056 ) ) ;
#401 = CARTESIAN_POINT ( 'NONE',  ( 3.043564399855181790, 2.729837610177738849, 2.370517580555286052 ) ) ;
#402 = FACE_OUTER_BOUND ( 'NONE', #962, .T. ) ;
#403 = CARTESIAN_POINT ( 'NONE',  ( -0.3800000000000020028, -5.780000000000000249, 1.064999999999999947 ) ) ;
#404 = CARTESIAN_POINT ( 'NONE',  ( 3.169382324298108955, -2.947499999999997122, 1.084202172485504434E-16 ) ) ;
#405 = VERTEX_POINT ( 'NONE', #1181 ) ;
#406 = VERTEX_POINT ( 'NONE', #834 ) ;
#407 = FILL_AREA_STYLE_COLOUR ( '', #3833 ) ;
#408 = AXIS2_PLACEMENT_3D ( 'NONE', #3568, #3309, #797 ) ;
#409 = SURFACE_STYLE_FILL_AREA ( #1821 ) ;
#410 =( GEOMETRIC_REPRESENTATION_CONTEXT ( 3 ) GLOBAL_UNCERTAINTY_ASSIGNED_CONTEXT ( ( #253 ) ) GLOBAL_UNIT_ASSIGNED_CONTEXT ( ( #1347, #2800, #2818 ) ) REPRESENTATION_CONTEXT ( 'NONE', 'WORKASPACE' ) );
#411 = VERTEX_POINT ( 'NONE', #2541 ) ;
#412 = SURFACE_STYLE_USAGE ( .BOTH. , #2152 ) ;
#413 = COLOUR_RGB ( '',1.000000000000000000, 1.000000000000000000, 1.000000000000000000 ) ;
#414 = PRESENTATION_STYLE_ASSIGNMENT (( #774 ) ) ;
#415 = CARTESIAN_POINT ( 'NONE',  ( -3.228259010674573659, -2.947500000000001119, 0.000000000000000000 ) ) ;
#416 =( GEOMETRIC_REPRESENTATION_CONTEXT ( 3 ) GLOBAL_UNCERTAINTY_ASSIGNED_CONTEXT ( ( #900 ) ) GLOBAL_UNIT_ASSIGNED_CONTEXT ( ( #1946, #1305, #3118 ) ) REPRESENTATION_CONTEXT ( 'NONE', 'WORKASPACE' ) );
#417 = MECHANICAL_DESIGN_GEOMETRIC_PRESENTATION_REPRESENTATION (  '', ( #2703 ), #1149 ) ;
#418 = FACE_OUTER_BOUND ( 'NONE', #85, .T. ) ;
#419 = AXIS2_PLACEMENT_3D ( 'NONE', #3047, #3397, #3002 ) ;
#420 = CARTESIAN_POINT ( 'NONE',  ( -1.909999999999999920, -7.669999999999999929, 0.000000000000000000 ) ) ;
#421 = CARTESIAN_POINT ( 'NONE',  ( 3.030565265292896715, 2.842722745749515223, 2.325133167552495994 ) ) ;
#422 = DIRECTION ( 'NONE',  ( -0.7071067811865474617, 8.659560562354932858E-17, 0.7071067811865474617 ) ) ;
#423 = EDGE_CURVE ( 'NONE', #734, #3471, #3361, .T. ) ;
#424 = EDGE_CURVE ( 'NONE', #1188, #4091, #1094, .T. ) ;
#425 = SURFACE_STYLE_FILL_AREA ( #1831 ) ;
#426 = FILL_AREA_STYLE_COLOUR ( '', #4544 ) ;
#427 = EDGE_LOOP ( 'NONE', ( #4367, #1158, #1207, #4474, #2623 ) ) ;
#428 =( GEOMETRIC_REPRESENTATION_CONTEXT ( 3 ) GLOBAL_UNCERTAINTY_ASSIGNED_CONTEXT ( ( #4388 ) ) GLOBAL_UNIT_ASSIGNED_CONTEXT ( ( #2350, #181, #535 ) ) REPRESENTATION_CONTEXT ( 'NONE', 'WORKASPACE' ) );
#429 = CARTESIAN_POINT ( 'NONE',  ( 1.909999999999999920, -4.769999999999999574, 1.064999999999999947 ) ) ;
#430 = ORIENTED_EDGE ( 'NONE', *, *, #2211, .F. ) ;
#431 = VECTOR ( 'NONE', #3290, 1000.000000000000000 ) ;
#432 = LINE ( 'NONE', #1164, #4010 ) ;
#433 = CARTESIAN_POINT ( 'NONE',  ( -1.909999999999999476, -5.765644948968872363, 1.064999999999999947 ) ) ;
#434 = FILL_AREA_STYLE ('',( #3282 ) ) ;
#435 = ORIENTED_EDGE ( 'NONE', *, *, #14, .T. ) ;
#436 = PLANE ( 'NONE',  #3829 ) ;
#437 = FACE_OUTER_BOUND ( 'NONE', #4537, .T. ) ;
#438 = PRESENTATION_STYLE_ASSIGNMENT (( #3222 ) ) ;
#439 = CARTESIAN_POINT ( 'NONE',  ( -3.107284656451223981, -3.012875567570560076, 2.202053797857524309 ) ) ;
#440 = CARTESIAN_POINT ( 'NONE',  ( -1.909999999999999920, -4.769999999999999574, 1.064999999999999947 ) ) ;
#441 = LINE ( 'NONE', #3246, #1700 ) ;
#442 = CARTESIAN_POINT ( 'NONE',  ( 1.909999999999999920, -4.769999999999999574, 1.574999999999999956 ) ) ;
#443 = EDGE_CURVE ( 'NONE', #2036, #3757, #2237, .T. ) ;
#444 = EDGE_CURVE ( 'NONE', #3455, #2031, #2934, .T. ) ;
#445 = ORIENTED_EDGE ( 'NONE', *, *, #842, .F. ) ;
#446 = DIRECTION ( 'NONE',  ( 0.000000000000000000, 0.5841973208101340909, 0.8116116622857643126 ) ) ;
#447 = ADVANCED_FACE ( 'NONE', ( #3586 ), #134, .T. ) ;
#448 = PRESENTATION_STYLE_ASSIGNMENT (( #87 ) ) ;
#449 = ORIENTED_EDGE ( 'NONE', *, *, #2737, .T. ) ;
#450 = DIRECTION ( 'NONE',  ( 0.04381752416915602605, 0.000000000000000000, 0.9990395510567564585 ) ) ;
#451 =( NAMED_UNIT ( * ) SI_UNIT ( $, .STERADIAN. ) SOLID_ANGLE_UNIT ( ) );
#452 = ORIENTED_EDGE ( 'NONE', *, *, #1793, .F. ) ;
#453 = FILL_AREA_STYLE ('',( #756 ) ) ;
#454 = CARTESIAN_POINT ( 'NONE',  ( 1.824999999999999956, -6.620000000000000107, 0.000000000000000000 ) ) ;
#455 = CARTESIAN_POINT ( 'NONE',  ( 2.754999999999999893, -6.845307432091230382, 0.5100000000000000089 ) ) ;
#456 = CARTESIAN_POINT ( 'NONE',  ( 2.522499999999999964, -6.942084783908589962, 0.4000000000000000222 ) ) ;
#457 = CIRCLE ( 'NONE', #1625, 0.09999999999999982514 ) ;
#458 = COLOUR_RGB ( '',1.000000000000000000, 1.000000000000000000, 1.000000000000000000 ) ;
#459 = DIRECTION ( 'NONE',  ( 1.000000000000000000, -0.000000000000000000, -0.000000000000000000 ) ) ;
#460 = FILL_AREA_STYLE_COLOUR ( '', #2786 ) ;
#461 = COLOUR_RGB ( '',1.000000000000000000, 1.000000000000000000, 1.000000000000000000 ) ;
#462 = VECTOR ( 'NONE', #3259, 1000.000000000000114 ) ;
#463 = MECHANICAL_DESIGN_GEOMETRIC_PRESENTATION_REPRESENTATION (  '', ( #4373 ), #4236 ) ;
#464 =( BOUNDED_CURVE ( )  B_SPLINE_CURVE ( 3, ( #4504, #4188, #650, #3761 ),
 .UNSPECIFIED., .F., .F. ) 
 B_SPLINE_CURVE_WITH_KNOTS ( ( 4, 4 ),
 ( 4.712388980384719872, 6.285790497934555354 ),
 .UNSPECIFIED. ) 
 CURVE ( )  GEOMETRIC_REPRESENTATION_ITEM ( )  RATIONAL_B_SPLINE_CURVE ( ( 1.000000000000000000, 0.8041234050194472349, 0.8041234050194472349, 1.000000000000000000 ) ) 
 REPRESENTATION_ITEM ( '' )  );
#465 = FILL_AREA_STYLE ('',( #59 ) ) ;
#466 = CARTESIAN_POINT ( 'NONE',  ( 3.269999999999996909, 2.947500000000000231, -8.131516293641283255E-17 ) ) ;
#467 = FILL_AREA_STYLE ('',( #2661 ) ) ;
#468 = EDGE_LOOP ( 'NONE', ( #2785, #1934, #3456, #148 ) ) ;
#469 = SURFACE_STYLE_FILL_AREA ( #4014 ) ;
#470 = FILL_AREA_STYLE_COLOUR ( '', #1955 ) ;
#471 = VERTEX_POINT ( 'NONE', #517 ) ;
#472 = SURFACE_STYLE_FILL_AREA ( #2547 ) ;
#473 = SURFACE_SIDE_STYLE ('',( #3968 ) ) ;
#474 = DIRECTION ( 'NONE',  ( 0.000000000000000000, 1.000000000000000000, 0.000000000000000000 ) ) ;
#475 = ORIENTED_EDGE ( 'NONE', *, *, #1233, .T. ) ;
#476 = STYLED_ITEM ( 'NONE', ( #2482 ), #45 ) ;
#477 = EDGE_CURVE ( 'NONE', #3491, #670, #2351, .T. ) ;
#478 =( NAMED_UNIT ( * ) PLANE_ANGLE_UNIT ( ) SI_UNIT ( $, .RADIAN. ) );
#479 = EDGE_CURVE ( 'NONE', #3460, #4018, #862, .T. ) ;
#480 = APPLICATION_PROTOCOL_DEFINITION ( 'draft international standard', 'automotive_design', 1998, #2663 ) ;
#481 = VECTOR ( 'NONE', #2738, 1000.000000000000000 ) ;
#482 =( NAMED_UNIT ( * ) SI_UNIT ( $, .STERADIAN. ) SOLID_ANGLE_UNIT ( ) );
#483 = VERTEX_POINT ( 'NONE', #1566 ) ;
#484 = PRESENTATION_STYLE_ASSIGNMENT (( #3634 ) ) ;
#485 = CARTESIAN_POINT ( 'NONE',  ( -3.071585188118569398, -2.893585790885803810, 2.373820588993332148 ) ) ;
#486 = MECHANICAL_DESIGN_GEOMETRIC_PRESENTATION_REPRESENTATION (  '', ( #4383 ), #2095 ) ;
#487 = DIRECTION ( 'NONE',  ( 0.000000000000000000, 0.5841973208100660342, 0.8116116622858130514 ) ) ;
#488 = STYLED_ITEM ( 'NONE', ( #2116 ), #2917 ) ;
#489 = STYLED_ITEM ( 'NONE', ( #438 ), #1076 ) ;
#490 = VERTEX_POINT ( 'NONE', #608 ) ;
#491 = CARTESIAN_POINT ( 'NONE',  ( 0.000000000000000000, 0.000000000000000000, 2.279999999927895260 ) ) ;
#492 =( GEOMETRIC_REPRESENTATION_CONTEXT ( 3 ) GLOBAL_UNCERTAINTY_ASSIGNED_CONTEXT ( ( #1314 ) ) GLOBAL_UNIT_ASSIGNED_CONTEXT ( ( #3528, #373, #762 ) ) REPRESENTATION_CONTEXT ( 'NONE', 'WORKASPACE' ) );
#493 =( NAMED_UNIT ( * ) PLANE_ANGLE_UNIT ( ) SI_UNIT ( $, .RADIAN. ) );
#494 = CARTESIAN_POINT ( 'NONE',  ( 1.824999999999999512, -5.970571860944919429, 1.064999999999999281 ) ) ;
#495 = VERTEX_POINT ( 'NONE', #4061 ) ;
#496 =( NAMED_UNIT ( * ) SI_UNIT ( $, .STERADIAN. ) SOLID_ANGLE_UNIT ( ) );
#497 = VERTEX_POINT ( 'NONE', #3419 ) ;
#498 = PRESENTATION_LAYER_ASSIGNMENT (  '', '', ( #4555 ) ) ;
#499 = LINE ( 'NONE', #2935, #4155 ) ;
#500 = DIRECTION ( 'NONE',  ( 0.000000000000000000, -1.000000000000000000, 0.000000000000000000 ) ) ;
#501 = ORIENTED_EDGE ( 'NONE', *, *, #2763, .T. ) ;
#502 = PRESENTATION_LAYER_ASSIGNMENT (  '', '', ( #4559 ) ) ;
#503 = EDGE_CURVE ( 'NONE', #750, #527, #1906, .T. ) ;
#504 = VECTOR ( 'NONE', #3130, 1000.000000000000000 ) ;
#505 = SURFACE_STYLE_USAGE ( .BOTH. , #3664 ) ;
#506 = DIRECTION ( 'NONE',  ( -0.8000000000000000444, 0.5999999999999999778, 0.000000000000000000 ) ) ;
#507 = EDGE_CURVE ( 'NONE', #2122, #895, #3644, .T. ) ;
#508 = ADVANCED_FACE ( 'NONE', ( #3328 ), #1589, .T. ) ;
#509 = PRESENTATION_STYLE_ASSIGNMENT (( #1194 ) ) ;
#510 = STYLED_ITEM ( 'NONE', ( #3044 ), #2418 ) ;
#511 = ORIENTED_EDGE ( 'NONE', *, *, #3926, .T. ) ;
#512 = SURFACE_SIDE_STYLE ('',( #2998 ) ) ;
#513 =( LENGTH_UNIT ( ) NAMED_UNIT ( * ) SI_UNIT ( .MILLI., .METRE. ) );
#514 =( GEOMETRIC_REPRESENTATION_CONTEXT ( 3 ) GLOBAL_UNCERTAINTY_ASSIGNED_CONTEXT ( ( #136 ) ) GLOBAL_UNIT_ASSIGNED_CONTEXT ( ( #2089, #1827, #2875 ) ) REPRESENTATION_CONTEXT ( 'NONE', 'WORKASPACE' ) );
#515 = PRODUCT_DEFINITION ( 'UNKNOWN', '', #1, #3978 ) ;
#516 =( GEOMETRIC_REPRESENTATION_CONTEXT ( 3 ) GLOBAL_UNCERTAINTY_ASSIGNED_CONTEXT ( ( #1622 ) ) GLOBAL_UNIT_ASSIGNED_CONTEXT ( ( #1321, #1959, #2727 ) ) REPRESENTATION_CONTEXT ( 'NONE', 'WORKASPACE' ) );
#517 = CARTESIAN_POINT ( 'NONE',  ( 2.670000000000000373, -5.873794509127560737, 1.574999999999999956 ) ) ;
#518 = DIRECTION ( 'NONE',  ( 0.3467564524793023129, 0.8428579179321481485, -0.4115221656764720404 ) ) ;
#519 = ORIENTED_EDGE ( 'NONE', *, *, #503, .F. ) ;
#520 = UNCERTAINTY_MEASURE_WITH_UNIT (LENGTH_MEASURE( 1.000000000000000082E-05 ), #3485, 'distance_accuracy_value', 'NONE');
#521 = DIRECTION ( 'NONE',  ( 3.435095992033279989E-16, 1.000000000000000000, 0.000000000000000000 ) ) ;
#522 = ORIENTED_EDGE ( 'NONE', *, *, #925, .T. ) ;
#523 = PRESENTATION_STYLE_ASSIGNMENT (( #3590 ) ) ;
#524 =( NAMED_UNIT ( * ) PLANE_ANGLE_UNIT ( ) SI_UNIT ( $, .RADIAN. ) );
#525 = DIRECTION ( 'NONE',  ( 1.000000000000000000, -1.345724878333519912E-15, 0.000000000000000000 ) ) ;
#526 = ORIENTED_EDGE ( 'NONE', *, *, #1811, .F. ) ;
#527 = VERTEX_POINT ( 'NONE', #209 ) ;
#528 = CONTEXT_DEPENDENT_SHAPE_REPRESENTATION ( #1367, #4168 ) ;
#529 = PLANE ( 'NONE',  #1350 ) ;
#530 = DIRECTION ( 'NONE',  ( 1.000000000000000000, -1.345724878333519912E-15, 0.000000000000000000 ) ) ;
#531 = LINE ( 'NONE', #550, #431 ) ;
#532 = PRESENTATION_STYLE_ASSIGNMENT (( #2259 ) ) ;
#533 = EDGE_CURVE ( 'NONE', #2232, #3406, #3023, .T. ) ;
#534 = EDGE_CURVE ( 'NONE', #1049, #1931, #2115, .T. ) ;
#535 =( NAMED_UNIT ( * ) SI_UNIT ( $, .STERADIAN. ) SOLID_ANGLE_UNIT ( ) );
#536 = DIRECTION ( 'NONE',  ( 0.7071067811865474617, 0.000000000000000000, 0.7071067811865474617 ) ) ;
#537 = AXIS2_PLACEMENT_3D ( 'NONE', #491, #179, #3299 ) ;
#538 = CIRCLE ( 'NONE', #2815, 0.09999999999999989453 ) ;
#539 = SURFACE_SIDE_STYLE ('',( #2734 ) ) ;
#540 = SURFACE_SIDE_STYLE ('',( #3695 ) ) ;
#541 = MECHANICAL_DESIGN_GEOMETRIC_PRESENTATION_REPRESENTATION (  '', ( #831 ), #3410 ) ;
#542 = ORIENTED_EDGE ( 'NONE', *, *, #2817, .F. ) ;
#543 = AXIS2_PLACEMENT_3D ( 'NONE', #673, #946, #3762 ) ;
#544 = CARTESIAN_POINT ( 'NONE',  ( -3.124602643412339731, -2.901148327010778516, 2.343660963109997386 ) ) ;
#545 = ORIENTED_EDGE ( 'NONE', *, *, #3292, .T. ) ;
#546 = MECHANICAL_DESIGN_GEOMETRIC_PRESENTATION_REPRESENTATION (  '', ( #3956 ), #3710 ) ;
#547 = PRESENTATION_STYLE_ASSIGNMENT (( #1977 ) ) ;
#548 = FILL_AREA_STYLE_COLOUR ( '', #1986 ) ;
#549 = CARTESIAN_POINT ( 'NONE',  ( 1.909999999999999698, -6.942084783908589074, 0.000000000000000000 ) ) ;
#550 = CARTESIAN_POINT ( 'NONE',  ( 7.922747852192180140, -5.070905971414140012, 0.000000000000000000 ) ) ;
#551 = VECTOR ( 'NONE', #3126, 1000.000000000000114 ) ;
#552 = DIRECTION ( 'NONE',  ( 0.000000000000000000, 1.000000000000000000, 0.000000000000000000 ) ) ;
#553 = CARTESIAN_POINT ( 'NONE',  ( 2.670000000000000373, -5.765644948968880357, 0.6650000000000000355 ) ) ;
#554 = FILL_AREA_STYLE_COLOUR ( '', #3782 ) ;
#555 = STYLED_ITEM ( 'NONE', ( #1840 ), #153 ) ;
#556 = MECHANICAL_DESIGN_GEOMETRIC_PRESENTATION_REPRESENTATION (  '', ( #2539 ), #3138 ) ;
#557 = LINE ( 'NONE', #3565, #367 ) ;
#558 = COLOUR_RGB ( '',1.000000000000000000, 1.000000000000000000, 1.000000000000000000 ) ;
#559 =( GEOMETRIC_REPRESENTATION_CONTEXT ( 3 ) GLOBAL_UNCERTAINTY_ASSIGNED_CONTEXT ( ( #2743 ) ) GLOBAL_UNIT_ASSIGNED_CONTEXT ( ( #3000, #951, #1967 ) ) REPRESENTATION_CONTEXT ( 'NONE', 'WORKASPACE' ) );
#560 = ADVANCED_FACE ( 'NONE', ( #1407 ), #332, .F. ) ;
#561 = SURFACE_SIDE_STYLE ('',( #1969 ) ) ;
#562 = UNCERTAINTY_MEASURE_WITH_UNIT (LENGTH_MEASURE( 1.000000000000000082E-05 ), #3469, 'distance_accuracy_value', 'NONE');
#563 = LINE ( 'NONE', #1544, #1238 ) ;
#564 = VECTOR ( 'NONE', #4295, 1000.000000000000000 ) ;
#565 = VERTEX_POINT ( 'NONE', #3117 ) ;
#566 = EDGE_CURVE ( 'NONE', #2446, #2030, #4511, .T. ) ;
#567 =( NAMED_UNIT ( * ) PLANE_ANGLE_UNIT ( ) SI_UNIT ( $, .RADIAN. ) );
#568 = PLANE ( 'NONE',  #978 ) ;
#569 = SURFACE_STYLE_USAGE ( .BOTH. , #2692 ) ;
#570 = VERTEX_POINT ( 'NONE', #1018 ) ;
#571 =( LENGTH_UNIT ( ) NAMED_UNIT ( * ) SI_UNIT ( .MILLI., .METRE. ) );
#572 = UNCERTAINTY_MEASURE_WITH_UNIT (LENGTH_MEASURE( 1.000000000000000082E-05 ), #1620, 'distance_accuracy_value', 'NONE');
#573 = PRESENTATION_STYLE_ASSIGNMENT (( #3481 ) ) ;
#574 = VERTEX_POINT ( 'NONE', #3447 ) ;
#575 = FILL_AREA_STYLE_COLOUR ( '', #3280 ) ;
#576 = DIRECTION ( 'NONE',  ( -0.000000000000000000, 1.000000000000000000, 0.000000000000000000 ) ) ;
#577 = STYLED_ITEM ( 'NONE', ( #1136 ), #1568 ) ;
#578 = DIRECTION ( 'NONE',  ( 1.000000000000000000, 0.000000000000000000, 0.000000000000000000 ) ) ;
#579 = AXIS2_PLACEMENT_3D ( 'NONE', #4404, #506, #1899 ) ;
#580 = UNCERTAINTY_MEASURE_WITH_UNIT (LENGTH_MEASURE( 1.000000000000000082E-05 ), #969, 'distance_accuracy_value', 'NONE');
#581 = FACE_OUTER_BOUND ( 'NONE', #319, .T. ) ;
#582 = CARTESIAN_POINT ( 'NONE',  ( 3.163401309447018583, -2.877752571597505415, 2.262700772732625598 ) ) ;
#583 = STYLED_ITEM ( 'NONE', ( #4413 ), #2253 ) ;
#584 = SURFACE_SIDE_STYLE ('',( #2981 ) ) ;
#585 = DIRECTION ( 'NONE',  ( 3.435095992033279989E-16, 1.000000000000000000, 0.000000000000000000 ) ) ;
#586 = LINE ( 'NONE', #2635, #2992 ) ;
#587 = CARTESIAN_POINT ( 'NONE',  ( -3.037608060801200160, 2.726941466500051536, 2.369604777645955451 ) ) ;
#588 = ORIENTED_EDGE ( 'NONE', *, *, #4074, .T. ) ;
#589 =( GEOMETRIC_REPRESENTATION_CONTEXT ( 3 ) GLOBAL_UNCERTAINTY_ASSIGNED_CONTEXT ( ( #520 ) ) GLOBAL_UNIT_ASSIGNED_CONTEXT ( ( #3485, #2769, #3063 ) ) REPRESENTATION_CONTEXT ( 'NONE', 'WORKASPACE' ) );
#590 = ADVANCED_FACE ( 'NONE', ( #2429 ), #1387, .T. ) ;
#591 = CARTESIAN_POINT ( 'NONE',  ( 2.290000000000000036, -6.419999999999999929, 0.000000000000000000 ) ) ;
#592 = CARTESIAN_POINT ( 'NONE',  ( -2.669999999999999929, -4.769999999999999574, 1.574999999999999956 ) ) ;
#593 = EDGE_CURVE ( 'NONE', #2521, #2695, #2378, .T. ) ;
#594 = CARTESIAN_POINT ( 'NONE',  ( -3.163987384884974663, -2.892707690582311919, 2.292639331192895646 ) ) ;
#595 = VERTEX_POINT ( 'NONE', #997 ) ;
#596 = ORIENTED_EDGE ( 'NONE', *, *, #2188, .T. ) ;
#597 = FACE_OUTER_BOUND ( 'NONE', #4519, .T. ) ;
#598 = DIRECTION ( 'NONE',  ( -0.000000000000000000, 0.000000000000000000, -1.000000000000000000 ) ) ;
#599 =( NAMED_UNIT ( * ) PLANE_ANGLE_UNIT ( ) SI_UNIT ( $, .RADIAN. ) );
#600 = ORIENTED_EDGE ( 'NONE', *, *, #507, .F. ) ;
#601 = ORIENTED_EDGE ( 'NONE', *, *, #2244, .F. ) ;
#602 = FACE_OUTER_BOUND ( 'NONE', #985, .T. ) ;
#603 = UNCERTAINTY_MEASURE_WITH_UNIT (LENGTH_MEASURE( 1.000000000000000082E-05 ), #1689, 'distance_accuracy_value', 'NONE');
#604 = APPLICATION_CONTEXT ( 'automotive_design' ) ;
#605 = CARTESIAN_POINT ( 'NONE',  ( 2.987217709184526893, -3.012875567570555191, 2.305217735222003128 ) ) ;
#606 = FACE_OUTER_BOUND ( 'NONE', #1148, .T. ) ;
#607 = AXIS2_PLACEMENT_3D ( 'NONE', #1170, #4401, #95 ) ;
#608 = CARTESIAN_POINT ( 'NONE',  ( 2.507499999999999840, 1.434999999999999831, 0.000000000000000000 ) ) ;
#609 = SURFACE_STYLE_USAGE ( .BOTH. , #636 ) ;
#610 =( NAMED_UNIT ( * ) PLANE_ANGLE_UNIT ( ) SI_UNIT ( $, .RADIAN. ) );
#611 = CARTESIAN_POINT ( 'NONE',  ( -3.094778078805101362, 2.587978796884583321, 2.437452771396363627 ) ) ;
#612 = VECTOR ( 'NONE', #2362, 1000.000000000000000 ) ;
#613 = CARTESIAN_POINT ( 'NONE',  ( -4.942623279395729625E-16, 3.047499999999999876, 0.000000000000000000 ) ) ;
#614 = PRESENTATION_LAYER_ASSIGNMENT (  '', '', ( #1918 ) ) ;
#615 = VECTOR ( 'NONE', #1025, 1000.000000000000000 ) ;
#616 = PRESENTATION_LAYER_ASSIGNMENT (  '', '', ( #3257 ) ) ;
#617 = FILL_AREA_STYLE ('',( #3773 ) ) ;
#618 = VECTOR ( 'NONE', #3452, 1000.000000000000000 ) ;
#619 = ORIENTED_EDGE ( 'NONE', *, *, #4418, .F. ) ;
#620 = STYLED_ITEM ( 'NONE', ( #1402 ), #3954 ) ;
#621 = EDGE_CURVE ( 'NONE', #4040, #4003, #4579, .T. ) ;
#622 = VERTEX_POINT ( 'NONE', #1041 ) ;
#623 = PLANE ( 'NONE',  #7 ) ;
#624 = FILL_AREA_STYLE_COLOUR ( '', #1920 ) ;
#625 = ORIENTED_EDGE ( 'NONE', *, *, #3074, .F. ) ;
#626 = VERTEX_POINT ( 'NONE', #698 ) ;
#627 = UNCERTAINTY_MEASURE_WITH_UNIT (LENGTH_MEASURE( 1.000000000000000082E-05 ), #1763, 'distance_accuracy_value', 'NONE');
#628 = EDGE_CURVE ( 'NONE', #4273, #2238, #2775, .T. ) ;
#629 = FACE_OUTER_BOUND ( 'NONE', #1684, .T. ) ;
#630 = UNCERTAINTY_MEASURE_WITH_UNIT (LENGTH_MEASURE( 1.000000000000000082E-05 ), #3174, 'distance_accuracy_value', 'NONE');
#631 = FACE_OUTER_BOUND ( 'NONE', #1797, .T. ) ;
#632 = CARTESIAN_POINT ( 'NONE',  ( -3.100401383324133064, 2.750292564901144488, 2.364520406129231755 ) ) ;
#633 = CARTESIAN_POINT ( 'NONE',  ( 3.163987384884972887, -2.892707690582301261, 2.292639331192895202 ) ) ;
#634 = PRESENTATION_LAYER_ASSIGNMENT (  '', '', ( #3427 ) ) ;
#635 = SURFACE_STYLE_FILL_AREA ( #312 ) ;
#636 = SURFACE_SIDE_STYLE ('',( #1019 ) ) ;
#637 = CARTESIAN_POINT ( 'NONE',  ( -3.121819847533143566, 2.693595519843327235, 2.393809410968759988 ) ) ;
#638 = VECTOR ( 'NONE', #3304, 1000.000000000000114 ) ;
#639 = SURFACE_STYLE_FILL_AREA ( #2337 ) ;
#640 = VECTOR ( 'NONE', #2813, 1000.000000000000000 ) ;
#641 = CARTESIAN_POINT ( 'NONE',  ( -2.669999999999999929, -7.050234344067272119, 0.5100000000000000089 ) ) ;
#642 = VERTEX_POINT ( 'NONE', #1508 ) ;
#643 = ORIENTED_EDGE ( 'NONE', *, *, #3320, .T. ) ;
#644 =( GEOMETRIC_REPRESENTATION_CONTEXT ( 3 ) GLOBAL_UNCERTAINTY_ASSIGNED_CONTEXT ( ( #1087 ) ) GLOBAL_UNIT_ASSIGNED_CONTEXT ( ( #4082, #610, #1228 ) ) REPRESENTATION_CONTEXT ( 'NONE', 'WORKASPACE' ) );
#645 = COLOUR_RGB ( '',1.000000000000000000, 1.000000000000000000, 1.000000000000000000 ) ;
#646 = ORIENTED_EDGE ( 'NONE', *, *, #2011, .F. ) ;
#647 = EDGE_LOOP ( 'NONE', ( #3365, #601, #3428, #242, #3214, #445, #4207, #366, #3524, #625, #4160, #2929 ) ) ;
#648 = LINE ( 'NONE', #3990, #268 ) ;
#649 = FILL_AREA_STYLE_COLOUR ( '', #3526 ) ;
#650 = CARTESIAN_POINT ( 'NONE',  ( 3.191663825836441148, -3.047652584438568901, 0.8375629808092189821 ) ) ;
#651 = EDGE_CURVE ( 'NONE', #2639, #3406, #56, .T. ) ;
#652 = FILL_AREA_STYLE ('',( #2397 ) ) ;
#653 = PRODUCT_DEFINITION_CONTEXT ( 'detailed design', #2544, 'design' ) ;
#654 = COLOUR_RGB ( '',0.3921568627450980338, 0.3921568627450980338, 0.3921568627450980338 ) ;
#655 = EDGE_CURVE ( 'NONE', #3505, #857, #3245, .T. ) ;
#656 = SURFACE_STYLE_USAGE ( .BOTH. , #2302 ) ;
#657 = CARTESIAN_POINT ( 'NONE',  ( 3.221638001778176275, -2.739784888771474858, 2.330479320602580895 ) ) ;
#658 = VECTOR ( 'NONE', #3445, 1000.000000000000114 ) ;
#659 = CARTESIAN_POINT ( 'NONE',  ( 0.3799999999999980060, -5.780000000000000249, 0.000000000000000000 ) ) ;
#660 = AXIS2_PLACEMENT_3D ( 'NONE', #3345, #3873, #684 ) ;
#661 = DIRECTION ( 'NONE',  ( -0.000000000000000000, 1.000000000000000000, 0.000000000000000000 ) ) ;
#662 = AXIS2_PLACEMENT_3D ( 'NONE', #1386, #971, #3472 ) ;
#663 = LINE ( 'NONE', #3918, #2073 ) ;
#664 = FILL_AREA_STYLE_COLOUR ( '', #27 ) ;
#665 = EDGE_LOOP ( 'NONE', ( #2863, #126, #1336, #3403 ) ) ;
#666 = PRESENTATION_LAYER_ASSIGNMENT (  '', '', ( #2649 ) ) ;
#667 = SURFACE_SIDE_STYLE ('',( #4287 ) ) ;
#668 = PLANE ( 'NONE',  #2301 ) ;
#669 = DIRECTION ( 'NONE',  ( 0.000000000000000000, 0.000000000000000000, 1.000000000000000000 ) ) ;
#670 = VERTEX_POINT ( 'NONE', #3960 ) ;
#671 =( NAMED_UNIT ( * ) SI_UNIT ( $, .STERADIAN. ) SOLID_ANGLE_UNIT ( ) );
#672 = FACE_OUTER_BOUND ( 'NONE', #1312, .T. ) ;
#673 = CARTESIAN_POINT ( 'NONE',  ( 1.909999999999999920, -7.050234344067280112, 0.9100000000000000311 ) ) ;
#674 = LINE ( 'NONE', #2062, #1941 ) ;
#675 = CARTESIAN_POINT ( 'NONE',  ( -3.030565265292911370, 2.842722745749509894, 2.325133167552492441 ) ) ;
#676 = EDGE_CURVE ( 'NONE', #840, #4202, #1828, .T. ) ;
#677 = ORIENTED_EDGE ( 'NONE', *, *, #4449, .F. ) ;
#678 = LINE ( 'NONE', #1989, #2348 ) ;
#679 = CARTESIAN_POINT ( 'NONE',  ( -1.909999999999999920, -6.219999999999999751, 0.7184753252913780308 ) ) ;
#680 = CARTESIAN_POINT ( 'NONE',  ( -5.551115123125779744E-16, 0.000000000000000000, 2.379999999999999893 ) ) ;
#681 =( NAMED_UNIT ( * ) PLANE_ANGLE_UNIT ( ) SI_UNIT ( $, .RADIAN. ) );
#682 = PRESENTATION_STYLE_ASSIGNMENT (( #316 ) ) ;
#683 = EDGE_LOOP ( 'NONE', ( #4416, #2932 ) ) ;
#684 = DIRECTION ( 'NONE',  ( 1.000000000000000000, 0.000000000000000000, -0.000000000000000000 ) ) ;
#685 = PRESENTATION_LAYER_ASSIGNMENT (  '', '', ( #2670 ) ) ;
#686 = EDGE_LOOP ( 'NONE', ( #4032, #2550, #2908, #2499 ) ) ;
#687 = AXIS2_PLACEMENT_3D ( 'NONE', #3566, #24, #4566 ) ;
#688 = DIRECTION ( 'NONE',  ( 0.000000000000000000, 0.000000000000000000, 1.000000000000000000 ) ) ;
#689 = VECTOR ( 'NONE', #1106, 1000.000000000000000 ) ;
#690 = PLANE ( 'NONE',  #2766 ) ;
#691 = ORIENTED_EDGE ( 'NONE', *, *, #3440, .T. ) ;
#692 = COLOUR_RGB ( '',1.000000000000000000, 1.000000000000000000, 1.000000000000000000 ) ;
#693 = VECTOR ( 'NONE', #1972, 1000.000000000000000 ) ;
#694 = CARTESIAN_POINT ( 'NONE',  ( 2.754999999999999893, -6.220000000000005080, 0.7184753252913815835 ) ) ;
#695 = DIRECTION ( 'NONE',  ( 1.084202172485503842E-15, 1.000000000000000000, 0.000000000000000000 ) ) ;
#696 = ORIENTED_EDGE ( 'NONE', *, *, #4490, .F. ) ;
#697 = PLANE ( 'NONE',  #1823 ) ;
#698 = CARTESIAN_POINT ( 'NONE',  ( 3.206692322509915094, -2.947499999999999787, 1.443415046773947052 ) ) ;
#699 = SURFACE_STYLE_FILL_AREA ( #2491 ) ;
#700 = PRESENTATION_LAYER_ASSIGNMENT (  '', '', ( #476 ) ) ;
#701 = CARTESIAN_POINT ( 'NONE',  ( -3.220000000000000195, -2.947499999999999787, 1.139999999999999902 ) ) ;
#702 = AXIS2_PLACEMENT_3D ( 'NONE', #215, #525, #4067 ) ;
#703 =( LENGTH_UNIT ( ) NAMED_UNIT ( * ) SI_UNIT ( .MILLI., .METRE. ) );
#704 = EDGE_CURVE ( 'NONE', #626, #2425, #3618, .T. ) ;
#705 = EDGE_CURVE ( 'NONE', #1841, #734, #2896, .T. ) ;
#706 =( LENGTH_UNIT ( ) NAMED_UNIT ( * ) SI_UNIT ( .MILLI., .METRE. ) );
#707 = EDGE_LOOP ( 'NONE', ( #1816, #3721, #1282, #3014 ) ) ;
#708 = EDGE_CURVE ( 'NONE', #3128, #3779, #2512, .T. ) ;
#709 = AXIS2_PLACEMENT_3D ( 'NONE', #3054, #1259, #4469 ) ;
#710 = SURFACE_SIDE_STYLE ('',( #43 ) ) ;
#711 = VECTOR ( 'NONE', #972, 1000.000000000000114 ) ;
#712 = EDGE_LOOP ( 'NONE', ( #318, #1373, #222, #2617 ) ) ;
#713 = AXIS2_PLACEMENT_3D ( 'NONE', #659, #3739, #585 ) ;
#714 = CARTESIAN_POINT ( 'NONE',  ( 3.232923313242987984, -2.947500000000000231, 0.8453484580598947806 ) ) ;
#715 = VECTOR ( 'NONE', #1788, 1000.000000000000114 ) ;
#716 = CARTESIAN_POINT ( 'NONE',  ( 2.754999999999999893, -6.090289613883202335, 0.8986789283240282922 ) ) ;
#717 = CARTESIAN_POINT ( 'NONE',  ( 2.754999999999999893, -7.050234344067276560, 0.5099999999999998979 ) ) ;
#718 = ORIENTED_EDGE ( 'NONE', *, *, #621, .T. ) ;
#719 = CARTESIAN_POINT ( 'NONE',  ( -3.069903862770780201, 2.696478948577849977, 2.279999999999999805 ) ) ;
#720 = SURFACE_STYLE_FILL_AREA ( #453 ) ;
#721 = SURFACE_STYLE_USAGE ( .BOTH. , #4549 ) ;
#722 = CARTESIAN_POINT ( 'NONE',  ( 3.145096044894319043, 3.047499999999999876, 0.5656182475830839884 ) ) ;
#723 = SURFACE_SIDE_STYLE ('',( #3887 ) ) ;
#724 = DIRECTION ( 'NONE',  ( -1.000000000000000000, -0.000000000000000000, 0.000000000000000000 ) ) ;
#725 = CARTESIAN_POINT ( 'NONE',  ( 3.232923313242987540, -2.947500000000001563, 0.8453484580599099907 ) ) ;
#726 = UNCERTAINTY_MEASURE_WITH_UNIT (LENGTH_MEASURE( 1.000000000000000082E-05 ), #1925, 'distance_accuracy_value', 'NONE');
#727 = CARTESIAN_POINT ( 'NONE',  ( 3.099586481708718644, 2.892425769074055797, 1.617418131863062714 ) ) ;
#728 = DIRECTION ( 'NONE',  ( -0.000000000000000000, -0.5841973208100660342, -0.8116116622858130514 ) ) ;
#729 = FILL_AREA_STYLE ('',( #3849 ) ) ;
#730 = CIRCLE ( 'NONE', #294, 0.4000000000000001887 ) ;
#731 = VECTOR ( 'NONE', #1603, 1000.000000000000000 ) ;
#732 = ORIENTED_EDGE ( 'NONE', *, *, #1615, .T. ) ;
#733 = CARTESIAN_POINT ( 'NONE',  ( 2.669999999999999929, -4.769999999999999574, 1.064999999999999947 ) ) ;
#734 = VERTEX_POINT ( 'NONE', #2579 ) ;
#735 = EDGE_CURVE ( 'NONE', #979, #2801, #1447, .T. ) ;
#736 = EDGE_CURVE ( 'NONE', #3053, #1931, #2233, .T. ) ;
#737 = PLANE ( 'NONE',  #4520 ) ;
#738 = LINE ( 'NONE', #4546, #1488 ) ;
#739 = ORIENTED_EDGE ( 'NONE', *, *, #3843, .T. ) ;
#740 = MECHANICAL_DESIGN_GEOMETRIC_PRESENTATION_REPRESENTATION (  '', ( #212 ), #4495 ) ;
#741 = DIRECTION ( 'NONE',  ( 1.000000000000000000, 0.000000000000000000, -0.000000000000000000 ) ) ;
#742 = FACE_OUTER_BOUND ( 'NONE', #3677, .T. ) ;
#743 =( GEOMETRIC_REPRESENTATION_CONTEXT ( 3 ) GLOBAL_UNCERTAINTY_ASSIGNED_CONTEXT ( ( #4506 ) ) GLOBAL_UNIT_ASSIGNED_CONTEXT ( ( #2110, #4355, #4400 ) ) REPRESENTATION_CONTEXT ( 'NONE', 'WORKASPACE' ) );
#744 = FILL_AREA_STYLE ('',( #4312 ) ) ;
#745 = FILL_AREA_STYLE_COLOUR ( '', #4344 ) ;
#746 = CARTESIAN_POINT ( 'NONE',  ( 3.126432047336581643, 2.802785851140829010, 2.298759594528575256 ) ) ;
#747 = FILL_AREA_STYLE ('',( #2582 ) ) ;
#748 =( LENGTH_UNIT ( ) NAMED_UNIT ( * ) SI_UNIT ( .MILLI., .METRE. ) );
#749 = FILL_AREA_STYLE_COLOUR ( '', #3703 ) ;
#750 = VERTEX_POINT ( 'NONE', #2876 ) ;
#751 = CARTESIAN_POINT ( 'NONE',  ( 2.507499999999999840, 2.234999999999999876, 0.000000000000000000 ) ) ;
#752 = ORIENTED_EDGE ( 'NONE', *, *, #3408, .T. ) ;
#753 = CARTESIAN_POINT ( 'NONE',  ( 1.909999999999999698, -6.619999999999997442, 0.8230143411670406417 ) ) ;
#754 = SURFACE_STYLE_FILL_AREA ( #1755 ) ;
#755 = VERTEX_POINT ( 'NONE', #400 ) ;
#756 = FILL_AREA_STYLE_COLOUR ( '', #1239 ) ;
#757 = DIRECTION ( 'NONE',  ( 1.106902317672140027E-16, -1.000000000000000000, 0.000000000000000000 ) ) ;
#758 = STYLED_ITEM ( 'NONE', ( #3021 ), #3178 ) ;
#759 = EDGE_CURVE ( 'NONE', #3638, #2345, #4280, .T. ) ;
#760 = PRESENTATION_LAYER_ASSIGNMENT (  '', '', ( #244 ) ) ;
#761 = AXIS2_PLACEMENT_3D ( 'NONE', #455, #3343, #172 ) ;
#762 =( NAMED_UNIT ( * ) SI_UNIT ( $, .STERADIAN. ) SOLID_ANGLE_UNIT ( ) );
#763 = AXIS2_PLACEMENT_3D ( 'NONE', #843, #890, #1165 ) ;
#764 = FILL_AREA_STYLE ('',( #2915 ) ) ;
#765 = DIRECTION ( 'NONE',  ( 0.000000000000000000, 0.000000000000000000, 1.000000000000000000 ) ) ;
#766 = DIRECTION ( 'NONE',  ( 0.000000000000000000, 1.000000000000000000, -0.000000000000000000 ) ) ;
#767 = ORIENTED_EDGE ( 'NONE', *, *, #2006, .T. ) ;
#768 = EDGE_LOOP ( 'NONE', ( #4117, #2165, #1253, #3748 ) ) ;
#769 = FILL_AREA_STYLE_COLOUR ( '', #397 ) ;
#770 = DIRECTION ( 'NONE',  ( 1.000000000000000000, 0.000000000000000000, -0.000000000000000000 ) ) ;
#771 = ORIENTED_EDGE ( 'NONE', *, *, #3320, .F. ) ;
#772 = PLANE ( 'NONE',  #4279 ) ;
#773 = AXIS2_PLACEMENT_3D ( 'NONE', #1156, #1137, #4009 ) ;
#774 = SURFACE_STYLE_USAGE ( .BOTH. , #2179 ) ;
#775 =( NAMED_UNIT ( * ) PLANE_ANGLE_UNIT ( ) SI_UNIT ( $, .RADIAN. ) );
#776 = CARTESIAN_POINT ( 'NONE',  ( 2.670000000000000373, -6.219999999999997087, 1.378724977539298457 ) ) ;
#777 = MECHANICAL_DESIGN_GEOMETRIC_PRESENTATION_REPRESENTATION (  '', ( #932 ), #2620 ) ;
#778 = CARTESIAN_POINT ( 'NONE',  ( -3.119981514342314632, -2.994082531407136649, 2.246418894988304604 ) ) ;
#779 =( LENGTH_UNIT ( ) NAMED_UNIT ( * ) SI_UNIT ( .MILLI., .METRE. ) );
#780 = STYLED_ITEM ( 'NONE', ( #1184 ), #1427 ) ;
#781 = STYLED_ITEM ( 'NONE', ( #2181 ), #1113 ) ;
#782 = EDGE_CURVE ( 'NONE', #497, #2279, #76, .T. ) ;
#783 = DIRECTION ( 'NONE',  ( 0.04381752416915602605, 0.000000000000000000, -0.9990395510567564585 ) ) ;
#784 = PLANE ( 'NONE',  #4163 ) ;
#785 = SURFACE_SIDE_STYLE ('',( #1790 ) ) ;
#786 = CARTESIAN_POINT ( 'NONE',  ( -1.909999999999999698, -5.873794509127558072, 1.175000000000000044 ) ) ;
#787 = SURFACE_SIDE_STYLE ('',( #1203 ) ) ;
#788 = PRODUCT_RELATED_PRODUCT_CATEGORY ( 'part', '', ( #980 ) ) ;
#789 = DIRECTION ( 'NONE',  ( -3.828355257328130201E-16, -1.000000000000000000, 0.000000000000000000 ) ) ;
#790 = EDGE_LOOP ( 'NONE', ( #1198, #3948, #3261, #2108 ) ) ;
#791 = PLANE ( 'NONE',  #2551 ) ;
#792 =( GEOMETRIC_REPRESENTATION_CONTEXT ( 3 ) GLOBAL_UNCERTAINTY_ASSIGNED_CONTEXT ( ( #4041 ) ) GLOBAL_UNIT_ASSIGNED_CONTEXT ( ( #4006, #2898, #829 ) ) REPRESENTATION_CONTEXT ( 'NONE', 'WORKASPACE' ) );
#793 = VERTEX_POINT ( 'NONE', #3267 ) ;
#794 = COLOUR_RGB ( '',1.000000000000000000, 1.000000000000000000, 1.000000000000000000 ) ;
#795 = SURFACE_STYLE_FILL_AREA ( #2172 ) ;
#796 = CARTESIAN_POINT ( 'NONE',  ( -3.069903862770780645, 2.696478948577849977, 2.279999999999999805 ) ) ;
#797 = DIRECTION ( 'NONE',  ( 0.000000000000000000, -0.9898926866452568696, -0.1418184364821273302 ) ) ;
#798 = ORIENTED_EDGE ( 'NONE', *, *, #3668, .F. ) ;
#799 = DIRECTION ( 'NONE',  ( 1.000000000000000000, 0.000000000000000000, -0.000000000000000000 ) ) ;
#800 = ITEM_DEFINED_TRANSFORMATION ( 'NONE', 'NONE', #607,  #1913 ) ;
#801 = VECTOR ( 'NONE', #4382, 1000.000000000000114 ) ;
#802 = DIRECTION ( 'NONE',  ( 1.000000000000000000, 0.000000000000000000, -0.000000000000000000 ) ) ;
#803 = ORIENTED_EDGE ( 'NONE', *, *, #479, .F. ) ;
#804 = CARTESIAN_POINT ( 'NONE',  ( -3.162401577056600299, -2.893585790885803810, 2.295789319994199218 ) ) ;
#805 = CARTESIAN_POINT ( 'NONE',  ( 2.754999999999999893, -6.620000000000000995, 0.8230143411670357567 ) ) ;
#806 = VECTOR ( 'NONE', #3464, 1000.000000000000114 ) ;
#807 = PLANE ( 'NONE',  #3333 ) ;
#808 =( REPRESENTATION_RELATIONSHIP ('NONE','NONE', #4384, #1548 ) REPRESENTATION_RELATIONSHIP_WITH_TRANSFORMATION ( #800 )SHAPE_REPRESENTATION_RELATIONSHIP( ) );
#809 = CARTESIAN_POINT ( 'NONE',  ( -1.804112415015880167E-15, -4.769999999999999574, 1.574999999999999956 ) ) ;
#810 = DIRECTION ( 'NONE',  ( -1.000000000000000000, 0.000000000000000000, 0.000000000000000000 ) ) ;
#811 = FILL_AREA_STYLE_COLOUR ( '', #2611 ) ;
#812 = ORIENTED_EDGE ( 'NONE', *, *, #3408, .F. ) ;
#813 = LINE ( 'NONE', #3623, #1440 ) ;
#814 = DIRECTION ( 'NONE',  ( 0.000000000000000000, -0.000000000000000000, -1.000000000000000000 ) ) ;
#815 = VERTEX_POINT ( 'NONE', #2159 ) ;
#816 = CYLINDRICAL_SURFACE ( 'NONE', #3189, 0.1000000000000000333 ) ;
#817 = CARTESIAN_POINT ( 'NONE',  ( 2.754999999999999893, -7.670000000000010587, 0.5100000000000000089 ) ) ;
#818 = FACE_OUTER_BOUND ( 'NONE', #1490, .T. ) ;
#819 = ORIENTED_EDGE ( 'NONE', *, *, #4483, .F. ) ;
#820 = DIRECTION ( 'NONE',  ( 3.101494596315220057E-16, -1.000000000000000000, 0.000000000000000000 ) ) ;
#821 = CARTESIAN_POINT ( 'NONE',  ( -3.069903862770780201, 0.7618749999999999689, 2.279999999999999805 ) ) ;
#822 = EDGE_LOOP ( 'NONE', ( #933, #3483, #4547, #4392, #3670, #1687, #230, #1311, #4374, #1349, #3305, #1037 ) ) ;
#823 =( NAMED_UNIT ( * ) PLANE_ANGLE_UNIT ( ) SI_UNIT ( $, .RADIAN. ) );
#824 = CARTESIAN_POINT ( 'NONE',  ( -3.163367567173882122, -2.880010376763619373, 2.267325675379118888 ) ) ;
#825 = LINE ( 'NONE', #2231, #3604 ) ;
#826 = ORIENTED_EDGE ( 'NONE', *, *, #3073, .T. ) ;
#827 = FACE_OUTER_BOUND ( 'NONE', #2064, .T. ) ;
#828 = PRESENTATION_STYLE_ASSIGNMENT (( #2288 ) ) ;
#829 =( NAMED_UNIT ( * ) SI_UNIT ( $, .STERADIAN. ) SOLID_ANGLE_UNIT ( ) );
#830 =( GEOMETRIC_REPRESENTATION_CONTEXT ( 3 ) GLOBAL_UNCERTAINTY_ASSIGNED_CONTEXT ( ( #3816 ) ) GLOBAL_UNIT_ASSIGNED_CONTEXT ( ( #1521, #1573, #2594 ) ) REPRESENTATION_CONTEXT ( 'NONE', 'WORKASPACE' ) );
#831 = STYLED_ITEM ( 'NONE', ( #1574 ), #4285 ) ;
#832 = AXIS2_PLACEMENT_3D ( 'NONE', #3413, #3792, #3131 ) ;
#833 = PLANE ( 'NONE',  #832 ) ;
#834 = CARTESIAN_POINT ( 'NONE',  ( -1.909999999999999920, -6.198439174041872057, 1.408678928324041513 ) ) ;
#835 = DIRECTION ( 'NONE',  ( 1.000000000000000000, 0.000000000000000000, 0.000000000000000000 ) ) ;
#836 = ORIENTED_EDGE ( 'NONE', *, *, #4212, .T. ) ;
#837 =( LENGTH_UNIT ( ) NAMED_UNIT ( * ) SI_UNIT ( .MILLI., .METRE. ) );
#838 = UNCERTAINTY_MEASURE_WITH_UNIT (LENGTH_MEASURE( 1.000000000000000082E-05 ), #779, 'distance_accuracy_value', 'NONE');
#839 = SURFACE_SIDE_STYLE ('',( #1591 ) ) ;
#840 = VERTEX_POINT ( 'NONE', #3580 ) ;
#841 = SURFACE_STYLE_USAGE ( .BOTH. , #3334 ) ;
#842 = EDGE_CURVE ( 'NONE', #190, #3315, #1851, .T. ) ;
#843 = CARTESIAN_POINT ( 'NONE',  ( -2.669999999999999929, -7.669999999999999929, 0.000000000000000000 ) ) ;
#844 = ADVANCED_FACE ( 'NONE', ( #827 ), #4318, .F. ) ;
#845 = EDGE_LOOP ( 'NONE', ( #2803, #3780, #2717, #1892 ) ) ;
#846 =( GEOMETRIC_REPRESENTATION_CONTEXT ( 3 ) GLOBAL_UNCERTAINTY_ASSIGNED_CONTEXT ( ( #2321 ) ) GLOBAL_UNIT_ASSIGNED_CONTEXT ( ( #4567, #3854, #2765 ) ) REPRESENTATION_CONTEXT ( 'NONE', 'WORKASPACE' ) );
#847 = AXIS2_PLACEMENT_3D ( 'NONE', #83, #2878, #1815 ) ;
#848 = CARTESIAN_POINT ( 'NONE',  ( 0.3799999999999980060, -5.780000000000000249, 1.574999999999999956 ) ) ;
#849 = VERTEX_POINT ( 'NONE', #1961 ) ;
#850 = SURFACE_SIDE_STYLE ('',( #4031 ) ) ;
#851 = MECHANICAL_DESIGN_GEOMETRIC_PRESENTATION_REPRESENTATION (  '', ( #1071 ), #3429 ) ;
#852 = VECTOR ( 'NONE', #1134, 1000.000000000000000 ) ;
#853 =( NAMED_UNIT ( * ) PLANE_ANGLE_UNIT ( ) SI_UNIT ( $, .RADIAN. ) );
#854 = CIRCLE ( 'NONE', #2402, 0.1000000000000000749 ) ;
#855 = PRESENTATION_LAYER_ASSIGNMENT (  '', '', ( #488 ) ) ;
#856 = VECTOR ( 'NONE', #4553, 1000.000000000000000 ) ;
#857 = VERTEX_POINT ( 'NONE', #4101 ) ;
#858 = DIRECTION ( 'NONE',  ( -1.000000000000000000, 1.345724878333519912E-15, -0.000000000000000000 ) ) ;
#859 = SURFACE_STYLE_FILL_AREA ( #2631 ) ;
#860 =( GEOMETRIC_REPRESENTATION_CONTEXT ( 3 ) GLOBAL_UNCERTAINTY_ASSIGNED_CONTEXT ( ( #726 ) ) GLOBAL_UNIT_ASSIGNED_CONTEXT ( ( #1925, #186, #4127 ) ) REPRESENTATION_CONTEXT ( 'NONE', 'WORKASPACE' ) );
#861 = CIRCLE ( 'NONE', #2995, 0.1962167265763692936 ) ;
#862 = LINE ( 'NONE', #3767, #2903 ) ;
#863 = DIRECTION ( 'NONE',  ( 1.000000000000000000, -1.345724878333519912E-15, 0.000000000000000000 ) ) ;
#864 = ORIENTED_EDGE ( 'NONE', *, *, #1290, .T. ) ;
#865 = DIRECTION ( 'NONE',  ( -1.000000000000000000, 8.864471316691248177E-16, -6.380638221762067763E-16 ) ) ;
#866 = ORIENTED_EDGE ( 'NONE', *, *, #3985, .F. ) ;
#867 = MECHANICAL_DESIGN_GEOMETRIC_PRESENTATION_REPRESENTATION (  '', ( #1879 ), #1660 ) ;
#868 = PLANE ( 'NONE',  #2599 ) ;
#869 = DIRECTION ( 'NONE',  ( -0.9990395510567564585, 0.000000000000000000, 0.04381752416915602605 ) ) ;
#870 = ORIENTED_EDGE ( 'NONE', *, *, #1099, .F. ) ;
#871 = ORIENTED_EDGE ( 'NONE', *, *, #1344, .F. ) ;
#872 = AXIS2_PLACEMENT_3D ( 'NONE', #146, #4073, #1558 ) ;
#873 =( NAMED_UNIT ( * ) PLANE_ANGLE_UNIT ( ) SI_UNIT ( $, .RADIAN. ) );
#874 = ORIENTED_EDGE ( 'NONE', *, *, #1594, .T. ) ;
#875 = PRESENTATION_LAYER_ASSIGNMENT (  '', '', ( #364 ) ) ;
#876 = FILL_AREA_STYLE_COLOUR ( '', #2792 ) ;
#877 = CARTESIAN_POINT ( 'NONE',  ( 2.754999999999999893, -6.219999999999999751, 0.000000000000000000 ) ) ;
#878 = LINE ( 'NONE', #2040, #806 ) ;
#879 = EDGE_CURVE ( 'NONE', #1461, #2005, #4077, .T. ) ;
#880 = UNCERTAINTY_MEASURE_WITH_UNIT (LENGTH_MEASURE( 1.000000000000000082E-05 ), #3615, 'distance_accuracy_value', 'NONE');
#881 = LINE ( 'NONE', #1922, #2099 ) ;
#882 = DIRECTION ( 'NONE',  ( 1.000000000000000000, 0.000000000000000000, 0.000000000000000000 ) ) ;
#883 = AXIS2_PLACEMENT_3D ( 'NONE', #2489, #1038, #3957 ) ;
#884 = SURFACE_STYLE_USAGE ( .BOTH. , #1567 ) ;
#885 = DIRECTION ( 'NONE',  ( 2.528316354113649393E-16, -0.9929049442707555961, 0.1189107717689529414 ) ) ;
#886 = UNCERTAINTY_MEASURE_WITH_UNIT (LENGTH_MEASURE( 1.000000000000000082E-05 ), #4324, 'distance_accuracy_value', 'NONE');
#887 = FACE_OUTER_BOUND ( 'NONE', #4118, .T. ) ;
#888 = ORIENTED_EDGE ( 'NONE', *, *, #533, .T. ) ;
#889 =( LENGTH_UNIT ( ) NAMED_UNIT ( * ) SI_UNIT ( .MILLI., .METRE. ) );
#890 = DIRECTION ( 'NONE',  ( 0.000000000000000000, -1.000000000000000000, 0.000000000000000000 ) ) ;
#891 = CARTESIAN_POINT ( 'NONE',  ( -3.124602643412340175, -2.901148327010778516, 2.343660963109997386 ) ) ;
#892 = EDGE_LOOP ( 'NONE', ( #1572, #963, #3541, #893, #1561 ) ) ;
#893 = ORIENTED_EDGE ( 'NONE', *, *, #115, .F. ) ;
#894 = DIRECTION ( 'NONE',  ( 1.000000000000000000, 0.000000000000000000, 0.000000000000000000 ) ) ;
#895 = VERTEX_POINT ( 'NONE', #948 ) ;
#896 = SURFACE_STYLE_FILL_AREA ( #2944 ) ;
#897 =( LENGTH_UNIT ( ) NAMED_UNIT ( * ) SI_UNIT ( .MILLI., .METRE. ) );
#898 = LINE ( 'NONE', #2701, #1016 ) ;
#899 = ADVANCED_FACE ( 'NONE', ( #581 ), #3712, .T. ) ;
#900 = UNCERTAINTY_MEASURE_WITH_UNIT (LENGTH_MEASURE( 1.000000000000000082E-05 ), #1946, 'distance_accuracy_value', 'NONE');
#901 = EDGE_CURVE ( 'NONE', #2279, #2088, #349, .T. ) ;
#902 = SURFACE_STYLE_USAGE ( .BOTH. , #512 ) ;
#903 = LINE ( 'NONE', #2709, #235 ) ;
#904 = SURFACE_SIDE_STYLE ('',( #1565 ) ) ;
#905 = SURFACE_SIDE_STYLE ('',( #1248 ) ) ;
#906 = COLOUR_RGB ( '',1.000000000000000000, 1.000000000000000000, 1.000000000000000000 ) ;
#907 = CARTESIAN_POINT ( 'NONE',  ( -3.169807817876451050, 1.523749999999999938, 2.284381752416920541 ) ) ;
#908 = AXIS2_PLACEMENT_3D ( 'NONE', #4007, #3585, #3605 ) ;
#909 = DIRECTION ( 'NONE',  ( -1.000000000000000000, -1.106902317672140027E-16, 0.000000000000000000 ) ) ;
#910 = AXIS2_PLACEMENT_3D ( 'NONE', #3687, #552, #2656 ) ;
#911 = ORIENTED_EDGE ( 'NONE', *, *, #3689, .T. ) ;
#912 = MECHANICAL_DESIGN_GEOMETRIC_PRESENTATION_REPRESENTATION (  '', ( #620 ), #2525 ) ;
#913 = DIRECTION ( 'NONE',  ( 1.000000000000000000, 0.000000000000000000, -0.000000000000000000 ) ) ;
#914 = ORIENTED_EDGE ( 'NONE', *, *, #3688, .T. ) ;
#915 =( NAMED_UNIT ( * ) SI_UNIT ( $, .STERADIAN. ) SOLID_ANGLE_UNIT ( ) );
#916 = DIRECTION ( 'NONE',  ( -0.000000000000000000, 0.000000000000000000, 1.000000000000000000 ) ) ;
#917 = VERTEX_POINT ( 'NONE', #4058 ) ;
#918 = SURFACE_SIDE_STYLE ('',( #896 ) ) ;
#919 = CARTESIAN_POINT ( 'NONE',  ( -0.5401766702561872080, 6.615256302033150155E-17, 2.379999999959636625 ) ) ;
#920 = SURFACE_STYLE_FILL_AREA ( #3016 ) ;
#921 = DIRECTION ( 'NONE',  ( -1.000000000000000000, 0.000000000000000000, 0.000000000000000000 ) ) ;
#922 =( NAMED_UNIT ( * ) SI_UNIT ( $, .STERADIAN. ) SOLID_ANGLE_UNIT ( ) );
#923 = ADVANCED_FACE ( 'NONE', ( #2685 ), #3639, .T. ) ;
#924 = FILL_AREA_STYLE ('',( #4194 ) ) ;
#925 = EDGE_CURVE ( 'NONE', #3805, #4439, #881, .T. ) ;
#926 = STYLED_ITEM ( 'NONE', ( #2598 ), #2684 ) ;
#927 =( GEOMETRIC_REPRESENTATION_CONTEXT ( 3 ) GLOBAL_UNCERTAINTY_ASSIGNED_CONTEXT ( ( #16 ) ) GLOBAL_UNIT_ASSIGNED_CONTEXT ( ( #837, #2459, #4570 ) ) REPRESENTATION_CONTEXT ( 'NONE', 'WORKASPACE' ) );
#928 = CARTESIAN_POINT ( 'NONE',  ( -2.507499999999999840, -2.234999999999999876, 0.000000000000000000 ) ) ;
#929 = CARTESIAN_POINT ( 'NONE',  ( 3.124214730825129571, 2.750292564901145820, 2.344454823786828346 ) ) ;
#930 = FILL_AREA_STYLE ('',( #4412 ) ) ;
#931 = CARTESIAN_POINT ( 'NONE',  ( -3.149935094950894410, 2.750292564901145820, 2.322782352740071499 ) ) ;
#932 = STYLED_ITEM ( 'NONE', ( #351 ), #1039 ) ;
#933 = ORIENTED_EDGE ( 'NONE', *, *, #956, .F. ) ;
#934 = STYLED_ITEM ( 'NONE', ( #1627 ), #1455 ) ;
#935 = DIRECTION ( 'NONE',  ( 1.084202172485503842E-15, 1.000000000000000000, -5.421010862427519803E-15 ) ) ;
#936 = FILL_AREA_STYLE_COLOUR ( '', #1495 ) ;
#937 = ORIENTED_EDGE ( 'NONE', *, *, #628, .T. ) ;
#938 = ORIENTED_EDGE ( 'NONE', *, *, #1554, .T. ) ;
#939 = LINE ( 'NONE', #1616, #3203 ) ;
#940 =( BOUNDED_SURFACE ( )  B_SPLINE_SURFACE ( 3, 3, ( 
 ( #929, #1678, #4512, #1342 ),
 ( #1042, #746, #57, #4296 ),
 ( #1470, #2448, #421, #3140 ),
 ( #1135, #3846, #3891, #401 ) ),
 .UNSPECIFIED., .F., .F., .F. ) 
 B_SPLINE_SURFACE_WITH_KNOTS ( ( 4, 4 ),
 ( 4, 4 ),
 ( 0.000000000000000000, 1.000000000000000000 ),
 ( 0.000000000000000000, 1.000000000000000000 ),
 .UNSPECIFIED. ) 
 GEOMETRIC_REPRESENTATION_ITEM ( )  RATIONAL_B_SPLINE_SURFACE ( (
 ( 1.000000000000000000, 0.3333333333333334259, 0.3333333333333334259, 1.000000000000000000),
 ( 0.9333134408862548970, 0.3111044802954183730, 0.3111044802954183730, 0.9333134408862548970),
 ( 0.9333134408862548970, 0.3111044802954183730, 0.3111044802954183730, 0.9333134408862548970),
 ( 1.000000000000000000, 0.3333333333333334259, 0.3333333333333334259, 1.000000000000000000) ) ) 
 REPRESENTATION_ITEM ( '' )  SURFACE ( )  );
#941 = UNCERTAINTY_MEASURE_WITH_UNIT (LENGTH_MEASURE( 1.000000000000000082E-05 ), #3087, 'distance_accuracy_value', 'NONE');
#942 = VERTEX_POINT ( 'NONE', #178 ) ;
#943 = ORIENTED_EDGE ( 'NONE', *, *, #2810, .F. ) ;
#944 = UNCERTAINTY_MEASURE_WITH_UNIT (LENGTH_MEASURE( 1.000000000000000082E-05 ), #1044, 'distance_accuracy_value', 'NONE');
#945 = CARTESIAN_POINT ( 'NONE',  ( 3.069903862770777092, -2.846785424473896153, 2.280000000000005134 ) ) ;
#946 = DIRECTION ( 'NONE',  ( 1.000000000000000000, -1.345724878333519912E-15, 0.000000000000000000 ) ) ;
#947 = UNCERTAINTY_MEASURE_WITH_UNIT (LENGTH_MEASURE( 1.000000000000000082E-05 ), #2405, 'distance_accuracy_value', 'NONE');
#948 = CARTESIAN_POINT ( 'NONE',  ( 3.169807817876448386, -2.846785424473893489, 2.284381752416920541 ) ) ;
#949 = CARTESIAN_POINT ( 'NONE',  ( 3.124602643412338843, -2.901148327010767858, 2.343660963109996942 ) ) ;
#950 = PRESENTATION_LAYER_ASSIGNMENT (  '', '', ( #510 ) ) ;
#951 =( NAMED_UNIT ( * ) PLANE_ANGLE_UNIT ( ) SI_UNIT ( $, .RADIAN. ) );
#952 = FILL_AREA_STYLE_COLOUR ( '', #1441 ) ;
#953 = CARTESIAN_POINT ( 'NONE',  ( -3.124214730825139785, 2.750292564901145376, 2.344454823786828346 ) ) ;
#954 = PRESENTATION_LAYER_ASSIGNMENT (  '', '', ( #1528 ) ) ;
#955 = DIRECTION ( 'NONE',  ( -0.5469878064155941910, -0.5436290253687826590, 0.6366096310999731500 ) ) ;
#956 = EDGE_CURVE ( 'NONE', #1376, #1461, #1586, .T. ) ;
#957 = EDGE_CURVE ( 'NONE', #2521, #1376, #3817, .T. ) ;
#958 = FACE_OUTER_BOUND ( 'NONE', #845, .T. ) ;
#959 = ORIENTED_EDGE ( 'NONE', *, *, #4338, .T. ) ;
#960 = ORIENTED_EDGE ( 'NONE', *, *, #4459, .T. ) ;
#961 = FILL_AREA_STYLE ('',( #1635 ) ) ;
#962 = EDGE_LOOP ( 'NONE', ( #3503, #1306, #2629, #2044, #943, #2819, #1014, #1636 ) ) ;
#963 = ORIENTED_EDGE ( 'NONE', *, *, #1378, .T. ) ;
#964 = FILL_AREA_STYLE ('',( #4209 ) ) ;
#965 = CARTESIAN_POINT ( 'NONE',  ( -2.670000000000000373, -6.198439174041871169, 1.408678928324041957 ) ) ;
#966 = LINE ( 'NONE', #4144, #2282 ) ;
#967 = DIRECTION ( 'NONE',  ( 0.000000000000000000, 0.000000000000000000, 1.000000000000000000 ) ) ;
#968 =( LENGTH_UNIT ( ) NAMED_UNIT ( * ) SI_UNIT ( .MILLI., .METRE. ) );
#969 =( LENGTH_UNIT ( ) NAMED_UNIT ( * ) SI_UNIT ( .MILLI., .METRE. ) );
#970 = CARTESIAN_POINT ( 'NONE',  ( -3.148532628889881835, -2.901148327010778516, 2.323099838011556617 ) ) ;
#971 = DIRECTION ( 'NONE',  ( 1.000000000000000000, -1.387778780781439956E-15, 0.000000000000000000 ) ) ;
#972 = DIRECTION ( 'NONE',  ( 0.000000000000000000, 0.5841973208100549320, 0.8116116622858211560 ) ) ;
#973 =( NAMED_UNIT ( * ) PLANE_ANGLE_UNIT ( ) SI_UNIT ( $, .RADIAN. ) );
#974 = SURFACE_STYLE_USAGE ( .BOTH. , #1999 ) ;
#975 = STYLED_ITEM ( 'NONE', ( #1511 ), #3844 ) ;
#976 = DIRECTION ( 'NONE',  ( 1.000000000000000000, 0.000000000000000000, 0.000000000000000000 ) ) ;
#977 =( NAMED_UNIT ( * ) SI_UNIT ( $, .STERADIAN. ) SOLID_ANGLE_UNIT ( ) );
#978 = AXIS2_PLACEMENT_3D ( 'NONE', #4153, #3724, #3383 ) ;
#979 = VERTEX_POINT ( 'NONE', #2729 ) ;
#980 = PRODUCT ( 'ON Semi Logo', 'ON Semi Logo', '', ( #3313 ) ) ;
#981 = ORIENTED_EDGE ( 'NONE', *, *, #2298, .F. ) ;
#982 = EDGE_CURVE ( 'NONE', #815, #2446, #3764, .T. ) ;
#983 = AXIS2_PLACEMENT_3D ( 'NONE', #796, #2246, #2936 ) ;
#984 = CARTESIAN_POINT ( 'NONE',  ( 1.909999999999999254, -7.669999999999999929, 0.000000000000000000 ) ) ;
#985 = EDGE_LOOP ( 'NONE', ( #1741, #2650, #2217, #1618 ) ) ;
#986 = ORIENTED_EDGE ( 'NONE', *, *, #2157, .T. ) ;
#987 = PRESENTATION_STYLE_ASSIGNMENT (( #2390 ) ) ;
#988 = UNCERTAINTY_MEASURE_WITH_UNIT (LENGTH_MEASURE( 1.000000000000000082E-05 ), #1605, 'distance_accuracy_value', 'NONE');
#989 = SURFACE_STYLE_FILL_AREA ( #3409 ) ;
#990 = CARTESIAN_POINT ( 'NONE',  ( 3.069903862770769987, -0.7618749999999989697, 2.279999999999999805 ) ) ;
#991 = UNCERTAINTY_MEASURE_WITH_UNIT (LENGTH_MEASURE( 1.000000000000000082E-05 ), #1587, 'distance_accuracy_value', 'NONE');
#992 = FILL_AREA_STYLE ('',( #3415 ) ) ;
#993 = DIRECTION ( 'NONE',  ( -0.04337548421186974285, -0.1416849627551044488, 0.9889610400306325655 ) ) ;
#994 = CARTESIAN_POINT ( 'NONE',  ( 0.000000000000000000, 2.234999999999999876, 0.5350000000000000311 ) ) ;
#995 = CARTESIAN_POINT ( 'NONE',  ( 3.173706216735723729, -2.844961978502778432, 2.349450184383221618 ) ) ;
#996 =( GEOMETRIC_REPRESENTATION_CONTEXT ( 3 ) GLOBAL_UNCERTAINTY_ASSIGNED_CONTEXT ( ( #4447 ) ) GLOBAL_UNIT_ASSIGNED_CONTEXT ( ( #4438, #3080, #167 ) ) REPRESENTATION_CONTEXT ( 'NONE', 'WORKASPACE' ) );
#997 = CARTESIAN_POINT ( 'NONE',  ( -3.169903862770775849, 3.047499999999999876, -2.710505431213761085E-17 ) ) ;
#998 = CARTESIAN_POINT ( 'NONE',  ( -1.814999999999999947, -6.219999999999999751, 0.000000000000000000 ) ) ;
#999 = CARTESIAN_POINT ( 'NONE',  ( -3.124214730825139785, 2.750292564901145820, 2.344454823786828346 ) ) ;
#1000 = COLOUR_RGB ( '',1.000000000000000000, 1.000000000000000000, 1.000000000000000000 ) ;
#1001 = MECHANICAL_DESIGN_GEOMETRIC_PRESENTATION_REPRESENTATION (  '', ( #343 ), #1438 ) ;
#1002 = PLANE ( 'NONE',  #1919 ) ;
#1003 = AXIS2_PLACEMENT_3D ( 'NONE', #376, #2067, #1111 ) ;
#1004 = SURFACE_STYLE_FILL_AREA ( #3538 ) ;
#1005 = ORIENTED_EDGE ( 'NONE', *, *, #2071, .T. ) ;
#1006 = SURFACE_SIDE_STYLE ('',( #3459 ) ) ;
#1007 = ORIENTED_EDGE ( 'NONE', *, *, #4541, .F. ) ;
#1008 =( NAMED_UNIT ( * ) SI_UNIT ( $, .STERADIAN. ) SOLID_ANGLE_UNIT ( ) );
#1009 =( NAMED_UNIT ( * ) PLANE_ANGLE_UNIT ( ) SI_UNIT ( $, .RADIAN. ) );
#1010 = DIRECTION ( 'NONE',  ( 0.04381752416915601911, 1.115762023272160539E-17, -0.9990395510567564585 ) ) ;
#1011 = CARTESIAN_POINT ( 'NONE',  ( -3.133020036179935186, -3.047500000000000764, 0.8350057076827258618 ) ) ;
#1012 = VECTOR ( 'NONE', #1648, 1000.000000000000000 ) ;
#1013 = LINE ( 'NONE', #3161, #1810 ) ;
#1014 = ORIENTED_EDGE ( 'NONE', *, *, #1680, .F. ) ;
#1015 = FILL_AREA_STYLE ('',( #3820 ) ) ;
#1016 = VECTOR ( 'NONE', #3015, 1000.000000000000000 ) ;
#1017 = PRODUCT_DEFINITION_SHAPE ( 'NONE', 'NONE',  #4583 ) ;
#1018 = CARTESIAN_POINT ( 'NONE',  ( -2.507499999999999840, -2.234999999999999876, 0.5350000000000000311 ) ) ;
#1019 = SURFACE_STYLE_FILL_AREA ( #1994 ) ;
#1020 = PRESENTATION_STYLE_ASSIGNMENT (( #4534 ) ) ;
#1021 = VECTOR ( 'NONE', #4389, 1000.000000000000000 ) ;
#1022 = PRESENTATION_LAYER_ASSIGNMENT (  '', '', ( #295 ) ) ;
#1023 = DIRECTION ( 'NONE',  ( -0.04337548421186988162, 0.1416849627551049484, -0.9889610400306325655 ) ) ;
#1024 = COLOUR_RGB ( '',1.000000000000000000, 1.000000000000000000, 1.000000000000000000 ) ;
#1025 = DIRECTION ( 'NONE',  ( 0.000000000000000000, -0.000000000000000000, 1.000000000000000000 ) ) ;
#1026 = CARTESIAN_POINT ( 'NONE',  ( -3.270000000000002238, 2.947500000000000231, -5.421010862427522170E-17 ) ) ;
#1027 = EDGE_LOOP ( 'NONE', ( #4468, #4265, #1727, #3431, #2143, #3379, #4517, #1974 ) ) ;
#1028 = ORIENTED_EDGE ( 'NONE', *, *, #2155, .F. ) ;
#1029 =( GEOMETRIC_REPRESENTATION_CONTEXT ( 3 ) GLOBAL_UNCERTAINTY_ASSIGNED_CONTEXT ( ( #2956 ) ) GLOBAL_UNIT_ASSIGNED_CONTEXT ( ( #2654, #4360, #1900 ) ) REPRESENTATION_CONTEXT ( 'NONE', 'WORKASPACE' ) );
#1030 =( LENGTH_UNIT ( ) NAMED_UNIT ( * ) SI_UNIT ( .MILLI., .METRE. ) );
#1031 = MECHANICAL_DESIGN_GEOMETRIC_PRESENTATION_REPRESENTATION (  '', ( #1901 ), #1681 ) ;
#1032 = DIRECTION ( 'NONE',  ( 0.000000000000000000, -0.9898926866452568696, -0.1418184364821273302 ) ) ;
#1033 = ORIENTED_EDGE ( 'NONE', *, *, #4070, .F. ) ;
#1034 = CARTESIAN_POINT ( 'NONE',  ( -3.138817725256819902, 2.947500000000000231, 0.7087639353182819679 ) ) ;
#1035 = DIRECTION ( 'NONE',  ( 1.000000000000000000, -1.345724878333519912E-15, 0.000000000000000000 ) ) ;
#1036 = DIRECTION ( 'NONE',  ( -1.000000000000000000, 1.345724878333519912E-15, -0.000000000000000000 ) ) ;
#1037 = ORIENTED_EDGE ( 'NONE', *, *, #879, .F. ) ;
#1038 = DIRECTION ( 'NONE',  ( 0.000000000000000000, 0.000000000000000000, 1.000000000000000000 ) ) ;
#1039 = ADVANCED_FACE ( 'NONE', ( #631 ), #2171, .T. ) ;
#1040 = EDGE_CURVE ( 'NONE', #2002, #1385, #674, .T. ) ;
#1041 = CARTESIAN_POINT ( 'NONE',  ( -1.815000000000002389, -6.619999999999997442, 0.8230143411670336473 ) ) ;
#1042 = CARTESIAN_POINT ( 'NONE',  ( 3.148028078326136292, 2.750292564901146264, 2.324389241444423160 ) ) ;
#1043 = DIRECTION ( 'NONE',  ( -1.000000000000000000, -0.000000000000000000, 0.000000000000000000 ) ) ;
#1044 =( LENGTH_UNIT ( ) NAMED_UNIT ( * ) SI_UNIT ( .MILLI., .METRE. ) );
#1045 = DIRECTION ( 'NONE',  ( -3.828355257328130201E-16, -1.000000000000000000, -0.000000000000000000 ) ) ;
#1046 = CARTESIAN_POINT ( 'NONE',  ( 1.909999999999999920, -6.219999999999999751, 1.574999999999999956 ) ) ;
#1047 = ORIENTED_EDGE ( 'NONE', *, *, #3659, .F. ) ;
#1048 = PRESENTATION_STYLE_ASSIGNMENT (( #4119 ) ) ;
#1049 = VERTEX_POINT ( 'NONE', #329 ) ;
#1050 = AXIS2_PLACEMENT_3D ( 'NONE', #1730, #3922, #2436 ) ;
#1051 = CARTESIAN_POINT ( 'NONE',  ( -2.507500000000000284, 1.434999999999999609, 0.000000000000000000 ) ) ;
#1052 =( NAMED_UNIT ( * ) PLANE_ANGLE_UNIT ( ) SI_UNIT ( $, .RADIAN. ) );
#1053 = DIRECTION ( 'NONE',  ( 0.000000000000000000, 0.000000000000000000, 1.000000000000000000 ) ) ;
#1054 = ORIENTED_EDGE ( 'NONE', *, *, #593, .F. ) ;
#1055 = PRESENTATION_STYLE_ASSIGNMENT (( #2568 ) ) ;
#1056 =( BOUNDED_CURVE ( )  B_SPLINE_CURVE ( 3, ( #3896, #3191, #2029, #1026 ),
 .UNSPECIFIED., .F., .F. ) 
 B_SPLINE_CURVE_WITH_KNOTS ( ( 4, 4 ),
 ( 4.712388980384650594, 6.283185307179586232 ),
 .UNSPECIFIED. ) 
 CURVE ( )  GEOMETRIC_REPRESENTATION_ITEM ( )  RATIONAL_B_SPLINE_CURVE ( ( 1.000000000000000000, 0.8047378541243557226, 0.8047378541243557226, 1.000000000000000000 ) ) 
 REPRESENTATION_ITEM ( '' )  );
#1057 = COLOUR_RGB ( '',1.000000000000000000, 1.000000000000000000, 1.000000000000000000 ) ;
#1058 = DIRECTION ( 'NONE',  ( 0.000000000000000000, -0.000000000000000000, 1.000000000000000000 ) ) ;
#1059 = FILL_AREA_STYLE_COLOUR ( '', #645 ) ;
#1060 = LINE ( 'NONE', #3797, #658 ) ;
#1061 = SURFACE_SIDE_STYLE ('',( #35 ) ) ;
#1062 = FILL_AREA_STYLE_COLOUR ( '', #1864 ) ;
#1063 = EDGE_CURVE ( 'NONE', #4434, #857, #1739, .T. ) ;
#1064 = CARTESIAN_POINT ( 'NONE',  ( -2.669999999999999485, -6.620000000000000107, 0.1628051603121089819 ) ) ;
#1065 = FACE_OUTER_BOUND ( 'NONE', #2003, .T. ) ;
#1066 = EDGE_CURVE ( 'NONE', #3992, #2880, #104, .T. ) ;
#1067 = MECHANICAL_DESIGN_GEOMETRIC_PRESENTATION_REPRESENTATION (  '', ( #555 ), #3641 ) ;
#1068 = SURFACE_SIDE_STYLE ('',( #3121 ) ) ;
#1069 = DIRECTION ( 'NONE',  ( 1.000000000000000000, 0.000000000000000000, 0.000000000000000000 ) ) ;
#1070 = EDGE_LOOP ( 'NONE', ( #2200, #1095, #2241, #4531, #2203, #4071, #3851, #1262 ) ) ;
#1071 = STYLED_ITEM ( 'NONE', ( #2566 ), #2867 ) ;
#1072 = DIRECTION ( 'NONE',  ( 1.084202172485503842E-15, 1.000000000000000000, 0.000000000000000000 ) ) ;
#1073 = APPLICATION_CONTEXT ( 'automotive_design' ) ;
#1074 = VERTEX_POINT ( 'NONE', #3444 ) ;
#1075 = EDGE_CURVE ( 'NONE', #471, #3315, #4466, .T. ) ;
#1076 = MANIFOLD_SOLID_BREP ( 'Imported1', #3200 ) ;
#1077 = PLANE ( 'NONE',  #1050 ) ;
#1078 =( LENGTH_UNIT ( ) NAMED_UNIT ( * ) SI_UNIT ( .MILLI., .METRE. ) );
#1079 =( NAMED_UNIT ( * ) PLANE_ANGLE_UNIT ( ) SI_UNIT ( $, .RADIAN. ) );
#1080 = ORIENTED_EDGE ( 'NONE', *, *, #2810, .T. ) ;
#1081 = COLOUR_RGB ( '',1.000000000000000000, 1.000000000000000000, 1.000000000000000000 ) ;
#1082 =( NAMED_UNIT ( * ) SI_UNIT ( $, .STERADIAN. ) SOLID_ANGLE_UNIT ( ) );
#1083 = AXIS2_PLACEMENT_3D ( 'NONE', #1848, #530, #2970 ) ;
#1084 =( NAMED_UNIT ( * ) SI_UNIT ( $, .STERADIAN. ) SOLID_ANGLE_UNIT ( ) );
#1085 =( NAMED_UNIT ( * ) SI_UNIT ( $, .STERADIAN. ) SOLID_ANGLE_UNIT ( ) );
#1086 = CARTESIAN_POINT ( 'NONE',  ( -2.745000000000000107, -6.942084783908576640, 0.4000000000000000222 ) ) ;
#1087 = UNCERTAINTY_MEASURE_WITH_UNIT (LENGTH_MEASURE( 1.000000000000000082E-05 ), #4082, 'distance_accuracy_value', 'NONE');
#1088 =( NAMED_UNIT ( * ) SI_UNIT ( $, .STERADIAN. ) SOLID_ANGLE_UNIT ( ) );
#1089 = FACE_OUTER_BOUND ( 'NONE', #4023, .T. ) ;
#1090 = CARTESIAN_POINT ( 'NONE',  ( 0.2324999999999985689, -6.198439174041883604, 1.408678928324029744 ) ) ;
#1091 = MECHANICAL_DESIGN_GEOMETRIC_PRESENTATION_REPRESENTATION (  '', ( #4559 ), #2559 ) ;
#1092 = SURFACE_STYLE_USAGE ( .BOTH. , #1068 ) ;
#1093 = MECHANICAL_DESIGN_GEOMETRIC_PRESENTATION_REPRESENTATION (  '', ( #4274 ), #2415 ) ;
#1094 = LINE ( 'NONE', #3964, #1220 ) ;
#1095 = ORIENTED_EDGE ( 'NONE', *, *, #444, .F. ) ;
#1096 = CARTESIAN_POINT ( 'NONE',  ( 2.754999999999999893, -7.050234344067281000, 0.9100000000000000311 ) ) ;
#1097 = ORIENTED_EDGE ( 'NONE', *, *, #2812, .T. ) ;
#1098 = ADVANCED_FACE ( 'NONE', ( #2892 ), #2086, .T. ) ;
#1099 = EDGE_CURVE ( 'NONE', #3638, #595, #395, .T. ) ;
#1100 = LINE ( 'NONE', #2503, #3791 ) ;
#1101 = LINE ( 'NONE', #717, #3351 ) ;
#1102 = ORIENTED_EDGE ( 'NONE', *, *, #4159, .T. ) ;
#1103 = COLOUR_RGB ( '',1.000000000000000000, 1.000000000000000000, 1.000000000000000000 ) ;
#1104 = DIRECTION ( 'NONE',  ( 1.000000000000000000, 1.106902317672140027E-16, 0.000000000000000000 ) ) ;
#1105 = STYLED_ITEM ( 'NONE', ( #2460 ), #2613 ) ;
#1106 = DIRECTION ( 'NONE',  ( 1.000000000000000000, -8.864471316691248177E-16, 6.380638221762067763E-16 ) ) ;
#1107 = SURFACE_STYLE_USAGE ( .BOTH. , #723 ) ;
#1108 = CARTESIAN_POINT ( 'NONE',  ( -3.043300619907193028, -2.880010376763620261, 2.370489612743601260 ) ) ;
#1109 = PRESENTATION_STYLE_ASSIGNMENT (( #2467 ) ) ;
#1110 = DIRECTION ( 'NONE',  ( 1.000000000000000000, 0.000000000000000000, -0.000000000000000000 ) ) ;
#1111 = DIRECTION ( 'NONE',  ( -3.035766082959418095E-14, -0.9929049442707557072, 0.1189107717689509014 ) ) ;
#1112 = CARTESIAN_POINT ( 'NONE',  ( -2.507499999999999840, 2.234999999999999876, 0.000000000000000000 ) ) ;
#1113 = MANIFOLD_SOLID_BREP ( 'Imported4', #4102 ) ;
#1114 = PRESENTATION_STYLE_ASSIGNMENT (( #3868 ) ) ;
#1115 = CARTESIAN_POINT ( 'NONE',  ( -2.745000000000000107, -6.620000000000000107, 0.000000000000000000 ) ) ;
#1116 = VERTEX_POINT ( 'NONE', #776 ) ;
#1117 = VERTEX_POINT ( 'NONE', #1426 ) ;
#1118 = LINE ( 'NONE', #714, #75 ) ;
#1119 = FILL_AREA_STYLE_COLOUR ( '', #2602 ) ;
#1120 = PRESENTATION_LAYER_ASSIGNMENT (  '', '', ( #3550 ) ) ;
#1121 = VERTEX_POINT ( 'NONE', #2828 ) ;
#1122 = EDGE_CURVE ( 'NONE', #3519, #3505, #3616, .T. ) ;
#1123 = CARTESIAN_POINT ( 'NONE',  ( -0.3800000000000021694, -5.780000000000000249, 1.574999999999999956 ) ) ;
#1124 = COLOUR_RGB ( '',0.3921568627450980338, 0.3921568627450980338, 0.3921568627450980338 ) ;
#1125 =( LENGTH_UNIT ( ) NAMED_UNIT ( * ) SI_UNIT ( .MILLI., .METRE. ) );
#1126 = EDGE_CURVE ( 'NONE', #240, #1162, #2626, .T. ) ;
#1127 =( NAMED_UNIT ( * ) PLANE_ANGLE_UNIT ( ) SI_UNIT ( $, .RADIAN. ) );
#1128 = LINE ( 'NONE', #694, #1273 ) ;
#1129 = MECHANICAL_DESIGN_GEOMETRIC_PRESENTATION_REPRESENTATION (  '', ( #4298 ), #1559 ) ;
#1130 =( GEOMETRIC_REPRESENTATION_CONTEXT ( 3 ) GLOBAL_UNCERTAINTY_ASSIGNED_CONTEXT ( ( #4145 ) ) GLOBAL_UNIT_ASSIGNED_CONTEXT ( ( #4108, #4152, #4491 ) ) REPRESENTATION_CONTEXT ( 'NONE', 'WORKASPACE' ) );
#1131 = CARTESIAN_POINT ( 'NONE',  ( 0.8174999999999990052, 2.696478948577849977, 2.279999999999999805 ) ) ;
#1132 = VECTOR ( 'NONE', #2198, 1000.000000000000000 ) ;
#1133 = FILL_AREA_STYLE_COLOUR ( '', #3090 ) ;
#1134 = DIRECTION ( 'NONE',  ( 0.000000000000000000, 0.000000000000000000, -1.000000000000000000 ) ) ;
#1135 = CARTESIAN_POINT ( 'NONE',  ( 3.163577134205647123, 2.729837610177740181, 2.269392553796882872 ) ) ;
#1136 = PRESENTATION_STYLE_ASSIGNMENT (( #4297 ) ) ;
#1137 = DIRECTION ( 'NONE',  ( 0.000000000000000000, 0.000000000000000000, 1.000000000000000000 ) ) ;
#1138 = ORIENTED_EDGE ( 'NONE', *, *, #704, .T. ) ;
#1139 = EDGE_LOOP ( 'NONE', ( #353, #4156, #2788, #4157, #519, #3297 ) ) ;
#1140 = MECHANICAL_DESIGN_GEOMETRIC_PRESENTATION_REPRESENTATION (  '', ( #3572 ), #846 ) ;
#1141 = CARTESIAN_POINT ( 'NONE',  ( -1.814999999999999947, -6.620000000000000107, 0.000000000000000000 ) ) ;
#1142 = AXIS2_PLACEMENT_3D ( 'NONE', #3725, #2313, #1951 ) ;
#1143 = VERTEX_POINT ( 'NONE', #3366 ) ;
#1144 = DIRECTION ( 'NONE',  ( 0.000000000000000000, -1.000000000000000000, -0.000000000000000000 ) ) ;
#1145 = CARTESIAN_POINT ( 'NONE',  ( 0.000000000000000000, 0.000000000000000000, 0.000000000000000000 ) ) ;
#1146 = ADVANCED_FACE ( 'NONE', ( #197 ), #223, .F. ) ;
#1147 = CARTESIAN_POINT ( 'NONE',  ( 2.754999999999999893, -6.219999999999999751, 0.000000000000000000 ) ) ;
#1148 = EDGE_LOOP ( 'NONE', ( #1576, #1172, #3809, #812 ) ) ;
#1149 =( GEOMETRIC_REPRESENTATION_CONTEXT ( 3 ) GLOBAL_UNCERTAINTY_ASSIGNED_CONTEXT ( ( #627 ) ) GLOBAL_UNIT_ASSIGNED_CONTEXT ( ( #1763, #1430, #1088 ) ) REPRESENTATION_CONTEXT ( 'NONE', 'WORKASPACE' ) );
#1150 = STYLED_ITEM ( 'NONE', ( #1329 ), #1454 ) ;
#1151 = UNCERTAINTY_MEASURE_WITH_UNIT (LENGTH_MEASURE( 1.000000000000000082E-05 ), #2226, 'distance_accuracy_value', 'NONE');
#1152 = FILL_AREA_STYLE ('',( #375 ) ) ;
#1153 = LINE ( 'NONE', #2897, #1195 ) ;
#1154 = SURFACE_STYLE_USAGE ( .BOTH. , #785 ) ;
#1155 = DIRECTION ( 'NONE',  ( 0.000000000000000000, -0.5841973208100660342, -0.8116116622858130514 ) ) ;
#1156 = CARTESIAN_POINT ( 'NONE',  ( -1.804112415015880167E-15, -5.275000000000000355, 1.574999999999999956 ) ) ;
#1157 = SURFACE_STYLE_USAGE ( .BOTH. , #1250 ) ;
#1158 = ORIENTED_EDGE ( 'NONE', *, *, #1458, .T. ) ;
#1159 = DIRECTION ( 'NONE',  ( -0.000000000000000000, -0.000000000000000000, -1.000000000000000000 ) ) ;
#1160 = AXIS2_PLACEMENT_3D ( 'NONE', #1299, #882, #2710 ) ;
#1161 = CARTESIAN_POINT ( 'NONE',  ( -1.910000000000001474, -7.050234344067274783, 0.9100000000000000311 ) ) ;
#1162 = VERTEX_POINT ( 'NONE', #2230 ) ;
#1163 = AXIS2_PLACEMENT_3D ( 'NONE', #945, #3390, #1289 ) ;
#1164 = CARTESIAN_POINT ( 'NONE',  ( 1.824999999999999956, -6.620000000000000107, 0.1628051603121219992 ) ) ;
#1165 = DIRECTION ( 'NONE',  ( 0.000000000000000000, -0.000000000000000000, -1.000000000000000000 ) ) ;
#1166 = SURFACE_STYLE_USAGE ( .BOTH. , #3592 ) ;
#1167 = VERTEX_POINT ( 'NONE', #4335 ) ;
#1168 = MECHANICAL_DESIGN_GEOMETRIC_PRESENTATION_REPRESENTATION (  '', ( #1322 ), #2859 ) ;
#1169 =( NAMED_UNIT ( * ) PLANE_ANGLE_UNIT ( ) SI_UNIT ( $, .RADIAN. ) );
#1170 = CARTESIAN_POINT ( 'NONE',  ( 0.000000000000000000, 2.717499999999999805, 0.000000000000000000 ) ) ;
#1171 = CIRCLE ( 'NONE', #2492, 0.1000000000000001166 ) ;
#1172 = ORIENTED_EDGE ( 'NONE', *, *, #2097, .F. ) ;
#1173 = DIRECTION ( 'NONE',  ( 0.9990395510567564585, 0.000000000000000000, 0.04381752416915579706 ) ) ;
#1174 = SURFACE_STYLE_FILL_AREA ( #2205 ) ;
#1175 = ORIENTED_EDGE ( 'NONE', *, *, #3501, .F. ) ;
#1176 = SURFACE_SIDE_STYLE ('',( #4362 ) ) ;
#1177 = EDGE_CURVE ( 'NONE', #2940, #3951, #1803, .T. ) ;
#1178 = EDGE_CURVE ( 'NONE', #4091, #1632, #2577, .T. ) ;
#1179 = EDGE_CURVE ( 'NONE', #2002, #4050, #2624, .T. ) ;
#1180 = FACE_OUTER_BOUND ( 'NONE', #1949, .T. ) ;
#1181 = CARTESIAN_POINT ( 'NONE',  ( -2.669999999999999929, -6.219999999999999751, 0.7184753252913771426 ) ) ;
#1182 = FILL_AREA_STYLE_COLOUR ( '', #558 ) ;
#1183 = ORIENTED_EDGE ( 'NONE', *, *, #2285, .T. ) ;
#1184 = PRESENTATION_STYLE_ASSIGNMENT (( #4252 ) ) ;
#1185 = FILL_AREA_STYLE_COLOUR ( '', #4128 ) ;
#1186 = ORIENTED_EDGE ( 'NONE', *, *, #1040, .T. ) ;
#1187 = DIRECTION ( 'NONE',  ( 0.000000000000000000, 0.5841973208100660342, 0.8116116622858130514 ) ) ;
#1188 = VERTEX_POINT ( 'NONE', #549 ) ;
#1189 = AXIS2_PLACEMENT_3D ( 'NONE', #114, #3342, #1236 ) ;
#1190 = VERTEX_POINT ( 'NONE', #2603 ) ;
#1191 = DIRECTION ( 'NONE',  ( 0.000000000000000000, -0.5841973208100660342, -0.8116116622858130514 ) ) ;
#1192 = CARTESIAN_POINT ( 'NONE',  ( 0.3799999999999980616, -4.769999999999999574, 1.064999999999999947 ) ) ;
#1193 = CARTESIAN_POINT ( 'NONE',  ( -2.669999999999999929, -5.873794509127556296, 1.175000000000000044 ) ) ;
#1194 = SURFACE_STYLE_USAGE ( .BOTH. , #122 ) ;
#1195 = VECTOR ( 'NONE', #4319, 1000.000000000000000 ) ;
#1196 =( GEOMETRIC_REPRESENTATION_CONTEXT ( 3 ) GLOBAL_UNCERTAINTY_ASSIGNED_CONTEXT ( ( #203 ) ) GLOBAL_UNIT_ASSIGNED_CONTEXT ( ( #889, #567, #3697 ) ) REPRESENTATION_CONTEXT ( 'NONE', 'WORKASPACE' ) );
#1197 =( GEOMETRIC_REPRESENTATION_CONTEXT ( 3 ) GLOBAL_UNCERTAINTY_ASSIGNED_CONTEXT ( ( #1877 ) ) GLOBAL_UNIT_ASSIGNED_CONTEXT ( ( #139, #3699, #2642 ) ) REPRESENTATION_CONTEXT ( 'NONE', 'WORKASPACE' ) );
#1198 = ORIENTED_EDGE ( 'NONE', *, *, #1839, .F. ) ;
#1199 = LINE ( 'NONE', #4034, #4364 ) ;
#1200 =( NAMED_UNIT ( * ) PLANE_ANGLE_UNIT ( ) SI_UNIT ( $, .RADIAN. ) );
#1201 = AXIS2_PLACEMENT_3D ( 'NONE', #2106, #4271, #2787 ) ;
#1202 = AXIS2_PLACEMENT_3D ( 'NONE', #990, #2371, #2771 ) ;
#1203 = SURFACE_STYLE_FILL_AREA ( #465 ) ;
#1204 = EDGE_CURVE ( 'NONE', #942, #497, #1935, .T. ) ;
#1205 = DIRECTION ( 'NONE',  ( 1.000000000000000000, 1.106902317672140027E-16, 0.000000000000000000 ) ) ;
#1206 = PLANE ( 'NONE',  #713 ) ;
#1207 = ORIENTED_EDGE ( 'NONE', *, *, #4184, .T. ) ;
#1208 = CARTESIAN_POINT ( 'NONE',  ( -2.669999999999999929, -6.219999999999999751, 1.378724977539290020 ) ) ;
#1209 = UNCERTAINTY_MEASURE_WITH_UNIT (LENGTH_MEASURE( 1.000000000000000082E-05 ), #2394, 'distance_accuracy_value', 'NONE');
#1210 = FILL_AREA_STYLE ('',( #1185 ) ) ;
#1211 = ORIENTED_EDGE ( 'NONE', *, *, #4396, .T. ) ;
#1212 = CARTESIAN_POINT ( 'NONE',  ( -3.232923313242987096, -2.947499999999999787, 0.8453484580598965570 ) ) ;
#1213 = CARTESIAN_POINT ( 'NONE',  ( -2.290000000000000036, -4.769999999999999574, 1.574999999999999956 ) ) ;
#1214 = ORIENTED_EDGE ( 'NONE', *, *, #3012, .T. ) ;
#1215 = PRODUCT_RELATED_PRODUCT_CATEGORY ( 'part', '', ( #4237 ) ) ;
#1216 = LINE ( 'NONE', #2696, #1645 ) ;
#1217 = STYLED_ITEM ( 'NONE', ( #299 ), #290 ) ;
#1218 = DIRECTION ( 'NONE',  ( 0.000000000000000000, 0.000000000000000000, 1.000000000000000000 ) ) ;
#1219 = APPLICATION_CONTEXT ( 'automotive_design' ) ;
#1220 = VECTOR ( 'NONE', #789, 1000.000000000000000 ) ;
#1221 = CARTESIAN_POINT ( 'NONE',  ( -1.909999999999999920, -6.620000000000000107, 0.1628051603121106750 ) ) ;
#1222 = AXIS2_PLACEMENT_3D ( 'NONE', #4122, #3691, #204 ) ;
#1223 = ORIENTED_EDGE ( 'NONE', *, *, #1177, .T. ) ;
#1224 = AXIS2_PLACEMENT_3D ( 'NONE', #3355, #885, #2688 ) ;
#1225 = AXIS2_PLACEMENT_3D ( 'NONE', #1131, #3912, #3574 ) ;
#1226 = CARTESIAN_POINT ( 'NONE',  ( 3.069903862770770431, -2.846785424473890380, 2.279999999999999805 ) ) ;
#1227 = CARTESIAN_POINT ( 'NONE',  ( 3.069903862770769987, 2.696478948577849977, 2.279999999999999805 ) ) ;
#1228 =( NAMED_UNIT ( * ) SI_UNIT ( $, .STERADIAN. ) SOLID_ANGLE_UNIT ( ) );
#1229 = LINE ( 'NONE', #4063, #2922 ) ;
#1230 = ORIENTED_EDGE ( 'NONE', *, *, #2679, .F. ) ;
#1231 = PLANE ( 'NONE',  #264 ) ;
#1232 = ORIENTED_EDGE ( 'NONE', *, *, #218, .T. ) ;
#1233 = EDGE_CURVE ( 'NONE', #2527, #3274, #2257, .T. ) ;
#1234 = FILL_AREA_STYLE_COLOUR ( '', #1000 ) ;
#1235 = CIRCLE ( 'NONE', #2852, 0.4000000000000001887 ) ;
#1236 = DIRECTION ( 'NONE',  ( 1.000000000000000000, 0.000000000000000000, 0.000000000000000000 ) ) ;
#1237 = PRESENTATION_STYLE_ASSIGNMENT (( #4356 ) ) ;
#1238 = VECTOR ( 'NONE', #3991, 1000.000000000000000 ) ;
#1239 = COLOUR_RGB ( '',1.000000000000000000, 1.000000000000000000, 1.000000000000000000 ) ;
#1240 = DIRECTION ( 'NONE',  ( 1.821530803322650078E-16, -1.000000000000000000, 0.000000000000000000 ) ) ;
#1241 = CARTESIAN_POINT ( 'NONE',  ( 3.146749660286725536, 3.047499034604527868, 0.5350067384603892640 ) ) ;
#1242 = FILL_AREA_STYLE ('',( #3294 ) ) ;
#1243 = STYLED_ITEM ( 'NONE', ( #2515 ), #2355 ) ;
#1244 = DIRECTION ( 'NONE',  ( 1.084202172485503842E-15, 1.000000000000000000, 0.000000000000000000 ) ) ;
#1245 =( NAMED_UNIT ( * ) PLANE_ANGLE_UNIT ( ) SI_UNIT ( $, .RADIAN. ) );
#1246 = CARTESIAN_POINT ( 'NONE',  ( 1.824999999999999956, -6.620000000000000107, 0.1628051603121210000 ) ) ;
#1247 = STYLED_ITEM ( 'NONE', ( #532 ), #2474 ) ;
#1248 = SURFACE_STYLE_FILL_AREA ( #3715 ) ;
#1249 = CARTESIAN_POINT ( 'NONE',  ( 3.096172406187439829, -2.918512704701429872, 1.681077210100099917 ) ) ;
#1250 = SURFACE_SIDE_STYLE ('',( #2982 ) ) ;
#1251 = DIRECTION ( 'NONE',  ( 1.000000000000000000, 0.000000000000000000, 0.000000000000000000 ) ) ;
#1252 = UNCERTAINTY_MEASURE_WITH_UNIT (LENGTH_MEASURE( 1.000000000000000082E-05 ), #2627, 'distance_accuracy_value', 'NONE');
#1253 = ORIENTED_EDGE ( 'NONE', *, *, #1401, .T. ) ;
#1254 = DIRECTION ( 'NONE',  ( 0.3542825857777479603, -0.8393256118912307828, -0.4123304095480269105 ) ) ;
#1255 = CARTESIAN_POINT ( 'NONE',  ( -2.669999999999999929, -4.769999999999999574, 0.000000000000000000 ) ) ;
#1256 = DIRECTION ( 'NONE',  ( -0.000000000000000000, 1.000000000000000000, 0.000000000000000000 ) ) ;
#1257 = EDGE_LOOP ( 'NONE', ( #2195, #1316, #42, #3756 ) ) ;
#1258 = ORIENTED_EDGE ( 'NONE', *, *, #3520, .F. ) ;
#1259 = DIRECTION ( 'NONE',  ( -0.04350722696467122091, -0.1187981766220960606, -0.9919647747945034011 ) ) ;
#1260 = CARTESIAN_POINT ( 'NONE',  ( 8.118964578768549600, -5.070905971414140012, 0.1000000000000000056 ) ) ;
#1261 = EDGE_CURVE ( 'NONE', #755, #2221, #861, .T. ) ;
#1262 = ORIENTED_EDGE ( 'NONE', *, *, #392, .F. ) ;
#1263 = FILL_AREA_STYLE ('',( #2256 ) ) ;
#1264 = CARTESIAN_POINT ( 'NONE',  ( -3.106787190463850212, -3.047499321295041419, 1.445005667186395115 ) ) ;
#1265 = EDGE_CURVE ( 'NONE', #2238, #2122, #2673, .T. ) ;
#1266 = UNCERTAINTY_MEASURE_WITH_UNIT (LENGTH_MEASURE( 1.000000000000000082E-05 ), #968, 'distance_accuracy_value', 'NONE');
#1267 = DIRECTION ( 'NONE',  ( -1.000000000000000000, 3.828355257328130201E-16, 0.000000000000000000 ) ) ;
#1268 = MECHANICAL_DESIGN_GEOMETRIC_PRESENTATION_REPRESENTATION (  '', ( #2670 ), #3402 ) ;
#1269 = CARTESIAN_POINT ( 'NONE',  ( 3.119981514342314632, -2.994082531407131320, 2.246418894988299275 ) ) ;
#1270 = SURFACE_STYLE_FILL_AREA ( #1963 ) ;
#1271 = DIRECTION ( 'NONE',  ( 3.828355257328130201E-16, 1.000000000000000000, -0.000000000000000000 ) ) ;
#1272 = PRESENTATION_LAYER_ASSIGNMENT (  '', '', ( #3621 ) ) ;
#1273 = VECTOR ( 'NONE', #2890, 1000.000000000000000 ) ;
#1274 = CARTESIAN_POINT ( 'NONE',  ( -2.207500000000000462, 1.834999999999999964, 0.000000000000000000 ) ) ;
#1275 = PRESENTATION_LAYER_ASSIGNMENT (  '', '', ( #975 ) ) ;
#1276 = MECHANICAL_DESIGN_GEOMETRIC_PRESENTATION_REPRESENTATION (  '', ( #3257 ), #394 ) ;
#1277 = CARTESIAN_POINT ( 'NONE',  ( 0.3799999999999980060, -5.780000000000000249, 1.064999999999999947 ) ) ;
#1278 = AXIS2_PLACEMENT_3D ( 'NONE', #4436, #4109, #935 ) ;
#1279 = ORIENTED_EDGE ( 'NONE', *, *, #3717, .T. ) ;
#1280 = PRESENTATION_LAYER_ASSIGNMENT (  '', '', ( #3193 ) ) ;
#1281 = LINE ( 'NONE', #2278, #481 ) ;
#1282 = ORIENTED_EDGE ( 'NONE', *, *, #3033, .T. ) ;
#1283 = ORIENTED_EDGE ( 'NONE', *, *, #2127, .F. ) ;
#1284 = CARTESIAN_POINT ( 'NONE',  ( 2.507499999999999840, 1.434999999999999831, 0.5350000000000000311 ) ) ;
#1285 = DIRECTION ( 'NONE',  ( -1.241860206515840002E-16, 1.000000000000000000, 0.000000000000000000 ) ) ;
#1286 = PRESENTATION_STYLE_ASSIGNMENT (( #3831 ) ) ;
#1287 = ORIENTED_EDGE ( 'NONE', *, *, #1204, .T. ) ;
#1288 = SURFACE_STYLE_FILL_AREA ( #2768 ) ;
#1289 = DIRECTION ( 'NONE',  ( -6.938893903907211969E-14, -0.9929049442707557072, 0.1189107717689503879 ) ) ;
#1290 = EDGE_CURVE ( 'NONE', #4439, #2439, #2651, .T. ) ;
#1291 = VECTOR ( 'NONE', #3516, 1000.000000000000000 ) ;
#1292 = ADVANCED_FACE ( 'NONE', ( #3706 ), #1530, .F. ) ;
#1293 = PRESENTATION_STYLE_ASSIGNMENT (( #308 ) ) ;
#1294 = CARTESIAN_POINT ( 'NONE',  ( -3.205128551456508212, 3.047317957644115172, 0.5375474904152498512 ) ) ;
#1295 = VECTOR ( 'NONE', #105, 1000.000000000000000 ) ;
#1296 = FILL_AREA_STYLE_COLOUR ( '', #272 ) ;
#1297 = FACE_OUTER_BOUND ( 'NONE', #790, .T. ) ;
#1298 =( GEOMETRIC_REPRESENTATION_CONTEXT ( 3 ) GLOBAL_UNCERTAINTY_ASSIGNED_CONTEXT ( ( #1318 ) ) GLOBAL_UNIT_ASSIGNED_CONTEXT ( ( #1608, #2713, #2954 ) ) REPRESENTATION_CONTEXT ( 'NONE', 'WORKASPACE' ) );
#1299 = CARTESIAN_POINT ( 'NONE',  ( -1.909999999999999920, -7.669999999999999929, 0.000000000000000000 ) ) ;
#1300 = PRESENTATION_STYLE_ASSIGNMENT (( #3094 ) ) ;
#1301 = ADVANCED_FACE ( 'NONE', ( #1688 ), #4499, .T. ) ;
#1302 = STYLED_ITEM ( 'NONE', ( #2352 ), #2911 ) ;
#1303 = MECHANICAL_DESIGN_GEOMETRIC_PRESENTATION_REPRESENTATION (  '', ( #4043 ), #2326 ) ;
#1304 = FILL_AREA_STYLE_COLOUR ( '', #2615 ) ;
#1305 =( NAMED_UNIT ( * ) PLANE_ANGLE_UNIT ( ) SI_UNIT ( $, .RADIAN. ) );
#1306 = ORIENTED_EDGE ( 'NONE', *, *, #1204, .F. ) ;
#1307 = SURFACE_STYLE_USAGE ( .BOTH. , #4487 ) ;
#1308 = CARTESIAN_POINT ( 'NONE',  ( 2.669999999999999929, -6.090289613883200559, 0.8986789283240276260 ) ) ;
#1309 = MECHANICAL_DESIGN_GEOMETRIC_PRESENTATION_REPRESENTATION (  '', ( #3654 ), #1374 ) ;
#1310 = CARTESIAN_POINT ( 'NONE',  ( 1.824999999999999512, -6.845307432091229494, 0.5099999999999994538 ) ) ;
#1311 = ORIENTED_EDGE ( 'NONE', *, *, #2186, .F. ) ;
#1312 = EDGE_LOOP ( 'NONE', ( #4564, #2339, #3344, #4328 ) ) ;
#1313 = CARTESIAN_POINT ( 'NONE',  ( 3.270000000000000018, 2.677803456703730326E-16, 0.000000000000000000 ) ) ;
#1314 = UNCERTAINTY_MEASURE_WITH_UNIT (LENGTH_MEASURE( 1.000000000000000082E-05 ), #3528, 'distance_accuracy_value', 'NONE');
#1315 = ORIENTED_EDGE ( 'NONE', *, *, #2071, .F. ) ;
#1316 = ORIENTED_EDGE ( 'NONE', *, *, #4568, .T. ) ;
#1317 = SURFACE_SIDE_STYLE ('',( #1288 ) ) ;
#1318 = UNCERTAINTY_MEASURE_WITH_UNIT (LENGTH_MEASURE( 1.000000000000000082E-05 ), #1608, 'distance_accuracy_value', 'NONE');
#1319 = LINE ( 'NONE', #2726, #4489 ) ;
#1320 = AXIS2_PLACEMENT_3D ( 'NONE', #1112, #810, #2514 ) ;
#1321 =( LENGTH_UNIT ( ) NAMED_UNIT ( * ) SI_UNIT ( .MILLI., .METRE. ) );
#1322 = STYLED_ITEM ( 'NONE', ( #296 ), #2283 ) ;
#1323 = UNCERTAINTY_MEASURE_WITH_UNIT (LENGTH_MEASURE( 1.000000000000000082E-05 ), #2906, 'distance_accuracy_value', 'NONE');
#1324 = SURFACE_STYLE_FILL_AREA ( #992 ) ;
#1325 = FACE_OUTER_BOUND ( 'NONE', #1856, .T. ) ;
#1326 =( NAMED_UNIT ( * ) SI_UNIT ( $, .STERADIAN. ) SOLID_ANGLE_UNIT ( ) );
#1327 = AXIS2_PLACEMENT_3D ( 'NONE', #2809, #2511, #4234 ) ;
#1328 =( LENGTH_UNIT ( ) NAMED_UNIT ( * ) SI_UNIT ( .MILLI., .METRE. ) );
#1329 = PRESENTATION_STYLE_ASSIGNMENT (( #3025 ) ) ;
#1330 = CARTESIAN_POINT ( 'NONE',  ( -3.163687663671219230, 2.726941466500051536, 2.263367691365706147 ) ) ;
#1331 = ADVANCED_FACE ( 'NONE', ( #4162 ), #3407, .T. ) ;
#1332 = LINE ( 'NONE', #2716, #3202 ) ;
#1333 = ORIENTED_EDGE ( 'NONE', *, *, #250, .T. ) ;
#1334 = ORIENTED_EDGE ( 'NONE', *, *, #1786, .F. ) ;
#1335 = EDGE_LOOP ( 'NONE', ( #168, #3610, #1637, #3101 ) ) ;
#1336 = ORIENTED_EDGE ( 'NONE', *, *, #2248, .T. ) ;
#1337 = SURFACE_SIDE_STYLE ('',( #4501 ) ) ;
#1338 = SURFACE_SIDE_STYLE ('',( #3814 ) ) ;
#1339 = UNCERTAINTY_MEASURE_WITH_UNIT (LENGTH_MEASURE( 1.000000000000000082E-05 ), #386, 'distance_accuracy_value', 'NONE');
#1340 = SURFACE_STYLE_FILL_AREA ( #3765 ) ;
#1341 = CARTESIAN_POINT ( 'NONE',  ( 1.909999999999999920, -6.942084783908589074, 0.4000000000000000222 ) ) ;
#1342 = CARTESIAN_POINT ( 'NONE',  ( 3.124214730825130459, 2.750292564901146264, 2.344454823786828790 ) ) ;
#1343 = MECHANICAL_DESIGN_GEOMETRIC_PRESENTATION_REPRESENTATION (  '', ( #4158 ), #3935 ) ;
#1344 = EDGE_CURVE ( 'NONE', #4040, #2122, #648, .T. ) ;
#1345 = DIRECTION ( 'NONE',  ( -0.000000000000000000, 0.000000000000000000, 1.000000000000000000 ) ) ;
#1346 = COLOUR_RGB ( '',1.000000000000000000, 1.000000000000000000, 1.000000000000000000 ) ;
#1347 =( LENGTH_UNIT ( ) NAMED_UNIT ( * ) SI_UNIT ( .MILLI., .METRE. ) );
#1348 = CIRCLE ( 'NONE', #3942, 0.4000000000000001887 ) ;
#1349 = ORIENTED_EDGE ( 'NONE', *, *, #2507, .F. ) ;
#1350 = AXIS2_PLACEMENT_3D ( 'NONE', #1260, #4055, #802 ) ;
#1351 = VERTEX_POINT ( 'NONE', #3525 ) ;
#1352 = FILL_AREA_STYLE ('',( #548 ) ) ;
#1353 = ORIENTED_EDGE ( 'NONE', *, *, #256, .F. ) ;
#1354 = CARTESIAN_POINT ( 'NONE',  ( 0.2324999999999990130, -5.873794509127560737, 1.175000000000000044 ) ) ;
#1355 =( LENGTH_UNIT ( ) NAMED_UNIT ( * ) SI_UNIT ( .MILLI., .METRE. ) );
#1356 = PRESENTATION_STYLE_ASSIGNMENT (( #257 ) ) ;
#1357 = CARTESIAN_POINT ( 'NONE',  ( 3.220857681675116879, 2.587978796884577104, 2.331215685116108105 ) ) ;
#1358 = CARTESIAN_POINT ( 'NONE',  ( -3.126432047336591413, 2.802785851140825013, 2.298759594528574368 ) ) ;
#1359 = AXIS2_PLACEMENT_3D ( 'NONE', #3197, #1053, #1443 ) ;
#1360 = ORIENTED_EDGE ( 'NONE', *, *, #2047, .T. ) ;
#1361 = CARTESIAN_POINT ( 'NONE',  ( 3.124602643412338843, -2.901148327010766526, 2.343660963109996942 ) ) ;
#1362 = VECTOR ( 'NONE', #2614, 1000.000000000000000 ) ;
#1363 = COLOUR_RGB ( '',1.000000000000000000, 1.000000000000000000, 1.000000000000000000 ) ;
#1364 = FILL_AREA_STYLE ('',( #377 ) ) ;
#1365 = CARTESIAN_POINT ( 'NONE',  ( -3.164186342637028915, 2.741861919822024429, 2.293506777682146058 ) ) ;
#1366 =( GEOMETRIC_REPRESENTATION_CONTEXT ( 3 ) GLOBAL_UNCERTAINTY_ASSIGNED_CONTEXT ( ( #2747 ) ) GLOBAL_UNIT_ASSIGNED_CONTEXT ( ( #571, #194, #4093 ) ) REPRESENTATION_CONTEXT ( 'NONE', 'WORKASPACE' ) );
#1367 =( REPRESENTATION_RELATIONSHIP ('NONE','NONE', #4384, #2018 ) REPRESENTATION_RELATIONSHIP_WITH_TRANSFORMATION ( #4376 )SHAPE_REPRESENTATION_RELATIONSHIP( ) );
#1368 = AXIS2_PLACEMENT_3D ( 'NONE', #1226, #2330, #2607 ) ;
#1369 =( GEOMETRIC_REPRESENTATION_CONTEXT ( 3 ) GLOBAL_UNCERTAINTY_ASSIGNED_CONTEXT ( ( #941 ) ) GLOBAL_UNIT_ASSIGNED_CONTEXT ( ( #3087, #3129, #2440 ) ) REPRESENTATION_CONTEXT ( 'NONE', 'WORKASPACE' ) );
#1370 = DIRECTION ( 'NONE',  ( 0.000000000000000000, 0.000000000000000000, 1.000000000000000000 ) ) ;
#1371 = PRESENTATION_STYLE_ASSIGNMENT (( #1704 ) ) ;
#1372 = VECTOR ( 'NONE', #1713, 1000.000000000000000 ) ;
#1373 = ORIENTED_EDGE ( 'NONE', *, *, #66, .F. ) ;
#1374 =( GEOMETRIC_REPRESENTATION_CONTEXT ( 3 ) GLOBAL_UNCERTAINTY_ASSIGNED_CONTEXT ( ( #572 ) ) GLOBAL_UNIT_ASSIGNED_CONTEXT ( ( #1620, #823, #4422 ) ) REPRESENTATION_CONTEXT ( 'NONE', 'WORKASPACE' ) );
#1375 = SURFACE_SIDE_STYLE ('',( #754 ) ) ;
#1376 = VERTEX_POINT ( 'NONE', #2930 ) ;
#1377 = SURFACE_STYLE_USAGE ( .BOTH. , #3856 ) ;
#1378 = EDGE_CURVE ( 'NONE', #2055, #2269, #854, .T. ) ;
#1379 = EDGE_CURVE ( 'NONE', #1143, #1393, #813, .T. ) ;
#1380 = FILL_AREA_STYLE ('',( #3088 ) ) ;
#1381 = ADVANCED_FACE ( 'NONE', ( #1757 ), #86, .T. ) ;
#1382 =( GEOMETRIC_REPRESENTATION_CONTEXT ( 3 ) GLOBAL_UNCERTAINTY_ASSIGNED_CONTEXT ( ( #3376 ) ) GLOBAL_UNIT_ASSIGNED_CONTEXT ( ( #3071, #1200, #262 ) ) REPRESENTATION_CONTEXT ( 'NONE', 'WORKASPACE' ) );
#1383 = DIRECTION ( 'NONE',  ( 1.000000000000000000, -1.387778780781439956E-15, 0.000000000000000000 ) ) ;
#1384 = SURFACE_STYLE_FILL_AREA ( #2401 ) ;
#1385 = VERTEX_POINT ( 'NONE', #3880 ) ;
#1386 = CARTESIAN_POINT ( 'NONE',  ( 2.754999999999999893, -6.620000000000000107, 0.000000000000000000 ) ) ;
#1387 = PLANE ( 'NONE',  #2400 ) ;
#1388 = FACE_OUTER_BOUND ( 'NONE', #4563, .T. ) ;
#1389 = DIRECTION ( 'NONE',  ( 0.000000000000000000, 1.000000000000000000, 0.000000000000000000 ) ) ;
#1390 = AXIS2_PLACEMENT_3D ( 'NONE', #1096, #2820, #4244 ) ;
#1391 = PRESENTATION_LAYER_ASSIGNMENT (  '', '', ( #3382 ) ) ;
#1392 = LINE ( 'NONE', #403, #2680 ) ;
#1393 = VERTEX_POINT ( 'NONE', #3172 ) ;
#1394 = ORIENTED_EDGE ( 'NONE', *, *, #3716, .T. ) ;
#1395 =( LENGTH_UNIT ( ) NAMED_UNIT ( * ) SI_UNIT ( .MILLI., .METRE. ) );
#1396 = PRESENTATION_STYLE_ASSIGNMENT (( #2034 ) ) ;
#1397 = CARTESIAN_POINT ( 'NONE',  ( 2.290000000000000036, -7.669999999999999929, 0.000000000000000000 ) ) ;
#1398 = EDGE_LOOP ( 'NONE', ( #4301, #249, #2546, #1893, #2578 ) ) ;
#1399 = CYLINDRICAL_SURFACE ( 'NONE', #132, 0.1000000000000000333 ) ;
#1400 =( LENGTH_UNIT ( ) NAMED_UNIT ( * ) SI_UNIT ( .MILLI., .METRE. ) );
#1401 = EDGE_CURVE ( 'NONE', #3989, #2718, #2109, .T. ) ;
#1402 = PRESENTATION_STYLE_ASSIGNMENT (( #3508 ) ) ;
#1403 = EDGE_CURVE ( 'NONE', #1414, #1912, #6, .T. ) ;
#1404 = LINE ( 'NONE', #3490, #3597 ) ;
#1405 =( NAMED_UNIT ( * ) SI_UNIT ( $, .STERADIAN. ) SOLID_ANGLE_UNIT ( ) );
#1406 = UNCERTAINTY_MEASURE_WITH_UNIT (LENGTH_MEASURE( 1.000000000000000082E-05 ), #2484, 'distance_accuracy_value', 'NONE');
#1407 = FACE_OUTER_BOUND ( 'NONE', #2891, .T. ) ;
#1408 = CARTESIAN_POINT ( 'NONE',  ( -2.290000000000000036, -5.873794509127560737, 1.574999999999999956 ) ) ;
#1409 = CARTESIAN_POINT ( 'NONE',  ( -3.145794811942649982, -2.912616126136319927, 0.5496863588812529455 ) ) ;
#1410 = DIRECTION ( 'NONE',  ( 1.000000000000000000, -1.345724878333519912E-15, 0.000000000000000000 ) ) ;
#1411 = STYLED_ITEM ( 'NONE', ( #1860 ), #3499 ) ;
#1412 = CARTESIAN_POINT ( 'NONE',  ( 2.754999999999999893, -6.219999999999995310, 1.378724977539297347 ) ) ;
#1413 = CARTESIAN_POINT ( 'NONE',  ( 3.069903862770780201, -2.846785424473890380, 2.279999999999999805 ) ) ;
#1414 = VERTEX_POINT ( 'NONE', #1422 ) ;
#1415 = EDGE_LOOP ( 'NONE', ( #2724, #3696, #1600, #23 ) ) ;
#1416 =( GEOMETRIC_REPRESENTATION_CONTEXT ( 3 ) GLOBAL_UNCERTAINTY_ASSIGNED_CONTEXT ( ( #3067 ) ) GLOBAL_UNIT_ASSIGNED_CONTEXT ( ( #1030, #1776, #4247 ) ) REPRESENTATION_CONTEXT ( 'NONE', 'WORKASPACE' ) );
#1417 = STYLED_ITEM ( 'NONE', ( #1286 ), #4052 ) ;
#1418 = STYLED_ITEM ( 'NONE', ( #1861 ), #4310 ) ;
#1419 = SURFACE_SIDE_STYLE ('',( #3239 ) ) ;
#1420 = SURFACE_STYLE_USAGE ( .BOTH. , #2438 ) ;
#1421 = ORIENTED_EDGE ( 'NONE', *, *, #4051, .T. ) ;
#1422 = CARTESIAN_POINT ( 'NONE',  ( -2.670000000000000373, -6.219999999999997087, 1.378724977539288687 ) ) ;
#1423 =( LENGTH_UNIT ( ) NAMED_UNIT ( * ) SI_UNIT ( .MILLI., .METRE. ) );
#1424 = PRODUCT_DEFINITION_SHAPE ( 'NONE', 'NONE',  #2772 ) ;
#1425 = SURFACE_STYLE_FILL_AREA ( #4229 ) ;
#1426 = CARTESIAN_POINT ( 'NONE',  ( 3.124602643412339731, -2.901148327010768302, 2.343660963109997386 ) ) ;
#1427 = ADVANCED_FACE ( 'NONE', ( #2239 ), #791, .T. ) ;
#1428 = FACE_OUTER_BOUND ( 'NONE', #707, .T. ) ;
#1429 = EDGE_CURVE ( 'NONE', #622, #1376, #2307, .T. ) ;
#1430 =( NAMED_UNIT ( * ) PLANE_ANGLE_UNIT ( ) SI_UNIT ( $, .RADIAN. ) );
#1431 = DIRECTION ( 'NONE',  ( -1.000000000000000000, 1.345724878333519912E-15, -0.000000000000000000 ) ) ;
#1432 =( NAMED_UNIT ( * ) SI_UNIT ( $, .STERADIAN. ) SOLID_ANGLE_UNIT ( ) );
#1433 = EDGE_CURVE ( 'NONE', #1524, #2699, #586, .T. ) ;
#1434 = DIRECTION ( 'NONE',  ( -0.000000000000000000, -1.000000000000000000, 0.000000000000000000 ) ) ;
#1435 = CARTESIAN_POINT ( 'NONE',  ( 3.106787190463850212, -3.047499321295042307, 1.445005667186395115 ) ) ;
#1436 = ORIENTED_EDGE ( 'NONE', *, *, #4241, .F. ) ;
#1437 = DIRECTION ( 'NONE',  ( -1.000000000000000000, -0.000000000000000000, 0.000000000000000000 ) ) ;
#1438 =( GEOMETRIC_REPRESENTATION_CONTEXT ( 3 ) GLOBAL_UNCERTAINTY_ASSIGNED_CONTEXT ( ( #4142 ) ) GLOBAL_UNIT_ASSIGNED_CONTEXT ( ( #1652, #1695, #4533 ) ) REPRESENTATION_CONTEXT ( 'NONE', 'WORKASPACE' ) );
#1439 = EDGE_LOOP ( 'NONE', ( #2519, #619, #2497, #1353 ) ) ;
#1440 = VECTOR ( 'NONE', #1159, 1000.000000000000000 ) ;
#1441 = COLOUR_RGB ( '',0.3921568627450980338, 0.3921568627450980338, 0.3921568627450980338 ) ;
#1442 = DIRECTION ( 'NONE',  ( -3.828355257328130201E-16, -1.000000000000000000, 0.000000000000000000 ) ) ;
#1443 = DIRECTION ( 'NONE',  ( 1.000000000000000000, 0.000000000000000000, 0.000000000000000000 ) ) ;
#1444 = ORIENTED_EDGE ( 'NONE', *, *, #3778, .T. ) ;
#1445 = CARTESIAN_POINT ( 'NONE',  ( 2.669999999999999929, -6.725589679152949252, 0.6763210716759705532 ) ) ;
#1446 =( NAMED_UNIT ( * ) SI_UNIT ( $, .STERADIAN. ) SOLID_ANGLE_UNIT ( ) );
#1447 = LINE ( 'NONE', #2207, #3208 ) ;
#1448 = FACE_OUTER_BOUND ( 'NONE', #3171, .T. ) ;
#1449 = FILL_AREA_STYLE ('',( #3269 ) ) ;
#1450 = LINE ( 'NONE', #4240, #2045 ) ;
#1451 = COLOUR_RGB ( '',0.3921568627450980338, 0.3921568627450980338, 0.3921568627450980338 ) ;
#1452 = DIRECTION ( 'NONE',  ( 0.000000000000000000, 0.000000000000000000, 1.000000000000000000 ) ) ;
#1453 =( NAMED_UNIT ( * ) SI_UNIT ( $, .STERADIAN. ) SOLID_ANGLE_UNIT ( ) );
#1454 = ADVANCED_FACE ( 'NONE', ( #3720 ), #1651, .F. ) ;
#1455 = ADVANCED_FACE ( 'NONE', ( #3740 ), #3421, .T. ) ;
#1456 = DIRECTION ( 'NONE',  ( -0.04350722696467122091, -0.1187981766220960606, -0.9919647747945034011 ) ) ;
#1457 = ORIENTED_EDGE ( 'NONE', *, *, #2096, .F. ) ;
#1458 = EDGE_CURVE ( 'NONE', #2456, #3321, #1801, .T. ) ;
#1459 = ADVANCED_FACE ( 'NONE', ( #4105 ), #1653, .T. ) ;
#1460 = DIRECTION ( 'NONE',  ( 0.000000000000000000, 0.000000000000000000, -1.000000000000000000 ) ) ;
#1461 = VERTEX_POINT ( 'NONE', #356 ) ;
#1462 = PRESENTATION_LAYER_ASSIGNMENT (  '', '', ( #1243 ) ) ;
#1463 =( NAMED_UNIT ( * ) SI_UNIT ( $, .STERADIAN. ) SOLID_ANGLE_UNIT ( ) );
#1464 = EDGE_LOOP ( 'NONE', ( #4323, #4399, #1981, #435, #1611 ) ) ;
#1465 = PRODUCT_RELATED_PRODUCT_CATEGORY ( 'part', '', ( #2417 ) ) ;
#1466 = FILL_AREA_STYLE ('',( #3953 ) ) ;
#1467 = COLOUR_RGB ( '',0.3921568627450980338, 0.3921568627450980338, 0.3921568627450980338 ) ;
#1468 = DIRECTION ( 'NONE',  ( 0.04350722696467113765, 0.1187981766220901209, 0.9919647747945041782 ) ) ;
#1469 = DIRECTION ( 'NONE',  ( -0.000000000000000000, -0.000000000000000000, -1.000000000000000000 ) ) ;
#1470 = CARTESIAN_POINT ( 'NONE',  ( 3.162086379162755367, 2.742987068223995184, 2.297580716497481745 ) ) ;
#1471 = DIRECTION ( 'NONE',  ( 0.04381752416915601911, 1.115762023272160539E-17, -0.9990395510567564585 ) ) ;
#1472 = DIRECTION ( 'NONE',  ( 0.000000000000000000, 0.9929049442707557072, -0.1189107717689509014 ) ) ;
#1473 = ORIENTED_EDGE ( 'NONE', *, *, #3033, .F. ) ;
#1474 = ORIENTED_EDGE ( 'NONE', *, *, #1929, .T. ) ;
#1475 = CARTESIAN_POINT ( 'NONE',  ( -3.133020036179935186, -3.047500000000000764, 0.8350057076827258618 ) ) ;
#1476 = CARTESIAN_POINT ( 'NONE',  ( 3.169807817876451494, -2.846785424473890380, 2.284381752416920541 ) ) ;
#1477 = SURFACE_STYLE_FILL_AREA ( #434 ) ;
#1478 = ORIENTED_EDGE ( 'NONE', *, *, #3521, .F. ) ;
#1479 = CIRCLE ( 'NONE', #154, 0.4000000000000001887 ) ;
#1480 = DIRECTION ( 'NONE',  ( -1.000000000000000000, 0.000000000000000000, -0.000000000000000000 ) ) ;
#1481 = AXIS2_PLACEMENT_3D ( 'NONE', #4454, #3110, #3394 ) ;
#1482 = COLOUR_RGB ( '',1.000000000000000000, 1.000000000000000000, 1.000000000000000000 ) ;
#1483 = PRESENTATION_LAYER_ASSIGNMENT (  '', '', ( #1921 ) ) ;
#1484 = DIRECTION ( 'NONE',  ( 0.000000000000000000, 0.5841973208100741388, 0.8116116622858071672 ) ) ;
#1485 = CARTESIAN_POINT ( 'NONE',  ( 0.3799999999999980616, -4.769999999999999574, 1.574999999999999956 ) ) ;
#1486 = SURFACE_STYLE_FILL_AREA ( #747 ) ;
#1487 =( NAMED_UNIT ( * ) PLANE_ANGLE_UNIT ( ) SI_UNIT ( $, .RADIAN. ) );
#1488 = VECTOR ( 'NONE', #2081, 1000.000000000000000 ) ;
#1489 = CARTESIAN_POINT ( 'NONE',  ( -3.091391640415699804, -2.905458637683989931, 1.790078669695690072 ) ) ;
#1490 = EDGE_LOOP ( 'NONE', ( #1545, #3879, #2843, #3969 ) ) ;
#1491 = CARTESIAN_POINT ( 'NONE',  ( -1.814999999999999947, -6.942084783908578416, 0.4000000000000000222 ) ) ;
#1492 = ORIENTED_EDGE ( 'NONE', *, *, #4340, .T. ) ;
#1493 = LINE ( 'NONE', #110, #3549 ) ;
#1494 = PLANE ( 'NONE',  #4035 ) ;
#1495 = COLOUR_RGB ( '',0.3921568627450980338, 0.3921568627450980338, 0.3921568627450980338 ) ;
#1496 = ORIENTED_EDGE ( 'NONE', *, *, #291, .T. ) ;
#1497 =( GEOMETRIC_REPRESENTATION_CONTEXT ( 3 ) GLOBAL_UNCERTAINTY_ASSIGNED_CONTEXT ( ( #1671 ) ) GLOBAL_UNIT_ASSIGNED_CONTEXT ( ( #3262, #1169, #1868 ) ) REPRESENTATION_CONTEXT ( 'NONE', 'WORKASPACE' ) );
#1498 =( GEOMETRIC_REPRESENTATION_CONTEXT ( 3 ) GLOBAL_UNCERTAINTY_ASSIGNED_CONTEXT ( ( #3059 ) ) GLOBAL_UNIT_ASSIGNED_CONTEXT ( ( #3945, #4264, #3987 ) ) REPRESENTATION_CONTEXT ( 'NONE', 'WORKASPACE' ) );
#1499 =( NAMED_UNIT ( * ) PLANE_ANGLE_UNIT ( ) SI_UNIT ( $, .RADIAN. ) );
#1500 = LINE ( 'NONE', #3364, #3339 ) ;
#1501 = EDGE_CURVE ( 'NONE', #405, #1167, #2050, .T. ) ;
#1502 = ORIENTED_EDGE ( 'NONE', *, *, #1929, .F. ) ;
#1503 =( NAMED_UNIT ( * ) SI_UNIT ( $, .STERADIAN. ) SOLID_ANGLE_UNIT ( ) );
#1504 = CARTESIAN_POINT ( 'NONE',  ( -3.078317409139295968, -2.954109814895015340, 2.338204018843947019 ) ) ;
#1505 = EDGE_CURVE ( 'NONE', #2366, #138, #4262, .T. ) ;
#1506 = VECTOR ( 'NONE', #1947, 1000.000000000000000 ) ;
#1507 = ORIENTED_EDGE ( 'NONE', *, *, #1505, .T. ) ;
#1508 = CARTESIAN_POINT ( 'NONE',  ( 3.169903862770770520, 3.047499999999999876, -2.710505431213761085E-17 ) ) ;
#1509 = PLANE ( 'NONE',  #3823 ) ;
#1510 = ADVANCED_FACE ( 'NONE', ( #1089 ), #3448, .T. ) ;
#1511 = PRESENTATION_STYLE_ASSIGNMENT (( #2953 ) ) ;
#1512 = CARTESIAN_POINT ( 'NONE',  ( 3.169903862770770520, 3.047499999999999876, -2.710505431213761085E-17 ) ) ;
#1513 = CARTESIAN_POINT ( 'NONE',  ( -2.670000000000002149, -6.619999999999996554, 0.8230143411670324260 ) ) ;
#1514 = ORIENTED_EDGE ( 'NONE', *, *, #1680, .T. ) ;
#1515 = UNCERTAINTY_MEASURE_WITH_UNIT (LENGTH_MEASURE( 1.000000000000000082E-05 ), #748, 'distance_accuracy_value', 'NONE');
#1516 = MECHANICAL_DESIGN_GEOMETRIC_PRESENTATION_REPRESENTATION (  '', ( #3903 ), #2633 ) ;
#1517 = LINE ( 'NONE', #1610, #1519 ) ;
#1518 = ORIENTED_EDGE ( 'NONE', *, *, #93, .F. ) ;
#1519 = VECTOR ( 'NONE', #4084, 1000.000000000000000 ) ;
#1520 = PRESENTATION_LAYER_ASSIGNMENT (  '', '', ( #3908 ) ) ;
#1521 =( LENGTH_UNIT ( ) NAMED_UNIT ( * ) SI_UNIT ( .MILLI., .METRE. ) );
#1522 = FILL_AREA_STYLE_COLOUR ( '', #2229 ) ;
#1523 = LINE ( 'NONE', #2937, #2694 ) ;
#1524 = VERTEX_POINT ( 'NONE', #3119 ) ;
#1525 = MECHANICAL_DESIGN_GEOMETRIC_PRESENTATION_REPRESENTATION (  '', ( #2117 ), #3162 ) ;
#1526 = SURFACE_STYLE_FILL_AREA ( #1843 ) ;
#1527 = APPLICATION_PROTOCOL_DEFINITION ( 'draft international standard', 'automotive_design', 1998, #2544 ) ;
#1528 = STYLED_ITEM ( 'NONE', ( #509 ), #2501 ) ;
#1529 = PRESENTATION_STYLE_ASSIGNMENT (( #2991 ) ) ;
#1530 = PLANE ( 'NONE',  #2013 ) ;
#1531 = PLANE ( 'NONE',  #3083 ) ;
#1532 = APPLICATION_CONTEXT ( 'automotive_design' ) ;
#1533 = LINE ( 'NONE', #4315, #3680 ) ;
#1534 = ADVANCED_FACE ( 'NONE', ( #1065 ), #4196, .T. ) ;
#1535 = ADVANCED_FACE ( 'NONE', ( #103 ), #1509, .T. ) ;
#1536 = VERTEX_POINT ( 'NONE', #442 ) ;
#1537 = DIRECTION ( 'NONE',  ( -1.000000000000000000, 8.864471316691248177E-16, -6.380638221762067763E-16 ) ) ;
#1538 = DIRECTION ( 'NONE',  ( 1.000000000000000000, 0.000000000000000000, -0.000000000000000000 ) ) ;
#1539 = ADVANCED_FACE ( 'NONE', ( #3554 ), #40, .F. ) ;
#1540 = DIRECTION ( 'NONE',  ( -1.000000000000000000, 1.345724878333519912E-15, -0.000000000000000000 ) ) ;
#1541 = SURFACE_STYLE_FILL_AREA ( #1832 ) ;
#1542 = LINE ( 'NONE', #3646, #2166 ) ;
#1543 = ORIENTED_EDGE ( 'NONE', *, *, #60, .T. ) ;
#1544 = CARTESIAN_POINT ( 'NONE',  ( 1.909999999999999920, -6.620000000000000107, 0.000000000000000000 ) ) ;
#1545 = ORIENTED_EDGE ( 'NONE', *, *, #708, .F. ) ;
#1546 = DIRECTION ( 'NONE',  ( -0.000000000000000000, 0.000000000000000000, -1.000000000000000000 ) ) ;
#1547 = FILL_AREA_STYLE ('',( #1522 ) ) ;
#1548 = SHAPE_REPRESENTATION ( '2', ( #1913 ), #2745 ) ;
#1549 =( LENGTH_UNIT ( ) NAMED_UNIT ( * ) SI_UNIT ( .MILLI., .METRE. ) );
#1550 = ORIENTED_EDGE ( 'NONE', *, *, #4452, .F. ) ;
#1551 = DIRECTION ( 'NONE',  ( -2.748076793626620145E-16, -1.000000000000000000, 0.000000000000000000 ) ) ;
#1552 = MECHANICAL_DESIGN_GEOMETRIC_PRESENTATION_REPRESENTATION (  '', ( #3550 ), #149 ) ;
#1553 =( NAMED_UNIT ( * ) PLANE_ANGLE_UNIT ( ) SI_UNIT ( $, .RADIAN. ) );
#1554 = EDGE_CURVE ( 'NONE', #4049, #1732, #4320, .T. ) ;
#1555 = ORIENTED_EDGE ( 'NONE', *, *, #4459, .F. ) ;
#1556 = DIRECTION ( 'NONE',  ( 1.084202172485503842E-15, 1.000000000000000000, 1.761828530288943916E-15 ) ) ;
#1557 = AXIS2_PLACEMENT_3D ( 'NONE', #1086, #4529, #2423 ) ;
#1558 = DIRECTION ( 'NONE',  ( 0.5469878064155896391, -0.5436290253687824370, 0.6366096310999771468 ) ) ;
#1559 =( GEOMETRIC_REPRESENTATION_CONTEXT ( 3 ) GLOBAL_UNCERTAINTY_ASSIGNED_CONTEXT ( ( #991 ) ) GLOBAL_UNIT_ASSIGNED_CONTEXT ( ( #1587, #3324, #150 ) ) REPRESENTATION_CONTEXT ( 'NONE', 'WORKASPACE' ) );
#1560 = AXIS2_PLACEMENT_3D ( 'NONE', #1769, #1699, #2758 ) ;
#1561 = ORIENTED_EDGE ( 'NONE', *, *, #2500, .T. ) ;
#1562 = UNCERTAINTY_MEASURE_WITH_UNIT (LENGTH_MEASURE( 1.000000000000000082E-05 ), #3216, 'distance_accuracy_value', 'NONE');
#1563 = COLOUR_RGB ( '',0.3921568627450980338, 0.3921568627450980338, 0.3921568627450980338 ) ;
#1564 = CARTESIAN_POINT ( 'NONE',  ( 8.118964578768549600, -5.070905971414140012, 0.000000000000000000 ) ) ;
#1565 = SURFACE_STYLE_FILL_AREA ( #2979 ) ;
#1566 = CARTESIAN_POINT ( 'NONE',  ( 0.3799999999999979505, -5.780000000000000249, 1.064999999999999947 ) ) ;
#1567 = SURFACE_SIDE_STYLE ('',( #3329 ) ) ;
#1568 = ADVANCED_FACE ( 'NONE', ( #402 ), #2209, .F. ) ;
#1569 = DIRECTION ( 'NONE',  ( 0.000000000000000000, -1.000000000000000000, 0.000000000000000000 ) ) ;
#1570 = UNCERTAINTY_MEASURE_WITH_UNIT (LENGTH_MEASURE( 1.000000000000000082E-05 ), #4460, 'distance_accuracy_value', 'NONE');
#1571 = CARTESIAN_POINT ( 'NONE',  ( 2.669999999999999929, -7.670000000000010587, 0.000000000000000000 ) ) ;
#1572 = ORIENTED_EDGE ( 'NONE', *, *, #2887, .F. ) ;
#1573 =( NAMED_UNIT ( * ) PLANE_ANGLE_UNIT ( ) SI_UNIT ( $, .RADIAN. ) );
#1574 = PRESENTATION_STYLE_ASSIGNMENT (( #2571 ) ) ;
#1575 = CARTESIAN_POINT ( 'NONE',  ( -3.124602643412341507, -2.901148327010778516, 2.343660963109998718 ) ) ;
#1576 = ORIENTED_EDGE ( 'NONE', *, *, #15, .F. ) ;
#1577 = CIRCLE ( 'NONE', #1715, 0.09999999999999982514 ) ;
#1578 = CARTESIAN_POINT ( 'NONE',  ( -1.814999999999999947, -6.620000000000000107, 0.1628051603121106750 ) ) ;
#1579 = DIRECTION ( 'NONE',  ( 1.000000000000000000, 0.000000000000000000, 0.000000000000000000 ) ) ;
#1580 = COLOUR_RGB ( '',1.000000000000000000, 1.000000000000000000, 1.000000000000000000 ) ;
#1581 = CARTESIAN_POINT ( 'NONE',  ( -2.745000000000000107, -6.620000000000000107, 0.1628051603121089819 ) ) ;
#1582 = ORIENTED_EDGE ( 'NONE', *, *, #2242, .T. ) ;
#1583 = CARTESIAN_POINT ( 'NONE',  ( 2.754999999999999893, -6.220000000000000639, 0.7184753252913879118 ) ) ;
#1584 = DIRECTION ( 'NONE',  ( -1.000000000000000000, -2.546383084002650169E-16, -0.000000000000000000 ) ) ;
#1585 = STYLED_ITEM ( 'NONE', ( #1055 ), #1381 ) ;
#1586 = LINE ( 'NONE', #2399, #4186 ) ;
#1587 =( LENGTH_UNIT ( ) NAMED_UNIT ( * ) SI_UNIT ( .MILLI., .METRE. ) );
#1588 = VECTOR ( 'NONE', #3288, 1000.000000000000000 ) ;
#1589 = CYLINDRICAL_SURFACE ( 'NONE', #2090, 0.09999999999999983902 ) ;
#1590 = CARTESIAN_POINT ( 'NONE',  ( -3.245698767048325717, -2.912616126136320371, 0.5540681112981684642 ) ) ;
#1591 = SURFACE_STYLE_FILL_AREA ( #2957 ) ;
#1592 = VERTEX_POINT ( 'NONE', #1624 ) ;
#1593 = EDGE_CURVE ( 'NONE', #1190, #251, #4485, .T. ) ;
#1594 = EDGE_CURVE ( 'NONE', #1351, #4227, #2264, .T. ) ;
#1595 = ADVANCED_FACE ( 'NONE', ( #2606 ), #3043, .T. ) ;
#1596 = ADVANCED_FACE ( 'NONE', ( #3713 ), #2657, .T. ) ;
#1597 = ORIENTED_EDGE ( 'NONE', *, *, #3231, .T. ) ;
#1598 = VECTOR ( 'NONE', #3367, 1000.000000000000000 ) ;
#1599 = FACE_OUTER_BOUND ( 'NONE', #822, .T. ) ;
#1600 = ORIENTED_EDGE ( 'NONE', *, *, #4131, .F. ) ;
#1601 =( GEOMETRIC_REPRESENTATION_CONTEXT ( 3 ) GLOBAL_UNCERTAINTY_ASSIGNED_CONTEXT ( ( #1570 ) ) GLOBAL_UNIT_ASSIGNED_CONTEXT ( ( #4460, #3822, #2026 ) ) REPRESENTATION_CONTEXT ( 'NONE', 'WORKASPACE' ) );
#1602 = CARTESIAN_POINT ( 'NONE',  ( -3.270000000000000018, 2.677803456703730326E-16, 0.000000000000000000 ) ) ;
#1603 = DIRECTION ( 'NONE',  ( -0.5999999999999999778, 0.8000000000000000444, 0.000000000000000000 ) ) ;
#1604 = UNCERTAINTY_MEASURE_WITH_UNIT (LENGTH_MEASURE( 1.000000000000000082E-05 ), #3994, 'distance_accuracy_value', 'NONE');
#1605 =( LENGTH_UNIT ( ) NAMED_UNIT ( * ) SI_UNIT ( .MILLI., .METRE. ) );
#1606 =( NAMED_UNIT ( * ) PLANE_ANGLE_UNIT ( ) SI_UNIT ( $, .RADIAN. ) );
#1607 =( LENGTH_UNIT ( ) NAMED_UNIT ( * ) SI_UNIT ( .MILLI., .METRE. ) );
#1608 =( LENGTH_UNIT ( ) NAMED_UNIT ( * ) SI_UNIT ( .MILLI., .METRE. ) );
#1609 = UNCERTAINTY_MEASURE_WITH_UNIT (LENGTH_MEASURE( 1.000000000000000082E-05 ), #897, 'distance_accuracy_value', 'NONE');
#1610 = CARTESIAN_POINT ( 'NONE',  ( 8.315181305344919949, -5.070905971414140012, 0.000000000000000000 ) ) ;
#1611 = ORIENTED_EDGE ( 'NONE', *, *, #1895, .F. ) ;
#1612 = DIRECTION ( 'NONE',  ( 0.000000000000000000, 0.000000000000000000, 1.000000000000000000 ) ) ;
#1613 =( NAMED_UNIT ( * ) SI_UNIT ( $, .STERADIAN. ) SOLID_ANGLE_UNIT ( ) );
#1614 = ORIENTED_EDGE ( 'NONE', *, *, #1761, .T. ) ;
#1615 = EDGE_CURVE ( 'NONE', #1143, #565, #3529, .T. ) ;
#1616 = CARTESIAN_POINT ( 'NONE',  ( -3.132759517280559791, -3.047500000000000764, 0.8350000000000000755 ) ) ;
#1617 = DIRECTION ( 'NONE',  ( 1.000000000000000000, 0.000000000000000000, -0.000000000000000000 ) ) ;
#1618 = ORIENTED_EDGE ( 'NONE', *, *, #1869, .F. ) ;
#1619 =( GEOMETRIC_REPRESENTATION_CONTEXT ( 3 ) GLOBAL_UNCERTAINTY_ASSIGNED_CONTEXT ( ( #1151 ) ) GLOBAL_UNIT_ASSIGNED_CONTEXT ( ( #2226, #1499, #2600 ) ) REPRESENTATION_CONTEXT ( 'NONE', 'WORKASPACE' ) );
#1620 =( LENGTH_UNIT ( ) NAMED_UNIT ( * ) SI_UNIT ( .MILLI., .METRE. ) );
#1621 = DIRECTION ( 'NONE',  ( 1.000000000000000000, 0.000000000000000000, -0.000000000000000000 ) ) ;
#1622 = UNCERTAINTY_MEASURE_WITH_UNIT (LENGTH_MEASURE( 1.000000000000000082E-05 ), #1321, 'distance_accuracy_value', 'NONE');
#1623 = PRESENTATION_STYLE_ASSIGNMENT (( #902 ) ) ;
#1624 = CARTESIAN_POINT ( 'NONE',  ( 3.246655490636388475, 2.947500000000000675, 0.5322548134903003492 ) ) ;
#1625 = AXIS2_PLACEMENT_3D ( 'NONE', #4232, #3489, #2465 ) ;
#1626 = AXIS2_PLACEMENT_3D ( 'NONE', #3723, #1950, #1656 ) ;
#1627 = PRESENTATION_STYLE_ASSIGNMENT (( #2983 ) ) ;
#1628 =( GEOMETRIC_REPRESENTATION_CONTEXT ( 3 ) GLOBAL_UNCERTAINTY_ASSIGNED_CONTEXT ( ( #4169 ) ) GLOBAL_UNIT_ASSIGNED_CONTEXT ( ( #1078, #2437, #2080 ) ) REPRESENTATION_CONTEXT ( 'NONE', 'WORKASPACE' ) );
#1629 = SURFACE_STYLE_FILL_AREA ( #2069 ) ;
#1630 = SURFACE_STYLE_USAGE ( .BOTH. , #214 ) ;
#1631 = ORIENTED_EDGE ( 'NONE', *, *, #957, .T. ) ;
#1632 = VERTEX_POINT ( 'NONE', #2087 ) ;
#1633 = CARTESIAN_POINT ( 'NONE',  ( -3.206539632750803559, -3.005957713149501664, 1.446896373281592707 ) ) ;
#1634 = SURFACE_SIDE_STYLE ('',( #2032 ) ) ;
#1635 = FILL_AREA_STYLE_COLOUR ( '', #2451 ) ;
#1636 = ORIENTED_EDGE ( 'NONE', *, *, #4159, .F. ) ;
#1637 = ORIENTED_EDGE ( 'NONE', *, *, #1902, .F. ) ;
#1638 = PLANE ( 'NONE',  #3453 ) ;
#1639 = STYLED_ITEM ( 'NONE', ( #2001 ), #282 ) ;
#1640 = EDGE_CURVE ( 'NONE', #570, #2314, #4509, .T. ) ;
#1641 = CYLINDRICAL_SURFACE ( 'NONE', #1202, 0.09999999999999982514 ) ;
#1642 = UNCERTAINTY_MEASURE_WITH_UNIT (LENGTH_MEASURE( 1.000000000000000082E-05 ), #2396, 'distance_accuracy_value', 'NONE');
#1643 = EDGE_CURVE ( 'NONE', #565, #2639, #1013, .T. ) ;
#1644 = EDGE_CURVE ( 'NONE', #4227, #1188, #358, .T. ) ;
#1645 = VECTOR ( 'NONE', #2341, 1000.000000000000000 ) ;
#1646 = CARTESIAN_POINT ( 'NONE',  ( 3.149935094950884640, 2.750292564901146708, 2.322782352740069278 ) ) ;
#1647 = CARTESIAN_POINT ( 'NONE',  ( 3.029165125404277514, -2.994082531407131320, 2.324450163987435314 ) ) ;
#1648 = DIRECTION ( 'NONE',  ( 1.000000000000000000, 0.000000000000000000, 0.000000000000000000 ) ) ;
#1649 = PRESENTATION_LAYER_ASSIGNMENT (  '', '', ( #1867 ) ) ;
#1650 = VECTOR ( 'NONE', #1744, 1000.000000000000000 ) ;
#1651 = CONICAL_SURFACE ( 'NONE', #3511, 0.5401766701993437891, 0.7853981633974482790 ) ;
#1652 =( LENGTH_UNIT ( ) NAMED_UNIT ( * ) SI_UNIT ( .MILLI., .METRE. ) );
#1653 = PLANE ( 'NONE',  #3291 ) ;
#1654 = CARTESIAN_POINT ( 'NONE',  ( -1.814999999999999947, -6.219999999999999751, 0.000000000000000000 ) ) ;
#1655 = PRESENTATION_LAYER_ASSIGNMENT (  '', '', ( #3654 ) ) ;
#1656 = DIRECTION ( 'NONE',  ( 0.000000000000000000, -0.000000000000000000, 1.000000000000000000 ) ) ;
#1657 = SURFACE_SIDE_STYLE ('',( #3425 ) ) ;
#1658 = ORIENTED_EDGE ( 'NONE', *, *, #1378, .F. ) ;
#1659 = ORIENTED_EDGE ( 'NONE', *, *, #982, .T. ) ;
#1660 =( GEOMETRIC_REPRESENTATION_CONTEXT ( 3 ) GLOBAL_UNCERTAINTY_ASSIGNED_CONTEXT ( ( #3656 ) ) GLOBAL_UNIT_ASSIGNED_CONTEXT ( ( #2093, #1696, #3165 ) ) REPRESENTATION_CONTEXT ( 'NONE', 'WORKASPACE' ) );
#1661 = FACE_OUTER_BOUND ( 'NONE', #3727, .T. ) ;
#1662 = EDGE_LOOP ( 'NONE', ( #3241, #1478, #311, #449 ) ) ;
#1663 = ORIENTED_EDGE ( 'NONE', *, *, #263, .T. ) ;
#1664 = UNCERTAINTY_MEASURE_WITH_UNIT (LENGTH_MEASURE( 1.000000000000000082E-05 ), #1549, 'distance_accuracy_value', 'NONE');
#1665 = PLANE ( 'NONE',  #2565 ) ;
#1666 = PRESENTATION_LAYER_ASSIGNMENT (  '', '', ( #577 ) ) ;
#1667 =( NAMED_UNIT ( * ) SI_UNIT ( $, .STERADIAN. ) SOLID_ANGLE_UNIT ( ) );
#1668 = PRESENTATION_STYLE_ASSIGNMENT (( #3064 ) ) ;
#1669 = PRESENTATION_STYLE_ASSIGNMENT (( #3392 ) ) ;
#1670 = PRESENTATION_LAYER_ASSIGNMENT (  '', '', ( #2721 ) ) ;
#1671 = UNCERTAINTY_MEASURE_WITH_UNIT (LENGTH_MEASURE( 1.000000000000000082E-05 ), #3262, 'distance_accuracy_value', 'NONE');
#1672 = SURFACE_STYLE_FILL_AREA ( #286 ) ;
#1673 = CARTESIAN_POINT ( 'NONE',  ( 3.124602643412339287, -2.901148327010767858, 2.343660963109996942 ) ) ;
#1674 = FILL_AREA_STYLE_COLOUR ( '', #1451 ) ;
#1675 =( NAMED_UNIT ( * ) SI_UNIT ( $, .STERADIAN. ) SOLID_ANGLE_UNIT ( ) );
#1676 = AXIS2_PLACEMENT_3D ( 'NONE', #4430, #3967, #3215 ) ;
#1677 = DIRECTION ( 'NONE',  ( 1.000000000000000000, -8.864471316691248177E-16, 6.380638221762067763E-16 ) ) ;
#1678 = CARTESIAN_POINT ( 'NONE',  ( 3.124214730825129127, 2.750292564901146264, 2.344454823786828790 ) ) ;
#1679 =( NAMED_UNIT ( * ) PLANE_ANGLE_UNIT ( ) SI_UNIT ( $, .RADIAN. ) );
#1680 = EDGE_CURVE ( 'NONE', #3274, #3053, #1404, .T. ) ;
#1681 =( GEOMETRIC_REPRESENTATION_CONTEXT ( 3 ) GLOBAL_UNCERTAINTY_ASSIGNED_CONTEXT ( ( #3441 ) ) GLOBAL_UNIT_ASSIGNED_CONTEXT ( ( #1125, #2529, #2790 ) ) REPRESENTATION_CONTEXT ( 'NONE', 'WORKASPACE' ) );
#1682 = FACE_OUTER_BOUND ( 'NONE', #3478, .T. ) ;
#1683 =( NAMED_UNIT ( * ) PLANE_ANGLE_UNIT ( ) SI_UNIT ( $, .RADIAN. ) );
#1684 = EDGE_LOOP ( 'NONE', ( #2059, #452, #959, #2389 ) ) ;
#1685 = ORIENTED_EDGE ( 'NONE', *, *, #3012, .F. ) ;
#1686 = LINE ( 'NONE', #2473, #1849 ) ;
#1687 = ORIENTED_EDGE ( 'NONE', *, *, #2331, .F. ) ;
#1688 = FACE_OUTER_BOUND ( 'NONE', #2076, .T. ) ;
#1689 =( LENGTH_UNIT ( ) NAMED_UNIT ( * ) SI_UNIT ( .MILLI., .METRE. ) );
#1690 = CARTESIAN_POINT ( 'NONE',  ( 3.124214730825129127, 2.750292564901145376, 2.344454823786827902 ) ) ;
#1691 =( BOUNDED_SURFACE ( )  B_SPLINE_SURFACE ( 3, 3, ( 
 ( #949, #3736, #2375, #1361 ),
 ( #3766, #995, #3072, #3113 ),
 ( #633, #2426, #2022, #4532 ),
 ( #582, #657, #1717, #2778 ) ),
 .UNSPECIFIED., .F., .F., .F. ) 
 B_SPLINE_SURFACE_WITH_KNOTS ( ( 4, 4 ),
 ( 4, 4 ),
 ( 0.000000000000000000, 1.000000000000000000 ),
 ( 0.000000000000000000, 1.000000000000000000 ),
 .UNSPECIFIED. ) 
 GEOMETRIC_REPRESENTATION_ITEM ( )  RATIONAL_B_SPLINE_SURFACE ( (
 ( 1.000000000000000000, 0.3333333333333343140, 0.3333333333333343140, 1.000000000000000000),
 ( 0.9239333080918830099, 0.3079777693639619285, 0.3079777693639619285, 0.9239333080918830099),
 ( 0.9239333080918830099, 0.3079777693639619285, 0.3079777693639619285, 0.9239333080918830099),
 ( 1.000000000000000000, 0.3333333333333343140, 0.3333333333333343140, 1.000000000000000000) ) ) 
 REPRESENTATION_ITEM ( '' )  SURFACE ( )  );
#1692 = CARTESIAN_POINT ( 'NONE',  ( 3.107284656451223981, -3.012875567570552970, 2.202053797857516315 ) ) ;
#1693 = ORIENTED_EDGE ( 'NONE', *, *, #782, .T. ) ;
#1694 = SURFACE_SIDE_STYLE ('',( #4173 ) ) ;
#1695 =( NAMED_UNIT ( * ) PLANE_ANGLE_UNIT ( ) SI_UNIT ( $, .RADIAN. ) );
#1696 =( NAMED_UNIT ( * ) PLANE_ANGLE_UNIT ( ) SI_UNIT ( $, .RADIAN. ) );
#1697 = SURFACE_SIDE_STYLE ('',( #3141 ) ) ;
#1698 = STYLED_ITEM ( 'NONE', ( #3830 ), #3380 ) ;
#1699 = DIRECTION ( 'NONE',  ( -0.04350722696467122091, -0.1187981766220960606, 0.9919647747945034011 ) ) ;
#1700 = VECTOR ( 'NONE', #77, 1000.000000000000227 ) ;
#1701 = EDGE_CURVE ( 'NONE', #2608, #4012, #2808, .T. ) ;
#1702 = EDGE_CURVE ( 'NONE', #2901, #622, #1060, .T. ) ;
#1703 = AXIS2_PLACEMENT_3D ( 'NONE', #1748, #2784, #2453 ) ;
#1704 = SURFACE_STYLE_USAGE ( .BOTH. , #317 ) ;
#1705 = ORIENTED_EDGE ( 'NONE', *, *, #2477, .T. ) ;
#1706 = ADVANCED_FACE ( 'NONE', ( #2466 ), #3123, .T. ) ;
#1707 = ORIENTED_EDGE ( 'NONE', *, *, #1344, .T. ) ;
#1708 = SURFACE_STYLE_FILL_AREA ( #3522 ) ;
#1709 = ORIENTED_EDGE ( 'NONE', *, *, #3688, .F. ) ;
#1710 =( NAMED_UNIT ( * ) PLANE_ANGLE_UNIT ( ) SI_UNIT ( $, .RADIAN. ) );
#1711 = LINE ( 'NONE', #2349, #3106 ) ;
#1712 =( NAMED_UNIT ( * ) PLANE_ANGLE_UNIT ( ) SI_UNIT ( $, .RADIAN. ) );
#1713 = DIRECTION ( 'NONE',  ( -0.000000000000000000, -0.000000000000000000, -1.000000000000000000 ) ) ;
#1714 = DIRECTION ( 'NONE',  ( 1.000000000000000000, 0.000000000000000000, -0.000000000000000000 ) ) ;
#1715 = AXIS2_PLACEMENT_3D ( 'NONE', #3240, #500, #2175 ) ;
#1716 = EDGE_LOOP ( 'NONE', ( #4179, #3808, #61, #4112 ) ) ;
#1717 = CARTESIAN_POINT ( 'NONE',  ( 3.096960060191123798, -2.739784888771473526, 2.437605117080522632 ) ) ;
#1718 = CIRCLE ( 'NONE', #1142, 0.1000000000000000611 ) ;
#1719 =( NAMED_UNIT ( * ) PLANE_ANGLE_UNIT ( ) SI_UNIT ( $, .RADIAN. ) );
#1720 =( LENGTH_UNIT ( ) NAMED_UNIT ( * ) SI_UNIT ( .MILLI., .METRE. ) );
#1721 = SURFACE_STYLE_USAGE ( .BOTH. , #1697 ) ;
#1722 = CIRCLE ( 'NONE', #183, 0.1962167265763692936 ) ;
#1723 = COLOUR_RGB ( '',1.000000000000000000, 1.000000000000000000, 1.000000000000000000 ) ;
#1724 = LINE ( 'NONE', #4178, #4299 ) ;
#1725 = PRESENTATION_LAYER_ASSIGNMENT (  '', '', ( #4043 ) ) ;
#1726 = ORIENTED_EDGE ( 'NONE', *, *, #1458, .F. ) ;
#1727 = ORIENTED_EDGE ( 'NONE', *, *, #2580, .F. ) ;
#1728 = ADVANCED_FACE ( 'NONE', ( #3264 ), #1784, .T. ) ;
#1729 = EDGE_CURVE ( 'NONE', #2695, #622, #3708, .T. ) ;
#1730 = CARTESIAN_POINT ( 'NONE',  ( -4.942623279395729625E-16, 2.677803456703730326E-16, 0.000000000000000000 ) ) ;
#1731 = CARTESIAN_POINT ( 'NONE',  ( -2.290000000000000036, -6.219999999999999751, 1.574999999999999956 ) ) ;
#1732 = VERTEX_POINT ( 'NONE', #919 ) ;
#1733 = CARTESIAN_POINT ( 'NONE',  ( 2.207500000000000462, 1.834999999999999964, 0.000000000000000000 ) ) ;
#1734 = CARTESIAN_POINT ( 'NONE',  ( -2.507500000000000284, 1.435000000000000053, 0.5350000000000000311 ) ) ;
#1735 =( NAMED_UNIT ( * ) SI_UNIT ( $, .STERADIAN. ) SOLID_ANGLE_UNIT ( ) );
#1736 = CARTESIAN_POINT ( 'NONE',  ( -3.269999999999999574, -2.905501116343554902, 0.000000000000000000 ) ) ;
#1737 = EDGE_CURVE ( 'NONE', #1592, #2345, #3599, .T. ) ;
#1738 = MECHANICAL_DESIGN_GEOMETRIC_PRESENTATION_REPRESENTATION (  '', ( #2411 ), #428 ) ;
#1739 = LINE ( 'NONE', #2749, #1372 ) ;
#1740 = CARTESIAN_POINT ( 'NONE',  ( -2.989145365948599586, 2.862113486477773083, 2.305934388152829584 ) ) ;
#1741 = ORIENTED_EDGE ( 'NONE', *, *, #3354, .F. ) ;
#1742 = PRESENTATION_STYLE_ASSIGNMENT (( #3575 ) ) ;
#1743 = CIRCLE ( 'NONE', #872, 0.09999999999999993616 ) ;
#1744 = DIRECTION ( 'NONE',  ( 1.000000000000000000, 0.000000000000000000, -0.000000000000000000 ) ) ;
#1745 = DIRECTION ( 'NONE',  ( 0.04381752416915602605, 0.000000000000000000, 0.9990395510567564585 ) ) ;
#1746 = COLOUR_RGB ( '',1.000000000000000000, 1.000000000000000000, 1.000000000000000000 ) ;
#1747 = COLOUR_RGB ( '',1.000000000000000000, 1.000000000000000000, 1.000000000000000000 ) ;
#1748 = CARTESIAN_POINT ( 'NONE',  ( 0.000000000000000000, 0.000000000000000000, 2.379999999959636625 ) ) ;
#1749 = SURFACE_SIDE_STYLE ('',( #1004 ) ) ;
#1750 = ORIENTED_EDGE ( 'NONE', *, *, #184, .T. ) ;
#1751 = ORIENTED_EDGE ( 'NONE', *, *, #4449, .T. ) ;
#1752 = AXIS2_PLACEMENT_3D ( 'NONE', #3089, #1010, #2704 ) ;
#1753 = CARTESIAN_POINT ( 'NONE',  ( -3.069903862770780201, -2.890878406250721788, 2.369754158444211001 ) ) ;
#1754 = DIRECTION ( 'NONE',  ( -1.000000000000000000, 8.864471316691248177E-16, -6.380638221762067763E-16 ) ) ;
#1755 = FILL_AREA_STYLE ('',( #322 ) ) ;
#1756 = ORIENTED_EDGE ( 'NONE', *, *, #3287, .T. ) ;
#1757 = FACE_OUTER_BOUND ( 'NONE', #211, .T. ) ;
#1758 = DIRECTION ( 'NONE',  ( -0.9990395510567564585, 0.000000000000000000, 0.04381752416915579706 ) ) ;
#1759 = CARTESIAN_POINT ( 'NONE',  ( -3.270000000000000018, -2.846260663705402205, 0.000000000000000000 ) ) ;
#1760 = EDGE_CURVE ( 'NONE', #1190, #2221, #531, .T. ) ;
#1761 = EDGE_CURVE ( 'NONE', #1912, #3561, #1235, .T. ) ;
#1762 = CARTESIAN_POINT ( 'NONE',  ( -3.270000000000000018, -2.846260663705402205, 0.000000000000000000 ) ) ;
#1763 =( LENGTH_UNIT ( ) NAMED_UNIT ( * ) SI_UNIT ( .MILLI., .METRE. ) );
#1764 =( NAMED_UNIT ( * ) PLANE_ANGLE_UNIT ( ) SI_UNIT ( $, .RADIAN. ) );
#1765 = SURFACE_SIDE_STYLE ('',( #3892 ) ) ;
#1766 = PRODUCT_DEFINITION_FORMATION_WITH_SPECIFIED_SOURCE ( 'ANY', '', #4486, .NOT_KNOWN. ) ;
#1767 = SURFACE_STYLE_FILL_AREA ( #378 ) ;
#1768 = STYLED_ITEM ( 'NONE', ( #523 ), #3543 ) ;
#1769 = CARTESIAN_POINT ( 'NONE',  ( 3.134824332500949939, -2.942571447246599803, 0.7998132901521189941 ) ) ;
#1770 = SURFACE_STYLE_USAGE ( .BOTH. , #1749 ) ;
#1771 =( GEOMETRIC_REPRESENTATION_CONTEXT ( 3 ) GLOBAL_UNCERTAINTY_ASSIGNED_CONTEXT ( ( #2325 ) ) GLOBAL_UNIT_ASSIGNED_CONTEXT ( ( #4428, #1245, #1988 ) ) REPRESENTATION_CONTEXT ( 'NONE', 'WORKASPACE' ) );
#1772 = ORIENTED_EDGE ( 'NONE', *, *, #3352, .F. ) ;
#1773 = ORIENTED_EDGE ( 'NONE', *, *, #1178, .T. ) ;
#1774 = MECHANICAL_DESIGN_GEOMETRIC_PRESENTATION_REPRESENTATION (  '', ( #758 ), #1771 ) ;
#1775 = AXIS2_PLACEMENT_3D ( 'NONE', #591, #1612, #234 ) ;
#1776 =( NAMED_UNIT ( * ) PLANE_ANGLE_UNIT ( ) SI_UNIT ( $, .RADIAN. ) );
#1777 = COLOUR_RGB ( '',1.000000000000000000, 1.000000000000000000, 1.000000000000000000 ) ;
#1778 = CARTESIAN_POINT ( 'NONE',  ( 3.099586481708719976, 2.793436500409530066, 1.603236288214850092 ) ) ;
#1779 = ORIENTED_EDGE ( 'NONE', *, *, #3152, .T. ) ;
#1780 = PRESENTATION_STYLE_ASSIGNMENT (( #3199 ) ) ;
#1781 = PRESENTATION_LAYER_ASSIGNMENT (  '', '', ( #2972 ) ) ;
#1782 = CARTESIAN_POINT ( 'NONE',  ( -2.669999999999999929, -6.942084783908578416, -2.710505431213761085E-17 ) ) ;
#1783 =( NAMED_UNIT ( * ) PLANE_ANGLE_UNIT ( ) SI_UNIT ( $, .RADIAN. ) );
#1784 = PLANE ( 'NONE',  #579 ) ;
#1785 = SURFACE_SIDE_STYLE ('',( #3223 ) ) ;
#1786 = EDGE_CURVE ( 'NONE', #4202, #1822, #199, .T. ) ;
#1787 = EDGE_CURVE ( 'NONE', #3307, #2078, #2923, .T. ) ;
#1788 = DIRECTION ( 'NONE',  ( 0.04350722696467121398, 0.1187981766220960467, 0.9919647747945032901 ) ) ;
#1789 = DIRECTION ( 'NONE',  ( -0.000000000000000000, 1.000000000000000000, 0.000000000000000000 ) ) ;
#1790 = SURFACE_STYLE_FILL_AREA ( #78 ) ;
#1791 = PLANE ( 'NONE',  #1676 ) ;
#1792 = CIRCLE ( 'NONE', #702, 0.4000000000000001887 ) ;
#1793 = EDGE_CURVE ( 'NONE', #2476, #895, #4120, .T. ) ;
#1794 = CARTESIAN_POINT ( 'NONE',  ( 3.228259010674578100, -2.947499999999995790, 0.000000000000000000 ) ) ;
#1795 = EDGE_LOOP ( 'NONE', ( #1258, #2479, #2082, #3283, #545, #1693, #3897, #1597 ) ) ;
#1796 = LINE ( 'NONE', #429, #2114 ) ;
#1797 = EDGE_LOOP ( 'NONE', ( #1954, #3233, #937, #21, #1230 ) ) ;
#1798 = AXIS2_PLACEMENT_3D ( 'NONE', #1968, #3373, #3768 ) ;
#1799 = DIRECTION ( 'NONE',  ( 0.000000000000000000, 0.9898926866452568696, 0.1418184364821273302 ) ) ;
#1800 = ORIENTED_EDGE ( 'NONE', *, *, #3778, .F. ) ;
#1801 = CIRCLE ( 'NONE', #419, 0.09999999999999993616 ) ;
#1802 =( NAMED_UNIT ( * ) PLANE_ANGLE_UNIT ( ) SI_UNIT ( $, .RADIAN. ) );
#1803 = CIRCLE ( 'NONE', #1874, 0.4000000000000001887 ) ;
#1804 = DIRECTION ( 'NONE',  ( -0.04381752416915601911, 0.000000000000000000, -0.9990395510567564585 ) ) ;
#1805 = CARTESIAN_POINT ( 'NONE',  ( -3.138817725256811908, 3.047499999999999876, 0.7087639353182816349 ) ) ;
#1806 = FACE_OUTER_BOUND ( 'NONE', #4498, .T. ) ;
#1807 = AXIS2_PLACEMENT_3D ( 'NONE', #4408, #4124, #3417 ) ;
#1808 = CARTESIAN_POINT ( 'NONE',  ( 2.522499999999999520, -6.198439174041886268, 1.408678928324026192 ) ) ;
#1809 = DIRECTION ( 'NONE',  ( 1.000000000000000000, 0.000000000000000000, -0.000000000000000000 ) ) ;
#1810 = VECTOR ( 'NONE', #2021, 1000.000000000000114 ) ;
#1811 = EDGE_CURVE ( 'NONE', #495, #2122, #3825, .T. ) ;
#1812 = CARTESIAN_POINT ( 'NONE',  ( -3.169807817876452383, -2.846785424473900594, 2.284381752416920541 ) ) ;
#1813 = SURFACE_STYLE_USAGE ( .BOTH. , #2899 ) ;
#1814 =( GEOMETRIC_REPRESENTATION_CONTEXT ( 3 ) GLOBAL_UNCERTAINTY_ASSIGNED_CONTEXT ( ( #1883 ) ) GLOBAL_UNIT_ASSIGNED_CONTEXT ( ( #161, #3625, #3651 ) ) REPRESENTATION_CONTEXT ( 'NONE', 'WORKASPACE' ) );
#1815 = DIRECTION ( 'NONE',  ( 1.000000000000000000, 2.546383084002650169E-16, 0.000000000000000000 ) ) ;
#1816 = ORIENTED_EDGE ( 'NONE', *, *, #3930, .T. ) ;
#1817 = DIRECTION ( 'NONE',  ( -1.000000000000000000, 1.345724878333519912E-15, -0.000000000000000000 ) ) ;
#1818 = VECTOR ( 'NONE', #661, 1000.000000000000000 ) ;
#1819 = CARTESIAN_POINT ( 'NONE',  ( 3.169382324298108955, -2.947499999999997122, 1.084202172485504434E-16 ) ) ;
#1820 = DIRECTION ( 'NONE',  ( -1.000000000000000000, -0.000000000000000000, 0.000000000000000000 ) ) ;
#1821 = FILL_AREA_STYLE ('',( #1891 ) ) ;
#1822 = VERTEX_POINT ( 'NONE', #3317 ) ;
#1823 = AXIS2_PLACEMENT_3D ( 'NONE', #2831, #4578, #3530 ) ;
#1824 = DIRECTION ( 'NONE',  ( -0.04350722696466978456, 0.1187981766220963242, 0.9919647747945032901 ) ) ;
#1825 = CARTESIAN_POINT ( 'NONE',  ( 1.824999999999999734, -6.617440118994263543, 0.1663210716759749852 ) ) ;
#1826 = DIRECTION ( 'NONE',  ( -0.000000000000000000, 0.000000000000000000, -1.000000000000000000 ) ) ;
#1827 =( NAMED_UNIT ( * ) PLANE_ANGLE_UNIT ( ) SI_UNIT ( $, .RADIAN. ) );
#1828 = LINE ( 'NONE', #420, #852 ) ;
#1829 = FILL_AREA_STYLE ('',( #3961 ) ) ;
#1830 = CARTESIAN_POINT ( 'NONE',  ( -2.745000000000000107, -6.620000000000000107, 0.000000000000000000 ) ) ;
#1831 = FILL_AREA_STYLE ('',( #3944 ) ) ;
#1832 = FILL_AREA_STYLE ('',( #811 ) ) ;
#1833 = VERTEX_POINT ( 'NONE', #3759 ) ;
#1834 = CARTESIAN_POINT ( 'NONE',  ( 2.754999999999999893, -6.725589679152948364, 0.6763210716759716634 ) ) ;
#1835 = DIRECTION ( 'NONE',  ( 1.084202172485503842E-15, 1.000000000000000000, 8.131516293641279311E-16 ) ) ;
#1836 = ORIENTED_EDGE ( 'NONE', *, *, #423, .T. ) ;
#1837 = EDGE_CURVE ( 'NONE', #490, #1393, #2297, .T. ) ;
#1838 = DIRECTION ( 'NONE',  ( 1.000000000000000000, 0.000000000000000000, 0.000000000000000000 ) ) ;
#1839 = EDGE_CURVE ( 'NONE', #1117, #3307, #1743, .T. ) ;
#1840 = PRESENTATION_STYLE_ASSIGNMENT (( #4288 ) ) ;
#1841 = VERTEX_POINT ( 'NONE', #1264 ) ;
#1842 = STYLED_ITEM ( 'NONE', ( #2730 ), #3206 ) ;
#1843 = FILL_AREA_STYLE ('',( #1234 ) ) ;
#1844 = PRESENTATION_LAYER_ASSIGNMENT (  '', '', ( #1417 ) ) ;
#1845 = SURFACE_STYLE_FILL_AREA ( #2968 ) ;
#1846 = COLOUR_RGB ( '',1.000000000000000000, 1.000000000000000000, 1.000000000000000000 ) ;
#1847 = STYLED_ITEM ( 'NONE', ( #4225 ), #4151 ) ;
#1848 = CARTESIAN_POINT ( 'NONE',  ( 2.669999999999999485, -6.942084783908589962, 0.4000000000000000222 ) ) ;
#1849 = VECTOR ( 'NONE', #1434, 1000.000000000000000 ) ;
#1850 = CARTESIAN_POINT ( 'NONE',  ( 1.909999999999999698, -5.765644948968879469, 1.064999999999999947 ) ) ;
#1851 = LINE ( 'NONE', #1808, #3139 ) ;
#1852 = DIRECTION ( 'NONE',  ( 0.000000000000000000, 1.000000000000000000, 0.000000000000000000 ) ) ;
#1853 =( LENGTH_UNIT ( ) NAMED_UNIT ( * ) SI_UNIT ( .MILLI., .METRE. ) );
#1854 = CLOSED_SHELL ( 'NONE', ( #3869, #3098, #1903, #2895, #2645, #1534, #1728, #2421 ) ) ;
#1855 = CARTESIAN_POINT ( 'NONE',  ( -3.069903862770779757, 2.696478948577849533, 2.279999999999998916 ) ) ;
#1856 = EDGE_LOOP ( 'NONE', ( #2169, #2100, #2760, #2886 ) ) ;
#1857 = SURFACE_SIDE_STYLE ('',( #469 ) ) ;
#1858 = ORIENTED_EDGE ( 'NONE', *, *, #3714, .T. ) ;
#1859 =( GEOMETRIC_REPRESENTATION_CONTEXT ( 3 ) GLOBAL_UNCERTAINTY_ASSIGNED_CONTEXT ( ( #3758 ) ) GLOBAL_UNIT_ASSIGNED_CONTEXT ( ( #706, #3232, #3250 ) ) REPRESENTATION_CONTEXT ( 'NONE', 'WORKASPACE' ) );
#1860 = PRESENTATION_STYLE_ASSIGNMENT (( #841 ) ) ;
#1861 = PRESENTATION_STYLE_ASSIGNMENT (( #3335 ) ) ;
#1862 = STYLED_ITEM ( 'NONE', ( #547 ), #2762 ) ;
#1863 = CYLINDRICAL_SURFACE ( 'NONE', #3804, 0.1000000000000001166 ) ;
#1864 = COLOUR_RGB ( '',1.000000000000000000, 1.000000000000000000, 1.000000000000000000 ) ;
#1865 = ORIENTED_EDGE ( 'NONE', *, *, #2838, .T. ) ;
#1866 = EDGE_CURVE ( 'NONE', #4029, #2940, #898, .T. ) ;
#1867 = STYLED_ITEM ( 'NONE', ( #2700 ), #1331 ) ;
#1868 =( NAMED_UNIT ( * ) SI_UNIT ( $, .STERADIAN. ) SOLID_ANGLE_UNIT ( ) );
#1869 = EDGE_CURVE ( 'NONE', #2976, #471, #121, .T. ) ;
#1870 = COLOUR_RGB ( '',1.000000000000000000, 1.000000000000000000, 1.000000000000000000 ) ;
#1871 = EDGE_LOOP ( 'NONE', ( #1726, #3194, #4351, #1444 ) ) ;
#1872 = CARTESIAN_POINT ( 'NONE',  ( -2.669999999999999929, -6.942084783908576640, 0.4000000000000000222 ) ) ;
#1873 = CARTESIAN_POINT ( 'NONE',  ( -1.909999999999999698, -6.090289613883200559, 0.8986789283240235182 ) ) ;
#1874 = AXIS2_PLACEMENT_3D ( 'NONE', #1872, #145, #1556 ) ;
#1875 = FACE_OUTER_BOUND ( 'NONE', #1415, .T. ) ;
#1876 = ORIENTED_EDGE ( 'NONE', *, *, #4340, .F. ) ;
#1877 = UNCERTAINTY_MEASURE_WITH_UNIT (LENGTH_MEASURE( 1.000000000000000082E-05 ), #139, 'distance_accuracy_value', 'NONE');
#1878 = DIRECTION ( 'NONE',  ( 0.000000000000000000, 0.000000000000000000, 1.000000000000000000 ) ) ;
#1879 = STYLED_ITEM ( 'NONE', ( #314 ), #1510 ) ;
#1880 = CARTESIAN_POINT ( 'NONE',  ( 3.228538822418492327, 3.047500000000000320, 0.000000000000000000 ) ) ;
#1881 = CARTESIAN_POINT ( 'NONE',  ( -2.669999999999999929, -7.669999999999999929, 0.5100000000000000089 ) ) ;
#1882 = ORIENTED_EDGE ( 'NONE', *, *, #3843, .F. ) ;
#1883 = UNCERTAINTY_MEASURE_WITH_UNIT (LENGTH_MEASURE( 1.000000000000000082E-05 ), #161, 'distance_accuracy_value', 'NONE');
#1884 = MECHANICAL_DESIGN_GEOMETRIC_PRESENTATION_REPRESENTATION (  '', ( #577 ), #1382 ) ;
#1885 = CARTESIAN_POINT ( 'NONE',  ( -1.907499999999999973, 2.234999999999999876, 0.000000000000000000 ) ) ;
#1886 = ORIENTED_EDGE ( 'NONE', *, *, #1761, .F. ) ;
#1887 = VECTOR ( 'NONE', #1437, 1000.000000000000000 ) ;
#1888 =( GEOMETRIC_REPRESENTATION_CONTEXT ( 3 ) GLOBAL_UNCERTAINTY_ASSIGNED_CONTEXT ( ( #3694 ) ) GLOBAL_UNIT_ASSIGNED_CONTEXT ( ( #2083, #2804, #3060 ) ) REPRESENTATION_CONTEXT ( 'NONE', 'WORKASPACE' ) );
#1889 = CARTESIAN_POINT ( 'NONE',  ( -3.233076635111010955, -3.006199717865666532, 0.8418527194689083837 ) ) ;
#1890 = SURFACE_SIDE_STYLE ('',( #3281 ) ) ;
#1891 = FILL_AREA_STYLE_COLOUR ( '', #4308 ) ;
#1892 = ORIENTED_EDGE ( 'NONE', *, *, #1178, .F. ) ;
#1893 = ORIENTED_EDGE ( 'NONE', *, *, #2679, .T. ) ;
#1894 = DIRECTION ( 'NONE',  ( -8.673617379884026006E-15, -0.9898926866452568696, -0.1418184364821273302 ) ) ;
#1895 = EDGE_CURVE ( 'NONE', #3774, #942, #2945, .T. ) ;
#1896 = STYLED_ITEM ( 'NONE', ( #3787 ), #2585 ) ;
#1897 = DIRECTION ( 'NONE',  ( 0.000000000000000000, -1.000000000000000000, 0.000000000000000000 ) ) ;
#1898 = ORIENTED_EDGE ( 'NONE', *, *, #4366, .T. ) ;
#1899 = DIRECTION ( 'NONE',  ( -0.5999999999999999778, -0.8000000000000000444, 0.000000000000000000 ) ) ;
#1900 =( NAMED_UNIT ( * ) SI_UNIT ( $, .STERADIAN. ) SOLID_ANGLE_UNIT ( ) );
#1901 = STYLED_ITEM ( 'NONE', ( #1780 ), #2645 ) ;
#1902 = EDGE_CURVE ( 'NONE', #1121, #3455, #4424, .T. ) ;
#1903 = ADVANCED_FACE ( 'NONE', ( #1875 ), #1531, .T. ) ;
#1904 = ORIENTED_EDGE ( 'NONE', *, *, #2391, .F. ) ;
#1905 =( NAMED_UNIT ( * ) PLANE_ANGLE_UNIT ( ) SI_UNIT ( $, .RADIAN. ) );
#1906 = LINE ( 'NONE', #4410, #3726 ) ;
#1907 = CARTESIAN_POINT ( 'NONE',  ( 2.754999999999999893, -6.617440118994264431, 0.1663210716759752905 ) ) ;
#1908 = ORIENTED_EDGE ( 'NONE', *, *, #655, .T. ) ;
#1909 = DIRECTION ( 'NONE',  ( 0.000000000000000000, -0.000000000000000000, -1.000000000000000000 ) ) ;
#1910 = ORIENTED_EDGE ( 'NONE', *, *, #2812, .F. ) ;
#1911 = CARTESIAN_POINT ( 'NONE',  ( -3.069903862770778424, 2.696478948577854418, 2.280000000000005134 ) ) ;
#1912 = VERTEX_POINT ( 'NONE', #965 ) ;
#1913 = AXIS2_PLACEMENT_3D ( 'NONE', #226, #967, #578 ) ;
#1914 = PLANE ( 'NONE',  #761 ) ;
#1915 = CARTESIAN_POINT ( 'NONE',  ( 3.205128551456504660, 3.047317957644112951, 0.5375474904152016675 ) ) ;
#1916 = SURFACE_SIDE_STYLE ('',( #3347 ) ) ;
#1917 = PLANE ( 'NONE',  #910 ) ;
#1918 = STYLED_ITEM ( 'NONE', ( #828 ), #3065 ) ;
#1919 = AXIS2_PLACEMENT_3D ( 'NONE', #3301, #2563, #3620 ) ;
#1920 = COLOUR_RGB ( '',0.3921568627450980338, 0.3921568627450980338, 0.3921568627450980338 ) ;
#1921 = STYLED_ITEM ( 'NONE', ( #2997 ), #4514 ) ;
#1922 = CARTESIAN_POINT ( 'NONE',  ( -3.220000000000000195, 2.947500000000000231, 1.139999999999999902 ) ) ;
#1923 = ADVANCED_FACE ( 'NONE', ( #3857 ), #1638, .T. ) ;
#1924 = EDGE_CURVE ( 'NONE', #4050, #3128, #1319, .T. ) ;
#1925 =( LENGTH_UNIT ( ) NAMED_UNIT ( * ) SI_UNIT ( .MILLI., .METRE. ) );
#1926 = UNCERTAINTY_MEASURE_WITH_UNIT (LENGTH_MEASURE( 1.000000000000000082E-05 ), #2860, 'distance_accuracy_value', 'NONE');
#1927 = SURFACE_STYLE_USAGE ( .BOTH. , #540 ) ;
#1928 = ORIENTED_EDGE ( 'NONE', *, *, #901, .F. ) ;
#1929 = EDGE_CURVE ( 'NONE', #2314, #670, #2010, .T. ) ;
#1930 = FILL_AREA_STYLE ('',( #936 ) ) ;
#1931 = VERTEX_POINT ( 'NONE', #2368 ) ;
#1932 = COLOUR_RGB ( '',1.000000000000000000, 1.000000000000000000, 1.000000000000000000 ) ;
#1933 = PRESENTATION_LAYER_ASSIGNMENT (  '', '', ( #555 ) ) ;
#1934 = ORIENTED_EDGE ( 'NONE', *, *, #2155, .T. ) ;
#1935 = LINE ( 'NONE', #1583, #1588 ) ;
#1936 = DIRECTION ( 'NONE',  ( 0.000000000000000000, 1.000000000000000000, -4.336808689942025625E-15 ) ) ;
#1937 = CIRCLE ( 'NONE', #4542, 0.09999999999999983902 ) ;
#1938 = AXIS2_PLACEMENT_3D ( 'NONE', #37, #459, #3552 ) ;
#1939 = FACE_OUTER_BOUND ( 'NONE', #163, .T. ) ;
#1940 = UNCERTAINTY_MEASURE_WITH_UNIT (LENGTH_MEASURE( 1.000000000000000082E-05 ), #1395, 'distance_accuracy_value', 'NONE');
#1941 = VECTOR ( 'NONE', #2017, 1000.000000000000000 ) ;
#1942 = DIRECTION ( 'NONE',  ( -1.000000000000000000, 8.864471316691248177E-16, -6.380638221762067763E-16 ) ) ;
#1943 = PRESENTATION_LAYER_ASSIGNMENT (  '', '', ( #780 ) ) ;
#1944 = SURFACE_STYLE_USAGE ( .BOTH. , #905 ) ;
#1945 = EDGE_CURVE ( 'NONE', #570, #3491, #4548, .T. ) ;
#1946 =( LENGTH_UNIT ( ) NAMED_UNIT ( * ) SI_UNIT ( .MILLI., .METRE. ) );
#1947 = DIRECTION ( 'NONE',  ( -1.000000000000000000, 8.864471316691248177E-16, -6.380638221762067763E-16 ) ) ;
#1948 = CARTESIAN_POINT ( 'NONE',  ( -1.635000000000000009, -3.047500000000000320, 0.8350000000000000755 ) ) ;
#1949 = EDGE_LOOP ( 'NONE', ( #2214, #732, #2822, #3658, #2592, #1214 ) ) ;
#1950 = DIRECTION ( 'NONE',  ( 0.000000000000000000, 1.000000000000000000, 0.000000000000000000 ) ) ;
#1951 = DIRECTION ( 'NONE',  ( 0.5431086805435981768, 0.5381361632329509925, 0.6445482378682846347 ) ) ;
#1952 = ORIENTED_EDGE ( 'NONE', *, *, #1702, .T. ) ;
#1953 = CARTESIAN_POINT ( 'NONE',  ( -2.507499999999999840, 2.234999999999999876, 0.000000000000000000 ) ) ;
#1954 = ORIENTED_EDGE ( 'NONE', *, *, #220, .F. ) ;
#1955 = COLOUR_RGB ( '',1.000000000000000000, 1.000000000000000000, 1.000000000000000000 ) ;
#1956 = PRESENTATION_STYLE_ASSIGNMENT (( #505 ) ) ;
#1957 =( NAMED_UNIT ( * ) PLANE_ANGLE_UNIT ( ) SI_UNIT ( $, .RADIAN. ) );
#1958 = DIRECTION ( 'NONE',  ( -0.000000000000000000, 0.000000000000000000, 1.000000000000000000 ) ) ;
#1959 =( NAMED_UNIT ( * ) PLANE_ANGLE_UNIT ( ) SI_UNIT ( $, .RADIAN. ) );
#1960 = FILL_AREA_STYLE_COLOUR ( '', #3934 ) ;
#1961 = CARTESIAN_POINT ( 'NONE',  ( -1.910000000000000586, -7.050234344067272119, 0.5100000000000000089 ) ) ;
#1962 = CARTESIAN_POINT ( 'NONE',  ( 3.124602643412339731, -2.901148327010768302, 2.343660963109997386 ) ) ;
#1963 = FILL_AREA_STYLE ('',( #3022 ) ) ;
#1964 = PRESENTATION_LAYER_ASSIGNMENT (  '', '', ( #1896 ) ) ;
#1965 =( NAMED_UNIT ( * ) PLANE_ANGLE_UNIT ( ) SI_UNIT ( $, .RADIAN. ) );
#1966 = SURFACE_SIDE_STYLE ('',( #3418 ) ) ;
#1967 =( NAMED_UNIT ( * ) SI_UNIT ( $, .STERADIAN. ) SOLID_ANGLE_UNIT ( ) );
#1968 = CARTESIAN_POINT ( 'NONE',  ( 2.507499999999999840, -2.234999999999999876, 0.000000000000000000 ) ) ;
#1969 = SURFACE_STYLE_FILL_AREA ( #160 ) ;
#1970 = FILL_AREA_STYLE_COLOUR ( '', #1024 ) ;
#1971 = CARTESIAN_POINT ( 'NONE',  ( 3.269999999999996909, 2.947500000000000231, -8.131516293641283255E-17 ) ) ;
#1972 = DIRECTION ( 'NONE',  ( -0.000000000000000000, -1.000000000000000000, 0.000000000000000000 ) ) ;
#1973 = CARTESIAN_POINT ( 'NONE',  ( -3.038723367859963442, -2.877752571597515185, 2.369826569210567335 ) ) ;
#1974 = ORIENTED_EDGE ( 'NONE', *, *, #38, .F. ) ;
#1975 = ORIENTED_EDGE ( 'NONE', *, *, #2763, .F. ) ;
#1976 = ADVANCED_FACE ( 'NONE', ( #281 ), #1665, .F. ) ;
#1977 = SURFACE_STYLE_USAGE ( .BOTH. , #4419 ) ;
#1978 = ADVANCED_FACE ( 'NONE', ( #3173 ), #436, .F. ) ;
#1979 = CARTESIAN_POINT ( 'NONE',  ( 3.159987903766137141, -2.889249594220237416, 2.289036583740565067 ) ) ;
#1980 = FILL_AREA_STYLE_COLOUR ( '', #4019 ) ;
#1981 = ORIENTED_EDGE ( 'NONE', *, *, #1066, .T. ) ;
#1982 = EDGE_LOOP ( 'NONE', ( #542, #4096, #1518, #3633 ) ) ;
#1983 = PRESENTATION_STYLE_ASSIGNMENT (( #4526 ) ) ;
#1984 = AXIS2_PLACEMENT_3D ( 'NONE', #1145, #4331, #894 ) ;
#1985 = UNCERTAINTY_MEASURE_WITH_UNIT (LENGTH_MEASURE( 1.000000000000000082E-05 ), #2281, 'distance_accuracy_value', 'NONE');
#1986 = COLOUR_RGB ( '',1.000000000000000000, 1.000000000000000000, 1.000000000000000000 ) ;
#1987 = CARTESIAN_POINT ( 'NONE',  ( 3.124214730825129571, 2.750292564901145820, 2.344454823786828790 ) ) ;
#1988 =( NAMED_UNIT ( * ) SI_UNIT ( $, .STERADIAN. ) SOLID_ANGLE_UNIT ( ) );
#1989 = CARTESIAN_POINT ( 'NONE',  ( -2.669999999999999929, -6.219999999999999751, 0.000000000000000000 ) ) ;
#1990 = COLOUR_RGB ( '',0.3921568627450980338, 0.3921568627450980338, 0.3921568627450980338 ) ;
#1991 = VECTOR ( 'NONE', #4182, 1000.000000000000000 ) ;
#1992 = VECTOR ( 'NONE', #3399, 1000.000000000000114 ) ;
#1993 = PRESENTATION_LAYER_ASSIGNMENT (  '', '', ( #2225 ) ) ;
#1994 = FILL_AREA_STYLE ('',( #2430 ) ) ;
#1995 = DIRECTION ( 'NONE',  ( 0.000000000000000000, 0.5841973208100660342, 0.8116116622858130514 ) ) ;
#1996 =( GEOMETRIC_REPRESENTATION_CONTEXT ( 3 ) GLOBAL_UNCERTAINTY_ASSIGNED_CONTEXT ( ( #1562 ) ) GLOBAL_UNIT_ASSIGNED_CONTEXT ( ( #3216, #3923, #46 ) ) REPRESENTATION_CONTEXT ( 'NONE', 'WORKASPACE' ) );
#1997 = DIRECTION ( 'NONE',  ( 0.000000000000000000, 0.9898926866452568696, 0.1418184364821273302 ) ) ;
#1998 = AXIS2_PLACEMENT_3D ( 'NONE', #1115, #4345, #2516 ) ;
#1999 = SURFACE_SIDE_STYLE ('',( #3772 ) ) ;
#2000 = CARTESIAN_POINT ( 'NONE',  ( 2.754999999999999893, -6.219999999999999751, 0.7184753252913850252 ) ) ;
#2001 = PRESENTATION_STYLE_ASSIGNMENT (( #569 ) ) ;
#2002 = VERTEX_POINT ( 'NONE', #1123 ) ;
#2003 = EDGE_LOOP ( 'NONE', ( #4333, #646, #273, #1421 ) ) ;
#2004 = LINE ( 'NONE', #2671, #3941 ) ;
#2005 = VERTEX_POINT ( 'NONE', #4290 ) ;
#2006 = EDGE_CURVE ( 'NONE', #3701, #2078, #2528, .T. ) ;
#2007 = CIRCLE ( 'NONE', #408, 0.1000000000000001166 ) ;
#2008 = ORIENTED_EDGE ( 'NONE', *, *, #2507, .T. ) ;
#2009 = DIRECTION ( 'NONE',  ( 0.000000000000000000, 0.000000000000000000, -1.000000000000000000 ) ) ;
#2010 = LINE ( 'NONE', #2038, #504 ) ;
#2011 = EDGE_CURVE ( 'NONE', #2639, #570, #3242, .T. ) ;
#2012 = CIRCLE ( 'NONE', #2317, 0.1000000000000001721 ) ;
#2013 = AXIS2_PLACEMENT_3D ( 'NONE', #3462, #2009, #3834 ) ;
#2014 =( LENGTH_UNIT ( ) NAMED_UNIT ( * ) SI_UNIT ( .MILLI., .METRE. ) );
#2015 = UNCERTAINTY_MEASURE_WITH_UNIT (LENGTH_MEASURE( 1.000000000000000082E-05 ), #3221, 'distance_accuracy_value', 'NONE');
#2016 = PRESENTATION_LAYER_ASSIGNMENT (  '', '', ( #4383 ) ) ;
#2017 = DIRECTION ( 'NONE',  ( 0.000000000000000000, -0.000000000000000000, -1.000000000000000000 ) ) ;
#2018 = SHAPE_REPRESENTATION ( 'ON Semi Logo', ( #1913 ), #3248 ) ;
#2019 = CARTESIAN_POINT ( 'NONE',  ( 0.000000000000000000, 0.000000000000000000, 2.379999999902793206 ) ) ;
#2020 = PRESENTATION_LAYER_ASSIGNMENT (  '', '', ( #3884 ) ) ;
#2021 = DIRECTION ( 'NONE',  ( -0.5999999999999999778, -0.8000000000000000444, 0.000000000000000000 ) ) ;
#2022 = CARTESIAN_POINT ( 'NONE',  ( 3.112959228275225865, -2.786745858058417902, 2.426969229788499050 ) ) ;
#2023 = MECHANICAL_DESIGN_GEOMETRIC_PRESENTATION_REPRESENTATION (  '', ( #1585 ), #927 ) ;
#2024 = PRESENTATION_LAYER_ASSIGNMENT (  '', '', ( #3813 ) ) ;
#2025 = STYLED_ITEM ( 'NONE', ( #128 ), #923 ) ;
#2026 =( NAMED_UNIT ( * ) SI_UNIT ( $, .STERADIAN. ) SOLID_ANGLE_UNIT ( ) );
#2027 = COLOUR_RGB ( '',0.3921568627450980338, 0.3921568627450980338, 0.3921568627450980338 ) ;
#2028 = LINE ( 'NONE', #2000, #618 ) ;
#2029 = CARTESIAN_POINT ( 'NONE',  ( -3.270000000000004459, 3.006078643762692071, 0.000000000000000000 ) ) ;
#2030 = VERTEX_POINT ( 'NONE', #1873 ) ;
#2031 = VERTEX_POINT ( 'NONE', #3289 ) ;
#2032 = SURFACE_STYLE_FILL_AREA ( #1352 ) ;
#2033 = ADVANCED_BREP_SHAPE_REPRESENTATION ( '', ( #4132, #2705, #2584, #1113, #1913 ), #2745 ) ;
#2034 = SURFACE_STYLE_USAGE ( .BOTH. , #277 ) ;
#2035 = ORIENTED_EDGE ( 'NONE', *, *, #925, .F. ) ;
#2036 = VERTEX_POINT ( 'NONE', #1192 ) ;
#2037 = UNCERTAINTY_MEASURE_WITH_UNIT (LENGTH_MEASURE( 1.000000000000000082E-05 ), #3298, 'distance_accuracy_value', 'NONE');
#2038 = CARTESIAN_POINT ( 'NONE',  ( 2.507499999999999840, -2.234999999999999876, 0.000000000000000000 ) ) ;
#2039 = AXIS2_PLACEMENT_3D ( 'NONE', #3685, #1584, #1936 ) ;
#2040 = CARTESIAN_POINT ( 'NONE',  ( -1.815000000000001945, -5.970571860944915876, 1.064999999999997060 ) ) ;
#2041 = VECTOR ( 'NONE', #909, 1000.000000000000000 ) ;
#2042 = SURFACE_STYLE_USAGE ( .BOTH. , #3066 ) ;
#2043 = CARTESIAN_POINT ( 'NONE',  ( -3.124214730825137121, 2.750292564901145376, 2.344454823786827014 ) ) ;
#2044 = ORIENTED_EDGE ( 'NONE', *, *, #2811, .F. ) ;
#2045 = VECTOR ( 'NONE', #728, 1000.000000000000114 ) ;
#2046 = ADVANCED_FACE ( 'NONE', ( #2971 ), #2625, .F. ) ;
#2047 = EDGE_CURVE ( 'NONE', #4203, #4421, #2077, .T. ) ;
#2048 = FILL_AREA_STYLE ('',( #1062 ) ) ;
#2049 = PLANE ( 'NONE',  #1798 ) ;
#2050 = LINE ( 'NONE', #3497, #3075 ) ;
#2051 = CARTESIAN_POINT ( 'NONE',  ( -3.111192083423901078, 2.634994003713429844, 2.427385248640962612 ) ) ;
#2052 = SURFACE_STYLE_FILL_AREA ( #729 ) ;
#2053 = FILL_AREA_STYLE ('',( #664 ) ) ;
#2054 = ORIENTED_EDGE ( 'NONE', *, *, #2951, .F. ) ;
#2055 = VERTEX_POINT ( 'NONE', #339 ) ;
#2056 = DIRECTION ( 'NONE',  ( -1.000000000000000000, 1.345724878333519912E-15, -0.000000000000000000 ) ) ;
#2057 = DIRECTION ( 'NONE',  ( -0.000000000000000000, 1.000000000000000000, 0.000000000000000000 ) ) ;
#2058 = DIRECTION ( 'NONE',  ( 1.000000000000000000, 0.000000000000000000, -0.000000000000000000 ) ) ;
#2059 = ORIENTED_EDGE ( 'NONE', *, *, #507, .T. ) ;
#2060 = DIRECTION ( 'NONE',  ( 0.000000000000000000, -1.000000000000000000, -0.000000000000000000 ) ) ;
#2061 = CARTESIAN_POINT ( 'NONE',  ( -3.246473182269630886, 3.005934432745295926, 0.5364114442525421689 ) ) ;
#2062 = CARTESIAN_POINT ( 'NONE',  ( -0.3800000000000020028, -5.780000000000000249, 0.000000000000000000 ) ) ;
#2063 = DIRECTION ( 'NONE',  ( -9.766187941374937046E-16, -0.5841973208100698089, -0.8116116622858103868 ) ) ;
#2064 = EDGE_LOOP ( 'NONE', ( #1334, #2985, #1876, #866 ) ) ;
#2065 =( GEOMETRIC_REPRESENTATION_CONTEXT ( 3 ) GLOBAL_UNCERTAINTY_ASSIGNED_CONTEXT ( ( #2948 ) ) GLOBAL_UNIT_ASSIGNED_CONTEXT ( ( #1400, #3545, #1735 ) ) REPRESENTATION_CONTEXT ( 'NONE', 'WORKASPACE' ) );
#2066 = ADVANCED_FACE ( 'NONE', ( #174 ), #2994, .F. ) ;
#2067 = DIRECTION ( 'NONE',  ( 0.04350722696467131806, -0.1187981766220960606, -0.9919647747945034011 ) ) ;
#2068 = FILL_AREA_STYLE_COLOUR ( '', #3898 ) ;
#2069 = FILL_AREA_STYLE ('',( #1970 ) ) ;
#2070 =( GEOMETRIC_REPRESENTATION_CONTEXT ( 3 ) GLOBAL_UNCERTAINTY_ASSIGNED_CONTEXT ( ( #580 ) ) GLOBAL_UNIT_ASSIGNED_CONTEXT ( ( #969, #1606, #4123 ) ) REPRESENTATION_CONTEXT ( 'NONE', 'WORKASPACE' ) );
#2071 = EDGE_CURVE ( 'NONE', #2695, #135, #2640, .T. ) ;
#2072 = FACE_OUTER_BOUND ( 'NONE', #1257, .T. ) ;
#2073 = VECTOR ( 'NONE', #1045, 1000.000000000000000 ) ;
#2074 = CYLINDRICAL_SURFACE ( 'NONE', #4103, 0.1962167265763692936 ) ;
#2075 = AXIS2_PLACEMENT_3D ( 'NONE', #1141, #1838, #2549 ) ;
#2076 = EDGE_LOOP ( 'NONE', ( #1886, #3136, #696, #2054 ) ) ;
#2077 = LINE ( 'NONE', #2675, #3381 ) ;
#2078 = VERTEX_POINT ( 'NONE', #2167 ) ;
#2079 = CARTESIAN_POINT ( 'NONE',  ( 1.909999999999999920, -5.873794509127559849, 1.175000000000000044 ) ) ;
#2080 =( NAMED_UNIT ( * ) SI_UNIT ( $, .STERADIAN. ) SOLID_ANGLE_UNIT ( ) );
#2081 = DIRECTION ( 'NONE',  ( -0.000000000000000000, 0.000000000000000000, -1.000000000000000000 ) ) ;
#2082 = ORIENTED_EDGE ( 'NONE', *, *, #1075, .T. ) ;
#2083 =( LENGTH_UNIT ( ) NAMED_UNIT ( * ) SI_UNIT ( .MILLI., .METRE. ) );
#2084 = COLOUR_RGB ( '',0.3921568627450980338, 0.3921568627450980338, 0.3921568627450980338 ) ;
#2085 =( NAMED_UNIT ( * ) SI_UNIT ( $, .STERADIAN. ) SOLID_ANGLE_UNIT ( ) );
#2086 = CYLINDRICAL_SURFACE ( 'NONE', #1225, 0.09999999999999982514 ) ;
#2087 = CARTESIAN_POINT ( 'NONE',  ( 1.909999999999999254, -7.670000000000003482, 0.5100000000000000089 ) ) ;
#2088 = VERTEX_POINT ( 'NONE', #2193 ) ;
#2089 =( LENGTH_UNIT ( ) NAMED_UNIT ( * ) SI_UNIT ( .MILLI., .METRE. ) );
#2090 = AXIS2_PLACEMENT_3D ( 'NONE', #1249, #2660, #4080 ) ;
#2091 = PRESENTATION_STYLE_ASSIGNMENT (( #4195 ) ) ;
#2092 =( LENGTH_UNIT ( ) NAMED_UNIT ( * ) SI_UNIT ( .MILLI., .METRE. ) );
#2093 =( LENGTH_UNIT ( ) NAMED_UNIT ( * ) SI_UNIT ( .MILLI., .METRE. ) );
#2094 = DIRECTION ( 'NONE',  ( 0.000000000000000000, 0.000000000000000000, 1.000000000000000000 ) ) ;
#2095 =( GEOMETRIC_REPRESENTATION_CONTEXT ( 3 ) GLOBAL_UNCERTAINTY_ASSIGNED_CONTEXT ( ( #1985 ) ) GLOBAL_UNIT_ASSIGNED_CONTEXT ( ( #2281, #478, #3997 ) ) REPRESENTATION_CONTEXT ( 'NONE', 'WORKASPACE' ) );
#2096 = EDGE_CURVE ( 'NONE', #338, #2527, #1796, .T. ) ;
#2097 = EDGE_CURVE ( 'NONE', #1461, #849, #730, .T. ) ;
#2098 = DIRECTION ( 'NONE',  ( -0.000000000000000000, -0.000000000000000000, -1.000000000000000000 ) ) ;
#2099 = VECTOR ( 'NONE', #3348, 1000.000000000000000 ) ;
#2100 = ORIENTED_EDGE ( 'NONE', *, *, #3073, .F. ) ;
#2101 = CARTESIAN_POINT ( 'NONE',  ( 2.669999999999999485, -7.050234344067281000, 0.9100000000000000311 ) ) ;
#2102 = ORIENTED_EDGE ( 'NONE', *, *, #4418, .T. ) ;
#2103 = VECTOR ( 'NONE', #865, 1000.000000000000000 ) ;
#2104 = EDGE_CURVE ( 'NONE', #3989, #2608, #2720, .T. ) ;
#2105 = CARTESIAN_POINT ( 'NONE',  ( 1.824999999999999956, -6.620000000000000107, 0.000000000000000000 ) ) ;
#2106 = CARTESIAN_POINT ( 'NONE',  ( -3.069903862770780201, -2.846785424473890824, 2.279999999999999805 ) ) ;
#2107 = FILL_AREA_STYLE ('',( #2848 ) ) ;
#2108 = ORIENTED_EDGE ( 'NONE', *, *, #1787, .F. ) ;
#2109 = LINE ( 'NONE', #1834, #2103 ) ;
#2110 =( LENGTH_UNIT ( ) NAMED_UNIT ( * ) SI_UNIT ( .MILLI., .METRE. ) );
#2111 =( LENGTH_UNIT ( ) NAMED_UNIT ( * ) SI_UNIT ( .MILLI., .METRE. ) );
#2112 = PLANE ( 'NONE',  #241 ) ;
#2113 = SURFACE_STYLE_USAGE ( .BOTH. , #3135 ) ;
#2114 = VECTOR ( 'NONE', #3213, 1000.000000000000000 ) ;
#2115 = LINE ( 'NONE', #3076, #3509 ) ;
#2116 = PRESENTATION_STYLE_ASSIGNMENT (( #2835 ) ) ;
#2117 = STYLED_ITEM ( 'NONE', ( #1300 ), #2392 ) ;
#2118 = CARTESIAN_POINT ( 'NONE',  ( 3.146749660286725536, 3.047499034604527868, 0.5350067384603892640 ) ) ;
#2119 = CARTESIAN_POINT ( 'NONE',  ( 2.670000000000000373, -6.620000000000000107, 0.000000000000000000 ) ) ;
#2120 = ORIENTED_EDGE ( 'NONE', *, *, #533, .F. ) ;
#2121 = FACE_OUTER_BOUND ( 'NONE', #768, .T. ) ;
#2122 = VERTEX_POINT ( 'NONE', #3899 ) ;
#2123 = COLOUR_RGB ( '',1.000000000000000000, 1.000000000000000000, 1.000000000000000000 ) ;
#2124 = FILL_AREA_STYLE ('',( #1980 ) ) ;
#2125 = SURFACE_STYLE_USAGE ( .BOTH. , #1375 ) ;
#2126 = ORIENTED_EDGE ( 'NONE', *, *, #3714, .F. ) ;
#2127 = EDGE_CURVE ( 'NONE', #3374, #338, #62, .T. ) ;
#2128 =( NAMED_UNIT ( * ) SI_UNIT ( $, .STERADIAN. ) SOLID_ANGLE_UNIT ( ) );
#2129 = ADVANCED_FACE ( 'NONE', ( #2121 ), #3235, .F. ) ;
#2130 =( NAMED_UNIT ( * ) PLANE_ANGLE_UNIT ( ) SI_UNIT ( $, .RADIAN. ) );
#2131 =( NAMED_UNIT ( * ) PLANE_ANGLE_UNIT ( ) SI_UNIT ( $, .RADIAN. ) );
#2132 = FILL_AREA_STYLE ('',( #745 ) ) ;
#2133 = CARTESIAN_POINT ( 'NONE',  ( 2.670000000000000373, -6.219999999999999751, 0.7184753252913870236 ) ) ;
#2134 = DIRECTION ( 'NONE',  ( -0.04337548421186977060, -0.1416849627551049207, 0.9889610400306324545 ) ) ;
#2135 = CARTESIAN_POINT ( 'NONE',  ( 3.270000000000000018, 3.047499999999999876, 0.000000000000000000 ) ) ;
#2136 = SURFACE_STYLE_USAGE ( .BOTH. , #3917 ) ;
#2137 = LINE ( 'NONE', #1830, #3116 ) ;
#2138 = FILL_AREA_STYLE ('',( #749 ) ) ;
#2139 = PLANE ( 'NONE',  #773 ) ;
#2140 =( GEOMETRIC_REPRESENTATION_CONTEXT ( 3 ) GLOBAL_UNCERTAINTY_ASSIGNED_CONTEXT ( ( #1940 ) ) GLOBAL_UNIT_ASSIGNED_CONTEXT ( ( #1395, #4543, #1463 ) ) REPRESENTATION_CONTEXT ( 'NONE', 'WORKASPACE' ) );
#2141 = ORIENTED_EDGE ( 'NONE', *, *, #1177, .F. ) ;
#2142 =( NAMED_UNIT ( * ) SI_UNIT ( $, .STERADIAN. ) SOLID_ANGLE_UNIT ( ) );
#2143 = ORIENTED_EDGE ( 'NONE', *, *, #3819, .F. ) ;
#2144 = CIRCLE ( 'NONE', #3492, 0.4000000000000000222 ) ;
#2145 = MECHANICAL_DESIGN_GEOMETRIC_PRESENTATION_REPRESENTATION (  '', ( #3338 ), #1196 ) ;
#2146 = FILL_AREA_STYLE ('',( #2869 ) ) ;
#2147 = CIRCLE ( 'NONE', #162, 0.09999999999999982514 ) ;
#2148 = MECHANICAL_DESIGN_GEOMETRIC_PRESENTATION_REPRESENTATION (  '', ( #2225 ), #3341 ) ;
#2149 = FILL_AREA_STYLE ('',( #1119 ) ) ;
#2150 = CARTESIAN_POINT ( 'NONE',  ( 3.160115255632691245, 2.738460837811635518, 2.289971237349230471 ) ) ;
#2151 = ORIENTED_EDGE ( 'NONE', *, *, #1261, .F. ) ;
#2152 = SURFACE_SIDE_STYLE ('',( #720 ) ) ;
#2153 = STYLED_ITEM ( 'NONE', ( #3591 ), #4214 ) ;
#2154 = SURFACE_STYLE_FILL_AREA ( #1466 ) ;
#2155 = EDGE_CURVE ( 'NONE', #1393, #2232, #2498, .T. ) ;
#2156 = DIRECTION ( 'NONE',  ( -0.04381752416915601911, 0.000000000000000000, 0.9990395510567564585 ) ) ;
#2157 = EDGE_CURVE ( 'NONE', #1833, #1074, #2240, .T. ) ;
#2158 = SURFACE_STYLE_USAGE ( .BOTH. , #3179 ) ;
#2159 = CARTESIAN_POINT ( 'NONE',  ( -1.910000000000001252, -6.219999999999998863, 1.378724977539288465 ) ) ;
#2160 = CARTESIAN_POINT ( 'NONE',  ( 3.244999999999995666, 2.947500000000000231, 0.5699999999999995071 ) ) ;
#2161 =( GEOMETRIC_REPRESENTATION_CONTEXT ( 3 ) GLOBAL_UNCERTAINTY_ASSIGNED_CONTEXT ( ( #1664 ) ) GLOBAL_UNIT_ASSIGNED_CONTEXT ( ( #1549, #67, #451 ) ) REPRESENTATION_CONTEXT ( 'NONE', 'WORKASPACE' ) );
#2162 = PRESENTATION_STYLE_ASSIGNMENT (( #1154 ) ) ;
#2163 = PRESENTATION_LAYER_ASSIGNMENT (  '', '', ( #3878 ) ) ;
#2164 = CARTESIAN_POINT ( 'NONE',  ( 3.270000000000004459, -2.905501116343550461, 0.000000000000000000 ) ) ;
#2165 = ORIENTED_EDGE ( 'NONE', *, *, #2104, .F. ) ;
#2166 = VECTOR ( 'NONE', #4011, 1000.000000000000000 ) ;
#2167 = CARTESIAN_POINT ( 'NONE',  ( 3.069903862770778868, -2.946075918900967761, 2.291891077176900104 ) ) ;
#2168 = VECTOR ( 'NONE', #4174, 1000.000000000000000 ) ;
#2169 = ORIENTED_EDGE ( 'NONE', *, *, #1554, .F. ) ;
#2170 = PRESENTATION_LAYER_ASSIGNMENT (  '', '', ( #1302 ) ) ;
#2171 =( BOUNDED_SURFACE ( )  B_SPLINE_SURFACE ( 3, 3, ( 
 ( #4191, #1690, #3109, #1987 ),
 ( #3838, #3159, #260, #1646 ),
 ( #3488, #4481, #4146, #4528 ),
 ( #2422, #2373, #1357, #2774 ) ),
 .UNSPECIFIED., .F., .F., .F. ) 
 B_SPLINE_SURFACE_WITH_KNOTS ( ( 4, 4 ),
 ( 4, 4 ),
 ( 0.000000000000000000, 1.000000000000000000 ),
 ( 0.000000000000000000, 1.000000000000000000 ),
 .UNSPECIFIED. ) 
 GEOMETRIC_REPRESENTATION_ITEM ( )  RATIONAL_B_SPLINE_SURFACE ( (
 ( 1.000000000000000000, 0.3333333333333253767, 0.3333333333333253767, 1.000000000000000000),
 ( 0.9232626203548086607, 0.3077542067849288743, 0.3077542067849288743, 0.9232626203548086607),
 ( 0.9232626203548086607, 0.3077542067849288743, 0.3077542067849288743, 0.9232626203548086607),
 ( 1.000000000000000000, 0.3333333333333253767, 0.3333333333333253767, 1.000000000000000000) ) ) 
 REPRESENTATION_ITEM ( '' )  SURFACE ( )  );
#2172 = FILL_AREA_STYLE ('',( #769 ) ) ;
#2173 = AXIS2_PLACEMENT_3D ( 'NONE', #1564, #2977, #4380 ) ;
#2174 = SURFACE_SIDE_STYLE ('',( #3567 ) ) ;
#2175 = DIRECTION ( 'NONE',  ( 0.000000000000000000, 0.000000000000000000, -1.000000000000000000 ) ) ;
#2176 = ORIENTED_EDGE ( 'NONE', *, *, #3449, .F. ) ;
#2177 = AXIS2_PLACEMENT_3D ( 'NONE', #4228, #4368, #3608 ) ;
#2178 = VECTOR ( 'NONE', #1240, 1000.000000000000000 ) ;
#2179 = SURFACE_SIDE_STYLE ('',( #3571 ) ) ;
#2180 = SURFACE_SIDE_STYLE ('',( #1425 ) ) ;
#2181 = PRESENTATION_STYLE_ASSIGNMENT (( #1107 ) ) ;
#2182 = PLANE ( 'NONE',  #883 ) ;
#2183 = CARTESIAN_POINT ( 'NONE',  ( -3.091391640415704689, -3.004749132111065091, 1.801969746872585487 ) ) ;
#2184 = DIRECTION ( 'NONE',  ( -1.000000000000000000, -1.106902317672140027E-16, 0.000000000000000000 ) ) ;
#2185 = DIRECTION ( 'NONE',  ( 0.000000000000000000, 0.000000000000000000, 1.000000000000000000 ) ) ;
#2186 = EDGE_CURVE ( 'NONE', #2699, #1414, #2638, .T. ) ;
#2187 = MECHANICAL_DESIGN_GEOMETRIC_PRESENTATION_REPRESENTATION (  '', ( #4561 ), #3377 ) ;
#2188 = EDGE_CURVE ( 'NONE', #4227, #4183, #563, .T. ) ;
#2189 = COLOUR_RGB ( '',0.3921568627450980338, 0.3921568627450980338, 0.3921568627450980338 ) ;
#2190 = MECHANICAL_DESIGN_GEOMETRIC_PRESENTATION_REPRESENTATION (  '', ( #3382 ), #2856 ) ;
#2191 = ORIENTED_EDGE ( 'NONE', *, *, #2391, .T. ) ;
#2192 = FILL_AREA_STYLE ('',( #2824 ) ) ;
#2193 = CARTESIAN_POINT ( 'NONE',  ( 2.670000000000000373, -5.765644948968880357, 1.064999999999999947 ) ) ;
#2194 = PRODUCT_DEFINITION_SHAPE ( 'NONE', 'NONE',  #4552 ) ;
#2195 = ORIENTED_EDGE ( 'NONE', *, *, #3326, .F. ) ;
#2196 = ADVANCED_FACE ( 'NONE', ( #2309 ), #4433, .F. ) ;
#2197 = CARTESIAN_POINT ( 'NONE',  ( 3.206692322509915094, -2.947499999999999787, 1.443415046773947052 ) ) ;
#2198 = DIRECTION ( 'NONE',  ( -1.000000000000000000, 0.000000000000000000, -0.000000000000000000 ) ) ;
#2199 = FACE_OUTER_BOUND ( 'NONE', #4064, .T. ) ;
#2200 = ORIENTED_EDGE ( 'NONE', *, *, #2761, .F. ) ;
#2201 = COLOUR_RGB ( '',1.000000000000000000, 1.000000000000000000, 1.000000000000000000 ) ;
#2202 = DIRECTION ( 'NONE',  ( 0.000000000000000000, 0.000000000000000000, 1.000000000000000000 ) ) ;
#2203 = ORIENTED_EDGE ( 'NONE', *, *, #1290, .F. ) ;
#2204 = CYLINDRICAL_SURFACE ( 'NONE', #2494, 0.4000000000000001887 ) ;
#2205 = FILL_AREA_STYLE ('',( #3018 ) ) ;
#2206 = PRODUCT_DEFINITION_CONTEXT ( 'detailed design', #1219, 'design' ) ;
#2207 = CARTESIAN_POINT ( 'NONE',  ( -2.669999999999999929, -7.669999999999999929, 0.000000000000000000 ) ) ;
#2208 = CARTESIAN_POINT ( 'NONE',  ( 2.669999999999999929, -7.669999999999999929, 0.000000000000000000 ) ) ;
#2209 = PLANE ( 'NONE',  #1807 ) ;
#2210 = CARTESIAN_POINT ( 'NONE',  ( 3.124214730825129571, 2.750292564901145376, 2.344454823786827902 ) ) ;
#2211 = EDGE_CURVE ( 'NONE', #483, #2036, #4369, .T. ) ;
#2212 = PRODUCT_DEFINITION_FORMATION_WITH_SPECIFIED_SOURCE ( 'ANY', '', #4237, .NOT_KNOWN. ) ;
#2213 = DIRECTION ( 'NONE',  ( -0.000000000000000000, -0.000000000000000000, -1.000000000000000000 ) ) ;
#2214 = ORIENTED_EDGE ( 'NONE', *, *, #4131, .T. ) ;
#2215 = EDGE_CURVE ( 'NONE', #1121, #4569, #3678, .T. ) ;
#2216 = PRESENTATION_STYLE_ASSIGNMENT (( #4042 ) ) ;
#2217 = ORIENTED_EDGE ( 'NONE', *, *, #1075, .F. ) ;
#2218 = CARTESIAN_POINT ( 'NONE',  ( -3.145096044894319931, -2.947500000000000231, 0.5656182475830850986 ) ) ;
#2219 = PLANE ( 'NONE',  #763 ) ;
#2220 = CARTESIAN_POINT ( 'NONE',  ( 0.3799999999999980060, -4.769999999999999574, 0.000000000000000000 ) ) ;
#2221 = VERTEX_POINT ( 'NONE', #3277 ) ;
#2222 = DIRECTION ( 'NONE',  ( 0.000000000000000000, -1.000000000000000000, 0.000000000000000000 ) ) ;
#2223 = MECHANICAL_DESIGN_GEOMETRIC_PRESENTATION_REPRESENTATION (  '', ( #244 ), #1130 ) ;
#2224 = MECHANICAL_DESIGN_GEOMETRIC_PRESENTATION_REPRESENTATION (  '', ( #1417 ), #2883 ) ;
#2225 = STYLED_ITEM ( 'NONE', ( #1529 ), #4016 ) ;
#2226 =( LENGTH_UNIT ( ) NAMED_UNIT ( * ) SI_UNIT ( .MILLI., .METRE. ) );
#2227 =( GEOMETRIC_REPRESENTATION_CONTEXT ( 3 ) GLOBAL_UNCERTAINTY_ASSIGNED_CONTEXT ( ( #3711 ) ) GLOBAL_UNIT_ASSIGNED_CONTEXT ( ( #703, #3558, #380 ) ) REPRESENTATION_CONTEXT ( 'NONE', 'WORKASPACE' ) );
#2228 = ORIENTED_EDGE ( 'NONE', *, *, #3207, .F. ) ;
#2229 = COLOUR_RGB ( '',1.000000000000000000, 1.000000000000000000, 1.000000000000000000 ) ;
#2230 = CARTESIAN_POINT ( 'NONE',  ( 2.670000000000000373, -6.620000000000000107, 0.1628051603121234703 ) ) ;
#2231 = CARTESIAN_POINT ( 'NONE',  ( -3.106526669788320039, -3.047499999999999876, 1.445000000000000062 ) ) ;
#2232 = VERTEX_POINT ( 'NONE', #1885 ) ;
#2233 = LINE ( 'NONE', #2857, #3278 ) ;
#2234 = FACE_OUTER_BOUND ( 'NONE', #468, .T. ) ;
#2235 =( NAMED_UNIT ( * ) SI_UNIT ( $, .STERADIAN. ) SOLID_ANGLE_UNIT ( ) );
#2236 = AXIS2_PLACEMENT_3D ( 'NONE', #1778, #3, #1032 ) ;
#2237 = LINE ( 'NONE', #3645, #2545 ) ;
#2238 = VERTEX_POINT ( 'NONE', #108 ) ;
#2239 = FACE_OUTER_BOUND ( 'NONE', #4113, .T. ) ;
#2240 = LINE ( 'NONE', #1571, #357 ) ;
#2241 = ORIENTED_EDGE ( 'NONE', *, *, #2535, .F. ) ;
#2242 = EDGE_CURVE ( 'NONE', #3779, #2002, #3004, .T. ) ;
#2243 = STYLED_ITEM ( 'NONE', ( #3454 ), #335 ) ;
#2244 = EDGE_CURVE ( 'NONE', #3900, #3743, #1229, .T. ) ;
#2245 = CARTESIAN_POINT ( 'NONE',  ( -1.909999999999999920, -4.769999999999999574, 1.064999999999999947 ) ) ;
#2246 = DIRECTION ( 'NONE',  ( -1.000000000000000000, 0.000000000000000000, 0.000000000000000000 ) ) ;
#2247 = ORIENTED_EDGE ( 'NONE', *, *, #736, .F. ) ;
#2248 = EDGE_CURVE ( 'NONE', #251, #755, #1517, .T. ) ;
#2249 = EDGE_CURVE ( 'NONE', #406, #815, #2931, .T. ) ;
#2250 = PLANE ( 'NONE',  #4110 ) ;
#2251 = VECTOR ( 'NONE', #766, 1000.000000000000000 ) ;
#2252 = COLOUR_RGB ( '',1.000000000000000000, 1.000000000000000000, 1.000000000000000000 ) ;
#2253 = ADVANCED_FACE ( 'NONE', ( #887 ), #4350, .T. ) ;
#2254 = SHAPE_DEFINITION_REPRESENTATION ( #3156, #4254 ) ;
#2255 = FILL_AREA_STYLE ('',( #3662 ) ) ;
#2256 = FILL_AREA_STYLE_COLOUR ( '', #1363 ) ;
#2257 = CIRCLE ( 'NONE', #276, 0.4000000000000001887 ) ;
#2258 = SURFACE_STYLE_USAGE ( .BOTH. , #850 ) ;
#2259 = SURFACE_STYLE_USAGE ( .BOTH. , #1916 ) ;
#2260 = LINE ( 'NONE', #4226, #551 ) ;
#2261 = VECTOR ( 'NONE', #1745, 1000.000000000000000 ) ;
#2262 = SURFACE_STYLE_USAGE ( .BOTH. , #3020 ) ;
#2263 = SURFACE_SIDE_STYLE ('',( #859 ) ) ;
#2264 = LINE ( 'NONE', #1246, #1012 ) ;
#2265 = STYLED_ITEM ( 'NONE', ( #2162 ), #1539 ) ;
#2266 = ADVANCED_BREP_SHAPE_REPRESENTATION ( '', ( #1076, #1913 ), #3248 ) ;
#2267 = SURFACE_SIDE_STYLE ('',( #4125 ) ) ;
#2268 = CARTESIAN_POINT ( 'NONE',  ( 1.909999999999999476, -6.219999999999999751, 1.378724977539290020 ) ) ;
#2269 = VERTEX_POINT ( 'NONE', #334 ) ;
#2270 = DIRECTION ( 'NONE',  ( -0.3467564524793020353, -0.8428579179321482595, 0.4115221656764720959 ) ) ;
#2271 = UNCERTAINTY_MEASURE_WITH_UNIT (LENGTH_MEASURE( 1.000000000000000082E-05 ), #2381, 'distance_accuracy_value', 'NONE');
#2272 = PRESENTATION_LAYER_ASSIGNMENT (  '', '', ( #4561 ) ) ;
#2273 = ORIENTED_EDGE ( 'NONE', *, *, #2711, .T. ) ;
#2274 = AXIS2_PLACEMENT_3D ( 'NONE', #3518, #3947, #1072 ) ;
#2275 = VECTOR ( 'NONE', #1714, 1000.000000000000000 ) ;
#2276 = SURFACE_SIDE_STYLE ('',( #795 ) ) ;
#2277 = CARTESIAN_POINT ( 'NONE',  ( 1.910000000000000142, -6.620000000000000107, 0.1628051603121223878 ) ) ;
#2278 = CARTESIAN_POINT ( 'NONE',  ( -0.3800000000000020028, -4.769999999999999574, 0.000000000000000000 ) ) ;
#2279 = VERTEX_POINT ( 'NONE', #1308 ) ;
#2280 = STYLED_ITEM ( 'NONE', ( #3371 ), #2363 ) ;
#2281 =( LENGTH_UNIT ( ) NAMED_UNIT ( * ) SI_UNIT ( .MILLI., .METRE. ) );
#2282 = VECTOR ( 'NONE', #3835, 1000.000000000000000 ) ;
#2283 = ADVANCED_FACE ( 'NONE', ( #2714 ), #131, .T. ) ;
#2284 = DIRECTION ( 'NONE',  ( 1.000000000000000000, -1.345724878333519912E-15, 0.000000000000000000 ) ) ;
#2285 = EDGE_CURVE ( 'NONE', #917, #3519, #4177, .T. ) ;
#2286 = STYLED_ITEM ( 'NONE', ( #2441 ), #2647 ) ;
#2287 =( NAMED_UNIT ( * ) SI_UNIT ( $, .STERADIAN. ) SOLID_ANGLE_UNIT ( ) );
#2288 = SURFACE_STYLE_USAGE ( .BOTH. , #1176 ) ;
#2289 = FACE_OUTER_BOUND ( 'NONE', #2969, .T. ) ;
#2290 = DIRECTION ( 'NONE',  ( -1.000000000000000000, 8.864471316691248177E-16, -6.380638221762067763E-16 ) ) ;
#2291 = ORIENTED_EDGE ( 'NONE', *, *, #3182, .T. ) ;
#2292 = LINE ( 'NONE', #90, #4166 ) ;
#2293 = ORIENTED_EDGE ( 'NONE', *, *, #424, .T. ) ;
#2294 = FILL_AREA_STYLE ('',( #219 ) ) ;
#2295 = MECHANICAL_DESIGN_GEOMETRIC_PRESENTATION_REPRESENTATION (  '', ( #387 ), #2065 ) ;
#2296 = CARTESIAN_POINT ( 'NONE',  ( 1.909999999999999698, -7.050234344067280112, 0.5100000000000000089 ) ) ;
#2297 = LINE ( 'NONE', #3036, #731 ) ;
#2298 = EDGE_CURVE ( 'NONE', #2269, #750, #1171, .T. ) ;
#2299 = VECTOR ( 'NONE', #1431, 1000.000000000000000 ) ;
#2300 = MECHANICAL_DESIGN_GEOMETRIC_PRESENTATION_REPRESENTATION (  '', ( #2376 ), #3256 ) ;
#2301 = AXIS2_PLACEMENT_3D ( 'NONE', #2386, #248, #3103 ) ;
#2302 = SURFACE_SIDE_STYLE ('',( #2686 ) ) ;
#2303 = PRESENTATION_STYLE_ASSIGNMENT (( #2632 ) ) ;
#2304 = CARTESIAN_POINT ( 'NONE',  ( 2.669999999999999929, -6.845307432091230382, 0.5099999999999998979 ) ) ;
#2305 = DIRECTION ( 'NONE',  ( 1.000000000000000000, -3.828355257328130201E-16, 0.000000000000000000 ) ) ;
#2306 = DIRECTION ( 'NONE',  ( 0.000000000000000000, -0.5841973208100660342, -0.8116116622858130514 ) ) ;
#2307 = LINE ( 'NONE', #2379, #1506 ) ;
#2308 = UNCERTAINTY_MEASURE_WITH_UNIT (LENGTH_MEASURE( 1.000000000000000082E-05 ), #1423, 'distance_accuracy_value', 'NONE');
#2309 = FACE_OUTER_BOUND ( 'NONE', #647, .T. ) ;
#2310 = ORIENTED_EDGE ( 'NONE', *, *, #3449, .T. ) ;
#2311 = PLANE ( 'NONE',  #1626 ) ;
#2312 =( NAMED_UNIT ( * ) PLANE_ANGLE_UNIT ( ) SI_UNIT ( $, .RADIAN. ) );
#2313 = DIRECTION ( 'NONE',  ( -0.3467564524793019243, 0.8428579179321482595, -0.4115221656764721514 ) ) ;
#2314 = VERTEX_POINT ( 'NONE', #4197 ) ;
#2315 = PRESENTATION_LAYER_ASSIGNMENT (  '', '', ( #4246 ) ) ;
#2316 = CARTESIAN_POINT ( 'NONE',  ( -3.165189207014444062, -3.047347367327669865, 1.447552373770251366 ) ) ;
#2317 = AXIS2_PLACEMENT_3D ( 'NONE', #1413, #359, #2408 ) ;
#2318 = CARTESIAN_POINT ( 'NONE',  ( 2.507499999999999840, 1.435000000000000053, 0.5350000000000000311 ) ) ;
#2319 = ORIENTED_EDGE ( 'NONE', *, *, #1063, .F. ) ;
#2320 = SURFACE_STYLE_FILL_AREA ( #1263 ) ;
#2321 = UNCERTAINTY_MEASURE_WITH_UNIT (LENGTH_MEASURE( 1.000000000000000082E-05 ), #4567, 'distance_accuracy_value', 'NONE');
#2322 = CARTESIAN_POINT ( 'NONE',  ( 3.246655490636388475, 2.947500000000000675, 0.5322548134903003492 ) ) ;
#2323 = AXIS2_PLACEMENT_3D ( 'NONE', #3560, #1456, #1472 ) ;
#2324 = FILL_AREA_STYLE ('',( #4098 ) ) ;
#2325 = UNCERTAINTY_MEASURE_WITH_UNIT (LENGTH_MEASURE( 1.000000000000000082E-05 ), #4428, 'distance_accuracy_value', 'NONE');
#2326 =( GEOMETRIC_REPRESENTATION_CONTEXT ( 3 ) GLOBAL_UNCERTAINTY_ASSIGNED_CONTEXT ( ( #988 ) ) GLOBAL_UNIT_ASSIGNED_CONTEXT ( ( #1605, #4427, #4033 ) ) REPRESENTATION_CONTEXT ( 'NONE', 'WORKASPACE' ) );
#2327 = FILL_AREA_STYLE_COLOUR ( '', #4115 ) ;
#2328 = CARTESIAN_POINT ( 'NONE',  ( 3.100672657934796739, -2.901148327010768746, 2.364222088208438155 ) ) ;
#2329 = ADVANCED_FACE ( 'NONE', ( #3422 ), #2431, .T. ) ;
#2330 = DIRECTION ( 'NONE',  ( -1.821530803322650078E-16, 1.000000000000000000, -0.000000000000000000 ) ) ;
#2331 = EDGE_CURVE ( 'NONE', #1912, #406, #3513, .T. ) ;
#2332 = CARTESIAN_POINT ( 'NONE',  ( -3.173260575784652371, 2.693595519843326791, 2.350464468875246293 ) ) ;
#2333 = ORIENTED_EDGE ( 'NONE', *, *, #2356, .F. ) ;
#2334 = MECHANICAL_DESIGN_GEOMETRIC_PRESENTATION_REPRESENTATION (  '', ( #4555 ), #3078 ) ;
#2335 = EDGE_CURVE ( 'NONE', #3774, #3900, #1450, .T. ) ;
#2336 = DIRECTION ( 'NONE',  ( 0.000000000000000000, -1.000000000000000000, 0.000000000000000000 ) ) ;
#2337 = FILL_AREA_STYLE ('',( #2664 ) ) ;
#2338 = CARTESIAN_POINT ( 'NONE',  ( -3.068232329097538624, -2.892707690582312363, 2.374914002136643720 ) ) ;
#2339 = ORIENTED_EDGE ( 'NONE', *, *, #4568, .F. ) ;
#2340 = ORIENTED_EDGE ( 'NONE', *, *, #3155, .T. ) ;
#2341 = DIRECTION ( 'NONE',  ( 0.000000000000000000, -0.000000000000000000, -1.000000000000000000 ) ) ;
#2342 = FACE_OUTER_BOUND ( 'NONE', #2723, .T. ) ;
#2343 =( NAMED_UNIT ( * ) SI_UNIT ( $, .STERADIAN. ) SOLID_ANGLE_UNIT ( ) );
#2344 = ORIENTED_EDGE ( 'NONE', *, *, #2104, .T. ) ;
#2345 = VERTEX_POINT ( 'NONE', #2118 ) ;
#2346 = DIRECTION ( 'NONE',  ( 1.000000000000000000, -1.345724878333519912E-15, 0.000000000000000000 ) ) ;
#2347 = CARTESIAN_POINT ( 'NONE',  ( 3.169807817876451050, -1.523749999999999938, 2.284381752416920541 ) ) ;
#2348 = VECTOR ( 'NONE', #3842, 1000.000000000000000 ) ;
#2349 = CARTESIAN_POINT ( 'NONE',  ( -2.669999999999999929, -6.219999999999999751, 1.574999999999999956 ) ) ;
#2350 =( LENGTH_UNIT ( ) NAMED_UNIT ( * ) SI_UNIT ( .MILLI., .METRE. ) );
#2351 = LINE ( 'NONE', #928, #3579 ) ;
#2352 = PRESENTATION_STYLE_ASSIGNMENT (( #231 ) ) ;
#2353 = DIRECTION ( 'NONE',  ( -0.000000000000000000, 0.000000000000000000, 1.000000000000000000 ) ) ;
#2354 = CARTESIAN_POINT ( 'NONE',  ( -3.124214730825141118, 2.750292564901145820, 2.344454823786827014 ) ) ;
#2355 = ADVANCED_FACE ( 'NONE', ( #2493 ), #1791, .T. ) ;
#2356 = EDGE_CURVE ( 'NONE', #1632, #4012, #557, .T. ) ;
#2357 = FILL_AREA_STYLE_COLOUR ( '', #1482 ) ;
#2358 = DIRECTION ( 'NONE',  ( 1.000000000000000000, -8.864471316691248177E-16, 6.380638221762067763E-16 ) ) ;
#2359 = EDGE_CURVE ( 'NONE', #3743, #3989, #3350, .T. ) ;
#2360 = DIRECTION ( 'NONE',  ( 0.000000000000000000, 0.9898926866452568696, 0.1418184364821273302 ) ) ;
#2361 = ORIENTED_EDGE ( 'NONE', *, *, #1945, .T. ) ;
#2362 = DIRECTION ( 'NONE',  ( 0.000000000000000000, -0.000000000000000000, -1.000000000000000000 ) ) ;
#2363 = ADVANCED_FACE ( 'NONE', ( #2980 ), #182, .T. ) ;
#2364 =( NAMED_UNIT ( * ) SI_UNIT ( $, .STERADIAN. ) SOLID_ANGLE_UNIT ( ) );
#2365 = ORIENTED_EDGE ( 'NONE', *, *, #2188, .F. ) ;
#2366 = VERTEX_POINT ( 'NONE', #4455 ) ;
#2367 = DIRECTION ( 'NONE',  ( 2.528316354113651859E-16, -0.9929049442707554851, -0.1189107717689530525 ) ) ;
#2368 = CARTESIAN_POINT ( 'NONE',  ( 1.909999999999999254, -6.219999999999998863, 1.378724977539289354 ) ) ;
#2369 = PRESENTATION_LAYER_ASSIGNMENT (  '', '', ( #2877 ) ) ;
#2370 =( NAMED_UNIT ( * ) PLANE_ANGLE_UNIT ( ) SI_UNIT ( $, .RADIAN. ) );
#2371 = DIRECTION ( 'NONE',  ( 1.821530803322650078E-16, -1.000000000000000000, 0.000000000000000000 ) ) ;
#2372 = UNCERTAINTY_MEASURE_WITH_UNIT (LENGTH_MEASURE( 1.000000000000000082E-05 ), #1853, 'distance_accuracy_value', 'NONE');
#2373 = CARTESIAN_POINT ( 'NONE',  ( 3.094778078805091592, 2.587978796884575772, 2.437452771396365847 ) ) ;
#2374 =( NAMED_UNIT ( * ) PLANE_ANGLE_UNIT ( ) SI_UNIT ( $, .RADIAN. ) );
#2375 = CARTESIAN_POINT ( 'NONE',  ( 3.124602643412340175, -2.901148327010766970, 2.343660963109996054 ) ) ;
#2376 = STYLED_ITEM ( 'NONE', ( #682 ), #3776 ) ;
#2377 = MECHANICAL_DESIGN_GEOMETRIC_PRESENTATION_REPRESENTATION (  '', ( #1418 ), #1197 ) ;
#2378 = LINE ( 'NONE', #4218, #2168 ) ;
#2379 = CARTESIAN_POINT ( 'NONE',  ( 2.754999999999999893, -6.620000000000000995, 0.8230143411670366449 ) ) ;
#2380 = PRESENTATION_LAYER_ASSIGNMENT (  '', '', ( #1847 ) ) ;
#2381 =( LENGTH_UNIT ( ) NAMED_UNIT ( * ) SI_UNIT ( .MILLI., .METRE. ) );
#2382 = MECHANICAL_DESIGN_GEOMETRIC_PRESENTATION_REPRESENTATION (  '', ( #2972 ), #3562 ) ;
#2383 = SURFACE_SIDE_STYLE ('',( #3099 ) ) ;
#2384 = DIRECTION ( 'NONE',  ( 1.821530803322650078E-16, -1.000000000000000000, 0.000000000000000000 ) ) ;
#2385 = ORIENTED_EDGE ( 'NONE', *, *, #2242, .F. ) ;
#2386 = CARTESIAN_POINT ( 'NONE',  ( 1.824999999999999956, -6.219999999999999751, 0.000000000000000000 ) ) ;
#2387 = ORIENTED_EDGE ( 'NONE', *, *, #4070, .T. ) ;
#2388 = MECHANICAL_DESIGN_GEOMETRIC_PRESENTATION_REPRESENTATION (  '', ( #476 ), #3875 ) ;
#2389 = ORIENTED_EDGE ( 'NONE', *, *, #1265, .T. ) ;
#2390 = SURFACE_STYLE_USAGE ( .BOTH. , #1317 ) ;
#2391 = EDGE_CURVE ( 'NONE', #405, #1414, #678, .T. ) ;
#2392 = ADVANCED_FACE ( 'NONE', ( #289 ), #1691, .T. ) ;
#2393 = DIRECTION ( 'NONE',  ( 0.8000000000000000444, 0.5999999999999999778, 0.000000000000000000 ) ) ;
#2394 =( LENGTH_UNIT ( ) NAMED_UNIT ( * ) SI_UNIT ( .MILLI., .METRE. ) );
#2395 = VECTOR ( 'NONE', #271, 1000.000000000000000 ) ;
#2396 =( LENGTH_UNIT ( ) NAMED_UNIT ( * ) SI_UNIT ( .MILLI., .METRE. ) );
#2397 = FILL_AREA_STYLE_COLOUR ( '', #3794 ) ;
#2398 = UNCERTAINTY_MEASURE_WITH_UNIT (LENGTH_MEASURE( 1.000000000000000082E-05 ), #3595, 'distance_accuracy_value', 'NONE');
#2399 = CARTESIAN_POINT ( 'NONE',  ( -1.910000000000001474, -6.845307432091225941, 0.5099999999999971223 ) ) ;
#2400 = AXIS2_PLACEMENT_3D ( 'NONE', #2447, #2755, #2797 ) ;
#2401 = FILL_AREA_STYLE ('',( #1674 ) ) ;
#2402 = AXIS2_PLACEMENT_3D ( 'NONE', #719, #2270, #3648 ) ;
#2403 = VECTOR ( 'NONE', #1110, 1000.000000000000000 ) ;
#2404 = CARTESIAN_POINT ( 'NONE',  ( -3.069903862770780201, 0.7618749999999999689, 2.379999999999999893 ) ) ;
#2405 =( LENGTH_UNIT ( ) NAMED_UNIT ( * ) SI_UNIT ( .MILLI., .METRE. ) );
#2406 = CARTESIAN_POINT ( 'NONE',  ( -3.098494366699385161, 2.750292564901145376, 2.366127294833585193 ) ) ;
#2407 = VECTOR ( 'NONE', #1218, 1000.000000000000000 ) ;
#2408 = DIRECTION ( 'NONE',  ( 0.5469878064155927477, -0.5436290253687811047, 0.6366096310999757035 ) ) ;
#2409 = EDGE_LOOP ( 'NONE', ( #2333, #2569, #1709, #3827 ) ) ;
#2410 = ORIENTED_EDGE ( 'NONE', *, *, #3668, .T. ) ;
#2411 = STYLED_ITEM ( 'NONE', ( #2303 ), #1596 ) ;
#2412 = FILL_AREA_STYLE_COLOUR ( '', #1346 ) ;
#2413 = EDGE_LOOP ( 'NONE', ( #3588, #2913, #819, #383 ) ) ;
#2414 =( LENGTH_UNIT ( ) NAMED_UNIT ( * ) SI_UNIT ( .MILLI., .METRE. ) );
#2415 =( GEOMETRIC_REPRESENTATION_CONTEXT ( 3 ) GLOBAL_UNCERTAINTY_ASSIGNED_CONTEXT ( ( #562 ) ) GLOBAL_UNIT_ASSIGNED_CONTEXT ( ( #3469, #2374, #1326 ) ) REPRESENTATION_CONTEXT ( 'NONE', 'WORKASPACE' ) );
#2416 = FILL_AREA_STYLE ('',( #4502 ) ) ;
#2417 = PRODUCT ( 'NVD5117PLT4G-VF01', 'NVD5117PLT4G-VF01', '', ( #2553 ) ) ;
#2418 = ADVANCED_FACE ( 'NONE', ( #606 ), #4557, .F. ) ;
#2419 = PRESENTATION_LAYER_ASSIGNMENT (  '', '', ( #583 ) ) ;
#2420 = CARTESIAN_POINT ( 'NONE',  ( 3.220000000000000195, -1.523749999999999938, 1.139999999999999902 ) ) ;
#2421 = ADVANCED_FACE ( 'NONE', ( #1806 ), #2182, .F. ) ;
#2422 = CARTESIAN_POINT ( 'NONE',  ( 3.037608060801186838, 2.726941466500049760, 2.369604777645955451 ) ) ;
#2423 = DIRECTION ( 'NONE',  ( 0.000000000000000000, 0.000000000000000000, 1.000000000000000000 ) ) ;
#2424 = CARTESIAN_POINT ( 'NONE',  ( -3.124602643412339731, -2.901148327010778960, 2.343660963109998718 ) ) ;
#2425 = VERTEX_POINT ( 'NONE', #725 ) ;
#2426 = CARTESIAN_POINT ( 'NONE',  ( 3.208714284062660127, -2.786745858058420566, 2.344694558844750087 ) ) ;
#2427 = STYLED_ITEM ( 'NONE', ( #1114 ), #2329 ) ;
#2428 =( GEOMETRIC_REPRESENTATION_CONTEXT ( 3 ) GLOBAL_UNCERTAINTY_ASSIGNED_CONTEXT ( ( #838 ) ) GLOBAL_UNIT_ASSIGNED_CONTEXT ( ( #779, #74, #4259 ) ) REPRESENTATION_CONTEXT ( 'NONE', 'WORKASPACE' ) );
#2429 = FACE_OUTER_BOUND ( 'NONE', #4139, .T. ) ;
#2430 = FILL_AREA_STYLE_COLOUR ( '', #1870 ) ;
#2431 = PLANE ( 'NONE',  #3982 ) ;
#2432 =( GEOMETRIC_REPRESENTATION_CONTEXT ( 3 ) GLOBAL_UNCERTAINTY_ASSIGNED_CONTEXT ( ( #630 ) ) GLOBAL_UNIT_ASSIGNED_CONTEXT ( ( #3174, #369, #2825 ) ) REPRESENTATION_CONTEXT ( 'NONE', 'WORKASPACE' ) );
#2433 = FACE_OUTER_BOUND ( 'NONE', #1716, .T. ) ;
#2434 = EDGE_LOOP ( 'NONE', ( #798, #3965, #2947, #4311, #4106 ) ) ;
#2435 = ORIENTED_EDGE ( 'NONE', *, *, #2868, .T. ) ;
#2436 = DIRECTION ( 'NONE',  ( 1.000000000000000000, 0.000000000000000000, -0.000000000000000000 ) ) ;
#2437 =( NAMED_UNIT ( * ) PLANE_ANGLE_UNIT ( ) SI_UNIT ( $, .RADIAN. ) );
#2438 = SURFACE_SIDE_STYLE ('',( #3149 ) ) ;
#2439 = VERTEX_POINT ( 'NONE', #1762 ) ;
#2440 =( NAMED_UNIT ( * ) SI_UNIT ( $, .STERADIAN. ) SOLID_ANGLE_UNIT ( ) );
#2441 = PRESENTATION_STYLE_ASSIGNMENT (( #721 ) ) ;
#2442 =( NAMED_UNIT ( * ) PLANE_ANGLE_UNIT ( ) SI_UNIT ( $, .RADIAN. ) );
#2443 = CARTESIAN_POINT ( 'NONE',  ( -1.909999999999999920, -6.219999999999999751, 0.000000000000000000 ) ) ;
#2444 = PRESENTATION_STYLE_ASSIGNMENT (( #2113 ) ) ;
#2445 = ADVANCED_FACE ( 'NONE', ( #418 ), #697, .T. ) ;
#2446 = VERTEX_POINT ( 'NONE', #374 ) ;
#2447 = CARTESIAN_POINT ( 'NONE',  ( -0.3800000000000020028, -5.780000000000000249, 0.000000000000000000 ) ) ;
#2448 = CARTESIAN_POINT ( 'NONE',  ( 3.121054564679458743, 2.842722745749515223, 2.248885152111959496 ) ) ;
#2449 =( NAMED_UNIT ( * ) SI_UNIT ( $, .STERADIAN. ) SOLID_ANGLE_UNIT ( ) );
#2450 = CONICAL_SURFACE ( 'NONE', #4230, 0.5401766701993437891, 0.7853981633974482790 ) ;
#2451 = COLOUR_RGB ( '',1.000000000000000000, 1.000000000000000000, 1.000000000000000000 ) ;
#2452 = AXIS2_PLACEMENT_3D ( 'NONE', #821, #1897, #2575 ) ;
#2453 = DIRECTION ( 'NONE',  ( 1.000000000000000000, 0.000000000000000000, 0.000000000000000000 ) ) ;
#2454 = ORIENTED_EDGE ( 'NONE', *, *, #1594, .F. ) ;
#2455 =( GEOMETRIC_REPRESENTATION_CONTEXT ( 3 ) GLOBAL_UNCERTAINTY_ASSIGNED_CONTEXT ( ( #2372 ) ) GLOBAL_UNIT_ASSIGNED_CONTEXT ( ( #1853, #4321, #4213 ) ) REPRESENTATION_CONTEXT ( 'NONE', 'WORKASPACE' ) );
#2456 = VERTEX_POINT ( 'NONE', #3180 ) ;
#2457 = FACE_OUTER_BOUND ( 'NONE', #1398, .T. ) ;
#2458 = ORIENTED_EDGE ( 'NONE', *, *, #2952, .F. ) ;
#2459 =( NAMED_UNIT ( * ) PLANE_ANGLE_UNIT ( ) SI_UNIT ( $, .RADIAN. ) );
#2460 = PRESENTATION_STYLE_ASSIGNMENT (( #4291 ) ) ;
#2461 = SURFACE_SIDE_STYLE ('',( #51 ) ) ;
#2462 = PRESENTATION_LAYER_ASSIGNMENT (  '', '', ( #3572 ) ) ;
#2463 = SURFACE_STYLE_FILL_AREA ( #3573 ) ;
#2464 = SURFACE_SIDE_STYLE ('',( #2487 ) ) ;
#2465 = DIRECTION ( 'NONE',  ( 0.000000000000000000, -1.301042606982607530E-14, 1.000000000000000000 ) ) ;
#2466 = FACE_OUTER_BOUND ( 'NONE', #1871, .T. ) ;
#2467 = SURFACE_STYLE_USAGE ( .BOTH. , #1061 ) ;
#2468 =( BOUNDED_CURVE ( )  B_SPLINE_CURVE ( 3, ( #466, #3272, #1880, #1512 ),
 .UNSPECIFIED., .F., .F. ) 
 B_SPLINE_CURVE_WITH_KNOTS ( ( 4, 4 ),
 ( 3.141592653589793116, 4.712388980384694115 ),
 .UNSPECIFIED. ) 
 CURVE ( )  GEOMETRIC_REPRESENTATION_ITEM ( )  RATIONAL_B_SPLINE_CURVE ( ( 1.000000000000000000, 0.8047378541243640493, 0.8047378541243640493, 1.000000000000000000 ) ) 
 REPRESENTATION_ITEM ( '' )  );
#2469 = PRESENTATION_LAYER_ASSIGNMENT (  '', '', ( #1071 ) ) ;
#2470 = PRESENTATION_LAYER_ASSIGNMENT (  '', '', ( #4462 ) ) ;
#2471 = SURFACE_STYLE_FILL_AREA ( #2048 ) ;
#2472 = COLOUR_RGB ( '',1.000000000000000000, 1.000000000000000000, 1.000000000000000000 ) ;
#2473 = CARTESIAN_POINT ( 'NONE',  ( -2.669999999999999929, -4.769999999999999574, 1.064999999999999947 ) ) ;
#2474 = ADVANCED_FACE ( 'NONE', ( #1428 ), #3913, .T. ) ;
#2475 = PLANE ( 'NONE',  #847 ) ;
#2476 = VERTEX_POINT ( 'NONE', #98 ) ;
#2477 = EDGE_CURVE ( 'NONE', #2005, #2872, #1533, .T. ) ;
#2478 =( NAMED_UNIT ( * ) PLANE_ANGLE_UNIT ( ) SI_UNIT ( $, .RADIAN. ) );
#2479 = ORIENTED_EDGE ( 'NONE', *, *, #184, .F. ) ;
#2480 = DIRECTION ( 'NONE',  ( 1.084202172485503842E-15, 1.000000000000000000, 0.000000000000000000 ) ) ;
#2481 =( NAMED_UNIT ( * ) SI_UNIT ( $, .STERADIAN. ) SOLID_ANGLE_UNIT ( ) );
#2482 = PRESENTATION_STYLE_ASSIGNMENT (( #2125 ) ) ;
#2483 = ORIENTED_EDGE ( 'NONE', *, *, #3930, .F. ) ;
#2484 =( LENGTH_UNIT ( ) NAMED_UNIT ( * ) SI_UNIT ( .MILLI., .METRE. ) );
#2485 = FILL_AREA_STYLE_COLOUR ( '', #1563 ) ;
#2486 = PRESENTATION_LAYER_ASSIGNMENT (  '', '', ( #3903 ) ) ;
#2487 = SURFACE_STYLE_FILL_AREA ( #744 ) ;
#2488 = LINE ( 'NONE', #3548, #2518 ) ;
#2489 = CARTESIAN_POINT ( 'NONE',  ( 0.000000000000000000, -4.433283822633400081E-17, 0.000000000000000000 ) ) ;
#2490 = VECTOR ( 'NONE', #1621, 1000.000000000000000 ) ;
#2491 = FILL_AREA_STYLE ('',( #3183 ) ) ;
#2492 = AXIS2_PLACEMENT_3D ( 'NONE', #3475, #1023, #1997 ) ;
#2493 = FACE_OUTER_BOUND ( 'NONE', #3679, .T. ) ;
#2494 = AXIS2_PLACEMENT_3D ( 'NONE', #456, #2894, #2556 ) ;
#2495 = CYLINDRICAL_SURFACE ( 'NONE', #1560, 0.09999999999999983902 ) ;
#2496 = FACE_OUTER_BOUND ( 'NONE', #4357, .T. ) ;
#2497 = ORIENTED_EDGE ( 'NONE', *, *, #38, .T. ) ;
#2498 = LINE ( 'NONE', #751, #2041 ) ;
#2499 = ORIENTED_EDGE ( 'NONE', *, *, #735, .F. ) ;
#2500 = EDGE_CURVE ( 'NONE', #4003, #106, #4138, .T. ) ;
#2501 = ADVANCED_FACE ( 'NONE', ( #3976 ), #2204, .T. ) ;
#2502 = DIRECTION ( 'NONE',  ( 1.084202172485503842E-15, 1.000000000000000000, 0.000000000000000000 ) ) ;
#2503 = CARTESIAN_POINT ( 'NONE',  ( 2.290000000000000036, -4.769999999999999574, 1.574999999999999956 ) ) ;
#2504 = FACE_OUTER_BOUND ( 'NONE', #3124, .T. ) ;
#2505 = ORIENTED_EDGE ( 'NONE', *, *, #2583, .T. ) ;
#2506 = FILL_AREA_STYLE_COLOUR ( '', #2123 ) ;
#2507 = EDGE_CURVE ( 'NONE', #2872, #1524, #3709, .T. ) ;
#2508 = FILL_AREA_STYLE ('',( #4550 ) ) ;
#2509 = LINE ( 'NONE', #3911, #3788 ) ;
#2510 = LINE ( 'NONE', #3933, #10 ) ;
#2511 = DIRECTION ( 'NONE',  ( 1.000000000000000000, -1.345724878333519912E-15, 0.000000000000000000 ) ) ;
#2512 = LINE ( 'NONE', #809, #564 ) ;
#2513 = CARTESIAN_POINT ( 'NONE',  ( -2.669999999999999929, -4.769999999999999574, 0.5100000000000000089 ) ) ;
#2514 = DIRECTION ( 'NONE',  ( 0.000000000000000000, 0.000000000000000000, 1.000000000000000000 ) ) ;
#2515 = PRESENTATION_STYLE_ASSIGNMENT (( #2136 ) ) ;
#2516 = DIRECTION ( 'NONE',  ( 0.000000000000000000, -0.000000000000000000, -1.000000000000000000 ) ) ;
#2517 = DIRECTION ( 'NONE',  ( -1.000000000000000000, -0.000000000000000000, 0.000000000000000000 ) ) ;
#2518 = VECTOR ( 'NONE', #598, 1000.000000000000000 ) ;
#2519 = ORIENTED_EDGE ( 'NONE', *, *, #2047, .F. ) ;
#2520 = DIRECTION ( 'NONE',  ( 1.000000000000000000, 0.000000000000000000, 0.000000000000000000 ) ) ;
#2521 = VERTEX_POINT ( 'NONE', #1221 ) ;
#2522 = AXIS2_PLACEMENT_3D ( 'NONE', #2581, #1878, #2605 ) ;
#2523 = PRESENTATION_LAYER_ASSIGNMENT (  '', '', ( #4525 ) ) ;
#2524 = DIRECTION ( 'NONE',  ( 0.9990395510567564585, 0.000000000000000000, -0.04381752416915579706 ) ) ;
#2525 =( GEOMETRIC_REPRESENTATION_CONTEXT ( 3 ) GLOBAL_UNCERTAINTY_ASSIGNED_CONTEXT ( ( #3793 ) ) GLOBAL_UNIT_ASSIGNED_CONTEXT ( ( #33, #4574, #2085 ) ) REPRESENTATION_CONTEXT ( 'NONE', 'WORKASPACE' ) );
#2526 = SURFACE_STYLE_USAGE ( .BOTH. , #2174 ) ;
#2527 = VERTEX_POINT ( 'NONE', #1850 ) ;
#2528 = LINE ( 'NONE', #3952, #208 ) ;
#2529 =( NAMED_UNIT ( * ) PLANE_ANGLE_UNIT ( ) SI_UNIT ( $, .RADIAN. ) );
#2530 = PRESENTATION_STYLE_ASSIGNMENT (( #4292 ) ) ;
#2531 = FILL_AREA_STYLE_COLOUR ( '', #396 ) ;
#2532 = PRESENTATION_LAYER_ASSIGNMENT (  '', '', ( #3956 ) ) ;
#2533 = EDGE_CURVE ( 'NONE', #3701, #1841, #2974, .T. ) ;
#2534 = FILL_AREA_STYLE ('',( #1059 ) ) ;
#2535 = EDGE_CURVE ( 'NONE', #574, #3455, #2628, .T. ) ;
#2536 = DIRECTION ( 'NONE',  ( 0.000000000000000000, 0.000000000000000000, 1.000000000000000000 ) ) ;
#2537 =( NAMED_UNIT ( * ) SI_UNIT ( $, .STERADIAN. ) SOLID_ANGLE_UNIT ( ) );
#2538 = MECHANICAL_DESIGN_GEOMETRIC_PRESENTATION_REPRESENTATION (  '', ( #2243 ), #410 ) ;
#2539 = STYLED_ITEM ( 'NONE', ( #987 ), #1301 ) ;
#2540 = PLANE ( 'NONE',  #1998 ) ;
#2541 = CARTESIAN_POINT ( 'NONE',  ( 1.824999999999999956, -6.220000000000000639, 0.7184753252913851362 ) ) ;
#2542 = ORIENTED_EDGE ( 'NONE', *, *, #1429, .T. ) ;
#2543 = STYLED_ITEM ( 'NONE', ( #2756 ), #2888 ) ;
#2544 = APPLICATION_CONTEXT ( 'automotive_design' ) ;
#2545 = VECTOR ( 'NONE', #3303, 1000.000000000000000 ) ;
#2546 = ORIENTED_EDGE ( 'NONE', *, *, #93, .T. ) ;
#2547 = FILL_AREA_STYLE ('',( #165 ) ) ;
#2548 = PRESENTATION_LAYER_ASSIGNMENT (  '', '', ( #2025 ) ) ;
#2549 = DIRECTION ( 'NONE',  ( 0.000000000000000000, 0.000000000000000000, -1.000000000000000000 ) ) ;
#2550 = ORIENTED_EDGE ( 'NONE', *, *, #676, .F. ) ;
#2551 = AXIS2_PLACEMENT_3D ( 'NONE', #266, #1569, #1909 ) ;
#2552 = SURFACE_SIDE_STYLE ('',( #3284 ) ) ;
#2553 = PRODUCT_CONTEXT ( 'NONE', #2663, 'mechanical' ) ;
#2554 = FACE_OUTER_BOUND ( 'NONE', #3966, .T. ) ;
#2555 =( LENGTH_UNIT ( ) NAMED_UNIT ( * ) SI_UNIT ( .MILLI., .METRE. ) );
#2556 = DIRECTION ( 'NONE',  ( 1.084202172485503842E-15, 1.000000000000000000, 0.000000000000000000 ) ) ;
#2557 = EDGE_CURVE ( 'NONE', #1841, #4569, #825, .T. ) ;
#2558 = DIRECTION ( 'NONE',  ( 1.084202172485503842E-15, 1.000000000000000000, 0.000000000000000000 ) ) ;
#2559 =( GEOMETRIC_REPRESENTATION_CONTEXT ( 3 ) GLOBAL_UNCERTAINTY_ASSIGNED_CONTEXT ( ( #2636 ) ) GLOBAL_UNIT_ASSIGNED_CONTEXT ( ( #3642, #2950, #2537 ) ) REPRESENTATION_CONTEXT ( 'NONE', 'WORKASPACE' ) );
#2560 = SURFACE_STYLE_FILL_AREA ( #1152 ) ;
#2561 = LINE ( 'NONE', #2208, #324 ) ;
#2562 = CARTESIAN_POINT ( 'NONE',  ( -0.5401766701993437891, 6.615256301337018616E-17, 2.379999999902793206 ) ) ;
#2563 = DIRECTION ( 'NONE',  ( 0.000000000000000000, 0.000000000000000000, -1.000000000000000000 ) ) ;
#2564 = VECTOR ( 'NONE', #188, 1000.000000000000000 ) ;
#2565 = AXIS2_PLACEMENT_3D ( 'NONE', #3881, #3927, #799 ) ;
#2566 = PRESENTATION_STYLE_ASSIGNMENT (( #1157 ) ) ;
#2567 = ORIENTED_EDGE ( 'NONE', *, *, #982, .F. ) ;
#2568 = SURFACE_STYLE_USAGE ( .BOTH. , #1857 ) ;
#2569 = ORIENTED_EDGE ( 'NONE', *, *, #4286, .F. ) ;
#2570 = CARTESIAN_POINT ( 'NONE',  ( -2.507499999999999840, -2.234999999999999876, 0.000000000000000000 ) ) ;
#2571 = SURFACE_STYLE_USAGE ( .BOTH. , #473 ) ;
#2572 = ORIENTED_EDGE ( 'NONE', *, *, #3326, .T. ) ;
#2573 = ORIENTED_EDGE ( 'NONE', *, *, #115, .T. ) ;
#2574 = ITEM_DEFINED_TRANSFORMATION ( 'NONE', 'NONE', #4,  #1913 ) ;
#2575 = DIRECTION ( 'NONE',  ( 0.000000000000000000, 0.000000000000000000, -1.000000000000000000 ) ) ;
#2576 = EDGE_LOOP ( 'NONE', ( #1474, #643, #2777, #1685 ) ) ;
#2577 = LINE ( 'NONE', #3732, #2407 ) ;
#2578 = ORIENTED_EDGE ( 'NONE', *, *, #3182, .F. ) ;
#2579 = CARTESIAN_POINT ( 'NONE',  ( -3.069903862770781533, -2.946075918900968205, 2.291891077176900104 ) ) ;
#2580 = EDGE_CURVE ( 'NONE', #135, #2666, #878, .T. ) ;
#2581 = CARTESIAN_POINT ( 'NONE',  ( -2.091288693070350067E-17, -8.210356172484699387E-18, 2.279999999999999805 ) ) ;
#2582 = FILL_AREA_STYLE_COLOUR ( '', #3147 ) ;
#2583 = EDGE_CURVE ( 'NONE', #3992, #3900, #966, .T. ) ;
#2584 = MANIFOLD_SOLID_BREP ( 'Imported3', #3504 ) ;
#2585 = ADVANCED_FACE ( 'NONE', ( #672 ), #3760, .T. ) ;
#2586 = DIRECTION ( 'NONE',  ( 0.5431086805435982878, 0.5381361632329554334, 0.6445482378682805269 ) ) ;
#2587 = ADVANCED_FACE ( 'NONE', ( #602 ), #2677, .T. ) ;
#2588 = EDGE_LOOP ( 'NONE', ( #888, #4243, #4303, #1047 ) ) ;
#2589 =( NAMED_UNIT ( * ) PLANE_ANGLE_UNIT ( ) SI_UNIT ( $, .RADIAN. ) );
#2590 = UNCERTAINTY_MEASURE_WITH_UNIT (LENGTH_MEASURE( 1.000000000000000082E-05 ), #4484, 'distance_accuracy_value', 'NONE');
#2591 = DIRECTION ( 'NONE',  ( 0.000000000000000000, 0.5841973208100660342, 0.8116116622858130514 ) ) ;
#2592 = ORIENTED_EDGE ( 'NONE', *, *, #1640, .T. ) ;
#2593 =( GEOMETRIC_REPRESENTATION_CONTEXT ( 3 ) GLOBAL_UNCERTAINTY_ASSIGNED_CONTEXT ( ( #4426 ) ) GLOBAL_UNIT_ASSIGNED_CONTEXT ( ( #4479, #2370, #3734 ) ) REPRESENTATION_CONTEXT ( 'NONE', 'WORKASPACE' ) );
#2594 =( NAMED_UNIT ( * ) SI_UNIT ( $, .STERADIAN. ) SOLID_ANGLE_UNIT ( ) );
#2595 = DIRECTION ( 'NONE',  ( -0.04337548421186988162, 0.1416849627551049484, -0.9889610400306325655 ) ) ;
#2596 = ORIENTED_EDGE ( 'NONE', *, *, #1501, .T. ) ;
#2597 = ORIENTED_EDGE ( 'NONE', *, *, #291, .F. ) ;
#2598 = PRESENTATION_STYLE_ASSIGNMENT (( #3312 ) ) ;
#2599 = AXIS2_PLACEMENT_3D ( 'NONE', #4087, #2336, #3079 ) ;
#2600 =( NAMED_UNIT ( * ) SI_UNIT ( $, .STERADIAN. ) SOLID_ANGLE_UNIT ( ) );
#2601 = PRESENTATION_LAYER_ASSIGNMENT (  '', '', ( #1768 ) ) ;
#2602 = COLOUR_RGB ( '',0.3921568627450980338, 0.3921568627450980338, 0.3921568627450980338 ) ;
#2603 = CARTESIAN_POINT ( 'NONE',  ( 7.922747852192180140, -5.070905971414140012, 0.000000000000000000 ) ) ;
#2604 = ORIENTED_EDGE ( 'NONE', *, *, #443, .F. ) ;
#2605 = DIRECTION ( 'NONE',  ( 1.000000000000000000, 0.000000000000000000, -0.000000000000000000 ) ) ;
#2606 = FACE_OUTER_BOUND ( 'NONE', #2693, .T. ) ;
#2607 = DIRECTION ( 'NONE',  ( 1.000000000000000000, 0.000000000000000000, 0.000000000000000000 ) ) ;
#2608 = VERTEX_POINT ( 'NONE', #3909 ) ;
#2609 = FILL_AREA_STYLE_COLOUR ( '', #3962 ) ;
#2610 = ORIENTED_EDGE ( 'NONE', *, *, #3577, .T. ) ;
#2611 = COLOUR_RGB ( '',1.000000000000000000, 1.000000000000000000, 1.000000000000000000 ) ;
#2612 = CARTESIAN_POINT ( 'NONE',  ( 3.165189207014447614, -3.047347367327674306, 1.447552373770261802 ) ) ;
#2613 = ADVANCED_FACE ( 'NONE', ( #3928 ), #1399, .T. ) ;
#2614 = DIRECTION ( 'NONE',  ( -1.000000000000000000, -0.000000000000000000, 0.000000000000000000 ) ) ;
#2615 = COLOUR_RGB ( '',0.3921568627450980338, 0.3921568627450980338, 0.3921568627450980338 ) ;
#2616 = ORIENTED_EDGE ( 'NONE', *, *, #3155, .F. ) ;
#2617 = ORIENTED_EDGE ( 'NONE', *, *, #3037, .F. ) ;
#2618 = DIRECTION ( 'NONE',  ( -1.000000000000000000, 2.748076793626620145E-16, 0.000000000000000000 ) ) ;
#2619 = AXIS2_PLACEMENT_3D ( 'NONE', #680, #4261, #1809 ) ;
#2620 =( GEOMETRIC_REPRESENTATION_CONTEXT ( 3 ) GLOBAL_UNCERTAINTY_ASSIGNED_CONTEXT ( ( #306 ) ) GLOBAL_UNIT_ASSIGNED_CONTEXT ( ( #4231, #3467, #310 ) ) REPRESENTATION_CONTEXT ( 'NONE', 'WORKASPACE' ) );
#2621 = CARTESIAN_POINT ( 'NONE',  ( 2.666549279180180143, 6.822714334672600245, 2.411999999999999922 ) ) ;
#2622 = MECHANICAL_DESIGN_GEOMETRIC_PRESENTATION_REPRESENTATION (  '', ( #1150 ), #860 ) ;
#2623 = ORIENTED_EDGE ( 'NONE', *, *, #2736, .F. ) ;
#2624 = LINE ( 'NONE', #173, #4260 ) ;
#2625 = PLANE ( 'NONE',  #660 ) ;
#2626 = CIRCLE ( 'NONE', #1083, 0.4000000000000001887 ) ;
#2627 =( LENGTH_UNIT ( ) NAMED_UNIT ( * ) SI_UNIT ( .MILLI., .METRE. ) );
#2628 = LINE ( 'NONE', #3686, #130 ) ;
#2629 = ORIENTED_EDGE ( 'NONE', *, *, #14, .F. ) ;
#2630 = FILL_AREA_STYLE ('',( #2327 ) ) ;
#2631 = FILL_AREA_STYLE ('',( #3980 ) ) ;
#2632 = SURFACE_STYLE_USAGE ( .BOTH. , #904 ) ;
#2633 =( GEOMETRIC_REPRESENTATION_CONTEXT ( 3 ) GLOBAL_UNCERTAINTY_ASSIGNED_CONTEXT ( ( #3003 ) ) GLOBAL_UNIT_ASSIGNED_CONTEXT ( ( #4429, #3672, #922 ) ) REPRESENTATION_CONTEXT ( 'NONE', 'WORKASPACE' ) );
#2634 = CARTESIAN_POINT ( 'NONE',  ( 8.118964578768549600, -5.070905971414140012, 0.1000000000000000056 ) ) ;
#2635 = CARTESIAN_POINT ( 'NONE',  ( -2.745000000000001439, -6.845307432091225053, 0.5099999999999965672 ) ) ;
#2636 = UNCERTAINTY_MEASURE_WITH_UNIT (LENGTH_MEASURE( 1.000000000000000082E-05 ), #3642, 'distance_accuracy_value', 'NONE');
#2637 = VECTOR ( 'NONE', #4448, 1000.000000000000114 ) ;
#2638 = LINE ( 'NONE', #4017, #1021 ) ;
#2639 = VERTEX_POINT ( 'NONE', #1734 ) ;
#2640 = CIRCLE ( 'NONE', #4409, 0.4000000000000000777 ) ;
#2641 = CARTESIAN_POINT ( 'NONE',  ( -2.669999999999999929, -5.873794509127558072, 1.574999999999999956 ) ) ;
#2642 =( NAMED_UNIT ( * ) SI_UNIT ( $, .STERADIAN. ) SOLID_ANGLE_UNIT ( ) );
#2643 = SURFACE_STYLE_FILL_AREA ( #1930 ) ;
#2644 = ORIENTED_EDGE ( 'NONE', *, *, #3292, .F. ) ;
#2645 = ADVANCED_FACE ( 'NONE', ( #742 ), #772, .T. ) ;
#2646 =( GEOMETRIC_REPRESENTATION_CONTEXT ( 3 ) GLOBAL_UNCERTAINTY_ASSIGNED_CONTEXT ( ( #4349 ) ) GLOBAL_UNIT_ASSIGNED_CONTEXT ( ( #1607, #3446, #1675 ) ) REPRESENTATION_CONTEXT ( 'NONE', 'WORKASPACE' ) );
#2647 = ADVANCED_FACE ( 'NONE', ( #3858 ), #3154, .T. ) ;
#2648 = APPLICATION_PROTOCOL_DEFINITION ( 'draft international standard', 'automotive_design', 1998, #2919 ) ;
#2649 = STYLED_ITEM ( 'NONE', ( #1742 ), #2445 ) ;
#2650 = ORIENTED_EDGE ( 'NONE', *, *, #842, .T. ) ;
#2651 = LINE ( 'NONE', #1602, #4047 ) ;
#2652 = CARTESIAN_POINT ( 'NONE',  ( -1.909999999999999920, -7.669999999999999929, 0.000000000000000000 ) ) ;
#2653 =( BOUNDED_CURVE ( )  B_SPLINE_CURVE ( 3, ( #2197, #3238, #2612, #3993 ),
 .UNSPECIFIED., .F., .F. ) 
 B_SPLINE_CURVE_WITH_KNOTS ( ( 4, 4 ),
 ( 1.570796326794888786, 3.138987462834986086 ),
 .UNSPECIFIED. ) 
 CURVE ( )  GEOMETRIC_REPRESENTATION_ITEM ( )  RATIONAL_B_SPLINE_CURVE ( ( 1.000000000000000000, 0.8053515033715186178, 0.8053515033715186178, 1.000000000000000000 ) ) 
 REPRESENTATION_ITEM ( '' )  );
#2654 =( LENGTH_UNIT ( ) NAMED_UNIT ( * ) SI_UNIT ( .MILLI., .METRE. ) );
#2655 = MECHANICAL_DESIGN_GEOMETRIC_PRESENTATION_REPRESENTATION (  '', ( #2286 ), #743 ) ;
#2656 = DIRECTION ( 'NONE',  ( 0.000000000000000000, -0.000000000000000000, 1.000000000000000000 ) ) ;
#2657 =( BOUNDED_SURFACE ( )  B_SPLINE_SURFACE ( 3, 3, ( 
 ( #3839, #330, #2043, #4216 ),
 ( #632, #4577, #1358, #352 ),
 ( #4530, #675, #4554, #2776 ),
 ( #288, #1740, #2751, #3093 ) ),
 .UNSPECIFIED., .F., .F., .T. ) 
 B_SPLINE_SURFACE_WITH_KNOTS ( ( 4, 4 ),
 ( 4, 4 ),
 ( 0.000000000000000000, 1.000000000000000000 ),
 ( 0.000000000000000000, 1.000000000000000000 ),
 .UNSPECIFIED. ) 
 GEOMETRIC_REPRESENTATION_ITEM ( )  RATIONAL_B_SPLINE_SURFACE ( (
 ( 1.000000000000000000, 0.3333333333333365345, 0.3333333333333365345, 1.000000000000000000),
 ( 0.9333134408862593379, 0.3111044802954227584, 0.3111044802954227584, 0.9333134408862593379),
 ( 0.9333134408862593379, 0.3111044802954227584, 0.3111044802954227584, 0.9333134408862593379),
 ( 1.000000000000000000, 0.3333333333333365345, 0.3333333333333365345, 1.000000000000000000) ) ) 
 REPRESENTATION_ITEM ( '' )  SURFACE ( )  );
#2658 = DIRECTION ( 'NONE',  ( -1.000000000000000000, 0.000000000000000000, 0.000000000000000000 ) ) ;
#2659 = SURFACE_STYLE_USAGE ( .BOTH. , #3325 ) ;
#2660 = DIRECTION ( 'NONE',  ( -0.04350722696467131806, 0.1187981766220960606, 0.9919647747945034011 ) ) ;
#2661 = FILL_AREA_STYLE_COLOUR ( '', #3883 ) ;
#2662 = ORIENTED_EDGE ( 'NONE', *, *, #4366, .F. ) ;
#2663 = APPLICATION_CONTEXT ( 'automotive_design' ) ;
#2664 = FILL_AREA_STYLE_COLOUR ( '', #3258 ) ;
#2665 = CARTESIAN_POINT ( 'NONE',  ( -1.635000000000000009, -2.946075918900970425, 2.291891077176900104 ) ) ;
#2666 = VERTEX_POINT ( 'NONE', #4026 ) ;
#2667 = EDGE_LOOP ( 'NONE', ( #1457, #1283, #2904, #739 ) ) ;
#2668 = DIRECTION ( 'NONE',  ( -0.000000000000000000, 1.000000000000000000, 0.000000000000000000 ) ) ;
#2669 =( NAMED_UNIT ( * ) PLANE_ANGLE_UNIT ( ) SI_UNIT ( $, .RADIAN. ) );
#2670 = STYLED_ITEM ( 'NONE', ( #414 ), #2266 ) ;
#2671 = CARTESIAN_POINT ( 'NONE',  ( -0.3800000000000020028, -4.769999999999999574, 1.064999999999999947 ) ) ;
#2672 = VERTEX_POINT ( 'NONE', #1825 ) ;
#2673 = LINE ( 'NONE', #4030, #2178 ) ;
#2674 = CIRCLE ( 'NONE', #687, 0.09999999999999982514 ) ;
#2675 = CARTESIAN_POINT ( 'NONE',  ( 2.754999999999999893, -5.765644948968875916, 1.064999999999999947 ) ) ;
#2676 = CARTESIAN_POINT ( 'NONE',  ( 3.134824332500949939, -3.041861941673674963, 0.7879222129752238013 ) ) ;
#2677 = CYLINDRICAL_SURFACE ( 'NONE', #3915, 0.4000000000000001887 ) ;
#2678 =( NAMED_UNIT ( * ) SI_UNIT ( $, .STERADIAN. ) SOLID_ANGLE_UNIT ( ) );
#2679 = EDGE_CURVE ( 'NONE', #48, #2476, #96, .T. ) ;
#2680 = VECTOR ( 'NONE', #2841, 1000.000000000000000 ) ;
#2681 = CARTESIAN_POINT ( 'NONE',  ( 2.754999999999999893, -5.765644948968880357, 1.064999999999999947 ) ) ;
#2682 = PRESENTATION_LAYER_ASSIGNMENT (  '', '', ( #1418 ) ) ;
#2683 = UNCERTAINTY_MEASURE_WITH_UNIT (LENGTH_MEASURE( 1.000000000000000082E-05 ), #391, 'distance_accuracy_value', 'NONE');
#2684 = ADVANCED_FACE ( 'NONE', ( #437 ), #2250, .T. ) ;
#2685 = FACE_OUTER_BOUND ( 'NONE', #665, .T. ) ;
#2686 = SURFACE_STYLE_FILL_AREA ( #205 ) ;
#2687 = DIRECTION ( 'NONE',  ( -0.5999999999999999778, -0.8000000000000000444, 0.000000000000000000 ) ) ;
#2688 = DIRECTION ( 'NONE',  ( 0.000000000000000000, -0.1189107717689529414, -0.9929049442707555961 ) ) ;
#2689 = ORIENTED_EDGE ( 'NONE', *, *, #1924, .T. ) ;
#2690 = CLOSED_SHELL ( 'NONE', ( #370, #2888, #590, #2684, #153, #2046 ) ) ;
#2691 = PRESENTATION_STYLE_ASSIGNMENT (( #2735 ) ) ;
#2692 = SURFACE_SIDE_STYLE ('',( #2643 ) ) ;
#2693 = EDGE_LOOP ( 'NONE', ( #360, #3279, #1394, #1631, #3852, #2943, #2273 ) ) ;
#2694 = VECTOR ( 'NONE', #913, 1000.000000000000000 ) ;
#2695 = VERTEX_POINT ( 'NONE', #1578 ) ;
#2696 = CARTESIAN_POINT ( 'NONE',  ( 0.3799999999999980060, -5.780000000000000249, 0.000000000000000000 ) ) ;
#2697 = UNCERTAINTY_MEASURE_WITH_UNIT (LENGTH_MEASURE( 1.000000000000000082E-05 ), #2555, 'distance_accuracy_value', 'NONE');
#2698 = FILL_AREA_STYLE ('',( #2412 ) ) ;
#2699 = VERTEX_POINT ( 'NONE', #4053 ) ;
#2700 = PRESENTATION_STYLE_ASSIGNMENT (( #1377 ) ) ;
#2701 = CARTESIAN_POINT ( 'NONE',  ( -2.745000000000000107, -6.620000000000000107, 0.1628051603121120072 ) ) ;
#2702 = MECHANICAL_DESIGN_GEOMETRIC_PRESENTATION_REPRESENTATION (  '', ( #1862 ), #1366 ) ;
#2703 = STYLED_ITEM ( 'NONE', ( #2920 ), #844 ) ;
#2704 = DIRECTION ( 'NONE',  ( -0.9990395510567564585, 0.000000000000000000, -0.04381752416915579706 ) ) ;
#2705 = MANIFOLD_SOLID_BREP ( 'Imported2', #1854 ) ;
#2706 = UNCERTAINTY_MEASURE_WITH_UNIT (LENGTH_MEASURE( 1.000000000000000082E-05 ), #1328, 'distance_accuracy_value', 'NONE');
#2707 = PRESENTATION_LAYER_ASSIGNMENT (  '', '', ( #2703 ) ) ;
#2708 = SURFACE_STYLE_FILL_AREA ( #3368 ) ;
#2709 = CARTESIAN_POINT ( 'NONE',  ( 3.246655490636389363, 2.947499999999999787, 0.5322548134903070105 ) ) ;
#2710 = DIRECTION ( 'NONE',  ( 0.000000000000000000, 0.000000000000000000, -1.000000000000000000 ) ) ;
#2711 = EDGE_CURVE ( 'NONE', #849, #840, #2990, .T. ) ;
#2712 = EDGE_CURVE ( 'NONE', #4050, #483, #1216, .T. ) ;
#2713 =( NAMED_UNIT ( * ) PLANE_ANGLE_UNIT ( ) SI_UNIT ( $, .RADIAN. ) );
#2714 = FACE_OUTER_BOUND ( 'NONE', #892, .T. ) ;
#2715 = COLOUR_RGB ( '',1.000000000000000000, 1.000000000000000000, 1.000000000000000000 ) ;
#2716 = CARTESIAN_POINT ( 'NONE',  ( 2.669999999999999929, -6.219999999999999751, 1.574999999999999956 ) ) ;
#2717 = ORIENTED_EDGE ( 'NONE', *, *, #4286, .T. ) ;
#2718 = VERTEX_POINT ( 'NONE', #3385 ) ;
#2719 = CARTESIAN_POINT ( 'NONE',  ( -3.206692322509915094, -2.947500000000000675, 1.443415046773944832 ) ) ;
#2720 = CIRCLE ( 'NONE', #3907, 0.4000000000000001887 ) ;
#2721 = STYLED_ITEM ( 'NONE', ( #2973 ), #1903 ) ;
#2722 = DIRECTION ( 'NONE',  ( 1.000000000000000000, 0.000000000000000000, 0.000000000000000000 ) ) ;
#2723 = EDGE_LOOP ( 'NONE', ( #836, #1496, #3009, #1750 ) ) ;
#2724 = ORIENTED_EDGE ( 'NONE', *, *, #1837, .T. ) ;
#2725 =( GEOMETRIC_REPRESENTATION_CONTEXT ( 3 ) GLOBAL_UNCERTAINTY_ASSIGNED_CONTEXT ( ( #2590 ) ) GLOBAL_UNIT_ASSIGNED_CONTEXT ( ( #4484, #2854, #1405 ) ) REPRESENTATION_CONTEXT ( 'NONE', 'WORKASPACE' ) );
#2726 = CARTESIAN_POINT ( 'NONE',  ( 0.3799999999999980060, -5.275000000000000355, 1.574999999999999956 ) ) ;
#2727 =( NAMED_UNIT ( * ) SI_UNIT ( $, .STERADIAN. ) SOLID_ANGLE_UNIT ( ) );
#2728 = DIRECTION ( 'NONE',  ( 0.9990395510567564585, 1.819781315987520950E-16, 0.04381752416915602605 ) ) ;
#2729 = CARTESIAN_POINT ( 'NONE',  ( -2.669999999999999929, -7.669999999999999929, 0.000000000000000000 ) ) ;
#2730 = PRESENTATION_STYLE_ASSIGNMENT (( #656 ) ) ;
#2731 = CARTESIAN_POINT ( 'NONE',  ( -3.124602643412339731, -2.901148327010778516, 2.343660963109996942 ) ) ;
#2732 = EDGE_CURVE ( 'NONE', #4569, #574, #939, .T. ) ;
#2733 = FILL_AREA_STYLE_COLOUR ( '', #1723 ) ;
#2734 = SURFACE_STYLE_FILL_AREA ( #4149 ) ;
#2735 = SURFACE_STYLE_USAGE ( .BOTH. , #2383 ) ;
#2736 = EDGE_CURVE ( 'NONE', #3471, #4475, #3578, .T. ) ;
#2737 = EDGE_CURVE ( 'NONE', #1841, #138, #3293, .T. ) ;
#2738 = DIRECTION ( 'NONE',  ( -0.000000000000000000, -0.000000000000000000, -1.000000000000000000 ) ) ;
#2739 = VERTEX_POINT ( 'NONE', #1284 ) ;
#2740 = LINE ( 'NONE', #1953, #1991 ) ;
#2741 = ORIENTED_EDGE ( 'NONE', *, *, #250, .F. ) ;
#2742 = ORIENTED_EDGE ( 'NONE', *, *, #3547, .T. ) ;
#2743 = UNCERTAINTY_MEASURE_WITH_UNIT (LENGTH_MEASURE( 1.000000000000000082E-05 ), #3000, 'distance_accuracy_value', 'NONE');
#2744 = SURFACE_STYLE_USAGE ( .BOTH. , #1338 ) ;
#2745 =( GEOMETRIC_REPRESENTATION_CONTEXT ( 3 ) GLOBAL_UNCERTAINTY_ASSIGNED_CONTEXT ( ( #127 ) ) GLOBAL_UNIT_ASSIGNED_CONTEXT ( ( #2111, #1127, #1084 ) ) REPRESENTATION_CONTEXT ( 'NONE', 'WORKASPACE' ) );
#2746 = SURFACE_SIDE_STYLE ('',( #3108 ) ) ;
#2747 = UNCERTAINTY_MEASURE_WITH_UNIT (LENGTH_MEASURE( 1.000000000000000082E-05 ), #571, 'distance_accuracy_value', 'NONE');
#2748 = MECHANICAL_DESIGN_GEOMETRIC_PRESENTATION_REPRESENTATION (  '', ( #3621 ), #1416 ) ;
#2749 = CARTESIAN_POINT ( 'NONE',  ( -2.669999999999999929, -4.769999999999999574, 0.000000000000000000 ) ) ;
#2750 = CARTESIAN_POINT ( 'NONE',  ( 3.071585188118567178, -2.893585790885794040, 2.373820588993331704 ) ) ;
#2751 = CARTESIAN_POINT ( 'NONE',  ( -3.109158100299060479, 2.862113486477773083, 2.204809361394430400 ) ) ;
#2752 = CIRCLE ( 'NONE', #1481, 0.09999999999999982514 ) ;
#2753 =( GEOMETRIC_REPRESENTATION_CONTEXT ( 3 ) GLOBAL_UNCERTAINTY_ASSIGNED_CONTEXT ( ( #3414 ) ) GLOBAL_UNIT_ASSIGNED_CONTEXT ( ( #3056, #599, #2364 ) ) REPRESENTATION_CONTEXT ( 'NONE', 'WORKASPACE' ) );
#2754 = VECTOR ( 'NONE', #2861, 1000.000000000000000 ) ;
#2755 = DIRECTION ( 'NONE',  ( 0.000000000000000000, -1.000000000000000000, 0.000000000000000000 ) ) ;
#2756 = PRESENTATION_STYLE_ASSIGNMENT (( #884 ) ) ;
#2757 =( NAMED_UNIT ( * ) SI_UNIT ( $, .STERADIAN. ) SOLID_ANGLE_UNIT ( ) );
#2758 = DIRECTION ( 'NONE',  ( 0.000000000000000000, -0.9929049442707553741, -0.1189107717689530386 ) ) ;
#2759 = CARTESIAN_POINT ( 'NONE',  ( 1.909999999999999920, -4.769999999999999574, 1.064999999999999947 ) ) ;
#2760 = ORIENTED_EDGE ( 'NONE', *, *, #479, .T. ) ;
#2761 = EDGE_CURVE ( 'NONE', #2031, #3593, #3752, .T. ) ;
#2762 = ADVANCED_FACE ( 'NONE', ( #597 ), #4114, .T. ) ;
#2763 = EDGE_CURVE ( 'NONE', #4475, #793, #3252, .T. ) ;
#2764 = LINE ( 'NONE', #2318, #238 ) ;
#2765 =( NAMED_UNIT ( * ) SI_UNIT ( $, .STERADIAN. ) SOLID_ANGLE_UNIT ( ) );
#2766 = AXIS2_PLACEMENT_3D ( 'NONE', #1731, #669, #2058 ) ;
#2767 = ORIENTED_EDGE ( 'NONE', *, *, #3895, .T. ) ;
#2768 = FILL_AREA_STYLE ('',( #4522 ) ) ;
#2769 =( NAMED_UNIT ( * ) PLANE_ANGLE_UNIT ( ) SI_UNIT ( $, .RADIAN. ) );
#2770 =( NAMED_UNIT ( * ) SI_UNIT ( $, .STERADIAN. ) SOLID_ANGLE_UNIT ( ) );
#2771 = DIRECTION ( 'NONE',  ( 1.000000000000000000, 0.000000000000000000, 0.000000000000000000 ) ) ;
#2772 = PRODUCT_DEFINITION ( 'UNKNOWN', '', #3771, #653 ) ;
#2773 = AXIS2_PLACEMENT_3D ( 'NONE', #3273, #3001, #3693 ) ;
#2774 = CARTESIAN_POINT ( 'NONE',  ( 3.163687663671208572, 2.726941466500051536, 2.263367691365701262 ) ) ;
#2775 = CIRCLE ( 'NONE', #1938, 0.09999999999999982514 ) ;
#2776 = CARTESIAN_POINT ( 'NONE',  ( -3.162086379162764249, 2.742987068223992964, 2.297580716497482634 ) ) ;
#2777 = ORIENTED_EDGE ( 'NONE', *, *, #18, .F. ) ;
#2778 = CARTESIAN_POINT ( 'NONE',  ( 3.038723367859964775, -2.877752571597504527, 2.369826569210567779 ) ) ;
#2779 = VECTOR ( 'NONE', #1484, 1000.000000000000227 ) ;
#2780 = PRESENTATION_LAYER_ASSIGNMENT (  '', '', ( #1150 ) ) ;
#2781 = SURFACE_SIDE_STYLE ('',( #2471 ) ) ;
#2782 =( NAMED_UNIT ( * ) PLANE_ANGLE_UNIT ( ) SI_UNIT ( $, .RADIAN. ) );
#2783 = CARTESIAN_POINT ( 'NONE',  ( -3.067226026173604847, 2.741861919822024429, 2.375207395953481626 ) ) ;
#2784 = DIRECTION ( 'NONE',  ( 0.000000000000000000, -0.000000000000000000, -1.000000000000000000 ) ) ;
#2785 = ORIENTED_EDGE ( 'NONE', *, *, #1379, .T. ) ;
#2786 = COLOUR_RGB ( '',1.000000000000000000, 1.000000000000000000, 1.000000000000000000 ) ;
#2787 = DIRECTION ( 'NONE',  ( 0.000000000000000000, 1.000000000000000000, -1.734723475976810250E-14 ) ) ;
#2788 = ORIENTED_EDGE ( 'NONE', *, *, #628, .F. ) ;
#2789 =( NAMED_UNIT ( * ) PLANE_ANGLE_UNIT ( ) SI_UNIT ( $, .RADIAN. ) );
#2790 =( NAMED_UNIT ( * ) SI_UNIT ( $, .STERADIAN. ) SOLID_ANGLE_UNIT ( ) );
#2791 = STYLED_ITEM ( 'NONE', ( #3540 ), #2129 ) ;
#2792 = COLOUR_RGB ( '',1.000000000000000000, 1.000000000000000000, 1.000000000000000000 ) ;
#2793 = CARTESIAN_POINT ( 'NONE',  ( -1.909999999999999920, -6.620000000000000107, 0.000000000000000000 ) ) ;
#2794 = ORIENTED_EDGE ( 'NONE', *, *, #2952, .T. ) ;
#2795 =( NAMED_UNIT ( * ) SI_UNIT ( $, .STERADIAN. ) SOLID_ANGLE_UNIT ( ) );
#2796 =( GEOMETRIC_REPRESENTATION_CONTEXT ( 3 ) GLOBAL_UNCERTAINTY_ASSIGNED_CONTEXT ( ( #1926 ) ) GLOBAL_UNIT_ASSIGNED_CONTEXT ( ( #2860, #1965, #1082 ) ) REPRESENTATION_CONTEXT ( 'NONE', 'WORKASPACE' ) );
#2797 = DIRECTION ( 'NONE',  ( 0.000000000000000000, -0.000000000000000000, -1.000000000000000000 ) ) ;
#2798 = PLANE ( 'NONE',  #2522 ) ;
#2799 = FILL_AREA_STYLE ('',( #2068 ) ) ;
#2800 =( NAMED_UNIT ( * ) PLANE_ANGLE_UNIT ( ) SI_UNIT ( $, .RADIAN. ) );
#2801 = VERTEX_POINT ( 'NONE', #1881 ) ;
#2802 = EDGE_LOOP ( 'NONE', ( #677, #4140, #300, #1360 ) ) ;
#2803 = ORIENTED_EDGE ( 'NONE', *, *, #66, .T. ) ;
#2804 =( NAMED_UNIT ( * ) PLANE_ANGLE_UNIT ( ) SI_UNIT ( $, .RADIAN. ) );
#2805 = SURFACE_SIDE_STYLE ('',( #3507 ) ) ;
#2806 =( REPRESENTATION_RELATIONSHIP ('NONE','NONE', #4384, #4254 ) REPRESENTATION_RELATIONSHIP_WITH_TRANSFORMATION ( #2574 )SHAPE_REPRESENTATION_RELATIONSHIP( ) );
#2807 = SURFACE_STYLE_USAGE ( .BOTH. , #4507 ) ;
#2808 = LINE ( 'NONE', #4233, #4407 ) ;
#2809 = CARTESIAN_POINT ( 'NONE',  ( 2.754999999999999893, -7.050234344067281000, 0.9100000000000000311 ) ) ;
#2810 = EDGE_CURVE ( 'NONE', #411, #2672, #2900, .T. ) ;
#2811 = EDGE_CURVE ( 'NONE', #2672, #2880, #1542, .T. ) ;
#2812 = EDGE_CURVE ( 'NONE', #2221, #755, #1722, .T. ) ;
#2813 = DIRECTION ( 'NONE',  ( 0.04381752416915601911, -0.000000000000000000, -0.9990395510567564585 ) ) ;
#2814 = DIRECTION ( 'NONE',  ( 0.000000000000000000, 0.9929049442707553741, 0.1189107717689530386 ) ) ;
#2815 = AXIS2_PLACEMENT_3D ( 'NONE', #4133, #1254, #955 ) ;
#2816 = CIRCLE ( 'NONE', #1201, 0.09999999999999982514 ) ;
#2817 = EDGE_CURVE ( 'NONE', #3803, #4273, #3270, .T. ) ;
#2818 =( NAMED_UNIT ( * ) SI_UNIT ( $, .STERADIAN. ) SOLID_ANGLE_UNIT ( ) );
#2819 = ORIENTED_EDGE ( 'NONE', *, *, #4396, .F. ) ;
#2820 = DIRECTION ( 'NONE',  ( 1.000000000000000000, -1.345724878333519912E-15, 0.000000000000000000 ) ) ;
#2821 =( BOUNDED_CURVE ( )  B_SPLINE_CURVE ( 3, ( #1759, #1736, #415, #72 ),
 .UNSPECIFIED., .F., .F. ) 
 B_SPLINE_CURVE_WITH_KNOTS ( ( 4, 4 ),
 ( 1.217124982586528459, 2.793131708572914373 ),
 .UNSPECIFIED. ) 
 CURVE ( )  GEOMETRIC_REPRESENTATION_ITEM ( )  RATIONAL_B_SPLINE_CURVE ( ( 1.000000000000000000, 0.8035081529209282536, 0.8035081529209282536, 1.000000000000000000 ) ) 
 REPRESENTATION_ITEM ( '' )  );
#2822 = ORIENTED_EDGE ( 'NONE', *, *, #1643, .T. ) ;
#2823 = ORIENTED_EDGE ( 'NONE', *, *, #1729, .T. ) ;
#2824 = FILL_AREA_STYLE_COLOUR ( '', #1081 ) ;
#2825 =( NAMED_UNIT ( * ) SI_UNIT ( $, .STERADIAN. ) SOLID_ANGLE_UNIT ( ) );
#2826 = FILL_AREA_STYLE_COLOUR ( '', #4005 ) ;
#2827 = CIRCLE ( 'NONE', #1359, 0.1962167265763692936 ) ;
#2828 = CARTESIAN_POINT ( 'NONE',  ( 3.133020036179935630, -3.047499999999997211, 0.8350057076827265279 ) ) ;
#2829 =( LENGTH_UNIT ( ) NAMED_UNIT ( * ) SI_UNIT ( .MILLI., .METRE. ) );
#2830 = PRESENTATION_LAYER_ASSIGNMENT (  '', '', ( #2243 ) ) ;
#2831 = CARTESIAN_POINT ( 'NONE',  ( -2.669999999999999929, -4.769999999999999574, 0.000000000000000000 ) ) ;
#2832 = VECTOR ( 'NONE', #4365, 1000.000000000000000 ) ;
#2833 = VECTOR ( 'NONE', #3205, 1000.000000000000000 ) ;
#2834 = EDGE_CURVE ( 'NONE', #1732, #4018, #30, .T. ) ;
#2835 = SURFACE_STYLE_USAGE ( .BOTH. , #4219 ) ;
#2836 =( LENGTH_UNIT ( ) NAMED_UNIT ( * ) SI_UNIT ( .MILLI., .METRE. ) );
#2837 = CARTESIAN_POINT ( 'NONE',  ( -2.745000000000000107, -6.219999999999999751, 0.000000000000000000 ) ) ;
#2838 = EDGE_CURVE ( 'NONE', #1931, #190, #4387, .T. ) ;
#2839 = MECHANICAL_DESIGN_GEOMETRIC_PRESENTATION_REPRESENTATION (  '', ( #488 ), #3650 ) ;
#2840 = VECTOR ( 'NONE', #3069, 1000.000000000000000 ) ;
#2841 = DIRECTION ( 'NONE',  ( 1.000000000000000000, 0.000000000000000000, 0.000000000000000000 ) ) ;
#2842 = VECTOR ( 'NONE', #1826, 1000.000000000000000 ) ;
#2843 = ORIENTED_EDGE ( 'NONE', *, *, #443, .T. ) ;
#2844 = FILL_AREA_STYLE_COLOUR ( '', #2925 ) ;
#2845 = ORIENTED_EDGE ( 'NONE', *, *, #1644, .F. ) ;
#2846 = DIRECTION ( 'NONE',  ( 3.828355257328130201E-16, 1.000000000000000000, 0.000000000000000000 ) ) ;
#2847 = LINE ( 'NONE', #716, #164 ) ;
#2848 = FILL_AREA_STYLE_COLOUR ( '', #1932 ) ;
#2849 = ORIENTED_EDGE ( 'NONE', *, *, #1126, .F. ) ;
#2850 =( NAMED_UNIT ( * ) SI_UNIT ( $, .STERADIAN. ) SOLID_ANGLE_UNIT ( ) );
#2851 = COLOUR_RGB ( '',1.000000000000000000, 1.000000000000000000, 1.000000000000000000 ) ;
#2852 = AXIS2_PLACEMENT_3D ( 'NONE', #1193, #3346, #175 ) ;
#2853 = SURFACE_STYLE_USAGE ( .BOTH. , #2464 ) ;
#2854 =( NAMED_UNIT ( * ) PLANE_ANGLE_UNIT ( ) SI_UNIT ( $, .RADIAN. ) );
#2855 = PRESENTATION_LAYER_ASSIGNMENT (  '', '', ( #3082 ) ) ;
#2856 =( GEOMETRIC_REPRESENTATION_CONTEXT ( 3 ) GLOBAL_UNCERTAINTY_ASSIGNED_CONTEXT ( ( #4083 ) ) GLOBAL_UNIT_ASSIGNED_CONTEXT ( ( #1355, #1009, #2850 ) ) REPRESENTATION_CONTEXT ( 'NONE', 'WORKASPACE' ) );
#2857 = CARTESIAN_POINT ( 'NONE',  ( 1.909999999999999476, -6.219999999999999751, 0.000000000000000000 ) ) ;
#2858 = SURFACE_STYLE_FILL_AREA ( #1449 ) ;
#2859 =( GEOMETRIC_REPRESENTATION_CONTEXT ( 3 ) GLOBAL_UNCERTAINTY_ASSIGNED_CONTEXT ( ( #2271 ) ) GLOBAL_UNIT_ASSIGNED_CONTEXT ( ( #2381, #3800, #3848 ) ) REPRESENTATION_CONTEXT ( 'NONE', 'WORKASPACE' ) );
#2860 =( LENGTH_UNIT ( ) NAMED_UNIT ( * ) SI_UNIT ( .MILLI., .METRE. ) );
#2861 = DIRECTION ( 'NONE',  ( -0.000000000000000000, 0.000000000000000000, 1.000000000000000000 ) ) ;
#2862 = MECHANICAL_DESIGN_GEOMETRIC_PRESENTATION_REPRESENTATION (  '', ( #1896 ), #589 ) ;
#2863 = ORIENTED_EDGE ( 'NONE', *, *, #1760, .F. ) ;
#2864 = DIRECTION ( 'NONE',  ( 1.084202172485503842E-15, 1.000000000000000000, 2.710505431213759902E-15 ) ) ;
#2865 = ORIENTED_EDGE ( 'NONE', *, *, #2356, .T. ) ;
#2866 = STYLED_ITEM ( 'NONE', ( #1983 ), #2587 ) ;
#2867 = ADVANCED_FACE ( 'NONE', ( #2289 ), #158, .T. ) ;
#2868 = EDGE_CURVE ( 'NONE', #2366, #2439, #3988, .T. ) ;
#2869 = FILL_AREA_STYLE_COLOUR ( '', #3251 ) ;
#2870 = FACE_OUTER_BOUND ( 'NONE', #3384, .T. ) ;
#2871 =( NAMED_UNIT ( * ) SI_UNIT ( $, .STERADIAN. ) SOLID_ANGLE_UNIT ( ) );
#2872 = VERTEX_POINT ( 'NONE', #1513 ) ;
#2873 = DIRECTION ( 'NONE',  ( -1.000000000000000000, 1.345724878333519912E-15, -0.000000000000000000 ) ) ;
#2874 = PRESENTATION_STYLE_ASSIGNMENT (( #2158 ) ) ;
#2875 =( NAMED_UNIT ( * ) SI_UNIT ( $, .STERADIAN. ) SOLID_ANGLE_UNIT ( ) );
#2876 = CARTESIAN_POINT ( 'NONE',  ( -3.069903862770779757, 2.795468217242378373, 2.294181843648213981 ) ) ;
#2877 = STYLED_ITEM ( 'NONE', ( #1668 ), #4540 ) ;
#2878 = DIRECTION ( 'NONE',  ( 2.546383084002650169E-16, -1.000000000000000000, 0.000000000000000000 ) ) ;
#2879 = PRESENTATION_LAYER_ASSIGNMENT (  '', '', ( #1842 ) ) ;
#2880 = VERTEX_POINT ( 'NONE', #1907 ) ;
#2881 = FILL_AREA_STYLE_COLOUR ( '', #1746 ) ;
#2882 = VECTOR ( 'NONE', #2949, 1000.000000000000000 ) ;
#2883 =( GEOMETRIC_REPRESENTATION_CONTEXT ( 3 ) GLOBAL_UNCERTAINTY_ASSIGNED_CONTEXT ( ( #3690 ) ) GLOBAL_UNIT_ASSIGNED_CONTEXT ( ( #321, #304, #2343 ) ) REPRESENTATION_CONTEXT ( 'NONE', 'WORKASPACE' ) );
#2884 =( GEOMETRIC_REPRESENTATION_CONTEXT ( 3 ) GLOBAL_UNCERTAINTY_ASSIGNED_CONTEXT ( ( #3091 ) ) GLOBAL_UNIT_ASSIGNED_CONTEXT ( ( #3266, #2975, #2287 ) ) REPRESENTATION_CONTEXT ( 'NONE', 'WORKASPACE' ) );
#2885 = PRESENTATION_LAYER_ASSIGNMENT (  '', '', ( #620 ) ) ;
#2886 = ORIENTED_EDGE ( 'NONE', *, *, #2834, .F. ) ;
#2887 = EDGE_CURVE ( 'NONE', #2055, #106, #1937, .T. ) ;
#2888 = ADVANCED_FACE ( 'NONE', ( #4347 ), #1206, .T. ) ;
#2889 = PRODUCT_DEFINITION_SHAPE ( 'NONE', 'NONE',  #515 ) ;
#2890 = DIRECTION ( 'NONE',  ( -1.000000000000000000, 8.864471316691248177E-16, -6.380638221762067763E-16 ) ) ;
#2891 = EDGE_LOOP ( 'NONE', ( #1882, #1928, #1102, #3920 ) ) ;
#2892 = FACE_OUTER_BOUND ( 'NONE', #1139, .T. ) ;
#2893 = CARTESIAN_POINT ( 'NONE',  ( -2.987217709184534442, -3.012875567570560964, 2.305217735222005793 ) ) ;
#2894 = DIRECTION ( 'NONE',  ( 1.000000000000000000, -1.345724878333519912E-15, 0.000000000000000000 ) ) ;
#2895 = ADVANCED_FACE ( 'NONE', ( #3798 ), #2049, .T. ) ;
#2896 = LINE ( 'NONE', #2183, #715 ) ;
#2897 = CARTESIAN_POINT ( 'NONE',  ( 0.3799999999999983391, -4.769999999999999574, 0.000000000000000000 ) ) ;
#2898 =( NAMED_UNIT ( * ) PLANE_ANGLE_UNIT ( ) SI_UNIT ( $, .RADIAN. ) );
#2899 = SURFACE_SIDE_STYLE ('',( #425 ) ) ;
#2900 = LINE ( 'NONE', #494, #4037 ) ;
#2901 = VERTEX_POINT ( 'NONE', #3046 ) ;
#2902 = MECHANICAL_DESIGN_GEOMETRIC_PRESENTATION_REPRESENTATION (  '', ( #2543 ), #270 ) ;
#2903 = VECTOR ( 'NONE', #536, 1000.000000000000114 ) ;
#2904 = ORIENTED_EDGE ( 'NONE', *, *, #3231, .F. ) ;
#2905 = PRESENTATION_LAYER_ASSIGNMENT (  '', '', ( #1585 ) ) ;
#2906 =( LENGTH_UNIT ( ) NAMED_UNIT ( * ) SI_UNIT ( .MILLI., .METRE. ) );
#2907 = COLOUR_RGB ( '',0.3921568627450980338, 0.3921568627450980338, 0.3921568627450980338 ) ;
#2908 = ORIENTED_EDGE ( 'NONE', *, *, #3902, .T. ) ;
#2909 = DIRECTION ( 'NONE',  ( 0.04337548421186977754, 0.1416849627551049484, -0.9889610400306325655 ) ) ;
#2910 = SHAPE_DEFINITION_REPRESENTATION ( #2194, #1548 ) ;
#2911 = ADVANCED_FACE ( 'NONE', ( #3396 ), #940, .T. ) ;
#2912 = CARTESIAN_POINT ( 'NONE',  ( 0.5401766702561872080, 0.000000000000000000, 2.379999999959636625 ) ) ;
#2913 = ORIENTED_EDGE ( 'NONE', *, *, #2215, .F. ) ;
#2914 = PRESENTATION_STYLE_ASSIGNMENT (( #2853 ) ) ;
#2915 = FILL_AREA_STYLE_COLOUR ( '', #794 ) ;
#2916 = DIRECTION ( 'NONE',  ( 1.000000000000000000, 0.000000000000000000, -0.000000000000000000 ) ) ;
#2917 = ADVANCED_FACE ( 'NONE', ( #3937, #1448 ), #3916, .T. ) ;
#2918 = AXIS2_PLACEMENT_3D ( 'NONE', #206, #4036, #3370 ) ;
#2919 = APPLICATION_CONTEXT ( 'automotive_design' ) ;
#2920 = PRESENTATION_STYLE_ASSIGNMENT (( #101 ) ) ;
#2921 = SURFACE_STYLE_USAGE ( .BOTH. , #2263 ) ;
#2922 = VECTOR ( 'NONE', #2290, 1000.000000000000000 ) ;
#2923 = CIRCLE ( 'NONE', #1163, 0.1000000000000002415 ) ;
#2924 = LINE ( 'NONE', #2681, #4524 ) ;
#2925 = COLOUR_RGB ( '',1.000000000000000000, 1.000000000000000000, 1.000000000000000000 ) ;
#2926 = VECTOR ( 'NONE', #3665, 1000.000000000000000 ) ;
#2927 = LINE ( 'NONE', #4346, #97 ) ;
#2928 = DIRECTION ( 'NONE',  ( -0.5431086805435950682, 0.5381361632329521028, 0.6445482378682860780 ) ) ;
#2929 = ORIENTED_EDGE ( 'NONE', *, *, #1401, .F. ) ;
#2930 = CARTESIAN_POINT ( 'NONE',  ( -1.910000000000001252, -6.619999999999997442, 0.8230143411670342024 ) ) ;
#2931 = LINE ( 'NONE', #137, #3006 ) ;
#2932 = ORIENTED_EDGE ( 'NONE', *, *, #1593, .F. ) ;
#2933 = PRESENTATION_LAYER_ASSIGNMENT (  '', '', ( #2427 ) ) ;
#2934 =( BOUNDED_CURVE ( )  B_SPLINE_CURVE ( 3, ( #404, #1794, #2164, #3210 ),
 .UNSPECIFIED., .F., .F. ) 
 B_SPLINE_CURVE_WITH_KNOTS ( ( 4, 4 ),
 ( 0.3484609450169003364, 1.924467671003260660 ),
 .UNSPECIFIED. ) 
 CURVE ( )  GEOMETRIC_REPRESENTATION_ITEM ( )  RATIONAL_B_SPLINE_CURVE ( ( 1.000000000000000000, 0.8035081529209344708, 0.8035081529209344708, 1.000000000000000000 ) ) 
 REPRESENTATION_ITEM ( '' )  );
#2935 = CARTESIAN_POINT ( 'NONE',  ( 2.669999999999999929, -4.769999999999999574, 0.000000000000000000 ) ) ;
#2936 = DIRECTION ( 'NONE',  ( 0.000000000000000000, 0.000000000000000000, 1.000000000000000000 ) ) ;
#2937 = CARTESIAN_POINT ( 'NONE',  ( -2.279999999999999805, -7.669999999999999929, 0.000000000000000000 ) ) ;
#2938 = ORIENTED_EDGE ( 'NONE', *, *, #4184, .F. ) ;
#2939 = PRESENTATION_LAYER_ASSIGNMENT (  '', '', ( #3910 ) ) ;
#2940 = VERTEX_POINT ( 'NONE', #1064 ) ;
#2941 = APPLICATION_PROTOCOL_DEFINITION ( 'draft international standard', 'automotive_design', 1998, #1532 ) ;
#2942 =( NAMED_UNIT ( * ) SI_UNIT ( $, .STERADIAN. ) SOLID_ANGLE_UNIT ( ) );
#2943 = ORIENTED_EDGE ( 'NONE', *, *, #2097, .T. ) ;
#2944 = FILL_AREA_STYLE ('',( #575 ) ) ;
#2945 = LINE ( 'NONE', #877, #1598 ) ;
#2946 = CARTESIAN_POINT ( 'NONE',  ( -3.069903862770780645, 2.696478948577849977, 2.279999999999999805 ) ) ;
#2947 = ORIENTED_EDGE ( 'NONE', *, *, #3207, .T. ) ;
#2948 = UNCERTAINTY_MEASURE_WITH_UNIT (LENGTH_MEASURE( 1.000000000000000082E-05 ), #1400, 'distance_accuracy_value', 'NONE');
#2949 = DIRECTION ( 'NONE',  ( 0.000000000000000000, -0.000000000000000000, 1.000000000000000000 ) ) ;
#2950 =( NAMED_UNIT ( * ) PLANE_ANGLE_UNIT ( ) SI_UNIT ( $, .RADIAN. ) );
#2951 = EDGE_CURVE ( 'NONE', #3561, #917, #3226, .T. ) ;
#2952 = EDGE_CURVE ( 'NONE', #895, #3307, #4257, .T. ) ;
#2953 = SURFACE_STYLE_USAGE ( .BOTH. , #787 ) ;
#2954 =( NAMED_UNIT ( * ) SI_UNIT ( $, .STERADIAN. ) SOLID_ANGLE_UNIT ( ) );
#2955 = ORIENTED_EDGE ( 'NONE', *, *, #94, .T. ) ;
#2956 = UNCERTAINTY_MEASURE_WITH_UNIT (LENGTH_MEASURE( 1.000000000000000082E-05 ), #2654, 'distance_accuracy_value', 'NONE');
#2957 = FILL_AREA_STYLE ('',( #470 ) ) ;
#2958 = ORIENTED_EDGE ( 'NONE', *, *, #2244, .T. ) ;
#2959 = PRESENTATION_LAYER_ASSIGNMENT (  '', '', ( #387 ) ) ;
#2960 = DIRECTION ( 'NONE',  ( 1.000000000000000000, 0.000000000000000000, 0.000000000000000000 ) ) ;
#2961 = FILL_AREA_STYLE_COLOUR ( '', #3864 ) ;
#2962 = ORIENTED_EDGE ( 'NONE', *, *, #1644, .T. ) ;
#2963 = FILL_AREA_STYLE_COLOUR ( '', #413 ) ;
#2964 = VECTOR ( 'NONE', #1155, 1000.000000000000114 ) ;
#2965 = VECTOR ( 'NONE', #2057, 1000.000000000000000 ) ;
#2966 =( GEOMETRIC_REPRESENTATION_CONTEXT ( 3 ) GLOBAL_UNCERTAINTY_ASSIGNED_CONTEXT ( ( #2015 ) ) GLOBAL_UNIT_ASSIGNED_CONTEXT ( ( #3221, #775, #2942 ) ) REPRESENTATION_CONTEXT ( 'NONE', 'WORKASPACE' ) );
#2967 = APPLICATION_PROTOCOL_DEFINITION ( 'draft international standard', 'automotive_design', 1998, #1219 ) ;
#2968 = FILL_AREA_STYLE ('',( #116 ) ) ;
#2969 = EDGE_LOOP ( 'NONE', ( #3236, #3253, #1836, #3198, #3085 ) ) ;
#2970 = DIRECTION ( 'NONE',  ( 1.084202172485503842E-15, 1.000000000000000000, 0.000000000000000000 ) ) ;
#2971 = FACE_OUTER_BOUND ( 'NONE', #381, .T. ) ;
#2972 = STYLED_ITEM ( 'NONE', ( #3466 ), #3894 ) ;
#2973 = PRESENTATION_STYLE_ASSIGNMENT (( #2258 ) ) ;
#2974 = LINE ( 'NONE', #3667, #3013 ) ;
#2975 =( NAMED_UNIT ( * ) PLANE_ANGLE_UNIT ( ) SI_UNIT ( $, .RADIAN. ) );
#2976 = VERTEX_POINT ( 'NONE', #3164 ) ;
#2977 = DIRECTION ( 'NONE',  ( 0.000000000000000000, 0.000000000000000000, 1.000000000000000000 ) ) ;
#2978 = CARTESIAN_POINT ( 'NONE',  ( 2.507499999999999840, 2.234999999999999876, 0.000000000000000000 ) ) ;
#2979 = FILL_AREA_STYLE ('',( #151 ) ) ;
#2980 = FACE_OUTER_BOUND ( 'NONE', #1464, .T. ) ;
#2981 = SURFACE_STYLE_FILL_AREA ( #3738 ) ;
#2982 = SURFACE_STYLE_FILL_AREA ( #467 ) ;
#2983 = SURFACE_STYLE_USAGE ( .BOTH. , #561 ) ;
#2984 = DIRECTION ( 'NONE',  ( -1.000000000000000000, -2.510377808680054839E-16, -3.006440489437199078E-17 ) ) ;
#2985 = ORIENTED_EDGE ( 'NONE', *, *, #155, .F. ) ;
#2986 = PRESENTATION_LAYER_ASSIGNMENT (  '', '', ( #2539 ) ) ;
#2987 = CARTESIAN_POINT ( 'NONE',  ( -3.099215545021688278, -2.901148327010778072, 2.365474068946874286 ) ) ;
#2988 = STYLED_ITEM ( 'NONE', ( #3692 ), #508 ) ;
#2989 = ORIENTED_EDGE ( 'NONE', *, *, #3176, .T. ) ;
#2990 = LINE ( 'NONE', #4307, #3806 ) ;
#2991 = SURFACE_STYLE_USAGE ( .BOTH. , #4028 ) ;
#2992 = VECTOR ( 'NONE', #1995, 1000.000000000000114 ) ;
#2993 = CARTESIAN_POINT ( 'NONE',  ( 8.118964578768549600, -5.070905971414140012, 0.1000000000000000056 ) ) ;
#2994 = CYLINDRICAL_SURFACE ( 'NONE', #2274, 0.4000000000000001887 ) ;
#2995 = AXIS2_PLACEMENT_3D ( 'NONE', #2993, #4403, #120 ) ;
#2996 = CARTESIAN_POINT ( 'NONE',  ( 2.290000000000000036, -5.873794509127560737, 1.574999999999999956 ) ) ;
#2997 = PRESENTATION_STYLE_ASSIGNMENT (( #124 ) ) ;
#2998 = SURFACE_STYLE_FILL_AREA ( #2630 ) ;
#2999 = CARTESIAN_POINT ( 'NONE',  ( 1.824999999999999956, -6.219999999999999751, 0.000000000000000000 ) ) ;
#3000 =( LENGTH_UNIT ( ) NAMED_UNIT ( * ) SI_UNIT ( .MILLI., .METRE. ) );
#3001 = DIRECTION ( 'NONE',  ( 0.000000000000000000, -0.000000000000000000, -1.000000000000000000 ) ) ;
#3002 = DIRECTION ( 'NONE',  ( -0.5469878064155939690, -0.5436290253687779961, 0.6366096310999771468 ) ) ;
#3003 = UNCERTAINTY_MEASURE_WITH_UNIT (LENGTH_MEASURE( 1.000000000000000082E-05 ), #4429, 'distance_accuracy_value', 'NONE');
#3004 = LINE ( 'NONE', #3306, #2564 ) ;
#3005 = EDGE_LOOP ( 'NONE', ( #986, #1779, #3647, #4284, #3081, #2344, #914 ) ) ;
#3006 = VECTOR ( 'NONE', #3378, 999.9999999999998863 ) ;
#3007 =( GEOMETRIC_REPRESENTATION_CONTEXT ( 3 ) GLOBAL_UNCERTAINTY_ASSIGNED_CONTEXT ( ( #2308 ) ) GLOBAL_UNIT_ASSIGNED_CONTEXT ( ( #1423, #1802, #2128 ) ) REPRESENTATION_CONTEXT ( 'NONE', 'WORKASPACE' ) );
#3008 = CARTESIAN_POINT ( 'NONE',  ( -3.122932019954423488, -2.844961978502785094, 2.393076396056978083 ) ) ;
#3009 = ORIENTED_EDGE ( 'NONE', *, *, #1869, .T. ) ;
#3010 = EDGE_CURVE ( 'NONE', #2345, #527, #4580, .T. ) ;
#3011 = EDGE_CURVE ( 'NONE', #2801, #305, #3553, .T. ) ;
#3012 = EDGE_CURVE ( 'NONE', #2314, #2739, #3533, .T. ) ;
#3013 = VECTOR ( 'NONE', #4379, 1000.000000000000000 ) ;
#3014 = ORIENTED_EDGE ( 'NONE', *, *, #392, .T. ) ;
#3015 = DIRECTION ( 'NONE',  ( 1.000000000000000000, 0.000000000000000000, 0.000000000000000000 ) ) ;
#3016 = FILL_AREA_STYLE ('',( #225 ) ) ;
#3017 = PRESENTATION_LAYER_ASSIGNMENT (  '', '', ( #1901 ) ) ;
#3018 = FILL_AREA_STYLE_COLOUR ( '', #3495 ) ;
#3019 = UNCERTAINTY_MEASURE_WITH_UNIT (LENGTH_MEASURE( 1.000000000000000082E-05 ), #3209, 'distance_accuracy_value', 'NONE');
#3020 = SURFACE_SIDE_STYLE ('',( #2708 ) ) ;
#3021 = PRESENTATION_STYLE_ASSIGNMENT (( #261 ) ) ;
#3022 = FILL_AREA_STYLE_COLOUR ( '', #4405 ) ;
#3023 = LINE ( 'NONE', #1274, #4107 ) ;
#3024 = PRESENTATION_STYLE_ASSIGNMENT (( #609 ) ) ;
#3025 = SURFACE_STYLE_USAGE ( .BOTH. , #539 ) ;
#3026 = CARTESIAN_POINT ( 'NONE',  ( 2.754999999999999893, -6.845307432091230382, 0.5100000000000000089 ) ) ;
#3027 = VERTEX_POINT ( 'NONE', #333 ) ;
#3028 = FILL_AREA_STYLE ('',( #4065 ) ) ;
#3029 = ORIENTED_EDGE ( 'NONE', *, *, #1265, .F. ) ;
#3030 = ORIENTED_EDGE ( 'NONE', *, *, #313, .F. ) ;
#3031 = LINE ( 'NONE', #4443, #3181 ) ;
#3032 = CARTESIAN_POINT ( 'NONE',  ( -1.909999999999999920, -7.669999999999999929, 1.064999999999999947 ) ) ;
#3033 = EDGE_CURVE ( 'NONE', #1592, #3593, #19, .T. ) ;
#3034 = ORIENTED_EDGE ( 'NONE', *, *, #2533, .F. ) ;
#3035 = VECTOR ( 'NONE', #688, 1000.000000000000000 ) ;
#3036 = CARTESIAN_POINT ( 'NONE',  ( 2.207500000000000462, 1.834999999999999964, 0.000000000000000000 ) ) ;
#3037 = EDGE_CURVE ( 'NONE', #240, #1188, #4239, .T. ) ;
#3038 = SURFACE_SIDE_STYLE ('',( #3465 ) ) ;
#3039 = CIRCLE ( 'NONE', #4164, 0.4000000000000001887 ) ;
#3040 = CIRCLE ( 'NONE', #983, 0.09999999999999982514 ) ;
#3041 = PLANE ( 'NONE',  #3557 ) ;
#3042 = CARTESIAN_POINT ( 'NONE',  ( 1.909999999999999920, -4.769999999999999574, 0.000000000000000000 ) ) ;
#3043 = PLANE ( 'NONE',  #1160 ) ;
#3044 = PRESENTATION_STYLE_ASSIGNMENT (( #3395 ) ) ;
#3045 = CARTESIAN_POINT ( 'NONE',  ( 2.669999999999999929, -7.669999999999999929, 0.000000000000000000 ) ) ;
#3046 = CARTESIAN_POINT ( 'NONE',  ( -1.815000000000001723, -6.219999999999996199, 1.378724977539287577 ) ) ;
#3047 = CARTESIAN_POINT ( 'NONE',  ( -3.069903862770780645, -2.846785424473900594, 2.280000000000000693 ) ) ;
#3048 = SURFACE_SIDE_STYLE ('',( #1629 ) ) ;
#3049 =( NAMED_UNIT ( * ) SI_UNIT ( $, .STERADIAN. ) SOLID_ANGLE_UNIT ( ) );
#3050 = CARTESIAN_POINT ( 'NONE',  ( 2.669999999999999929, -6.942084783908589962, 0.000000000000000000 ) ) ;
#3051 = ORIENTED_EDGE ( 'NONE', *, *, #503, .T. ) ;
#3052 = COLOUR_RGB ( '',1.000000000000000000, 1.000000000000000000, 1.000000000000000000 ) ;
#3053 = VERTEX_POINT ( 'NONE', #39 ) ;
#3054 = CARTESIAN_POINT ( 'NONE',  ( -3.069903862770773983, -2.846785424473892157, 2.280000000000004245 ) ) ;
#3055 = CARTESIAN_POINT ( 'NONE',  ( 2.670000000000000373, -6.219999999999999751, 0.000000000000000000 ) ) ;
#3056 =( LENGTH_UNIT ( ) NAMED_UNIT ( * ) SI_UNIT ( .MILLI., .METRE. ) );
#3057 = EDGE_LOOP ( 'NONE', ( #4361, #388, #1908, #2319 ) ) ;
#3058 = VERTEX_POINT ( 'NONE', #3581 ) ;
#3059 = UNCERTAINTY_MEASURE_WITH_UNIT (LENGTH_MEASURE( 1.000000000000000082E-05 ), #3945, 'distance_accuracy_value', 'NONE');
#3060 =( NAMED_UNIT ( * ) SI_UNIT ( $, .STERADIAN. ) SOLID_ANGLE_UNIT ( ) );
#3061 = MECHANICAL_DESIGN_GEOMETRIC_PRESENTATION_REPRESENTATION (  '', ( #3813 ), #3276 ) ;
#3062 = PRESENTATION_LAYER_ASSIGNMENT (  '', '', ( #489 ) ) ;
#3063 =( NAMED_UNIT ( * ) SI_UNIT ( $, .STERADIAN. ) SOLID_ANGLE_UNIT ( ) );
#3064 = SURFACE_STYLE_USAGE ( .BOTH. , #3790 ) ;
#3065 = ADVANCED_FACE ( 'NONE', ( #1388 ), #2798, .T. ) ;
#3066 = SURFACE_SIDE_STYLE ('',( #227 ) ) ;
#3067 = UNCERTAINTY_MEASURE_WITH_UNIT (LENGTH_MEASURE( 1.000000000000000082E-05 ), #1030, 'distance_accuracy_value', 'NONE');
#3068 = MECHANICAL_DESIGN_GEOMETRIC_PRESENTATION_REPRESENTATION (  '', ( #192 ), #3587 ) ;
#3069 = DIRECTION ( 'NONE',  ( -0.000000000000000000, -0.000000000000000000, 1.000000000000000000 ) ) ;
#3070 = CARTESIAN_POINT ( 'NONE',  ( 3.078317409139294192, -2.954109814895008679, 2.338204018843945686 ) ) ;
#3071 =( LENGTH_UNIT ( ) NAMED_UNIT ( * ) SI_UNIT ( .MILLI., .METRE. ) );
#3072 = CARTESIAN_POINT ( 'NONE',  ( 3.122932019954423044, -2.844961978502777100, 2.393076396056974975 ) ) ;
#3073 = EDGE_CURVE ( 'NONE', #3460, #4049, #4523, .T. ) ;
#3074 = EDGE_CURVE ( 'NONE', #4183, #3027, #1199, .T. ) ;
#3075 = VECTOR ( 'NONE', #1043, 1000.000000000000000 ) ;
#3076 = CARTESIAN_POINT ( 'NONE',  ( 2.754999999999999893, -6.219999999999998863, 1.378724977539289132 ) ) ;
#3077 = CARTESIAN_POINT ( 'NONE',  ( -3.220857681675123096, 2.587978796884583321, 2.331215685116113434 ) ) ;
#3078 =( GEOMETRIC_REPRESENTATION_CONTEXT ( 3 ) GLOBAL_UNCERTAINTY_ASSIGNED_CONTEXT ( ( #3865 ) ) GLOBAL_UNIT_ASSIGNED_CONTEXT ( ( #1720, #681, #2449 ) ) REPRESENTATION_CONTEXT ( 'NONE', 'WORKASPACE' ) );
#3079 = DIRECTION ( 'NONE',  ( 0.000000000000000000, -0.000000000000000000, -1.000000000000000000 ) ) ;
#3080 =( NAMED_UNIT ( * ) PLANE_ANGLE_UNIT ( ) SI_UNIT ( $, .RADIAN. ) );
#3081 = ORIENTED_EDGE ( 'NONE', *, *, #2359, .T. ) ;
#3082 = STYLED_ITEM ( 'NONE', ( #448 ), #2066 ) ;
#3083 = AXIS2_PLACEMENT_3D ( 'NONE', #1733, #2393, #3506 ) ;
#3084 = FACE_OUTER_BOUND ( 'NONE', #3479, .T. ) ;
#3085 = ORIENTED_EDGE ( 'NONE', *, *, #3929, .F. ) ;
#3086 = ORIENTED_EDGE ( 'NONE', *, *, #3287, .F. ) ;
#3087 =( LENGTH_UNIT ( ) NAMED_UNIT ( * ) SI_UNIT ( .MILLI., .METRE. ) );
#3088 = FILL_AREA_STYLE_COLOUR ( '', #3224 ) ;
#3089 = CARTESIAN_POINT ( 'NONE',  ( 3.138817725256819902, -2.947500000000000231, 0.7087639353182819679 ) ) ;
#3090 = COLOUR_RGB ( '',1.000000000000000000, 1.000000000000000000, 1.000000000000000000 ) ;
#3091 = UNCERTAINTY_MEASURE_WITH_UNIT (LENGTH_MEASURE( 1.000000000000000082E-05 ), #3266, 'distance_accuracy_value', 'NONE');
#3092 = SURFACE_SIDE_STYLE ('',( #1672 ) ) ;
#3093 = CARTESIAN_POINT ( 'NONE',  ( -3.163577134205655561, 2.729837610177738849, 2.269392553796884204 ) ) ;
#3094 = SURFACE_STYLE_USAGE ( .BOTH. , #1694 ) ;
#3095 =( NAMED_UNIT ( * ) SI_UNIT ( $, .STERADIAN. ) SOLID_ANGLE_UNIT ( ) );
#3096 = EDGE_CURVE ( 'NONE', #411, #1049, #102, .T. ) ;
#3097 = FILL_AREA_STYLE ('',( #3498 ) ) ;
#3098 = ADVANCED_FACE ( 'NONE', ( #2234 ), #784, .T. ) ;
#3099 = SURFACE_STYLE_FILL_AREA ( #3028 ) ;
#3100 = CARTESIAN_POINT ( 'NONE',  ( -3.105874779434529831, 2.912966340442025626, 1.474044943714692746 ) ) ;
#3101 = ORIENTED_EDGE ( 'NONE', *, *, #2215, .T. ) ;
#3102 = ORIENTED_EDGE ( 'NONE', *, *, #2761, .T. ) ;
#3103 = DIRECTION ( 'NONE',  ( 0.000000000000000000, 0.000000000000000000, 1.000000000000000000 ) ) ;
#3104 = EDGE_LOOP ( 'NONE', ( #113, #301, #4282, #331 ) ) ;
#3105 = SURFACE_STYLE_FILL_AREA ( #2324 ) ;
#3106 = VECTOR ( 'NONE', #2060, 1000.000000000000000 ) ;
#3107 =( NAMED_UNIT ( * ) PLANE_ANGLE_UNIT ( ) SI_UNIT ( $, .RADIAN. ) );
#3108 = SURFACE_STYLE_FILL_AREA ( #4450 ) ;
#3109 = CARTESIAN_POINT ( 'NONE',  ( 3.124214730825130015, 2.750292564901146264, 2.344454823786828790 ) ) ;
#3110 = DIRECTION ( 'NONE',  ( -1.000000000000000000, -2.546383084002650169E-16, -0.000000000000000000 ) ) ;
#3111 = CARTESIAN_POINT ( 'NONE',  ( -3.124602643412339287, -2.901148327010778072, 2.343660963109996942 ) ) ;
#3112 = ORIENTED_EDGE ( 'NONE', *, *, #4241, .T. ) ;
#3113 = CARTESIAN_POINT ( 'NONE',  ( 3.099215545021687390, -2.901148327010766970, 2.365474068946872954 ) ) ;
#3114 = PRESENTATION_LAYER_ASSIGNMENT (  '', '', ( #4298 ) ) ;
#3115 = VECTOR ( 'NONE', #4199, 1000.000000000000000 ) ;
#3116 = VECTOR ( 'NONE', #1452, 1000.000000000000000 ) ;
#3117 = CARTESIAN_POINT ( 'NONE',  ( -1.907500000000000195, 2.234999999999999876, 0.5350000000000000311 ) ) ;
#3118 =( NAMED_UNIT ( * ) SI_UNIT ( $, .STERADIAN. ) SOLID_ANGLE_UNIT ( ) );
#3119 = CARTESIAN_POINT ( 'NONE',  ( -2.745000000000001439, -6.619999999999996554, 0.8230143411670325371 ) ) ;
#3120 = EDGE_CURVE ( 'NONE', #44, #405, #441, .T. ) ;
#3121 = SURFACE_STYLE_FILL_AREA ( #2138 ) ;
#3122 = DIRECTION ( 'NONE',  ( 1.000000000000000000, 1.460819769243630089E-15, 0.000000000000000000 ) ) ;
#3123 =( BOUNDED_SURFACE ( )  B_SPLINE_SURFACE ( 3, 3, ( 
 ( #2731, #3111, #4147, #2424 ),
 ( #970, #3975, #1504, #4277 ),
 ( #804, #778, #3635, #485 ),
 ( #824, #439, #2893, #1108 ) ),
 .UNSPECIFIED., .F., .F., .F. ) 
 B_SPLINE_SURFACE_WITH_KNOTS ( ( 4, 4 ),
 ( 4, 4 ),
 ( 0.000000000000000000, 1.000000000000000000 ),
 ( 0.000000000000000000, 1.000000000000000000 ),
 .UNSPECIFIED. ) 
 GEOMETRIC_REPRESENTATION_ITEM ( )  RATIONAL_B_SPLINE_SURFACE ( (
 ( 1.000000000000000000, 0.3333333333333337034, 0.3333333333333337034, 1.000000000000000000),
 ( 0.9316958357992481954, 0.3105652785997497500, 0.3105652785997497500, 0.9316958357992481954),
 ( 0.9316958357992481954, 0.3105652785997497500, 0.3105652785997497500, 0.9316958357992481954),
 ( 1.000000000000000000, 0.3333333333333337034, 0.3333333333333337034, 1.000000000000000000) ) ) 
 REPRESENTATION_ITEM ( '' )  SURFACE ( )  );
#3124 = EDGE_LOOP ( 'NONE', ( #3564, #362, #28, #1183 ) ) ;
#3125 = FACE_OUTER_BOUND ( 'NONE', #1070, .T. ) ;
#3126 = DIRECTION ( 'NONE',  ( -0.000000000000000000, 0.5841973208100660342, 0.8116116622858130514 ) ) ;
#3127 = VECTOR ( 'NONE', #3523, 1000.000000000000000 ) ;
#3128 = VERTEX_POINT ( 'NONE', #1485 ) ;
#3129 =( NAMED_UNIT ( * ) PLANE_ANGLE_UNIT ( ) SI_UNIT ( $, .RADIAN. ) );
#3130 = DIRECTION ( 'NONE',  ( -0.000000000000000000, 0.000000000000000000, -1.000000000000000000 ) ) ;
#3131 = DIRECTION ( 'NONE',  ( 1.000000000000000000, 0.000000000000000000, -0.000000000000000000 ) ) ;
#3132 = PRESENTATION_LAYER_ASSIGNMENT (  '', '', ( #2543 ) ) ;
#3133 = CARTESIAN_POINT ( 'NONE',  ( 2.754999999999999449, -6.942084783908589962, 0.4000000000000000222 ) ) ;
#3134 = MECHANICAL_DESIGN_GEOMETRIC_PRESENTATION_REPRESENTATION (  '', ( #2988 ), #1298 ) ;
#3135 = SURFACE_SIDE_STYLE ('',( #1384 ) ) ;
#3136 = ORIENTED_EDGE ( 'NONE', *, *, #2331, .T. ) ;
#3137 =( NAMED_UNIT ( * ) PLANE_ANGLE_UNIT ( ) SI_UNIT ( $, .RADIAN. ) );
#3138 =( GEOMETRIC_REPRESENTATION_CONTEXT ( 3 ) GLOBAL_UNCERTAINTY_ASSIGNED_CONTEXT ( ( #4444 ) ) GLOBAL_UNIT_ASSIGNED_CONTEXT ( ( #3433, #2789, #1008 ) ) REPRESENTATION_CONTEXT ( 'NONE', 'WORKASPACE' ) );
#3139 = VECTOR ( 'NONE', #3225, 1000.000000000000000 ) ;
#3140 = CARTESIAN_POINT ( 'NONE',  ( 3.071597079776194228, 2.742987068223994740, 2.373828731938017800 ) ) ;
#3141 = SURFACE_STYLE_FILL_AREA ( #3097 ) ;
#3142 = LINE ( 'NONE', #20, #3115 ) ;
#3143 = DIRECTION ( 'NONE',  ( 0.000000000000000000, 0.000000000000000000, 1.000000000000000000 ) ) ;
#3144 = ORIENTED_EDGE ( 'NONE', *, *, #1811, .T. ) ;
#3145 = ORIENTED_EDGE ( 'NONE', *, *, #566, .T. ) ;
#3146 = EDGE_CURVE ( 'NONE', #2036, #3128, #1153, .T. ) ;
#3147 = COLOUR_RGB ( '',0.3921568627450980338, 0.3921568627450980338, 0.3921568627450980338 ) ;
#3148 = CARTESIAN_POINT ( 'NONE',  ( -2.669999999999999929, -7.050234344067273895, 0.9100000000000000311 ) ) ;
#3149 = SURFACE_STYLE_FILL_AREA ( #2107 ) ;
#3150 = ORIENTED_EDGE ( 'NONE', *, *, #3011, .T. ) ;
#3151 = DIRECTION ( 'NONE',  ( 1.000000000000000000, 0.000000000000000000, -0.000000000000000000 ) ) ;
#3152 = EDGE_CURVE ( 'NONE', #1074, #240, #2561, .T. ) ;
#3153 = COLOUR_RGB ( '',1.000000000000000000, 1.000000000000000000, 1.000000000000000000 ) ;
#3154 = PLANE ( 'NONE',  #3311 ) ;
#3155 = EDGE_CURVE ( 'NONE', #2672, #1351, #2144, .T. ) ;
#3156 = PRODUCT_DEFINITION_SHAPE ( 'NONE', 'NONE',  #3327 ) ;
#3157 = SHAPE_REPRESENTATION_RELATIONSHIP ( 'NONE' , 'NONE' ,  #1548, #2033 ) ;
#3158 = FACE_OUTER_BOUND ( 'NONE', #3544, .T. ) ;
#3159 = CARTESIAN_POINT ( 'NONE',  ( 3.121819847533135128, 2.693595519843323682, 2.393809410968763984 ) ) ;
#3160 = DIRECTION ( 'NONE',  ( -0.000000000000000000, 0.000000000000000000, 1.000000000000000000 ) ) ;
#3161 = CARTESIAN_POINT ( 'NONE',  ( -1.907499999999999973, 2.234999999999999876, 0.5350000000000000311 ) ) ;
#3162 =( GEOMETRIC_REPRESENTATION_CONTEXT ( 3 ) GLOBAL_UNCERTAINTY_ASSIGNED_CONTEXT ( ( #187 ) ) GLOBAL_UNIT_ASSIGNED_CONTEXT ( ( #4510, #3137, #2795 ) ) REPRESENTATION_CONTEXT ( 'NONE', 'WORKASPACE' ) );
#3163 = AXIS2_PLACEMENT_3D ( 'NONE', #3265, #4406, #1173 ) ;
#3164 = CARTESIAN_POINT ( 'NONE',  ( 1.909999999999999920, -5.873794509127559849, 1.574999999999999956 ) ) ;
#3165 =( NAMED_UNIT ( * ) SI_UNIT ( $, .STERADIAN. ) SOLID_ANGLE_UNIT ( ) );
#3166 = LINE ( 'NONE', #2119, #3783 ) ;
#3167 = EDGE_LOOP ( 'NONE', ( #3030, #216, #2458, #600, #526 ) ) ;
#3168 = ORIENTED_EDGE ( 'NONE', *, *, #2580, .T. ) ;
#3169 = DIRECTION ( 'NONE',  ( 1.000000000000000000, -1.345724878333519912E-15, 0.000000000000000000 ) ) ;
#3170 = CARTESIAN_POINT ( 'NONE',  ( -1.909999999999999920, -7.669999999999999929, 0.000000000000000000 ) ) ;
#3171 = EDGE_LOOP ( 'NONE', ( #1707, #3029, #3855, #4582 ) ) ;
#3172 = CARTESIAN_POINT ( 'NONE',  ( 1.907500000000000195, 2.234999999999999876, 0.000000000000000000 ) ) ;
#3173 = FACE_OUTER_BOUND ( 'NONE', #2667, .T. ) ;
#3174 =( LENGTH_UNIT ( ) NAMED_UNIT ( * ) SI_UNIT ( .MILLI., .METRE. ) );
#3175 =( NAMED_UNIT ( * ) PLANE_ANGLE_UNIT ( ) SI_UNIT ( $, .RADIAN. ) );
#3176 = EDGE_CURVE ( 'NONE', #2078, #495, #2752, .T. ) ;
#3177 = DIRECTION ( 'NONE',  ( 0.000000000000000000, 1.000000000000000000, 0.000000000000000000 ) ) ;
#3178 = ADVANCED_FACE ( 'NONE', ( #1297 ), #4572, .T. ) ;
#3179 = SURFACE_SIDE_STYLE ('',( #4336 ) ) ;
#3180 = CARTESIAN_POINT ( 'NONE',  ( -3.124602643412339731, -2.901148327010778516, 2.343660963109996942 ) ) ;
#3181 = VECTOR ( 'NONE', #1285, 1000.000000000000000 ) ;
#3182 = EDGE_CURVE ( 'NONE', #1592, #2476, #903, .T. ) ;
#3183 = FILL_AREA_STYLE_COLOUR ( '', #4465 ) ;
#3184 = SURFACE_SIDE_STYLE ('',( #3799 ) ) ;
#3185 = PRESENTATION_LAYER_ASSIGNMENT (  '', '', ( #11 ) ) ;
#3186 = CIRCLE ( 'NONE', #1278, 0.4000000000000001887 ) ;
#3187 = STYLED_ITEM ( 'NONE', ( #4256 ), #4008 ) ;
#3188 = LINE ( 'NONE', #4535, #615 ) ;
#3189 = AXIS2_PLACEMENT_3D ( 'NONE', #2218, #3629, #2524 ) ;
#3190 =( GEOMETRIC_REPRESENTATION_CONTEXT ( 3 ) GLOBAL_UNCERTAINTY_ASSIGNED_CONTEXT ( ( #1339 ) ) GLOBAL_UNIT_ASSIGNED_CONTEXT ( ( #386, #1052, #2481 ) ) REPRESENTATION_CONTEXT ( 'NONE', 'WORKASPACE' ) );
#3191 = CARTESIAN_POINT ( 'NONE',  ( -3.228538822418498100, 3.047500000000002096, 0.000000000000000000 ) ) ;
#3192 = ORIENTED_EDGE ( 'NONE', *, *, #4126, .T. ) ;
#3193 = STYLED_ITEM ( 'NONE', ( #3230 ), #3869 ) ;
#3194 = ORIENTED_EDGE ( 'NONE', *, *, #3602, .T. ) ;
#3195 = DIRECTION ( 'NONE',  ( 1.000000000000000000, -3.828355257328130201E-16, 0.000000000000000000 ) ) ;
#3196 = PLANE ( 'NONE',  #398 ) ;
#3197 = CARTESIAN_POINT ( 'NONE',  ( 8.118964578768549600, -5.070905971414140012, 0.000000000000000000 ) ) ;
#3198 = ORIENTED_EDGE ( 'NONE', *, *, #2736, .T. ) ;
#3199 = SURFACE_STYLE_USAGE ( .BOTH. , #2805 ) ;
#3200 = CLOSED_SHELL ( 'NONE', ( #335, #923, #1539, #4016 ) ) ;
#3201 = CARTESIAN_POINT ( 'NONE',  ( 0.2374999999999969913, -6.942084783908582857, -5.421010862427522170E-17 ) ) ;
#3202 = VECTOR ( 'NONE', #1256, 1000.000000000000000 ) ;
#3203 = VECTOR ( 'NONE', #4440, 1000.000000000000227 ) ;
#3204 = VECTOR ( 'NONE', #354, 1000.000000000000000 ) ;
#3205 = DIRECTION ( 'NONE',  ( -1.000000000000000000, -0.000000000000000000, 0.000000000000000000 ) ) ;
#3206 = ADVANCED_FACE ( 'NONE', ( #1325 ), #2450, .F. ) ;
#3207 = EDGE_CURVE ( 'NONE', #3841, #4029, #3551, .T. ) ;
#3208 = VECTOR ( 'NONE', #765, 1000.000000000000000 ) ;
#3209 =( LENGTH_UNIT ( ) NAMED_UNIT ( * ) SI_UNIT ( .MILLI., .METRE. ) );
#3210 = CARTESIAN_POINT ( 'NONE',  ( 3.270000000000002238, -2.846260663705399097, -2.710505431213761085E-17 ) ) ;
#3211 =( GEOMETRIC_REPRESENTATION_CONTEXT ( 3 ) GLOBAL_UNCERTAINTY_ASSIGNED_CONTEXT ( ( #3753 ) ) GLOBAL_UNIT_ASSIGNED_CONTEXT ( ( #3244, #1783, #1085 ) ) REPRESENTATION_CONTEXT ( 'NONE', 'WORKASPACE' ) );
#3212 = ORIENTED_EDGE ( 'NONE', *, *, #2811, .T. ) ;
#3213 = DIRECTION ( 'NONE',  ( -3.828355257328130201E-16, -1.000000000000000000, 0.000000000000000000 ) ) ;
#3214 = ORIENTED_EDGE ( 'NONE', *, *, #4045, .F. ) ;
#3215 = DIRECTION ( 'NONE',  ( 0.000000000000000000, -0.1418184364821289400, 0.9898926866452566475 ) ) ;
#3216 =( LENGTH_UNIT ( ) NAMED_UNIT ( * ) SI_UNIT ( .MILLI., .METRE. ) );
#3217 = CARTESIAN_POINT ( 'NONE',  ( -1.815000000000000613, -6.617440118994258214, 0.1663210716759750962 ) ) ;
#3218 = ORIENTED_EDGE ( 'NONE', *, *, #3985, .T. ) ;
#3219 = PRESENTATION_STYLE_ASSIGNMENT (( #412 ) ) ;
#3220 = FILL_AREA_STYLE_COLOUR ( '', #3470 ) ;
#3221 =( LENGTH_UNIT ( ) NAMED_UNIT ( * ) SI_UNIT ( .MILLI., .METRE. ) );
#3222 = SURFACE_STYLE_USAGE ( .BOTH. , #3092 ) ;
#3223 = SURFACE_STYLE_FILL_AREA ( #4278 ) ;
#3224 = COLOUR_RGB ( '',1.000000000000000000, 1.000000000000000000, 1.000000000000000000 ) ;
#3225 = DIRECTION ( 'NONE',  ( 1.000000000000000000, -1.345724878333519912E-15, 0.000000000000000000 ) ) ;
#3226 = LINE ( 'NONE', #1408, #1650 ) ;
#3227 = SURFACE_SIDE_STYLE ('',( #2858 ) ) ;
#3228 = PRESENTATION_LAYER_ASSIGNMENT (  '', '', ( #2117 ) ) ;
#3229 = LINE ( 'NONE', #58, #3786 ) ;
#3230 = PRESENTATION_STYLE_ASSIGNMENT (( #1813 ) ) ;
#3231 = EDGE_CURVE ( 'NONE', #2088, #3374, #2510, .T. ) ;
#3232 =( NAMED_UNIT ( * ) PLANE_ANGLE_UNIT ( ) SI_UNIT ( $, .RADIAN. ) );
#3233 = ORIENTED_EDGE ( 'NONE', *, *, #2817, .T. ) ;
#3234 = EDGE_CURVE ( 'NONE', #527, #4273, #457, .T. ) ;
#3235 = CYLINDRICAL_SURFACE ( 'NONE', #1390, 0.4000000000000001887 ) ;
#3236 = ORIENTED_EDGE ( 'NONE', *, *, #2737, .F. ) ;
#3237 = MECHANICAL_DESIGN_GEOMETRIC_PRESENTATION_REPRESENTATION (  '', ( #1105 ), #2432 ) ;
#3238 = CARTESIAN_POINT ( 'NONE',  ( 3.206539632750811109, -3.005957713149504329, 1.446896373281603365 ) ) ;
#3239 = SURFACE_STYLE_FILL_AREA ( #2124 ) ;
#3240 = CARTESIAN_POINT ( 'NONE',  ( -3.069903862770780201, 2.696478948577849977, 2.279999999999999805 ) ) ;
#3241 = ORIENTED_EDGE ( 'NONE', *, *, #1505, .F. ) ;
#3242 = LINE ( 'NONE', #69, #2926 ) ;
#3243 = EDGE_LOOP ( 'NONE', ( #2035, #2767, #4056, #3401 ) ) ;
#3244 =( LENGTH_UNIT ( ) NAMED_UNIT ( * ) SI_UNIT ( .MILLI., .METRE. ) );
#3245 = LINE ( 'NONE', #440, #2833 ) ;
#3246 = CARTESIAN_POINT ( 'NONE',  ( -2.669999999999999929, -6.090289613883199671, 0.8986789283240260717 ) ) ;
#3247 = DIRECTION ( 'NONE',  ( -1.000000000000000000, 0.000000000000000000, 0.000000000000000000 ) ) ;
#3248 =( GEOMETRIC_REPRESENTATION_CONTEXT ( 3 ) GLOBAL_UNCERTAINTY_ASSIGNED_CONTEXT ( ( #2683 ) ) GLOBAL_UNIT_ASSIGNED_CONTEXT ( ( #391, #3175, #32 ) ) REPRESENTATION_CONTEXT ( 'NONE', 'WORKASPACE' ) );
#3249 =( LENGTH_UNIT ( ) NAMED_UNIT ( * ) SI_UNIT ( .MILLI., .METRE. ) );
#3250 =( NAMED_UNIT ( * ) SI_UNIT ( $, .STERADIAN. ) SOLID_ANGLE_UNIT ( ) );
#3251 = COLOUR_RGB ( '',1.000000000000000000, 1.000000000000000000, 1.000000000000000000 ) ;
#3252 = LINE ( 'NONE', #907, #2832 ) ;
#3253 = ORIENTED_EDGE ( 'NONE', *, *, #705, .T. ) ;
#3254 = SURFACE_SIDE_STYLE ('',( #361 ) ) ;
#3255 = ORIENTED_EDGE ( 'NONE', *, *, #2127, .T. ) ;
#3256 =( GEOMETRIC_REPRESENTATION_CONTEXT ( 3 ) GLOBAL_UNCERTAINTY_ASSIGNED_CONTEXT ( ( #3393 ) ) GLOBAL_UNIT_ASSIGNED_CONTEXT ( ( #3249, #493, #2235 ) ) REPRESENTATION_CONTEXT ( 'NONE', 'WORKASPACE' ) );
#3257 = STYLED_ITEM ( 'NONE', ( #1237 ), #4024 ) ;
#3258 = COLOUR_RGB ( '',1.000000000000000000, 1.000000000000000000, 1.000000000000000000 ) ;
#3259 = DIRECTION ( 'NONE',  ( 0.04350722696467106826, -0.1187981766221013202, -0.9919647747945027350 ) ) ;
#3260 = PRESENTATION_STYLE_ASSIGNMENT (( #1166 ) ) ;
#3261 = ORIENTED_EDGE ( 'NONE', *, *, #3176, .F. ) ;
#3262 =( LENGTH_UNIT ( ) NAMED_UNIT ( * ) SI_UNIT ( .MILLI., .METRE. ) );
#3263 = CARTESIAN_POINT ( 'NONE',  ( -3.069903862770780201, -2.846785424473895265, 2.379999999999999893 ) ) ;
#3264 = FACE_OUTER_BOUND ( 'NONE', #2588, .T. ) ;
#3265 = CARTESIAN_POINT ( 'NONE',  ( 3.145096044894319931, 2.947500000000000231, 0.5656182475830839884 ) ) ;
#3266 =( LENGTH_UNIT ( ) NAMED_UNIT ( * ) SI_UNIT ( .MILLI., .METRE. ) );
#3267 = CARTESIAN_POINT ( 'NONE',  ( -3.169807817876453271, 2.696478948577852197, 2.284381752416920541 ) ) ;
#3268 = CARTESIAN_POINT ( 'NONE',  ( 1.824999999999999956, -6.942084783908589074, 0.4000000000000000222 ) ) ;
#3269 = FILL_AREA_STYLE_COLOUR ( '', #2851 ) ;
#3270 = CIRCLE ( 'NONE', #4316, 0.1000000000000000333 ) ;
#3271 = PRESENTATION_LAYER_ASSIGNMENT (  '', '', ( #2988 ) ) ;
#3272 = CARTESIAN_POINT ( 'NONE',  ( 3.269999999999994689, 3.006078643762690294, 0.000000000000000000 ) ) ;
#3273 = CARTESIAN_POINT ( 'NONE',  ( 0.000000000000000000, 0.000000000000000000, 2.379999999959636625 ) ) ;
#3274 = VERTEX_POINT ( 'NONE', #3888 ) ;
#3275 = SURFACE_SIDE_STYLE ('',( #107 ) ) ;
#3276 =( GEOMETRIC_REPRESENTATION_CONTEXT ( 3 ) GLOBAL_UNCERTAINTY_ASSIGNED_CONTEXT ( ( #947 ) ) GLOBAL_UNIT_ASSIGNED_CONTEXT ( ( #2405, #973, #3420 ) ) REPRESENTATION_CONTEXT ( 'NONE', 'WORKASPACE' ) );
#3277 = CARTESIAN_POINT ( 'NONE',  ( 7.922747852192180140, -5.070905971414140012, 0.1000000000000000056 ) ) ;
#3278 = VECTOR ( 'NONE', #2536, 1000.000000000000000 ) ;
#3279 = ORIENTED_EDGE ( 'NONE', *, *, #1786, .T. ) ;
#3280 = COLOUR_RGB ( '',1.000000000000000000, 1.000000000000000000, 1.000000000000000000 ) ;
#3281 = SURFACE_STYLE_FILL_AREA ( #3655 ) ;
#3282 = FILL_AREA_STYLE_COLOUR ( '', #3052 ) ;
#3283 = ORIENTED_EDGE ( 'NONE', *, *, #4045, .T. ) ;
#3284 = SURFACE_STYLE_FILL_AREA ( #4375 ) ;
#3285 = APPLICATION_PROTOCOL_DEFINITION ( 'draft international standard', 'automotive_design', 1998, #1073 ) ;
#3286 = CARTESIAN_POINT ( 'NONE',  ( -0.4401766702244458429, 6.002932902265113138E-17, 2.279999999927895260 ) ) ;
#3287 = EDGE_CURVE ( 'NONE', #2901, #2666, #2488, .T. ) ;
#3288 = DIRECTION ( 'NONE',  ( -1.000000000000000000, 8.864471316691248177E-16, -6.380638221762067763E-16 ) ) ;
#3289 = CARTESIAN_POINT ( 'NONE',  ( 3.270000000000002238, -2.846260663705399097, -2.710505431213761085E-17 ) ) ;
#3290 = DIRECTION ( 'NONE',  ( 0.000000000000000000, 0.000000000000000000, 1.000000000000000000 ) ) ;
#3291 = AXIS2_PLACEMENT_3D ( 'NONE', #998, #1389, #4220 ) ;
#3292 = EDGE_CURVE ( 'NONE', #1116, #497, #4420, .T. ) ;
#3293 =( BOUNDED_CURVE ( )  B_SPLINE_CURVE ( 3, ( #243, #2316, #1633, #2719 ),
 .UNSPECIFIED., .F., .F. ) 
 B_SPLINE_CURVE_WITH_KNOTS ( ( 4, 4 ),
 ( 0.002605190754868897708, 1.570796326794879239 ),
 .UNSPECIFIED. ) 
 CURVE ( )  GEOMETRIC_REPRESENTATION_ITEM ( )  RATIONAL_B_SPLINE_CURVE ( ( 1.000000000000000000, 0.8053515033715390459, 0.8053515033715390459, 1.000000000000000000 ) ) 
 REPRESENTATION_ITEM ( '' )  );
#3294 = FILL_AREA_STYLE_COLOUR ( '', #1103 ) ;
#3295 = FACE_OUTER_BOUND ( 'NONE', #4025, .T. ) ;
#3296 = MECHANICAL_DESIGN_GEOMETRIC_PRESENTATION_REPRESENTATION (  '', ( #2265 ), #792 ) ;
#3297 = ORIENTED_EDGE ( 'NONE', *, *, #4267, .F. ) ;
#3298 =( LENGTH_UNIT ( ) NAMED_UNIT ( * ) SI_UNIT ( .MILLI., .METRE. ) );
#3299 = DIRECTION ( 'NONE',  ( 1.000000000000000000, 0.000000000000000000, 0.000000000000000000 ) ) ;
#3300 = VECTOR ( 'NONE', #2984, 1000.000000000000000 ) ;
#3301 = CARTESIAN_POINT ( 'NONE',  ( 2.754999999999999893, -7.670000000000010587, 0.5100000000000000089 ) ) ;
#3302 = COLOUR_RGB ( '',1.000000000000000000, 1.000000000000000000, 1.000000000000000000 ) ;
#3303 = DIRECTION ( 'NONE',  ( -1.000000000000000000, -0.000000000000000000, 0.000000000000000000 ) ) ;
#3304 = DIRECTION ( 'NONE',  ( -0.04350722696467121398, 0.1187981766220960467, -0.9919647747945032901 ) ) ;
#3305 = ORIENTED_EDGE ( 'NONE', *, *, #2477, .F. ) ;
#3306 = CARTESIAN_POINT ( 'NONE',  ( -0.3800000000000020028, -5.275000000000000355, 1.574999999999999956 ) ) ;
#3307 = VERTEX_POINT ( 'NONE', #1979 ) ;
#3308 = FACE_OUTER_BOUND ( 'NONE', #3946, .T. ) ;
#3309 = DIRECTION ( 'NONE',  ( 0.04337548421186977754, 0.1416849627551049484, -0.9889610400306325655 ) ) ;
#3310 = ORIENTED_EDGE ( 'NONE', *, *, #3983, .T. ) ;
#3311 = AXIS2_PLACEMENT_3D ( 'NONE', #454, #2222, #170 ) ;
#3312 = SURFACE_STYLE_USAGE ( .BOTH. , #4069 ) ;
#3313 = PRODUCT_CONTEXT ( 'NONE', #1073, 'mechanical' ) ;
#3314 =( LENGTH_UNIT ( ) NAMED_UNIT ( * ) SI_UNIT ( .MILLI., .METRE. ) );
#3315 = VERTEX_POINT ( 'NONE', #247 ) ;
#3316 = DIRECTION ( 'NONE',  ( -1.092206005483639953E-15, -0.8116116622858131624, 0.5841973208100661452 ) ) ;
#3317 = CARTESIAN_POINT ( 'NONE',  ( -1.910000000000000142, -6.942084783908580192, -1.355252715606880543E-17 ) ) ;
#3318 = ADVANCED_FACE ( 'NONE', ( #2342 ), #623, .T. ) ;
#3319 = SURFACE_STYLE_FILL_AREA ( #3617 ) ;
#3320 = EDGE_CURVE ( 'NONE', #670, #490, #3031, .T. ) ;
#3321 = VERTEX_POINT ( 'NONE', #1753 ) ;
#3322 = PRODUCT_DEFINITION_CONTEXT ( 'detailed design', #2919, 'design' ) ;
#3323 =( NAMED_UNIT ( * ) SI_UNIT ( $, .STERADIAN. ) SOLID_ANGLE_UNIT ( ) );
#3324 =( NAMED_UNIT ( * ) PLANE_ANGLE_UNIT ( ) SI_UNIT ( $, .RADIAN. ) );
#3325 = SURFACE_SIDE_STYLE ('',( #1270 ) ) ;
#3326 = EDGE_CURVE ( 'NONE', #2425, #2031, #1118, .T. ) ;
#3327 = PRODUCT_DEFINITION ( 'UNKNOWN', '', #1766, #3322 ) ;
#3328 = FACE_OUTER_BOUND ( 'NONE', #3905, .T. ) ;
#3329 = SURFACE_STYLE_FILL_AREA ( #4039 ) ;
#3330 = FILL_AREA_STYLE_COLOUR ( '', #3730 ) ;
#3331 = UNCERTAINTY_MEASURE_WITH_UNIT (LENGTH_MEASURE( 1.000000000000000082E-05 ), #2829, 'distance_accuracy_value', 'NONE');
#3332 = ORIENTED_EDGE ( 'NONE', *, *, #957, .F. ) ;
#3333 = AXIS2_PLACEMENT_3D ( 'NONE', #3411, #921, #3391 ) ;
#3334 = SURFACE_SIDE_STYLE ('',( #472 ) ) ;
#3335 = SURFACE_STYLE_USAGE ( .BOTH. , #1890 ) ;
#3336 = DIRECTION ( 'NONE',  ( -0.04337548421186988162, 0.1416849627551049484, -0.9889610400306325655 ) ) ;
#3337 = ORIENTED_EDGE ( 'NONE', *, *, #3929, .T. ) ;
#3338 = STYLED_ITEM ( 'NONE', ( #3358 ), #3628 ) ;
#3339 = VECTOR ( 'NONE', #4332, 1000.000000000000114 ) ;
#3340 = STYLED_ITEM ( 'NONE', ( #4089 ), #4393 ) ;
#3341 =( GEOMETRIC_REPRESENTATION_CONTEXT ( 3 ) GLOBAL_UNCERTAINTY_ASSIGNED_CONTEXT ( ( #228 ) ) GLOBAL_UNIT_ASSIGNED_CONTEXT ( ( #3314, #873, #143 ) ) REPRESENTATION_CONTEXT ( 'NONE', 'WORKASPACE' ) );
#3342 = DIRECTION ( 'NONE',  ( 0.000000000000000000, 0.000000000000000000, 1.000000000000000000 ) ) ;
#3343 = DIRECTION ( 'NONE',  ( 1.092206005483639953E-15, 0.8116116622858131624, -0.5841973208100661452 ) ) ;
#3344 = ORIENTED_EDGE ( 'NONE', *, *, #704, .F. ) ;
#3345 = CARTESIAN_POINT ( 'NONE',  ( 2.754999999999999893, -4.769999999999999574, 1.064999999999999947 ) ) ;
#3346 = DIRECTION ( 'NONE',  ( -1.000000000000000000, 1.345724878333519912E-15, -0.000000000000000000 ) ) ;
#3347 = SURFACE_STYLE_FILL_AREA ( #2132 ) ;
#3348 = DIRECTION ( 'NONE',  ( -0.04381752416915602605, -0.000000000000000000, -0.9990395510567564585 ) ) ;
#3349 = DIRECTION ( 'NONE',  ( -1.106902317672140027E-16, 1.000000000000000000, 0.000000000000000000 ) ) ;
#3350 = LINE ( 'NONE', #2304, #801 ) ;
#3351 = VECTOR ( 'NONE', #3924, 1000.000000000000000 ) ;
#3352 = EDGE_CURVE ( 'NONE', #1351, #3027, #4270, .T. ) ;
#3353 =( NAMED_UNIT ( * ) SI_UNIT ( $, .STERADIAN. ) SOLID_ANGLE_UNIT ( ) );
#3354 = EDGE_CURVE ( 'NONE', #190, #2976, #3777, .T. ) ;
#3355 = CARTESIAN_POINT ( 'NONE',  ( -1.635000000000000009, -2.997500000000000053, 1.862500000000000044 ) ) ;
#3356 = ORIENTED_EDGE ( 'NONE', *, *, #477, .T. ) ;
#3357 = PRESENTATION_LAYER_ASSIGNMENT (  '', '', ( #1639 ) ) ;
#3358 = PRESENTATION_STYLE_ASSIGNMENT (( #974 ) ) ;
#3359 = LINE ( 'NONE', #1255, #693 ) ;
#3360 = AXIS2_PLACEMENT_3D ( 'NONE', #1489, #185, #4322 ) ;
#3361 = CIRCLE ( 'NONE', #2323, 0.09999999999999981126 ) ;
#3362 = EDGE_LOOP ( 'NONE', ( #1543, #3663, #1097, #4341 ) ) ;
#3363 = SURFACE_STYLE_USAGE ( .BOTH. , #1634 ) ;
#3364 = CARTESIAN_POINT ( 'NONE',  ( 2.670000000000000373, -6.198439174041890709, 1.408678928324029966 ) ) ;
#3365 = ORIENTED_EDGE ( 'NONE', *, *, #2359, .F. ) ;
#3366 = CARTESIAN_POINT ( 'NONE',  ( 1.907500000000000195, 2.234999999999999876, 0.5350000000000000311 ) ) ;
#3367 = DIRECTION ( 'NONE',  ( -0.000000000000000000, 0.000000000000000000, -1.000000000000000000 ) ) ;
#3368 = FILL_AREA_STYLE ('',( #1296 ) ) ;
#3369 = CARTESIAN_POINT ( 'NONE',  ( 3.124602643412339731, -2.901148327010768746, 2.343660963109997830 ) ) ;
#3370 = DIRECTION ( 'NONE',  ( 1.000000000000000000, 0.000000000000000000, 0.000000000000000000 ) ) ;
#3371 = PRESENTATION_STYLE_ASSIGNMENT (( #1944 ) ) ;
#3372 = DIRECTION ( 'NONE',  ( 3.828355257328130201E-16, 1.000000000000000000, 0.000000000000000000 ) ) ;
#3373 = DIRECTION ( 'NONE',  ( 1.000000000000000000, 1.241860206515840002E-16, 0.000000000000000000 ) ) ;
#3374 = VERTEX_POINT ( 'NONE', #342 ) ;
#3375 = FILL_AREA_STYLE_COLOUR ( '', #275 ) ;
#3376 = UNCERTAINTY_MEASURE_WITH_UNIT (LENGTH_MEASURE( 1.000000000000000082E-05 ), #3071, 'distance_accuracy_value', 'NONE');
#3377 =( GEOMETRIC_REPRESENTATION_CONTEXT ( 3 ) GLOBAL_UNCERTAINTY_ASSIGNED_CONTEXT ( ( #3331 ) ) GLOBAL_UNIT_ASSIGNED_CONTEXT ( ( #2829, #2131, #1446 ) ) REPRESENTATION_CONTEXT ( 'NONE', 'WORKASPACE' ) );
#3378 = DIRECTION ( 'NONE',  ( 0.000000000000000000, -0.5841973208101340909, -0.8116116622857643126 ) ) ;
#3379 = ORIENTED_EDGE ( 'NONE', *, *, #1501, .F. ) ;
#3380 = ADVANCED_FACE ( 'NONE', ( #3125 ), #1077, .F. ) ;
#3381 = VECTOR ( 'NONE', #3502, 1000.000000000000000 ) ;
#3382 = STYLED_ITEM ( 'NONE', ( #307 ), #1976 ) ;
#3383 = DIRECTION ( 'NONE',  ( 0.000000000000000000, 0.000000000000000000, -1.000000000000000000 ) ) ;
#3384 = EDGE_LOOP ( 'NONE', ( #1507, #3337, #501, #3872, #522, #864, #3925 ) ) ;
#3385 = CARTESIAN_POINT ( 'NONE',  ( 1.910000000000000364, -6.725589679152948364, 0.6763210716759702201 ) ) ;
#3386 = CARTESIAN_POINT ( 'NONE',  ( 2.290000000000000036, -6.219999999999999751, 1.574999999999999956 ) ) ;
#3387 = UNCERTAINTY_MEASURE_WITH_UNIT (LENGTH_MEASURE( 1.000000000000000082E-05 ), #2414, 'distance_accuracy_value', 'NONE');
#3388 = PRESENTATION_LAYER_ASSIGNMENT (  '', '', ( #212 ) ) ;
#3389 = ORIENTED_EDGE ( 'NONE', *, *, #2887, .T. ) ;
#3390 = DIRECTION ( 'NONE',  ( 0.04350722696467131806, -0.1187981766220960606, -0.9919647747945034011 ) ) ;
#3391 = DIRECTION ( 'NONE',  ( 0.000000000000000000, 0.000000000000000000, 1.000000000000000000 ) ) ;
#3392 = SURFACE_STYLE_USAGE ( .BOTH. , #2746 ) ;
#3393 = UNCERTAINTY_MEASURE_WITH_UNIT (LENGTH_MEASURE( 1.000000000000000082E-05 ), #3249, 'distance_accuracy_value', 'NONE');
#3394 = DIRECTION ( 'NONE',  ( 0.000000000000000000, 1.000000000000000000, 0.000000000000000000 ) ) ;
#3395 = SURFACE_STYLE_USAGE ( .BOTH. , #1966 ) ;
#3396 = FACE_OUTER_BOUND ( 'NONE', #1982, .T. ) ;
#3397 = DIRECTION ( 'NONE',  ( -0.3542825857777478493, 0.8393256118912308938, 0.4123304095480270215 ) ) ;
#3398 = LINE ( 'NONE', #613, #236 ) ;
#3399 = DIRECTION ( 'NONE',  ( -0.04337548421186987468, 0.1416849627551049207, -0.9889610400306324545 ) ) ;
#3400 = CARTESIAN_POINT ( 'NONE',  ( -3.221638001778179827, -2.739784888771480631, 2.330479320602581339 ) ) ;
#3401 = ORIENTED_EDGE ( 'NONE', *, *, #315, .T. ) ;
#3402 =( GEOMETRIC_REPRESENTATION_CONTEXT ( 3 ) GLOBAL_UNCERTAINTY_ASSIGNED_CONTEXT ( ( #2398 ) ) GLOBAL_UNIT_ASSIGNED_CONTEXT ( ( #3595, #2442, #350 ) ) REPRESENTATION_CONTEXT ( 'NONE', 'WORKASPACE' ) );
#3403 = ORIENTED_EDGE ( 'NONE', *, *, #1261, .T. ) ;
#3404 = FILL_AREA_STYLE ('',( #624 ) ) ;
#3405 = ORIENTED_EDGE ( 'NONE', *, *, #3520, .T. ) ;
#3406 = VERTEX_POINT ( 'NONE', #1051 ) ;
#3407 = PLANE ( 'NONE',  #3582 ) ;
#3408 = EDGE_CURVE ( 'NONE', #305, #2005, #1479, .T. ) ;
#3409 = FILL_AREA_STYLE ('',( #649 ) ) ;
#3410 =( GEOMETRIC_REPRESENTATION_CONTEXT ( 3 ) GLOBAL_UNCERTAINTY_ASSIGNED_CONTEXT ( ( #1604 ) ) GLOBAL_UNIT_ASSIGNED_CONTEXT ( ( #3994, #524, #111 ) ) REPRESENTATION_CONTEXT ( 'NONE', 'WORKASPACE' ) );
#3411 = CARTESIAN_POINT ( 'NONE',  ( -2.669999999999999929, -4.769999999999999574, 0.000000000000000000 ) ) ;
#3412 = PRESENTATION_LAYER_ASSIGNMENT (  '', '', ( #831 ) ) ;
#3413 = CARTESIAN_POINT ( 'NONE',  ( 0.000000000000000000, 0.000000000000000000, 0.5350000000000000311 ) ) ;
#3414 = UNCERTAINTY_MEASURE_WITH_UNIT (LENGTH_MEASURE( 1.000000000000000082E-05 ), #3056, 'distance_accuracy_value', 'NONE');
#3415 = FILL_AREA_STYLE_COLOUR ( '', #2907 ) ;
#3416 = CARTESIAN_POINT ( 'NONE',  ( 3.162401577056602964, -2.893585790885793152, 2.295789319994198330 ) ) ;
#3417 = DIRECTION ( 'NONE',  ( 0.000000000000000000, -0.5841973208100660342, -0.8116116622858130514 ) ) ;
#3418 = SURFACE_STYLE_FILL_AREA ( #924 ) ;
#3419 = CARTESIAN_POINT ( 'NONE',  ( 2.670000000000000373, -6.219999999999999751, 0.7184753252913869126 ) ) ;
#3420 =( NAMED_UNIT ( * ) SI_UNIT ( $, .STERADIAN. ) SOLID_ANGLE_UNIT ( ) );
#3421 = PLANE ( 'NONE',  #1224 ) ;
#3422 = FACE_OUTER_BOUND ( 'NONE', #2434, .T. ) ;
#3423 = MECHANICAL_DESIGN_GEOMETRIC_PRESENTATION_REPRESENTATION (  '', ( #4246 ), #2161 ) ;
#3424 = FACE_OUTER_BOUND ( 'NONE', #712, .T. ) ;
#3425 = SURFACE_STYLE_FILL_AREA ( #617 ) ;
#3426 = ORIENTED_EDGE ( 'NONE', *, *, #2712, .F. ) ;
#3427 = STYLED_ITEM ( 'NONE', ( #3606 ), #370 ) ;
#3428 = ORIENTED_EDGE ( 'NONE', *, *, #2335, .F. ) ;
#3429 =( GEOMETRIC_REPRESENTATION_CONTEXT ( 3 ) GLOBAL_UNCERTAINTY_ASSIGNED_CONTEXT ( ( #4451 ) ) GLOBAL_UNIT_ASSIGNED_CONTEXT ( ( #3719, #4081, #3353 ) ) REPRESENTATION_CONTEXT ( 'NONE', 'WORKASPACE' ) );
#3430 = SURFACE_STYLE_FILL_AREA ( #961 ) ;
#3431 = ORIENTED_EDGE ( 'NONE', *, *, #3926, .F. ) ;
#3432 = ORIENTED_EDGE ( 'NONE', *, *, #1122, .F. ) ;
#3433 =( LENGTH_UNIT ( ) NAMED_UNIT ( * ) SI_UNIT ( .MILLI., .METRE. ) );
#3434 = UNCERTAINTY_MEASURE_WITH_UNIT (LENGTH_MEASURE( 1.000000000000000082E-05 ), #26, 'distance_accuracy_value', 'NONE');
#3435 = DIRECTION ( 'NONE',  ( 0.000000000000000000, -0.000000000000000000, -1.000000000000000000 ) ) ;
#3436 = VECTOR ( 'NONE', #1789, 1000.000000000000000 ) ;
#3437 = AXIS2_PLACEMENT_3D ( 'NONE', #4215, #1035, #695 ) ;
#3438 = SURFACE_SIDE_STYLE ('',( #920 ) ) ;
#3439 = MECHANICAL_DESIGN_GEOMETRIC_PRESENTATION_REPRESENTATION (  '', ( #934 ), #644 ) ;
#3440 = EDGE_CURVE ( 'NONE', #4475, #4040, #2674, .T. ) ;
#3441 = UNCERTAINTY_MEASURE_WITH_UNIT (LENGTH_MEASURE( 1.000000000000000082E-05 ), #1125, 'distance_accuracy_value', 'NONE');
#3442 = MECHANICAL_DESIGN_GEOMETRIC_PRESENTATION_REPRESENTATION (  '', ( #781 ), #492 ) ;
#3443 = ADVANCED_FACE ( 'NONE', ( #3853 ), #737, .T. ) ;
#3444 = CARTESIAN_POINT ( 'NONE',  ( 2.669999999999999929, -7.670000000000007034, 0.000000000000000000 ) ) ;
#3445 = DIRECTION ( 'NONE',  ( -0.000000000000000000, -0.5841973208100660342, -0.8116116622858130514 ) ) ;
#3446 =( NAMED_UNIT ( * ) PLANE_ANGLE_UNIT ( ) SI_UNIT ( $, .RADIAN. ) );
#3447 = CARTESIAN_POINT ( 'NONE',  ( -3.169382324298102294, -2.947500000000000231, -2.710505431213761085E-17 ) ) ;
#3448 = CYLINDRICAL_SURFACE ( 'NONE', #3970, 0.09999999999999983902 ) ;
#3449 = EDGE_CURVE ( 'NONE', #1162, #3992, #432, .T. ) ;
#3450 = DIRECTION ( 'NONE',  ( 0.000000000000000000, 1.000000000000000000, 0.000000000000000000 ) ) ;
#3451 = PRESENTATION_LAYER_ASSIGNMENT (  '', '', ( #4266 ) ) ;
#3452 = DIRECTION ( 'NONE',  ( -1.000000000000000000, -0.000000000000000000, 0.000000000000000000 ) ) ;
#3453 = AXIS2_PLACEMENT_3D ( 'NONE', #3812, #4165, #4477 ) ;
#3454 = PRESENTATION_STYLE_ASSIGNMENT (( #1770 ) ) ;
#3455 = VERTEX_POINT ( 'NONE', #1819 ) ;
#3456 = ORIENTED_EDGE ( 'NONE', *, *, #3659, .T. ) ;
#3457 = MECHANICAL_DESIGN_GEOMETRIC_PRESENTATION_REPRESENTATION (  '', ( #2791 ), #363 ) ;
#3458 = MECHANICAL_DESIGN_GEOMETRIC_PRESENTATION_REPRESENTATION (  '', ( #364 ), #4059 ) ;
#3459 = SURFACE_STYLE_FILL_AREA ( #2698 ) ;
#3460 = VERTEX_POINT ( 'NONE', #4394 ) ;
#3461 = ORIENTED_EDGE ( 'NONE', *, *, #3037, .T. ) ;
#3462 = CARTESIAN_POINT ( 'NONE',  ( 2.754999999999999893, -7.670000000000010587, 0.5100000000000000089 ) ) ;
#3463 = SURFACE_STYLE_USAGE ( .BOTH. , #1337 ) ;
#3464 = DIRECTION ( 'NONE',  ( -0.000000000000000000, 0.5841973208100660342, 0.8116116622858130514 ) ) ;
#3465 = SURFACE_STYLE_FILL_AREA ( #4527 ) ;
#3466 = PRESENTATION_STYLE_ASSIGNMENT (( #2042 ) ) ;
#3467 =( NAMED_UNIT ( * ) PLANE_ANGLE_UNIT ( ) SI_UNIT ( $, .RADIAN. ) );
#3468 = DIRECTION ( 'NONE',  ( 0.000000000000000000, 0.000000000000000000, 1.000000000000000000 ) ) ;
#3469 =( LENGTH_UNIT ( ) NAMED_UNIT ( * ) SI_UNIT ( .MILLI., .METRE. ) );
#3470 = COLOUR_RGB ( '',1.000000000000000000, 1.000000000000000000, 1.000000000000000000 ) ;
#3471 = VERTEX_POINT ( 'NONE', #89 ) ;
#3472 = DIRECTION ( 'NONE',  ( 1.387778780781439956E-15, 1.000000000000000000, 0.000000000000000000 ) ) ;
#3473 = EDGE_CURVE ( 'NONE', #626, #3701, #2653, .T. ) ;
#3474 = FILL_AREA_STYLE ('',( #952 ) ) ;
#3475 = CARTESIAN_POINT ( 'NONE',  ( -3.069903862770778424, 2.696478948577854418, 2.280000000000005134 ) ) ;
#3476 = SURFACE_SIDE_STYLE ('',( #2052 ) ) ;
#3477 = SURFACE_STYLE_FILL_AREA ( #2053 ) ;
#3478 = EDGE_LOOP ( 'NONE', ( #279, #3405, #3255, #2126 ) ) ;
#3479 = EDGE_LOOP ( 'NONE', ( #3589, #1865, #63, #2597, #1858, #3569, #475, #1514 ) ) ;
#3480 = SURFACE_STYLE_USAGE ( .BOTH. , #667 ) ;
#3481 = SURFACE_STYLE_USAGE ( .BOTH. , #3729 ) ;
#3482 = LINE ( 'NONE', #1397, #3637 ) ;
#3483 = ORIENTED_EDGE ( 'NONE', *, *, #1429, .F. ) ;
#3484 =( NAMED_UNIT ( * ) SI_UNIT ( $, .STERADIAN. ) SOLID_ANGLE_UNIT ( ) );
#3485 =( LENGTH_UNIT ( ) NAMED_UNIT ( * ) SI_UNIT ( .MILLI., .METRE. ) );
#3486 = CARTESIAN_POINT ( 'NONE',  ( -3.146749660286727757, 3.047499034604530088, 0.5350067384603911513 ) ) ;
#3487 = MECHANICAL_DESIGN_GEOMETRIC_PRESENTATION_REPRESENTATION (  '', ( #1698 ), #2140 ) ;
#3488 = CARTESIAN_POINT ( 'NONE',  ( 3.067226026173591968, 2.741861919822023985, 2.375207395953483402 ) ) ;
#3489 = DIRECTION ( 'NONE',  ( 1.000000000000000000, -0.000000000000000000, -0.000000000000000000 ) ) ;
#3490 = CARTESIAN_POINT ( 'NONE',  ( 1.909999999999999698, -6.090289613883199671, 0.8986789283240260717 ) ) ;
#3491 = VERTEX_POINT ( 'NONE', #2570 ) ;
#3492 = AXIS2_PLACEMENT_3D ( 'NONE', #3268, #2658, #3468 ) ;
#3493 =( GEOMETRIC_REPRESENTATION_CONTEXT ( 3 ) GLOBAL_UNCERTAINTY_ASSIGNED_CONTEXT ( ( #1323 ) ) GLOBAL_UNIT_ASSIGNED_CONTEXT ( ( #2906, #4304, #3049 ) ) REPRESENTATION_CONTEXT ( 'NONE', 'WORKASPACE' ) );
#3494 = CIRCLE ( 'NONE', #4437, 0.4401766702244458429 ) ;
#3495 = COLOUR_RGB ( '',1.000000000000000000, 1.000000000000000000, 1.000000000000000000 ) ;
#3496 = CARTESIAN_POINT ( 'NONE',  ( 2.507499999999999840, 0.000000000000000000, 0.5350000000000000311 ) ) ;
#3497 = CARTESIAN_POINT ( 'NONE',  ( -1.814999999999999947, -6.219999999999999751, 0.7184753252913770316 ) ) ;
#3498 = FILL_AREA_STYLE_COLOUR ( '', #2189 ) ;
#3499 = ADVANCED_FACE ( 'NONE', ( #3949 ), #816, .T. ) ;
#3500 = ORIENTED_EDGE ( 'NONE', *, *, #4074, .F. ) ;
#3501 = EDGE_CURVE ( 'NONE', #793, #3805, #1493, .T. ) ;
#3502 = DIRECTION ( 'NONE',  ( -1.000000000000000000, 1.345724878333519912E-15, -0.000000000000000000 ) ) ;
#3503 = ORIENTED_EDGE ( 'NONE', *, *, #782, .F. ) ;
#3504 = CLOSED_SHELL ( 'NONE', ( #3318, #4151, #3628, #447, #2587, #2196, #3954, #1568, #560, #1978, #4514, #2129, #3443, #2647, #2363, #4052, #1427, #899, #2501, #1292, #3576, #290 ) ) ;
#3505 = VERTEX_POINT ( 'NONE', #2245 ) ;
#3506 = DIRECTION ( 'NONE',  ( -0.5999999999999999778, 0.8000000000000000444, 0.000000000000000000 ) ) ;
#3507 = SURFACE_STYLE_FILL_AREA ( #50 ) ;
#3508 = SURFACE_STYLE_USAGE ( .BOTH. , #372 ) ;
#3509 = VECTOR ( 'NONE', #1677, 1000.000000000000000 ) ;
#3510 = ORIENTED_EDGE ( 'NONE', *, *, #3901, .T. ) ;
#3511 = AXIS2_PLACEMENT_3D ( 'NONE', #4458, #2353, #1251 ) ;
#3512 =( LENGTH_UNIT ( ) NAMED_UNIT ( * ) SI_UNIT ( .MILLI., .METRE. ) );
#3513 = LINE ( 'NONE', #1090, #297 ) ;
#3514 = COLOUR_RGB ( '',1.000000000000000000, 1.000000000000000000, 1.000000000000000000 ) ;
#3515 = CARTESIAN_POINT ( 'NONE',  ( 2.670000000000000373, -6.619999999999997442, 0.8230143411670429732 ) ) ;
#3516 = DIRECTION ( 'NONE',  ( 0.000000000000000000, -1.000000000000000000, -0.000000000000000000 ) ) ;
#3517 = ORIENTED_EDGE ( 'NONE', *, *, #477, .F. ) ;
#3518 = CARTESIAN_POINT ( 'NONE',  ( 2.754999999999999893, -5.765644948968880357, 0.6650000000000000355 ) ) ;
#3519 = VERTEX_POINT ( 'NONE', #3653 ) ;
#3520 = EDGE_CURVE ( 'NONE', #3058, #3374, #499, .T. ) ;
#3521 = EDGE_CURVE ( 'NONE', #4569, #2366, #303, .T. ) ;
#3522 = FILL_AREA_STYLE ('',( #3904 ) ) ;
#3523 = DIRECTION ( 'NONE',  ( -1.000000000000000000, 8.864471316691248177E-16, -6.380638221762067763E-16 ) ) ;
#3524 = ORIENTED_EDGE ( 'NONE', *, *, #3547, .F. ) ;
#3525 = CARTESIAN_POINT ( 'NONE',  ( 1.824999999999999956, -6.620000000000000107, 0.1628051603121223878 ) ) ;
#3526 = COLOUR_RGB ( '',1.000000000000000000, 1.000000000000000000, 1.000000000000000000 ) ;
#3527 = MECHANICAL_DESIGN_GEOMETRIC_PRESENTATION_REPRESENTATION (  '', ( #1243 ), #2796 ) ;
#3528 =( LENGTH_UNIT ( ) NAMED_UNIT ( * ) SI_UNIT ( .MILLI., .METRE. ) );
#3529 = LINE ( 'NONE', #994, #3594 ) ;
#3530 = DIRECTION ( 'NONE',  ( 0.000000000000000000, 0.000000000000000000, 1.000000000000000000 ) ) ;
#3531 = MECHANICAL_DESIGN_GEOMETRIC_PRESENTATION_REPRESENTATION (  '', ( #3910 ), #2428 ) ;
#3532 = SURFACE_STYLE_USAGE ( .BOTH. , #3821 ) ;
#3533 = LINE ( 'NONE', #3496, #3436 ) ;
#3534 = SURFACE_STYLE_USAGE ( .BOTH. , #3184 ) ;
#3535 = FILL_AREA_STYLE_COLOUR ( '', #3675 ) ;
#3536 = LINE ( 'NONE', #379, #2754 ) ;
#3537 = CARTESIAN_POINT ( 'NONE',  ( -0.3800000000000019473, -4.769999999999999574, 1.064999999999999947 ) ) ;
#3538 = FILL_AREA_STYLE ('',( #3850 ) ) ;
#3539 = ORIENTED_EDGE ( 'NONE', *, *, #735, .T. ) ;
#3540 = PRESENTATION_STYLE_ASSIGNMENT (( #4302 ) ) ;
#3541 = ORIENTED_EDGE ( 'NONE', *, *, #263, .F. ) ;
#3542 = CYLINDRICAL_SURFACE ( 'NONE', #2236, 0.1000000000000001166 ) ;
#3543 = ADVANCED_FACE ( 'NONE', ( #3308 ), #868, .T. ) ;
#3544 = EDGE_LOOP ( 'NONE', ( #691, #718, #2573, #1975 ) ) ;
#3545 =( NAMED_UNIT ( * ) PLANE_ANGLE_UNIT ( ) SI_UNIT ( $, .RADIAN. ) );
#3546 = CARTESIAN_POINT ( 'NONE',  ( -3.069903862770780645, 2.696478948577849977, 2.379999999999999893 ) ) ;
#3547 = EDGE_CURVE ( 'NONE', #3027, #1049, #4464, .T. ) ;
#3548 = CARTESIAN_POINT ( 'NONE',  ( -1.814999999999999947, -6.219999999999999751, 0.000000000000000000 ) ) ;
#3549 = VECTOR ( 'NONE', #65, 1000.000000000000114 ) ;
#3550 = STYLED_ITEM ( 'NONE', ( #1293 ), #4150 ) ;
#3551 = CIRCLE ( 'NONE', #1557, 0.4000000000000001332 ) ;
#3552 = DIRECTION ( 'NONE',  ( 0.000000000000000000, 0.000000000000000000, 1.000000000000000000 ) ) ;
#3553 = LINE ( 'NONE', #2513, #2251 ) ;
#3554 = FACE_OUTER_BOUND ( 'NONE', #683, .T. ) ;
#3555 = COLOUR_RGB ( '',0.3921568627450980338, 0.3921568627450980338, 0.3921568627450980338 ) ;
#3556 = PRESENTATION_LAYER_ASSIGNMENT (  '', '', ( #3338 ) ) ;
#3557 = AXIS2_PLACEMENT_3D ( 'NONE', #2420, #2728, #309 ) ;
#3558 =( NAMED_UNIT ( * ) PLANE_ANGLE_UNIT ( ) SI_UNIT ( $, .RADIAN. ) );
#3559 = MECHANICAL_DESIGN_GEOMETRIC_PRESENTATION_REPRESENTATION (  '', ( #1847 ), #1996 ) ;
#3560 = CARTESIAN_POINT ( 'NONE',  ( -3.069903862770773983, -2.846785424473892157, 2.280000000000004245 ) ) ;
#3561 = VERTEX_POINT ( 'NONE', #2641 ) ;
#3562 =( GEOMETRIC_REPRESENTATION_CONTEXT ( 3 ) GLOBAL_UNCERTAINTY_ASSIGNED_CONTEXT ( ( #603 ) ) GLOBAL_UNIT_ASSIGNED_CONTEXT ( ( #1689, #1712, #4189 ) ) REPRESENTATION_CONTEXT ( 'NONE', 'WORKASPACE' ) );
#3563 = FILL_AREA_STYLE ('',( #2844 ) ) ;
#3564 = ORIENTED_EDGE ( 'NONE', *, *, #152, .T. ) ;
#3565 = CARTESIAN_POINT ( 'NONE',  ( 1.909999999999999920, -4.769999999999999574, 0.5100000000000000089 ) ) ;
#3566 = CARTESIAN_POINT ( 'NONE',  ( -3.069903862770780201, -2.846785424473900150, 2.279999999999999805 ) ) ;
#3567 = SURFACE_STYLE_FILL_AREA ( #2149 ) ;
#3568 = CARTESIAN_POINT ( 'NONE',  ( 3.069903862770774872, 2.696478948577847312, 2.279999999999996252 ) ) ;
#3569 = ORIENTED_EDGE ( 'NONE', *, *, #2096, .T. ) ;
#3570 = CARTESIAN_POINT ( 'NONE',  ( 2.754999999999999893, -4.769999999999999574, 1.064999999999999947 ) ) ;
#3571 = SURFACE_STYLE_FILL_AREA ( #2508 ) ;
#3572 = STYLED_ITEM ( 'NONE', ( #4272 ), #64 ) ;
#3573 = FILL_AREA_STYLE ('',( #2531 ) ) ;
#3574 = DIRECTION ( 'NONE',  ( 0.000000000000000000, 0.000000000000000000, 1.000000000000000000 ) ) ;
#3575 = SURFACE_STYLE_USAGE ( .BOTH. , #1785 ) ;
#3576 = ADVANCED_FACE ( 'NONE', ( #3424 ), #269, .F. ) ;
#3577 = EDGE_CURVE ( 'NONE', #642, #595, #3398, .T. ) ;
#3578 = CIRCLE ( 'NONE', #709, 0.09999999999999981126 ) ;
#3579 = VECTOR ( 'NONE', #1205, 1000.000000000000000 ) ;
#3580 = CARTESIAN_POINT ( 'NONE',  ( -1.909999999999999920, -7.669999999999999929, 0.5100000000000000089 ) ) ;
#3581 = CARTESIAN_POINT ( 'NONE',  ( 2.669999999999999929, -4.769999999999999574, 1.574999999999999956 ) ) ;
#3582 = AXIS2_PLACEMENT_3D ( 'NONE', #252, #2367, #3781 ) ;
#3583 = VECTOR ( 'NONE', #2134, 1000.000000000000114 ) ;
#3584 =( GEOMETRIC_REPRESENTATION_CONTEXT ( 3 ) GLOBAL_UNCERTAINTY_ASSIGNED_CONTEXT ( ( #2037 ) ) GLOBAL_UNIT_ASSIGNED_CONTEXT ( ( #3298, #1905, #3323 ) ) REPRESENTATION_CONTEXT ( 'NONE', 'WORKASPACE' ) );
#3585 = DIRECTION ( 'NONE',  ( -1.000000000000000000, -2.546383084002650169E-16, -0.000000000000000000 ) ) ;
#3586 = FACE_OUTER_BOUND ( 'NONE', #1795, .T. ) ;
#3587 =( GEOMETRIC_REPRESENTATION_CONTEXT ( 3 ) GLOBAL_UNCERTAINTY_ASSIGNED_CONTEXT ( ( #2697 ) ) GLOBAL_UNIT_ASSIGNED_CONTEXT ( ( #2555, #2130, #1503 ) ) REPRESENTATION_CONTEXT ( 'NONE', 'WORKASPACE' ) );
#3588 = ORIENTED_EDGE ( 'NONE', *, *, #2557, .T. ) ;
#3589 = ORIENTED_EDGE ( 'NONE', *, *, #736, .T. ) ;
#3590 = SURFACE_STYLE_USAGE ( .BOTH. , #2276 ) ;
#3591 = PRESENTATION_STYLE_ASSIGNMENT (( #2526 ) ) ;
#3592 = SURFACE_SIDE_STYLE ('',( #409 ) ) ;
#3593 = VERTEX_POINT ( 'NONE', #1971 ) ;
#3594 = VECTOR ( 'NONE', #724, 1000.000000000000000 ) ;
#3595 =( LENGTH_UNIT ( ) NAMED_UNIT ( * ) SI_UNIT ( .MILLI., .METRE. ) );
#3596 = LINE ( 'NONE', #722, #80 ) ;
#3597 = VECTOR ( 'NONE', #2063, 1000.000000000000227 ) ;
#3598 = CARTESIAN_POINT ( 'NONE',  ( -1.909999999999999920, -4.769999999999999574, 0.000000000000000000 ) ) ;
#3599 =( BOUNDED_CURVE ( )  B_SPLINE_CURVE ( 3, ( #2322, #3733, #1915, #1241 ),
 .UNSPECIFIED., .F., .F. ) 
 B_SPLINE_CURVE_WITH_KNOTS ( ( 4, 4 ),
 ( 1.570796326794911879, 3.138485582206658187 ),
 .UNSPECIFIED. ) 
 CURVE ( )  GEOMETRIC_REPRESENTATION_ITEM ( )  RATIONAL_B_SPLINE_CURVE ( ( 1.000000000000000000, 0.8054696287170406421, 0.8054696287170406421, 1.000000000000000000 ) ) 
 REPRESENTATION_ITEM ( '' )  );
#3600 = PRESENTATION_LAYER_ASSIGNMENT (  '', '', ( #49 ) ) ;
#3601 = CARTESIAN_POINT ( 'NONE',  ( 3.270000000000000018, 3.047499999999999876, 0.5350000000000000311 ) ) ;
#3602 = EDGE_CURVE ( 'NONE', #2456, #3471, #538, .T. ) ;
#3603 =( NAMED_UNIT ( * ) PLANE_ANGLE_UNIT ( ) SI_UNIT ( $, .RADIAN. ) );
#3604 = VECTOR ( 'NONE', #3636, 999.9999999999998863 ) ;
#3605 = DIRECTION ( 'NONE',  ( 0.000000000000000000, 1.000000000000000000, 0.000000000000000000 ) ) ;
#3606 = PRESENTATION_STYLE_ASSIGNMENT (( #3919 ) ) ;
#3607 = ORIENTED_EDGE ( 'NONE', *, *, #2834, .T. ) ;
#3608 = DIRECTION ( 'NONE',  ( 0.000000000000000000, 1.000000000000000000, 0.000000000000000000 ) ) ;
#3609 = DIRECTION ( 'NONE',  ( -1.000000000000000000, 1.345724878333519912E-15, -0.000000000000000000 ) ) ;
#3610 = ORIENTED_EDGE ( 'NONE', *, *, #2535, .T. ) ;
#3611 = CARTESIAN_POINT ( 'NONE',  ( -3.105874779434529831, 2.813977071777499894, 1.459863100066479902 ) ) ;
#3612 = ORIENTED_EDGE ( 'NONE', *, *, #1895, .T. ) ;
#3613 = CARTESIAN_POINT ( 'NONE',  ( 3.069903862770774872, 2.696478948577847312, 2.279999999999996252 ) ) ;
#3614 = APPLICATION_PROTOCOL_DEFINITION ( 'draft international standard', 'automotive_design', 1998, #604 ) ;
#3615 =( LENGTH_UNIT ( ) NAMED_UNIT ( * ) SI_UNIT ( .MILLI., .METRE. ) );
#3616 = LINE ( 'NONE', #3598, #2842 ) ;
#3617 = FILL_AREA_STYLE ('',( #147 ) ) ;
#3618 = LINE ( 'NONE', #3936, #4258 ) ;
#3619 = DIRECTION ( 'NONE',  ( 3.828355257328130201E-16, 1.000000000000000000, 0.000000000000000000 ) ) ;
#3620 = DIRECTION ( 'NONE',  ( -1.000000000000000000, 0.000000000000000000, -0.000000000000000000 ) ) ;
#3621 = STYLED_ITEM ( 'NONE', ( #320 ), #3443 ) ;
#3622 = ORIENTED_EDGE ( 'NONE', *, *, #3096, .F. ) ;
#3623 = CARTESIAN_POINT ( 'NONE',  ( 1.907499999999999973, 2.234999999999999876, 0.000000000000000000 ) ) ;
#3624 = MECHANICAL_DESIGN_GEOMETRIC_PRESENTATION_REPRESENTATION (  '', ( #4015 ), #2753 ) ;
#3625 =( NAMED_UNIT ( * ) PLANE_ANGLE_UNIT ( ) SI_UNIT ( $, .RADIAN. ) );
#3626 = ORIENTED_EDGE ( 'NONE', *, *, #3521, .T. ) ;
#3627 = PRESENTATION_LAYER_ASSIGNMENT (  '', '', ( #3187 ) ) ;
#3628 = ADVANCED_FACE ( 'NONE', ( #1682 ), #2311, .T. ) ;
#3629 = DIRECTION ( 'NONE',  ( 0.04381752416915601911, 1.115762023272160539E-17, 0.9990395510567564585 ) ) ;
#3630 = ADVANCED_FACE ( 'NONE', ( #2072 ), #2495, .T. ) ;
#3631 = ORIENTED_EDGE ( 'NONE', *, *, #4267, .T. ) ;
#3632 = PRODUCT_CONTEXT ( 'NONE', #1532, 'mechanical' ) ;
#3633 = ORIENTED_EDGE ( 'NONE', *, *, #3234, .T. ) ;
#3634 = SURFACE_STYLE_USAGE ( .BOTH. , #918 ) ;
#3635 = CARTESIAN_POINT ( 'NONE',  ( -3.029165125404281511, -2.994082531407138426, 2.324450163987437534 ) ) ;
#3636 = DIRECTION ( 'NONE',  ( -0.04381752416915814935, 0.000000000000000000, -0.9990395510567564585 ) ) ;
#3637 = VECTOR ( 'NONE', #770, 1000.000000000000000 ) ;
#3638 = VERTEX_POINT ( 'NONE', #4221 ) ;
#3639 = CYLINDRICAL_SURFACE ( 'NONE', #2173, 0.1962167265763692936 ) ;
#3640 =( NAMED_UNIT ( * ) SI_UNIT ( $, .STERADIAN. ) SOLID_ANGLE_UNIT ( ) );
#3641 =( GEOMETRIC_REPRESENTATION_CONTEXT ( 3 ) GLOBAL_UNCERTAINTY_ASSIGNED_CONTEXT ( ( #4500 ) ) GLOBAL_UNIT_ASSIGNED_CONTEXT ( ( #4353, #91, #2871 ) ) REPRESENTATION_CONTEXT ( 'NONE', 'WORKASPACE' ) );
#3642 =( LENGTH_UNIT ( ) NAMED_UNIT ( * ) SI_UNIT ( .MILLI., .METRE. ) );
#3643 = VECTOR ( 'NONE', #2668, 1000.000000000000000 ) ;
#3644 = CIRCLE ( 'NONE', #1368, 0.09999999999999982514 ) ;
#3645 = CARTESIAN_POINT ( 'NONE',  ( 0.3799999999999980060, -4.769999999999999574, 1.064999999999999947 ) ) ;
#3646 = CARTESIAN_POINT ( 'NONE',  ( 2.754999999999999893, -6.617440118994263543, 0.1663210716759765395 ) ) ;
#3647 = ORIENTED_EDGE ( 'NONE', *, *, #1126, .T. ) ;
#3648 = DIRECTION ( 'NONE',  ( -0.5431086805435937359, 0.5381361632329552114, 0.6445482378682845237 ) ) ;
#3649 = UNCERTAINTY_MEASURE_WITH_UNIT (LENGTH_MEASURE( 1.000000000000000082E-05 ), #176, 'distance_accuracy_value', 'NONE');
#3650 =( GEOMETRIC_REPRESENTATION_CONTEXT ( 3 ) GLOBAL_UNCERTAINTY_ASSIGNED_CONTEXT ( ( #4100 ) ) GLOBAL_UNIT_ASSIGNED_CONTEXT ( ( #2092, #1764, #355 ) ) REPRESENTATION_CONTEXT ( 'NONE', 'WORKASPACE' ) );
#3651 =( NAMED_UNIT ( * ) SI_UNIT ( $, .STERADIAN. ) SOLID_ANGLE_UNIT ( ) );
#3652 = ORIENTED_EDGE ( 'NONE', *, *, #1866, .F. ) ;
#3653 = CARTESIAN_POINT ( 'NONE',  ( -1.909999999999999920, -4.769999999999999574, 1.574999999999999956 ) ) ;
#3654 = STYLED_ITEM ( 'NONE', ( #484 ), #1146 ) ;
#3655 = FILL_AREA_STYLE ('',( #2961 ) ) ;
#3656 = UNCERTAINTY_MEASURE_WITH_UNIT (LENGTH_MEASURE( 1.000000000000000082E-05 ), #2093, 'distance_accuracy_value', 'NONE');
#3657 = LINE ( 'NONE', #3950, #3718 ) ;
#3658 = ORIENTED_EDGE ( 'NONE', *, *, #2011, .T. ) ;
#3659 = EDGE_CURVE ( 'NONE', #2232, #565, #1724, .T. ) ;
#3660 = EDGE_CURVE ( 'NONE', #4018, #1732, #4094, .T. ) ;
#3661 = DIRECTION ( 'NONE',  ( 0.000000000000000000, 0.000000000000000000, 1.000000000000000000 ) ) ;
#3662 = FILL_AREA_STYLE_COLOUR ( '', #3943 ) ;
#3663 = ORIENTED_EDGE ( 'NONE', *, *, #1760, .T. ) ;
#3664 = SURFACE_SIDE_STYLE ('',( #2320 ) ) ;
#3665 = DIRECTION ( 'NONE',  ( 0.000000000000000000, -1.000000000000000000, -0.000000000000000000 ) ) ;
#3666 = FILL_AREA_STYLE_COLOUR ( '', #3153 ) ;
#3667 = CARTESIAN_POINT ( 'NONE',  ( -3.270000000000000018, -3.047499999999999876, 1.445000000000000062 ) ) ;
#3668 = EDGE_CURVE ( 'NONE', #1167, #2699, #3188, .T. ) ;
#3669 = VECTOR ( 'NONE', #422, 1000.000000000000114 ) ;
#3670 = ORIENTED_EDGE ( 'NONE', *, *, #2249, .F. ) ;
#3671 = PRESENTATION_STYLE_ASSIGNMENT (( #2921 ) ) ;
#3672 =( NAMED_UNIT ( * ) PLANE_ANGLE_UNIT ( ) SI_UNIT ( $, .RADIAN. ) );
#3673 = MECHANICAL_DESIGN_GEOMETRIC_PRESENTATION_REPRESENTATION (  '', ( #583 ), #1601 ) ;
#3674 = VECTOR ( 'NONE', #3435, 1000.000000000000000 ) ;
#3675 = COLOUR_RGB ( '',0.3921568627450980338, 0.3921568627450980338, 0.3921568627450980338 ) ;
#3676 = SURFACE_STYLE_USAGE ( .BOTH. , #2267 ) ;
#3677 = EDGE_LOOP ( 'NONE', ( #88, #2361, #3356, #1502 ) ) ;
#3678 = LINE ( 'NONE', #1948, #3300 ) ;
#3679 = EDGE_LOOP ( 'NONE', ( #4044, #2662, #3051, #4414 ) ) ;
#3680 = VECTOR ( 'NONE', #487, 1000.000000000000114 ) ;
#3681 = LINE ( 'NONE', #2665, #2395 ) ;
#3682 = EDGE_LOOP ( 'NONE', ( #5, #1904, #2596, #2410 ) ) ;
#3683 = CONTEXT_DEPENDENT_SHAPE_REPRESENTATION ( #808, #3789 ) ;
#3684 = DIRECTION ( 'NONE',  ( 1.084202172485503842E-15, 1.000000000000000000, 0.000000000000000000 ) ) ;
#3685 = CARTESIAN_POINT ( 'NONE',  ( 3.069903862770780201, -2.846785424473889492, 2.279999999999999805 ) ) ;
#3686 = CARTESIAN_POINT ( 'NONE',  ( -4.942623279395729625E-16, -2.947500000000000231, 0.000000000000000000 ) ) ;
#3687 = CARTESIAN_POINT ( 'NONE',  ( 2.754999999999999893, -6.219999999999999751, 0.000000000000000000 ) ) ;
#3688 = EDGE_CURVE ( 'NONE', #2608, #1833, #663, .T. ) ;
#3689 = EDGE_CURVE ( 'NONE', #815, #2901, #3142, .T. ) ;
#3690 = UNCERTAINTY_MEASURE_WITH_UNIT (LENGTH_MEASURE( 1.000000000000000082E-05 ), #321, 'distance_accuracy_value', 'NONE');
#3691 = DIRECTION ( 'NONE',  ( 0.000000000000000000, 0.000000000000000000, 1.000000000000000000 ) ) ;
#3692 = PRESENTATION_STYLE_ASSIGNMENT (( #4386 ) ) ;
#3693 = DIRECTION ( 'NONE',  ( 1.000000000000000000, 0.000000000000000000, 0.000000000000000000 ) ) ;
#3694 = UNCERTAINTY_MEASURE_WITH_UNIT (LENGTH_MEASURE( 1.000000000000000082E-05 ), #2083, 'distance_accuracy_value', 'NONE');
#3695 = SURFACE_STYLE_FILL_AREA ( #1210 ) ;
#3696 = ORIENTED_EDGE ( 'NONE', *, *, #1379, .F. ) ;
#3697 =( NAMED_UNIT ( * ) SI_UNIT ( $, .STERADIAN. ) SOLID_ANGLE_UNIT ( ) );
#3698 = PRESENTATION_LAYER_ASSIGNMENT (  '', '', ( #4158 ) ) ;
#3699 =( NAMED_UNIT ( * ) PLANE_ANGLE_UNIT ( ) SI_UNIT ( $, .RADIAN. ) );
#3700 = FACE_OUTER_BOUND ( 'NONE', #427, .T. ) ;
#3701 = VERTEX_POINT ( 'NONE', #1435 ) ;
#3702 = SURFACE_STYLE_FILL_AREA ( #2294 ) ;
#3703 = COLOUR_RGB ( '',0.3921568627450980338, 0.3921568627450980338, 0.3921568627450980338 ) ;
#3704 = MECHANICAL_DESIGN_GEOMETRIC_PRESENTATION_REPRESENTATION (  '', ( #3340 ), #12 ) ;
#3705 = CIRCLE ( 'NONE', #543, 0.4000000000000001887 ) ;
#3706 = FACE_OUTER_BOUND ( 'NONE', #2409, .T. ) ;
#3707 = FILL_AREA_STYLE ('',( #876 ) ) ;
#3708 = LINE ( 'NONE', #4097, #292 ) ;
#3709 = LINE ( 'NONE', #805, #4573 ) ;
#3710 =( GEOMETRIC_REPRESENTATION_CONTEXT ( 3 ) GLOBAL_UNCERTAINTY_ASSIGNED_CONTEXT ( ( #3387 ) ) GLOBAL_UNIT_ASSIGNED_CONTEXT ( ( #2414, #4476, #671 ) ) REPRESENTATION_CONTEXT ( 'NONE', 'WORKASPACE' ) );
#3711 = UNCERTAINTY_MEASURE_WITH_UNIT (LENGTH_MEASURE( 1.000000000000000082E-05 ), #703, 'distance_accuracy_value', 'NONE');
#3712 = PLANE ( 'NONE',  #4390 ) ;
#3713 = FACE_OUTER_BOUND ( 'NONE', #109, .T. ) ;
#3714 = EDGE_CURVE ( 'NONE', #1536, #338, #4224, .T. ) ;
#3715 = FILL_AREA_STYLE ('',( #407 ) ) ;
#3716 = EDGE_CURVE ( 'NONE', #1822, #2521, #3039, .T. ) ;
#3717 = EDGE_CURVE ( 'NONE', #1385, #483, #1392, .T. ) ;
#3718 = VECTOR ( 'NONE', #1187, 1000.000000000000114 ) ;
#3719 =( LENGTH_UNIT ( ) NAMED_UNIT ( * ) SI_UNIT ( .MILLI., .METRE. ) );
#3720 = FACE_OUTER_BOUND ( 'NONE', #323, .T. ) ;
#3721 = ORIENTED_EDGE ( 'NONE', *, *, #1737, .F. ) ;
#3722 = AXIS2_PLACEMENT_3D ( 'NONE', #1911, #3336, #2360 ) ;
#3723 = CARTESIAN_POINT ( 'NONE',  ( 2.669999999999999929, -4.769999999999999574, 0.000000000000000000 ) ) ;
#3724 = DIRECTION ( 'NONE',  ( 1.000000000000000000, 0.000000000000000000, 0.000000000000000000 ) ) ;
#3725 = CARTESIAN_POINT ( 'NONE',  ( 3.069903862770770431, 2.696478948577850865, 2.279999999999999805 ) ) ;
#3726 = VECTOR ( 'NONE', #4457, 1000.000000000000000 ) ;
#3727 = EDGE_LOOP ( 'NONE', ( #3622, #1080, #2340, #4269, #2742 ) ) ;
#3728 = VECTOR ( 'NONE', #1942, 1000.000000000000000 ) ;
#3729 = SURFACE_SIDE_STYLE ('',( #3430 ) ) ;
#3730 = COLOUR_RGB ( '',0.3921568627450980338, 0.3921568627450980338, 0.3921568627450980338 ) ;
#3731 = EDGE_LOOP ( 'NONE', ( #92, #3607 ) ) ;
#3732 = CARTESIAN_POINT ( 'NONE',  ( 1.909999999999999032, -7.669999999999999929, 0.000000000000000000 ) ) ;
#3733 = CARTESIAN_POINT ( 'NONE',  ( 3.246473182269623781, 3.005934432745295481, 0.5364114442524940962 ) ) ;
#3734 =( NAMED_UNIT ( * ) SI_UNIT ( $, .STERADIAN. ) SOLID_ANGLE_UNIT ( ) );
#3735 = CARTESIAN_POINT ( 'NONE',  ( -2.745000000000001439, -5.970571860944914988, 1.064999999999996394 ) ) ;
#3736 = CARTESIAN_POINT ( 'NONE',  ( 3.124602643412338843, -2.901148327010768302, 2.343660963109997386 ) ) ;
#3737 = PRESENTATION_LAYER_ASSIGNMENT (  '', '', ( #2411 ) ) ;
#3738 = FILL_AREA_STYLE ('',( #1304 ) ) ;
#3739 = DIRECTION ( 'NONE',  ( 1.000000000000000000, -3.435095992033279989E-16, 0.000000000000000000 ) ) ;
#3740 = FACE_OUTER_BOUND ( 'NONE', #4494, .T. ) ;
#3741 = VECTOR ( 'NONE', #576, 1000.000000000000000 ) ;
#3742 = CARTESIAN_POINT ( 'NONE',  ( -3.208152399887326034, 2.634994003713428512, 2.345684630369626600 ) ) ;
#3743 = VERTEX_POINT ( 'NONE', #3515 ) ;
#3744 = MECHANICAL_DESIGN_GEOMETRIC_PRESENTATION_REPRESENTATION (  '', ( #295 ), #3007 ) ;
#3745 = DIRECTION ( 'NONE',  ( 0.000000000000000000, 0.5841973208100660342, 0.8116116622858130514 ) ) ;
#3746 = CARTESIAN_POINT ( 'NONE',  ( -2.669999999999999929, -5.765644948968870587, 1.064999999999999947 ) ) ;
#3747 = CARTESIAN_POINT ( 'NONE',  ( -3.149989741802991183, -2.901148327010778516, 2.321847857273120042 ) ) ;
#3748 = ORIENTED_EDGE ( 'NONE', *, *, #3901, .F. ) ;
#3749 = EDGE_CURVE ( 'NONE', #1162, #3743, #3166, .T. ) ;
#3750 = ORIENTED_EDGE ( 'NONE', *, *, #256, .T. ) ;
#3751 = COLOUR_RGB ( '',0.3921568627450980338, 0.3921568627450980338, 0.3921568627450980338 ) ;
#3752 = LINE ( 'NONE', #1313, #3643 ) ;
#3753 = UNCERTAINTY_MEASURE_WITH_UNIT (LENGTH_MEASURE( 1.000000000000000082E-05 ), #3244, 'distance_accuracy_value', 'NONE');
#3754 = COLOUR_RGB ( '',1.000000000000000000, 1.000000000000000000, 1.000000000000000000 ) ;
#3755 = LINE ( 'NONE', #3032, #2965 ) ;
#3756 = ORIENTED_EDGE ( 'NONE', *, *, #444, .T. ) ;
#3757 = VERTEX_POINT ( 'NONE', #3537 ) ;
#3758 = UNCERTAINTY_MEASURE_WITH_UNIT (LENGTH_MEASURE( 1.000000000000000082E-05 ), #706, 'distance_accuracy_value', 'NONE');
#3759 = CARTESIAN_POINT ( 'NONE',  ( 2.669999999999999929, -7.670000000000010587, 0.5100000000000000089 ) ) ;
#3760 = CYLINDRICAL_SURFACE ( 'NONE', #1752, 0.1000000000000000333 ) ;
#3761 = CARTESIAN_POINT ( 'NONE',  ( 3.133020036179935630, -3.047499999999997211, 0.8350057076827265279 ) ) ;
#3762 = DIRECTION ( 'NONE',  ( 1.084202172485503842E-15, 1.000000000000000000, 0.000000000000000000 ) ) ;
#3763 = UNCERTAINTY_MEASURE_WITH_UNIT (LENGTH_MEASURE( 1.000000000000000082E-05 ), #195, 'distance_accuracy_value', 'NONE');
#3764 = LINE ( 'NONE', #2443, #856 ) ;
#3765 = FILL_AREA_STYLE ('',( #554 ) ) ;
#3766 = CARTESIAN_POINT ( 'NONE',  ( 3.149989741802988519, -2.901148327010767414, 2.321847857273120042 ) ) ;
#3767 = CARTESIAN_POINT ( 'NONE',  ( 0.5401766701993437891, 0.000000000000000000, 2.379999999902793206 ) ) ;
#3768 = DIRECTION ( 'NONE',  ( -1.241860206515840002E-16, 1.000000000000000000, 0.000000000000000000 ) ) ;
#3769 = CARTESIAN_POINT ( 'NONE',  ( -3.124214730825140229, 2.750292564901144488, 2.344454823786827902 ) ) ;
#3770 =( BOUNDED_CURVE ( )  B_SPLINE_CURVE ( 3, ( #328, #2061, #1294, #3486 ),
 .UNSPECIFIED., .F., .F. ) 
 B_SPLINE_CURVE_WITH_KNOTS ( ( 4, 4 ),
 ( 1.570796326794865694, 3.138485582206702151 ),
 .UNSPECIFIED. ) 
 CURVE ( )  GEOMETRIC_REPRESENTATION_ITEM ( )  RATIONAL_B_SPLINE_CURVE ( ( 1.000000000000000000, 0.8054696287170193258, 0.8054696287170193258, 1.000000000000000000 ) ) 
 REPRESENTATION_ITEM ( '' )  );
#3771 = PRODUCT_DEFINITION_FORMATION_WITH_SPECIFIED_SOURCE ( 'ANY', '', #980, .NOT_KNOWN. ) ;
#3772 = SURFACE_STYLE_FILL_AREA ( #213 ) ;
#3773 = FILL_AREA_STYLE_COLOUR ( '', #1580 ) ;
#3774 = VERTEX_POINT ( 'NONE', #1412 ) ;
#3775 = MECHANICAL_DESIGN_GEOMETRIC_PRESENTATION_REPRESENTATION (  '', ( #2877 ), #2593 ) ;
#3776 = ADVANCED_FACE ( 'NONE', ( #2433 ), #1002, .F. ) ;
#3777 = CIRCLE ( 'NONE', #4363, 0.4000000000000001887 ) ;
#3778 = EDGE_CURVE ( 'NONE', #734, #3321, #3863, .T. ) ;
#3779 = VERTEX_POINT ( 'NONE', #133 ) ;
#3780 = ORIENTED_EDGE ( 'NONE', *, *, #2157, .F. ) ;
#3781 = DIRECTION ( 'NONE',  ( 0.000000000000000000, 0.1189107717689530525, -0.9929049442707554851 ) ) ;
#3782 = COLOUR_RGB ( '',0.3921568627450980338, 0.3921568627450980338, 0.3921568627450980338 ) ;
#3783 = VECTOR ( 'NONE', #1345, 1000.000000000000000 ) ;
#3784 = CARTESIAN_POINT ( 'NONE',  ( -2.507499999999999840, -2.234999999999999876, 0.000000000000000000 ) ) ;
#3785 = PRESENTATION_LAYER_ASSIGNMENT (  '', '', ( #4015 ) ) ;
#3786 = VECTOR ( 'NONE', #1471, 1000.000000000000000 ) ;
#3787 = PRESENTATION_STYLE_ASSIGNMENT (( #2744 ) ) ;
#3788 = VECTOR ( 'NONE', #1468, 1000.000000000000114 ) ;
#3789 = PRODUCT_DEFINITION_SHAPE ( 'NONE', 'NONE',  #4584 ) ;
#3790 = SURFACE_SIDE_STYLE ('',( #1174 ) ) ;
#3791 = VECTOR ( 'NONE', #1820, 1000.000000000000000 ) ;
#3792 = DIRECTION ( 'NONE',  ( 0.000000000000000000, 0.000000000000000000, 1.000000000000000000 ) ) ;
#3793 = UNCERTAINTY_MEASURE_WITH_UNIT (LENGTH_MEASURE( 1.000000000000000082E-05 ), #33, 'distance_accuracy_value', 'NONE');
#3794 = COLOUR_RGB ( '',0.3921568627450980338, 0.3921568627450980338, 0.3921568627450980338 ) ;
#3795 = DIRECTION ( 'NONE',  ( 1.084202172485503842E-15, 1.000000000000000000, 0.000000000000000000 ) ) ;
#3796 = CARTESIAN_POINT ( 'NONE',  ( 3.163367567173882122, -2.880010376763606494, 2.267325675379117111 ) ) ;
#3797 = CARTESIAN_POINT ( 'NONE',  ( -1.815000000000001945, -6.845307432091225941, 0.5099999999999971223 ) ) ;
#3798 = FACE_OUTER_BOUND ( 'NONE', #2576, .T. ) ;
#3799 = SURFACE_STYLE_FILL_AREA ( #2799 ) ;
#3800 =( NAMED_UNIT ( * ) PLANE_ANGLE_UNIT ( ) SI_UNIT ( $, .RADIAN. ) );
#3801 = CARTESIAN_POINT ( 'NONE',  ( 3.069903862770769543, 2.696478948577849977, 2.279999999999999805 ) ) ;
#3802 = LINE ( 'NONE', #1046, #1291 ) ;
#3803 = VERTEX_POINT ( 'NONE', #2210 ) ;
#3804 = AXIS2_PLACEMENT_3D ( 'NONE', #3611, #2595, #1799 ) ;
#3805 = VERTEX_POINT ( 'NONE', #3986 ) ;
#3806 = VECTOR ( 'NONE', #1144, 1000.000000000000000 ) ;
#3807 = PRESENTATION_LAYER_ASSIGNMENT (  '', '', ( #343 ) ) ;
#3808 = ORIENTED_EDGE ( 'NONE', *, *, #3902, .F. ) ;
#3809 = ORIENTED_EDGE ( 'NONE', *, *, #879, .T. ) ;
#3810 = DIRECTION ( 'NONE',  ( 1.355252715606879951E-15, 1.000000000000000000, 0.000000000000000000 ) ) ;
#3811 = UNCERTAINTY_MEASURE_WITH_UNIT (LENGTH_MEASURE( 1.000000000000000082E-05 ), #3512, 'distance_accuracy_value', 'NONE');
#3812 = CARTESIAN_POINT ( 'NONE',  ( -1.909999999999999920, -4.769999999999999574, 0.000000000000000000 ) ) ;
#3813 = STYLED_ITEM ( 'NONE', ( #3024 ), #2895 ) ;
#3814 = SURFACE_STYLE_FILL_AREA ( #2416 ) ;
#3815 = FACE_OUTER_BOUND ( 'NONE', #4556, .T. ) ;
#3816 = UNCERTAINTY_MEASURE_WITH_UNIT (LENGTH_MEASURE( 1.000000000000000082E-05 ), #1521, 'distance_accuracy_value', 'NONE');
#3817 = LINE ( 'NONE', #2793, #2840 ) ;
#3818 = FILL_AREA_STYLE_COLOUR ( '', #1124 ) ;
#3819 = EDGE_CURVE ( 'NONE', #1167, #3841, #41, .T. ) ;
#3820 = FILL_AREA_STYLE_COLOUR ( '', #3751 ) ;
#3821 = SURFACE_SIDE_STYLE ('',( #635 ) ) ;
#3822 =( NAMED_UNIT ( * ) PLANE_ANGLE_UNIT ( ) SI_UNIT ( $, .RADIAN. ) );
#3823 = AXIS2_PLACEMENT_3D ( 'NONE', #2135, #1852, #4342 ) ;
#3824 = PRESENTATION_STYLE_ASSIGNMENT (( #1092 ) ) ;
#3825 = CIRCLE ( 'NONE', #2039, 0.09999999999999982514 ) ;
#3826 = ORIENTED_EDGE ( 'NONE', *, *, #3096, .T. ) ;
#3827 = ORIENTED_EDGE ( 'NONE', *, *, #1701, .T. ) ;
#3828 = MECHANICAL_DESIGN_GEOMETRIC_PRESENTATION_REPRESENTATION (  '', ( #49 ), #1814 ) ;
#3829 = AXIS2_PLACEMENT_3D ( 'NONE', #3570, #3906, #741 ) ;
#3830 = PRESENTATION_STYLE_ASSIGNMENT (( #2 ) ) ;
#3831 = SURFACE_STYLE_USAGE ( .BOTH. , #1006 ) ;
#3832 = EDGE_LOOP ( 'NONE', ( #2542, #3332, #3996, #2823 ) ) ;
#3833 = COLOUR_RGB ( '',1.000000000000000000, 1.000000000000000000, 1.000000000000000000 ) ;
#3834 = DIRECTION ( 'NONE',  ( -1.000000000000000000, 0.000000000000000000, -0.000000000000000000 ) ) ;
#3835 = DIRECTION ( 'NONE',  ( -0.000000000000000000, 0.000000000000000000, 1.000000000000000000 ) ) ;
#3836 = MECHANICAL_DESIGN_GEOMETRIC_PRESENTATION_REPRESENTATION (  '', ( #1247 ), #371 ) ;
#3837 = SHAPE_REPRESENTATION_RELATIONSHIP ( 'NONE' , 'NONE' ,  #4254, #4150 ) ;
#3838 = CARTESIAN_POINT ( 'NONE',  ( 3.098494366699374503, 2.750292564901145376, 2.366127294833586969 ) ) ;
#3839 = CARTESIAN_POINT ( 'NONE',  ( -3.124214730825139341, 2.750292564901144488, 2.344454823786827902 ) ) ;
#3840 = MECHANICAL_DESIGN_GEOMETRIC_PRESENTATION_REPRESENTATION (  '', ( #2866 ), #516 ) ;
#3841 = VERTEX_POINT ( 'NONE', #4099 ) ;
#3842 = DIRECTION ( 'NONE',  ( 0.000000000000000000, 0.000000000000000000, 1.000000000000000000 ) ) ;
#3843 = EDGE_CURVE ( 'NONE', #2088, #2527, #2924, .T. ) ;
#3844 = ADVANCED_FACE ( 'NONE', ( #82 ), #2540, .T. ) ;
#3845 = CARTESIAN_POINT ( 'NONE',  ( 2.754999999999999893, -5.765644948968880357, 0.6650000000000000355 ) ) ;
#3846 = CARTESIAN_POINT ( 'NONE',  ( 3.109158100299048932, 2.862113486477778856, 2.204809361394428624 ) ) ;
#3847 = PRESENTATION_STYLE_ASSIGNMENT (( #1307 ) ) ;
#3848 =( NAMED_UNIT ( * ) SI_UNIT ( $, .STERADIAN. ) SOLID_ANGLE_UNIT ( ) );
#3849 = FILL_AREA_STYLE_COLOUR ( '', #692 ) ;
#3850 = FILL_AREA_STYLE_COLOUR ( '', #4381 ) ;
#3851 = ORIENTED_EDGE ( 'NONE', *, *, #3577, .F. ) ;
#3852 = ORIENTED_EDGE ( 'NONE', *, *, #956, .T. ) ;
#3853 = FACE_OUTER_BOUND ( 'NONE', #3005, .T. ) ;
#3854 =( NAMED_UNIT ( * ) PLANE_ANGLE_UNIT ( ) SI_UNIT ( $, .RADIAN. ) );
#3855 = ORIENTED_EDGE ( 'NONE', *, *, #399, .T. ) ;
#3856 = SURFACE_SIDE_STYLE ('',( #280 ) ) ;
#3857 = FACE_OUTER_BOUND ( 'NONE', #3057, .T. ) ;
#3858 = FACE_OUTER_BOUND ( 'NONE', #4245, .T. ) ;
#3859 = VECTOR ( 'NONE', #2873, 1000.000000000000000 ) ;
#3860 = DIRECTION ( 'NONE',  ( 1.084202172485503842E-15, 1.000000000000000000, 9.486769009248159853E-16 ) ) ;
#3861 = EDGE_LOOP ( 'NONE', ( #2151, #1910 ) ) ;
#3862 = FILL_AREA_STYLE ('',( #4294 ) ) ;
#3863 = CIRCLE ( 'NONE', #908, 0.09999999999999982514 ) ;
#3864 = COLOUR_RGB ( '',1.000000000000000000, 1.000000000000000000, 1.000000000000000000 ) ;
#3865 = UNCERTAINTY_MEASURE_WITH_UNIT (LENGTH_MEASURE( 1.000000000000000082E-05 ), #1720, 'distance_accuracy_value', 'NONE');
#3866 = MECHANICAL_DESIGN_GEOMETRIC_PRESENTATION_REPRESENTATION (  '', ( #3193 ), #2455 ) ;
#3867 = DIRECTION ( 'NONE',  ( 1.084202172485503842E-15, 1.000000000000000000, 0.000000000000000000 ) ) ;
#3868 = SURFACE_STYLE_USAGE ( .BOTH. , #3048 ) ;
#3869 = ADVANCED_FACE ( 'NONE', ( #1180 ), #833, .T. ) ;
#3870 = CARTESIAN_POINT ( 'NONE',  ( -1.910000000000000364, -6.942084783908578416, 0.4000000000000000222 ) ) ;
#3871 = FACE_OUTER_BOUND ( 'NONE', #3362, .T. ) ;
#3872 = ORIENTED_EDGE ( 'NONE', *, *, #3501, .T. ) ;
#3873 = DIRECTION ( 'NONE',  ( 0.000000000000000000, 0.000000000000000000, 1.000000000000000000 ) ) ;
#3874 = EDGE_LOOP ( 'NONE', ( #870, #4402, #2483, #2610 ) ) ;
#3875 =( GEOMETRIC_REPRESENTATION_CONTEXT ( 3 ) GLOBAL_UNCERTAINTY_ASSIGNED_CONTEXT ( ( #3434 ) ) GLOBAL_UNIT_ASSIGNED_CONTEXT ( ( #26, #1079, #345 ) ) REPRESENTATION_CONTEXT ( 'NONE', 'WORKASPACE' ) );
#3876 = DIRECTION ( 'NONE',  ( 0.04350722696467106826, 0.1187981766220984753, -0.9919647747945030680 ) ) ;
#3877 = DIRECTION ( 'NONE',  ( -1.000000000000000000, 3.828355257328130201E-16, 0.000000000000000000 ) ) ;
#3878 = STYLED_ITEM ( 'NONE', ( #1371 ), #368 ) ;
#3879 = ORIENTED_EDGE ( 'NONE', *, *, #3146, .F. ) ;
#3880 = CARTESIAN_POINT ( 'NONE',  ( -0.3800000000000020028, -5.780000000000000249, 1.064999999999999947 ) ) ;
#3881 = CARTESIAN_POINT ( 'NONE',  ( 2.754999999999999893, -4.769999999999999574, 1.064999999999999947 ) ) ;
#3882 = CARTESIAN_POINT ( 'NONE',  ( -2.507499999999999840, -2.234999999999999876, 0.000000000000000000 ) ) ;
#3883 = COLOUR_RGB ( '',0.3921568627450980338, 0.3921568627450980338, 0.3921568627450980338 ) ;
#3884 = STYLED_ITEM ( 'NONE', ( #156 ), #447 ) ;
#3885 = LINE ( 'NONE', #393, #689 ) ;
#3886 = MECHANICAL_DESIGN_GEOMETRIC_PRESENTATION_REPRESENTATION (  '', ( #1302 ), #416 ) ;
#3887 = SURFACE_STYLE_FILL_AREA ( #2534 ) ;
#3888 = CARTESIAN_POINT ( 'NONE',  ( 1.909999999999999698, -6.090289613883200559, 0.8986789283240265158 ) ) ;
#3889 = AXIS2_PLACEMENT_3D ( 'NONE', #553, #858, #1244 ) ;
#3890 = AXIS2_PLACEMENT_3D ( 'NONE', #4378, #3316, #1191 ) ;
#3891 = CARTESIAN_POINT ( 'NONE',  ( 2.989145365948584487, 2.862113486477777524, 2.305934388152831360 ) ) ;
#3892 = SURFACE_STYLE_FILL_AREA ( #1364 ) ;
#3893 = ADVANCED_FACE ( 'NONE', ( #629 ), #1641, .T. ) ;
#3894 = ADVANCED_FACE ( 'NONE', ( #3815 ), #3041, .T. ) ;
#3895 = EDGE_CURVE ( 'NONE', #3805, #3638, #3770, .T. ) ;
#3896 = CARTESIAN_POINT ( 'NONE',  ( -3.169903862770775849, 3.047499999999999876, -2.710505431213761085E-17 ) ) ;
#3897 = ORIENTED_EDGE ( 'NONE', *, *, #901, .T. ) ;
#3898 = COLOUR_RGB ( '',0.3921568627450980338, 0.3921568627450980338, 0.3921568627450980338 ) ;
#3899 = CARTESIAN_POINT ( 'NONE',  ( 3.069903862770775316, -2.846785424473895265, 2.379999999999999893 ) ) ;
#3900 = VERTEX_POINT ( 'NONE', #4121 ) ;
#3901 = EDGE_CURVE ( 'NONE', #4012, #2718, #3705, .T. ) ;
#3902 = EDGE_CURVE ( 'NONE', #840, #2801, #4293, .T. ) ;
#3903 = STYLED_ITEM ( 'NONE', ( #4079 ), #1595 ) ;
#3904 = FILL_AREA_STYLE_COLOUR ( '', #389 ) ;
#3905 = EDGE_LOOP ( 'NONE', ( #274, #1436, #2794, #278, #4136 ) ) ;
#3906 = DIRECTION ( 'NONE',  ( 0.000000000000000000, 0.000000000000000000, 1.000000000000000000 ) ) ;
#3907 = AXIS2_PLACEMENT_3D ( 'NONE', #2101, #1817, #1835 ) ;
#3908 = STYLED_ITEM ( 'NONE', ( #255 ), #1923 ) ;
#3909 = CARTESIAN_POINT ( 'NONE',  ( 2.669999999999999929, -7.050234344067281000, 0.5100000000000000089 ) ) ;
#3910 = STYLED_ITEM ( 'NONE', ( #1109 ), #2421 ) ;
#3911 = CARTESIAN_POINT ( 'NONE',  ( -3.206692322509914650, -2.947499999999999787, 1.443415046773950161 ) ) ;
#3912 = DIRECTION ( 'NONE',  ( -1.000000000000000000, 0.000000000000000000, 0.000000000000000000 ) ) ;
#3913 = CYLINDRICAL_SURFACE ( 'NONE', #3163, 0.1000000000000000333 ) ;
#3914 = PRESENTATION_LAYER_ASSIGNMENT (  '', '', ( #1247 ) ) ;
#3915 = AXIS2_PLACEMENT_3D ( 'NONE', #4571, #390, #4275 ) ;
#3916 = PLANE ( 'NONE',  #2619 ) ;
#3917 = SURFACE_SIDE_STYLE ('',( #1767 ) ) ;
#3918 = CARTESIAN_POINT ( 'NONE',  ( 2.669999999999999929, -7.669999999999999929, 0.5100000000000000089 ) ) ;
#3919 = SURFACE_STYLE_USAGE ( .BOTH. , #4300 ) ;
#3920 = ORIENTED_EDGE ( 'NONE', *, *, #1233, .F. ) ;
#3921 = ORIENTED_EDGE ( 'NONE', *, *, #1729, .F. ) ;
#3922 = DIRECTION ( 'NONE',  ( 0.000000000000000000, 0.000000000000000000, 1.000000000000000000 ) ) ;
#3923 =( NAMED_UNIT ( * ) PLANE_ANGLE_UNIT ( ) SI_UNIT ( $, .RADIAN. ) );
#3924 = DIRECTION ( 'NONE',  ( -1.000000000000000000, 1.345724878333519912E-15, -0.000000000000000000 ) ) ;
#3925 = ORIENTED_EDGE ( 'NONE', *, *, #2868, .F. ) ;
#3926 = EDGE_CURVE ( 'NONE', #3841, #135, #3885, .T. ) ;
#3927 = DIRECTION ( 'NONE',  ( 0.000000000000000000, 0.000000000000000000, 1.000000000000000000 ) ) ;
#3928 = FACE_OUTER_BOUND ( 'NONE', #3243, .T. ) ;
#3929 = EDGE_CURVE ( 'NONE', #138, #4475, #2509, .T. ) ;
#3930 = EDGE_CURVE ( 'NONE', #642, #2345, #3596, .T. ) ;
#3931 = FILL_AREA_STYLE ('',( #2826 ) ) ;
#3932 = CARTESIAN_POINT ( 'NONE',  ( 2.754999999999999893, -6.620000000000000107, 0.1628051603121234703 ) ) ;
#3933 = CARTESIAN_POINT ( 'NONE',  ( 2.669999999999999929, -7.669999999999999929, 1.064999999999999947 ) ) ;
#3934 = COLOUR_RGB ( '',0.7921568627450980005, 0.8196078431372548767, 0.9333333333333333481 ) ;
#3935 =( GEOMETRIC_REPRESENTATION_CONTEXT ( 3 ) GLOBAL_UNCERTAINTY_ASSIGNED_CONTEXT ( ( #3763 ) ) GLOBAL_UNIT_ASSIGNED_CONTEXT ( ( #195, #2669, #915 ) ) REPRESENTATION_CONTEXT ( 'NONE', 'WORKASPACE' ) );
#3936 = CARTESIAN_POINT ( 'NONE',  ( 3.220000000000000639, -2.947500000000000231, 1.139999999999999902 ) ) ;
#3937 = FACE_BOUND ( 'NONE', #3731, .T. ) ;
#3938 = SURFACE_STYLE_USAGE ( .BOTH. , #4281 ) ;
#3939 = MECHANICAL_DESIGN_GEOMETRIC_PRESENTATION_REPRESENTATION (  '', ( #1918 ), #157 ) ;
#3940 = MECHANICAL_DESIGN_GEOMETRIC_PRESENTATION_REPRESENTATION (  '', ( #11 ), #2227 ) ;
#3941 = VECTOR ( 'NONE', #4116, 1000.000000000000000 ) ;
#3942 = AXIS2_PLACEMENT_3D ( 'NONE', #786, #81, #2558 ) ;
#3943 = COLOUR_RGB ( '',1.000000000000000000, 1.000000000000000000, 1.000000000000000000 ) ;
#3944 = FILL_AREA_STYLE_COLOUR ( '', #1057 ) ;
#3945 =( LENGTH_UNIT ( ) NAMED_UNIT ( * ) SI_UNIT ( .MILLI., .METRE. ) );
#3946 = EDGE_LOOP ( 'NONE', ( #2008, #1550, #4068, #960 ) ) ;
#3947 = DIRECTION ( 'NONE',  ( 1.000000000000000000, -1.345724878333519912E-15, 0.000000000000000000 ) ) ;
#3948 = ORIENTED_EDGE ( 'NONE', *, *, #313, .T. ) ;
#3949 = FACE_OUTER_BOUND ( 'NONE', #1662, .T. ) ;
#3950 = CARTESIAN_POINT ( 'NONE',  ( 1.909999999999999698, -6.845307432091229494, 0.5099999999999994538 ) ) ;
#3951 = VERTEX_POINT ( 'NONE', #1782 ) ;
#3952 = CARTESIAN_POINT ( 'NONE',  ( 3.107047711139379942, -3.047498642590083850, 1.445011334372790390 ) ) ;
#3953 = FILL_AREA_STYLE_COLOUR ( '', #1467 ) ;
#3954 = ADVANCED_FACE ( 'NONE', ( #2554 ), #2112, .T. ) ;
#3955 = CYLINDRICAL_SURFACE ( 'NONE', #2452, 0.09999999999999982514 ) ;
#3956 = STYLED_ITEM ( 'NONE', ( #1956 ), #1292 ) ;
#3957 = DIRECTION ( 'NONE',  ( 1.000000000000000000, 0.000000000000000000, -0.000000000000000000 ) ) ;
#3958 = PRESENTATION_LAYER_ASSIGNMENT (  '', '', ( #926 ) ) ;
#3959 = AXIS2_PLACEMENT_3D ( 'NONE', #3845, #4148, #3867 ) ;
#3960 = CARTESIAN_POINT ( 'NONE',  ( 2.507499999999999840, -2.234999999999999876, 0.000000000000000000 ) ) ;
#3961 = FILL_AREA_STYLE_COLOUR ( '', #3555 ) ;
#3962 = COLOUR_RGB ( '',0.3921568627450980338, 0.3921568627450980338, 0.3921568627450980338 ) ;
#3963 = MECHANICAL_DESIGN_GEOMETRIC_PRESENTATION_REPRESENTATION (  '', ( #489 ), #3211 ) ;
#3964 = CARTESIAN_POINT ( 'NONE',  ( 1.909999999999999920, -4.769999999999999574, 0.000000000000000000 ) ) ;
#3965 = ORIENTED_EDGE ( 'NONE', *, *, #3819, .T. ) ;
#3966 = EDGE_LOOP ( 'NONE', ( #4161, #2247, #1211, #3826 ) ) ;
#3967 = DIRECTION ( 'NONE',  ( 0.000000000000000000, 0.9898926866452567586, 0.1418184364821289678 ) ) ;
#3968 = SURFACE_STYLE_FILL_AREA ( #1547 ) ;
#3969 = ORIENTED_EDGE ( 'NONE', *, *, #218, .F. ) ;
#3970 = AXIS2_PLACEMENT_3D ( 'NONE', #1409, #4176, #2814 ) ;
#3971 = APPLICATION_CONTEXT ( 'automotive_design' ) ;
#3972 = CONTEXT_DEPENDENT_SHAPE_REPRESENTATION ( #2806, #1017 ) ;
#3973 = SURFACE_STYLE_FILL_AREA ( #2255 ) ;
#3974 =( GEOMETRIC_REPRESENTATION_CONTEXT ( 3 ) GLOBAL_UNCERTAINTY_ASSIGNED_CONTEXT ( ( #1252 ) ) GLOBAL_UNIT_ASSIGNED_CONTEXT ( ( #2627, #1710, #3484 ) ) REPRESENTATION_CONTEXT ( 'NONE', 'WORKASPACE' ) );
#3975 = CARTESIAN_POINT ( 'NONE',  ( -3.126177380094380620, -2.954109814895014896, 2.297081768647066369 ) ) ;
#3976 = FACE_OUTER_BOUND ( 'NONE', #4446, .T. ) ;
#3977 = AXIS2_PLACEMENT_3D ( 'NONE', #3026, #210, #2591 ) ;
#3978 = PRODUCT_DEFINITION_CONTEXT ( 'detailed design', #3971, 'design' ) ;
#3979 = SURFACE_SIDE_STYLE ('',( #2560 ) ) ;
#3980 = FILL_AREA_STYLE_COLOUR ( '', #906 ) ;
#3981 = PRESENTATION_STYLE_ASSIGNMENT (( #3938 ) ) ;
#3982 = AXIS2_PLACEMENT_3D ( 'NONE', #2837, #3247, #2094 ) ;
#3983 = EDGE_CURVE ( 'NONE', #2666, #2446, #1128, .T. ) ;
#3984 = EDGE_CURVE ( 'NONE', #2439, #574, #2821, .T. ) ;
#3985 = EDGE_CURVE ( 'NONE', #1822, #3951, #9, .T. ) ;
#3986 = CARTESIAN_POINT ( 'NONE',  ( -3.246655490636389363, 2.947499999999998010, 0.5322548134903306583 ) ) ;
#3987 =( NAMED_UNIT ( * ) SI_UNIT ( $, .STERADIAN. ) SOLID_ANGLE_UNIT ( ) );
#3988 = LINE ( 'NONE', #1590, #638 ) ;
#3989 = VERTEX_POINT ( 'NONE', #1445 ) ;
#3990 = CARTESIAN_POINT ( 'NONE',  ( -5.551115123125779744E-16, -2.846785424473900150, 2.379999999999999893 ) ) ;
#3991 = DIRECTION ( 'NONE',  ( -0.000000000000000000, 0.000000000000000000, 1.000000000000000000 ) ) ;
#3992 = VERTEX_POINT ( 'NONE', #3932 ) ;
#3993 = CARTESIAN_POINT ( 'NONE',  ( 3.106787190463850212, -3.047499321295042307, 1.445005667186395115 ) ) ;
#3994 =( LENGTH_UNIT ( ) NAMED_UNIT ( * ) SI_UNIT ( .MILLI., .METRE. ) );
#3995 = CARTESIAN_POINT ( 'NONE',  ( -3.206692322509915094, -2.947500000000000675, 1.443415046773944832 ) ) ;
#3996 = ORIENTED_EDGE ( 'NONE', *, *, #593, .T. ) ;
#3997 =( NAMED_UNIT ( * ) SI_UNIT ( $, .STERADIAN. ) SOLID_ANGLE_UNIT ( ) );
#3998 = SHAPE_DEFINITION_REPRESENTATION ( #2889, #4384 ) ;
#3999 = FACE_OUTER_BOUND ( 'NONE', #3861, .T. ) ;
#4000 = CARTESIAN_POINT ( 'NONE',  ( 1.909999999999999920, -5.765644948968879469, 0.6650000000000000355 ) ) ;
#4001 = DIRECTION ( 'NONE',  ( -1.000000000000000000, 8.864471316691248177E-16, -6.380638221762067763E-16 ) ) ;
#4002 = AXIS2_PLACEMENT_3D ( 'NONE', #2621, #2202, #820 ) ;
#4003 = VERTEX_POINT ( 'NONE', #3546 ) ;
#4004 = CARTESIAN_POINT ( 'NONE',  ( -2.507499999999999840, 1.435000000000000053, 0.000000000000000000 ) ) ;
#4005 = COLOUR_RGB ( '',0.7921568627450980005, 0.8196078431372548767, 0.9333333333333333481 ) ;
#4006 =( LENGTH_UNIT ( ) NAMED_UNIT ( * ) SI_UNIT ( .MILLI., .METRE. ) );
#4007 = CARTESIAN_POINT ( 'NONE',  ( -3.069903862770780201, -2.846785424473890824, 2.279999999999999805 ) ) ;
#4008 = ADVANCED_FACE ( 'NONE', ( #3158 ), #3955, .T. ) ;
#4009 = DIRECTION ( 'NONE',  ( 1.000000000000000000, 0.000000000000000000, -0.000000000000000000 ) ) ;
#4010 = VECTOR ( 'NONE', #2960, 1000.000000000000000 ) ;
#4011 = DIRECTION ( 'NONE',  ( 1.000000000000000000, -8.864471316691248177E-16, 6.380638221762067763E-16 ) ) ;
#4012 = VERTEX_POINT ( 'NONE', #2296 ) ;
#4013 = VECTOR ( 'NONE', #3745, 1000.000000000000114 ) ;
#4014 = FILL_AREA_STYLE ('',( #2609 ) ) ;
#4015 = STYLED_ITEM ( 'NONE', ( #573 ), #4132 ) ;
#4016 = ADVANCED_FACE ( 'NONE', ( #3999 ), #529, .T. ) ;
#4017 = CARTESIAN_POINT ( 'NONE',  ( 2.754999999999999893, -6.219999999999997975, 1.378724977539289354 ) ) ;
#4018 = VERTEX_POINT ( 'NONE', #2912 ) ;
#4019 = COLOUR_RGB ( '',1.000000000000000000, 1.000000000000000000, 1.000000000000000000 ) ;
#4020 =( GEOMETRIC_REPRESENTATION_CONTEXT ( 3 ) GLOBAL_UNCERTAINTY_ASSIGNED_CONTEXT ( ( #3019 ) ) GLOBAL_UNIT_ASSIGNED_CONTEXT ( ( #3209, #1487, #1453 ) ) REPRESENTATION_CONTEXT ( 'NONE', 'WORKASPACE' ) );
#4021 = FACE_OUTER_BOUND ( 'NONE', #686, .T. ) ;
#4022 = LINE ( 'NONE', #1213, #1362 ) ;
#4023 = EDGE_LOOP ( 'NONE', ( #4354, #3626, #2435, #4222 ) ) ;
#4024 = ADVANCED_FACE ( 'NONE', ( #1599 ), #1914, .F. ) ;
#4025 = EDGE_LOOP ( 'NONE', ( #4217, #3612, #1287, #2644 ) ) ;
#4026 = CARTESIAN_POINT ( 'NONE',  ( -1.815000000000002389, -6.219999999999999751, 0.7184753252913785859 ) ) ;
#4027 = APPLICATION_PROTOCOL_DEFINITION ( 'draft international standard', 'automotive_design', 1998, #3971 ) ;
#4028 = SURFACE_SIDE_STYLE ('',( #1845 ) ) ;
#4029 = VERTEX_POINT ( 'NONE', #1581 ) ;
#4030 = CARTESIAN_POINT ( 'NONE',  ( 3.069903862770770431, -0.7618749999999989697, 2.379999999999999893 ) ) ;
#4031 = SURFACE_STYLE_FILL_AREA ( #4359 ) ;
#4032 = ORIENTED_EDGE ( 'NONE', *, *, #155, .T. ) ;
#4033 =( NAMED_UNIT ( * ) SI_UNIT ( $, .STERADIAN. ) SOLID_ANGLE_UNIT ( ) );
#4034 = CARTESIAN_POINT ( 'NONE',  ( 2.754999999999999893, -6.619999999999997442, 0.8230143411670411968 ) ) ;
#4035 = AXIS2_PLACEMENT_3D ( 'NONE', #2220, #474, #112 ) ;
#4036 = DIRECTION ( 'NONE',  ( 0.000000000000000000, 0.000000000000000000, 1.000000000000000000 ) ) ;
#4037 = VECTOR ( 'NONE', #2306, 1000.000000000000114 ) ;
#4038 =( GEOMETRIC_REPRESENTATION_CONTEXT ( 3 ) GLOBAL_UNCERTAINTY_ASSIGNED_CONTEXT ( ( #3811 ) ) GLOBAL_UNIT_ASSIGNED_CONTEXT ( ( #3512, #1719, #3095 ) ) REPRESENTATION_CONTEXT ( 'NONE', 'WORKASPACE' ) );
#4039 = FILL_AREA_STYLE ('',( #1182 ) ) ;
#4040 = VERTEX_POINT ( 'NONE', #3263 ) ;
#4041 = UNCERTAINTY_MEASURE_WITH_UNIT (LENGTH_MEASURE( 1.000000000000000082E-05 ), #4006, 'distance_accuracy_value', 'NONE');
#4042 = SURFACE_STYLE_USAGE ( .BOTH. , #839 ) ;
#4043 = STYLED_ITEM ( 'NONE', ( #1623 ), #899 ) ;
#4044 = ORIENTED_EDGE ( 'NONE', *, *, #759, .F. ) ;
#4045 = EDGE_CURVE ( 'NONE', #3315, #1116, #1500, .T. ) ;
#4046 = CARTESIAN_POINT ( 'NONE',  ( -3.191663825836440704, -3.047652584438564904, 0.8375629808091884509 ) ) ;
#4047 = VECTOR ( 'NONE', #4072, 1000.000000000000000 ) ;
#4048 = PLANE ( 'NONE',  #2075 ) ;
#4049 = VERTEX_POINT ( 'NONE', #3286 ) ;
#4050 = VERTEX_POINT ( 'NONE', #848 ) ;
#4051 = EDGE_CURVE ( 'NONE', #3406, #3491, #2740, .T. ) ;
#4052 = ADVANCED_FACE ( 'NONE', ( #1661 ), #668, .T. ) ;
#4053 = CARTESIAN_POINT ( 'NONE',  ( -2.745000000000002327, -6.219999999999995310, 1.378724977539286023 ) ) ;
#4054 = SHAPE_DEFINITION_REPRESENTATION ( #1424, #2018 ) ;
#4055 = DIRECTION ( 'NONE',  ( 0.000000000000000000, 0.000000000000000000, 1.000000000000000000 ) ) ;
#4056 = ORIENTED_EDGE ( 'NONE', *, *, #1099, .T. ) ;
#4057 = DIRECTION ( 'NONE',  ( -1.000000000000000000, 0.000000000000000000, 0.000000000000000000 ) ) ;
#4058 = CARTESIAN_POINT ( 'NONE',  ( -1.909999999999999698, -5.873794509127559849, 1.574999999999999956 ) ) ;
#4059 =( GEOMETRIC_REPRESENTATION_CONTEXT ( 3 ) GLOBAL_UNCERTAINTY_ASSIGNED_CONTEXT ( ( #1609 ) ) GLOBAL_UNIT_ASSIGNED_CONTEXT ( ( #897, #1957, #4423 ) ) REPRESENTATION_CONTEXT ( 'NONE', 'WORKASPACE' ) );
#4060 =( GEOMETRIC_REPRESENTATION_CONTEXT ( 3 ) GLOBAL_UNCERTAINTY_ASSIGNED_CONTEXT ( ( #1515 ) ) GLOBAL_UNIT_ASSIGNED_CONTEXT ( ( #748, #4581, #1432 ) ) REPRESENTATION_CONTEXT ( 'NONE', 'WORKASPACE' ) );
#4061 = CARTESIAN_POINT ( 'NONE',  ( 3.069903862770780201, -2.890878406250712462, 2.369754158444212333 ) ) ;
#4062 = DIRECTION ( 'NONE',  ( 0.3467564524793020353, -0.8428579179321482595, 0.4115221656764720959 ) ) ;
#4063 = CARTESIAN_POINT ( 'NONE',  ( 2.754999999999999893, -6.619999999999996554, 0.8230143411670424181 ) ) ;
#4064 = EDGE_LOOP ( 'NONE', ( #4325, #1175, #1663, #196, #1898 ) ) ;
#4065 = FILL_AREA_STYLE_COLOUR ( '', #461 ) ;
#4066 = CARTESIAN_POINT ( 'NONE',  ( 3.069903862770769543, 2.740353343047882806, 2.369861212488414193 ) ) ;
#4067 = DIRECTION ( 'NONE',  ( 1.084202172485503842E-15, 1.000000000000000000, 0.000000000000000000 ) ) ;
#4068 = ORIENTED_EDGE ( 'NONE', *, *, #1866, .T. ) ;
#4069 = SURFACE_SIDE_STYLE ('',( #1526 ) ) ;
#4070 = EDGE_CURVE ( 'NONE', #3757, #1385, #2004, .T. ) ;
#4071 = ORIENTED_EDGE ( 'NONE', *, *, #315, .F. ) ;
#4072 = DIRECTION ( 'NONE',  ( 0.000000000000000000, -1.000000000000000000, -0.000000000000000000 ) ) ;
#4073 = DIRECTION ( 'NONE',  ( 0.3542825857777481824, 0.8393256118912307828, 0.4123304095480270215 ) ) ;
#4074 = EDGE_CURVE ( 'NONE', #4049, #3460, #3494, .T. ) ;
#4075 = SURFACE_STYLE_FILL_AREA ( #1242 ) ;
#4076 = UNCERTAINTY_MEASURE_WITH_UNIT (LENGTH_MEASURE( 1.000000000000000082E-05 ), #2014, 'distance_accuracy_value', 'NONE');
#4077 = LINE ( 'NONE', #229, #3728 ) ;
#4078 = SURFACE_SIDE_STYLE ('',( #1340 ) ) ;
#4079 = PRESENTATION_STYLE_ASSIGNMENT (( #2659 ) ) ;
#4080 = DIRECTION ( 'NONE',  ( 0.000000000000000000, -0.9929049442707553741, 0.1189107717689530386 ) ) ;
#4081 =( NAMED_UNIT ( * ) PLANE_ANGLE_UNIT ( ) SI_UNIT ( $, .RADIAN. ) );
#4082 =( LENGTH_UNIT ( ) NAMED_UNIT ( * ) SI_UNIT ( .MILLI., .METRE. ) );
#4083 = UNCERTAINTY_MEASURE_WITH_UNIT (LENGTH_MEASURE( 1.000000000000000082E-05 ), #1355, 'distance_accuracy_value', 'NONE');
#4084 = DIRECTION ( 'NONE',  ( 0.000000000000000000, 0.000000000000000000, 1.000000000000000000 ) ) ;
#4085 =( BOUNDED_SURFACE ( )  B_SPLINE_SURFACE ( 3, 3, ( 
 ( #544, #891, #1575, #4111 ),
 ( #2987, #3008, #4415, #3747 ),
 ( #2338, #4397, #4135, #594 ),
 ( #1973, #239, #3400, #4090 ) ),
 .UNSPECIFIED., .F., .F., .T. ) 
 B_SPLINE_SURFACE_WITH_KNOTS ( ( 4, 4 ),
 ( 4, 4 ),
 ( 0.000000000000000000, 1.000000000000000000 ),
 ( 0.000000000000000000, 1.000000000000000000 ),
 .UNSPECIFIED. ) 
 GEOMETRIC_REPRESENTATION_ITEM ( )  RATIONAL_B_SPLINE_SURFACE ( (
 ( 1.000000000000000000, 0.3333333333333292070, 0.3333333333333292070, 1.000000000000000000),
 ( 0.9239333080918795682, 0.3079777693639560443, 0.3079777693639560443, 0.9239333080918795682),
 ( 0.9239333080918795682, 0.3079777693639560443, 0.3079777693639560443, 0.9239333080918795682),
 ( 1.000000000000000000, 0.3333333333333292070, 0.3333333333333292070, 1.000000000000000000) ) ) 
 REPRESENTATION_ITEM ( '' )  SURFACE ( )  );
#4086 = ORIENTED_EDGE ( 'NONE', *, *, #2249, .T. ) ;
#4087 = CARTESIAN_POINT ( 'NONE',  ( -2.745000000000000107, -6.620000000000000107, 0.000000000000000000 ) ) ;
#4088 = PRESENTATION_LAYER_ASSIGNMENT (  '', '', ( #1698 ) ) ;
#4089 = PRESENTATION_STYLE_ASSIGNMENT (( #1630 ) ) ;
#4090 = CARTESIAN_POINT ( 'NONE',  ( -3.163401309447019027, -2.877752571597514741, 2.262700772732623822 ) ) ;
#4091 = VERTEX_POINT ( 'NONE', #984 ) ;
#4092 = PRESENTATION_LAYER_ASSIGNMENT (  '', '', ( #758 ) ) ;
#4093 =( NAMED_UNIT ( * ) SI_UNIT ( $, .STERADIAN. ) SOLID_ANGLE_UNIT ( ) );
#4094 = CIRCLE ( 'NONE', #1703, 0.5401766702561872080 ) ;
#4095 = VECTOR ( 'NONE', #1480, 1000.000000000000000 ) ;
#4096 = ORIENTED_EDGE ( 'NONE', *, *, #220, .T. ) ;
#4097 = CARTESIAN_POINT ( 'NONE',  ( -1.814999999999999947, -6.620000000000000107, 0.000000000000000000 ) ) ;
#4098 = FILL_AREA_STYLE_COLOUR ( '', #3754 ) ;
#4099 = CARTESIAN_POINT ( 'NONE',  ( -2.745000000000000995, -6.617440118994257325, 0.1663210716759749852 ) ) ;
#4100 = UNCERTAINTY_MEASURE_WITH_UNIT (LENGTH_MEASURE( 1.000000000000000082E-05 ), #2092, 'distance_accuracy_value', 'NONE');
#4101 = CARTESIAN_POINT ( 'NONE',  ( -2.669999999999999929, -4.769999999999999574, 1.064999999999999947 ) ) ;
#4102 = CLOSED_SHELL ( 'NONE', ( #64, #2445, #1923, #4393, #1301, #4024, #1459, #1146, #2066, #1976, #2253, #2418, #1595, #3844, #4310, #2329, #3543, #4540, #2762, #3776, #844, #4285 ) ) ;
#4103 = AXIS2_PLACEMENT_3D ( 'NONE', #4242, #3143, #1069 ) ;
#4104 = FILL_AREA_STYLE ('',( #426 ) ) ;
#4105 = FACE_OUTER_BOUND ( 'NONE', #3682, .T. ) ;
#4106 = ORIENTED_EDGE ( 'NONE', *, *, #1433, .T. ) ;
#4107 = VECTOR ( 'NONE', #2687, 1000.000000000000000 ) ;
#4108 =( LENGTH_UNIT ( ) NAMED_UNIT ( * ) SI_UNIT ( .MILLI., .METRE. ) );
#4109 = DIRECTION ( 'NONE',  ( -1.000000000000000000, 1.345724878333519912E-15, -0.000000000000000000 ) ) ;
#4110 = AXIS2_PLACEMENT_3D ( 'NONE', #141, #2618, #1551 ) ;
#4111 = CARTESIAN_POINT ( 'NONE',  ( -3.124602643412340619, -2.901148327010778960, 2.343660963109997830 ) ) ;
#4112 = ORIENTED_EDGE ( 'NONE', *, *, #15, .T. ) ;
#4113 = EDGE_LOOP ( 'NONE', ( #217, #1772, #874, #596 ) ) ;
#4114 = CYLINDRICAL_SURFACE ( 'NONE', #4180, 0.4000000000000001887 ) ;
#4115 = COLOUR_RGB ( '',1.000000000000000000, 1.000000000000000000, 1.000000000000000000 ) ;
#4116 = DIRECTION ( 'NONE',  ( -2.748076793626620145E-16, -1.000000000000000000, 0.000000000000000000 ) ) ;
#4117 = ORIENTED_EDGE ( 'NONE', *, *, #1701, .F. ) ;
#4118 = EDGE_LOOP ( 'NONE', ( #911, #1756, #3310, #2567 ) ) ;
#4119 = SURFACE_STYLE_USAGE ( .BOTH. , #254 ) ;
#4120 = LINE ( 'NONE', #2347, #202 ) ;
#4121 = CARTESIAN_POINT ( 'NONE',  ( 2.754999999999999893, -6.619999999999997442, 0.8230143411670424181 ) ) ;
#4122 = CARTESIAN_POINT ( 'NONE',  ( -2.279999999999999805, -6.419999999999999929, 0.000000000000000000 ) ) ;
#4123 =( NAMED_UNIT ( * ) SI_UNIT ( $, .STERADIAN. ) SOLID_ANGLE_UNIT ( ) );
#4124 = DIRECTION ( 'NONE',  ( -1.092206005483639953E-15, -0.8116116622858131624, 0.5841973208100661452 ) ) ;
#4125 = SURFACE_STYLE_FILL_AREA ( #4104 ) ;
#4126 = EDGE_CURVE ( 'NONE', #4203, #3505, #3755, .T. ) ;
#4127 =( NAMED_UNIT ( * ) SI_UNIT ( $, .STERADIAN. ) SOLID_ANGLE_UNIT ( ) );
#4128 = COLOUR_RGB ( '',1.000000000000000000, 1.000000000000000000, 1.000000000000000000 ) ;
#4129 = MECHANICAL_DESIGN_GEOMETRIC_PRESENTATION_REPRESENTATION (  '', ( #3908 ), #1888 ) ;
#4130 = DIRECTION ( 'NONE',  ( 0.000000000000000000, -0.000000000000000000, 1.000000000000000000 ) ) ;
#4131 = EDGE_CURVE ( 'NONE', #2739, #1143, #2764, .T. ) ;
#4132 = MANIFOLD_SOLID_BREP ( 'Imported1', #2690 ) ;
#4133 = CARTESIAN_POINT ( 'NONE',  ( -3.069903862770780201, -2.846785424473900150, 2.279999999999999805 ) ) ;
#4134 =( LENGTH_UNIT ( ) NAMED_UNIT ( * ) SI_UNIT ( .MILLI., .METRE. ) );
#4135 = CARTESIAN_POINT ( 'NONE',  ( -3.208714284062662347, -2.786745858058426784, 2.344694558844752752 ) ) ;
#4136 = ORIENTED_EDGE ( 'NONE', *, *, #2006, .F. ) ;
#4137 = MECHANICAL_DESIGN_GEOMETRIC_PRESENTATION_REPRESENTATION (  '', ( #1528 ), #1029 ) ;
#4138 = CIRCLE ( 'NONE', #4211, 0.09999999999999982514 ) ;
#4139 = EDGE_LOOP ( 'NONE', ( #4306, #1186, #1279, #3426 ) ) ;
#4140 = ORIENTED_EDGE ( 'NONE', *, *, #655, .F. ) ;
#4141 = MANIFOLD_SOLID_BREP ( 'Imported1', #336 ) ;
#4142 = UNCERTAINTY_MEASURE_WITH_UNIT (LENGTH_MEASURE( 1.000000000000000082E-05 ), #1652, 'distance_accuracy_value', 'NONE');
#4143 = DIRECTION ( 'NONE',  ( -0.000000000000000000, 1.000000000000000000, 0.000000000000000000 ) ) ;
#4144 = CARTESIAN_POINT ( 'NONE',  ( 2.754999999999999893, -6.620000000000000107, 0.000000000000000000 ) ) ;
#4145 = UNCERTAINTY_MEASURE_WITH_UNIT (LENGTH_MEASURE( 1.000000000000000082E-05 ), #4108, 'distance_accuracy_value', 'NONE');
#4146 = CARTESIAN_POINT ( 'NONE',  ( 3.208152399887323369, 2.634994003713423627, 2.345684630369624379 ) ) ;
#4147 = CARTESIAN_POINT ( 'NONE',  ( -3.124602643412337954, -2.901148327010780736, 2.343660963109998274 ) ) ;
#4148 = DIRECTION ( 'NONE',  ( 1.000000000000000000, -1.345724878333519912E-15, 0.000000000000000000 ) ) ;
#4149 = FILL_AREA_STYLE ('',( #3330 ) ) ;
#4150 = ADVANCED_BREP_SHAPE_REPRESENTATION ( '', ( #4141, #1913 ), #4518 ) ;
#4151 = ADVANCED_FACE ( 'NONE', ( #3084 ), #3196, .T. ) ;
#4152 =( NAMED_UNIT ( * ) PLANE_ANGLE_UNIT ( ) SI_UNIT ( $, .RADIAN. ) );
#4153 = CARTESIAN_POINT ( 'NONE',  ( -1.909999999999999920, -7.669999999999999929, 0.000000000000000000 ) ) ;
#4154 = CARTESIAN_POINT ( 'NONE',  ( 8.315181305344919949, -5.070905971414140012, 0.000000000000000000 ) ) ;
#4155 = VECTOR ( 'NONE', #1546, 1000.000000000000000 ) ;
#4156 = ORIENTED_EDGE ( 'NONE', *, *, #399, .F. ) ;
#4157 = ORIENTED_EDGE ( 'NONE', *, *, #3234, .F. ) ;
#4158 = STYLED_ITEM ( 'NONE', ( #4471 ), #3318 ) ;
#4159 = EDGE_CURVE ( 'NONE', #2279, #3274, #2847, .T. ) ;
#4160 = ORIENTED_EDGE ( 'NONE', *, *, #94, .F. ) ;
#4161 = ORIENTED_EDGE ( 'NONE', *, *, #534, .T. ) ;
#4162 = FACE_OUTER_BOUND ( 'NONE', #1335, .T. ) ;
#4163 = AXIS2_PLACEMENT_3D ( 'NONE', #2978, #3349, #2184 ) ;
#4164 = AXIS2_PLACEMENT_3D ( 'NONE', #3870, #4513, #4263 ) ;
#4165 = DIRECTION ( 'NONE',  ( 0.000000000000000000, 1.000000000000000000, 0.000000000000000000 ) ) ;
#4166 = VECTOR ( 'NONE', #2358, 1000.000000000000000 ) ;
#4167 = MECHANICAL_DESIGN_GEOMETRIC_PRESENTATION_REPRESENTATION (  '', ( #3187 ), #2966 ) ;
#4168 = PRODUCT_DEFINITION_SHAPE ( 'NONE', 'NONE',  #4585 ) ;
#4169 = UNCERTAINTY_MEASURE_WITH_UNIT (LENGTH_MEASURE( 1.000000000000000082E-05 ), #1078, 'distance_accuracy_value', 'NONE');
#4170 = DIRECTION ( 'NONE',  ( -0.000000000000000000, -0.5841973208100660342, -0.8116116622858130514 ) ) ;
#4171 = CARTESIAN_POINT ( 'NONE',  ( 3.043300619907189475, -2.880010376763607827, 2.370489612743600372 ) ) ;
#4172 = DIRECTION ( 'NONE',  ( -1.000000000000000000, 1.345724878333519912E-15, -0.000000000000000000 ) ) ;
#4173 = SURFACE_STYLE_FILL_AREA ( #1015 ) ;
#4174 = DIRECTION ( 'NONE',  ( 1.000000000000000000, 0.000000000000000000, 0.000000000000000000 ) ) ;
#4175 =( NAMED_UNIT ( * ) SI_UNIT ( $, .STERADIAN. ) SOLID_ANGLE_UNIT ( ) );
#4176 = DIRECTION ( 'NONE',  ( -0.04350722696467122091, 0.1187981766220960606, -0.9919647747945034011 ) ) ;
#4177 = LINE ( 'NONE', #233, #1818 ) ;
#4178 = CARTESIAN_POINT ( 'NONE',  ( -1.907499999999999973, 2.234999999999999432, 0.000000000000000000 ) ) ;
#4179 = ORIENTED_EDGE ( 'NONE', *, *, #3011, .F. ) ;
#4180 = AXIS2_PLACEMENT_3D ( 'NONE', #4411, #863, #84 ) ;
#4181 = MECHANICAL_DESIGN_GEOMETRIC_PRESENTATION_REPRESENTATION (  '', ( #3884 ), #559 ) ;
#4182 = DIRECTION ( 'NONE',  ( -0.000000000000000000, -1.000000000000000000, 0.000000000000000000 ) ) ;
#4183 = VERTEX_POINT ( 'NONE', #753 ) ;
#4184 = EDGE_CURVE ( 'NONE', #3321, #4040, #2816, .T. ) ;
#4185 = SURFACE_STYLE_USAGE ( .BOTH. , #325 ) ;
#4186 = VECTOR ( 'NONE', #4170, 1000.000000000000114 ) ;
#4187 = MECHANICAL_DESIGN_GEOMETRIC_PRESENTATION_REPRESENTATION (  '', ( #780 ), #191 ) ;
#4188 = CARTESIAN_POINT ( 'NONE',  ( 3.233076635111014063, -3.006199717865671417, 0.8418527194689390258 ) ) ;
#4189 =( NAMED_UNIT ( * ) SI_UNIT ( $, .STERADIAN. ) SOLID_ANGLE_UNIT ( ) );
#4190 = PRESENTATION_LAYER_ASSIGNMENT (  '', '', ( #192 ) ) ;
#4191 = CARTESIAN_POINT ( 'NONE',  ( 3.124214730825129571, 2.750292564901145376, 2.344454823786827902 ) ) ;
#4192 = CARTESIAN_POINT ( 'NONE',  ( 0.000000000000000000, -2.234999999999999876, 0.5350000000000000311 ) ) ;
#4193 = ORIENTED_EDGE ( 'NONE', *, *, #2285, .F. ) ;
#4194 = FILL_AREA_STYLE_COLOUR ( '', #1747 ) ;
#4195 = SURFACE_STYLE_USAGE ( .BOTH. , #2781 ) ;
#4196 = PLANE ( 'NONE',  #1320 ) ;
#4197 = CARTESIAN_POINT ( 'NONE',  ( 2.507499999999999840, -2.234999999999999876, 0.5350000000000000311 ) ) ;
#4198 = AXIS2_PLACEMENT_3D ( 'NONE', #129, #2185, #1538 ) ;
#4199 = DIRECTION ( 'NONE',  ( 1.000000000000000000, -8.864471316691248177E-16, 6.380638221762067763E-16 ) ) ;
#4200 = MECHANICAL_DESIGN_GEOMETRIC_PRESENTATION_REPRESENTATION (  '', ( #2721 ), #3974 ) ;
#4201 = DIRECTION ( 'NONE',  ( 1.460819769243630089E-15, -1.000000000000000000, 0.000000000000000000 ) ) ;
#4202 = VERTEX_POINT ( 'NONE', #3170 ) ;
#4203 = VERTEX_POINT ( 'NONE', #433 ) ;
#4204 = AXIS2_PLACEMENT_3D ( 'NONE', #1654, #3450, #4130 ) ;
#4205 = CARTESIAN_POINT ( 'NONE',  ( 2.669999999999999929, -7.669999999999999929, 0.000000000000000000 ) ) ;
#4206 = LINE ( 'NONE', #365, #3127 ) ;
#4207 = ORIENTED_EDGE ( 'NONE', *, *, #2838, .F. ) ;
#4208 = PRESENTATION_LAYER_ASSIGNMENT (  '', '', ( #2280 ) ) ;
#4209 = FILL_AREA_STYLE_COLOUR ( '', #4385 ) ;
#4210 = FILL_AREA_STYLE ('',( #2506 ) ) ;
#4211 = AXIS2_PLACEMENT_3D ( 'NONE', #2946, #4057, #201 ) ;
#4212 = EDGE_CURVE ( 'NONE', #3058, #1536, #1100, .T. ) ;
#4213 =( NAMED_UNIT ( * ) SI_UNIT ( $, .STERADIAN. ) SOLID_ANGLE_UNIT ( ) );
#4214 = ADVANCED_FACE ( 'NONE', ( #2870 ), #344, .T. ) ;
#4215 = CARTESIAN_POINT ( 'NONE',  ( 2.670000000000000373, -5.873794509127560737, 1.175000000000000044 ) ) ;
#4216 = CARTESIAN_POINT ( 'NONE',  ( -3.124214730825138897, 2.750292564901144488, 2.344454823786826569 ) ) ;
#4217 = ORIENTED_EDGE ( 'NONE', *, *, #4313, .T. ) ;
#4218 = CARTESIAN_POINT ( 'NONE',  ( -2.745000000000000107, -6.620000000000000107, 0.1628051603121130064 ) ) ;
#4219 = SURFACE_SIDE_STYLE ('',( #699 ) ) ;
#4220 = DIRECTION ( 'NONE',  ( 0.000000000000000000, -0.000000000000000000, 1.000000000000000000 ) ) ;
#4221 = CARTESIAN_POINT ( 'NONE',  ( -3.146749660286727757, 3.047499034604530088, 0.5350067384603911513 ) ) ;
#4222 = ORIENTED_EDGE ( 'NONE', *, *, #3984, .T. ) ;
#4223 = ORIENTED_EDGE ( 'NONE', *, *, #3660, .F. ) ;
#4224 = LINE ( 'NONE', #4560, #79 ) ;
#4225 = PRESENTATION_STYLE_ASSIGNMENT (( #25 ) ) ;
#4226 = CARTESIAN_POINT ( 'NONE',  ( 2.754999999999999893, -5.970571860944920317, 1.064999999999999947 ) ) ;
#4227 = VERTEX_POINT ( 'NONE', #2277 ) ;
#4228 = CARTESIAN_POINT ( 'NONE',  ( -0.8175000000000000044, -2.846785424473890380, 2.279999999999999805 ) ) ;
#4229 = FILL_AREA_STYLE ('',( #2485 ) ) ;
#4230 = AXIS2_PLACEMENT_3D ( 'NONE', #2019, #3160, #13 ) ;
#4231 =( LENGTH_UNIT ( ) NAMED_UNIT ( * ) SI_UNIT ( .MILLI., .METRE. ) );
#4232 = CARTESIAN_POINT ( 'NONE',  ( 3.069903862770769543, 2.696478948577849977, 2.279999999999999805 ) ) ;
#4233 = CARTESIAN_POINT ( 'NONE',  ( 2.754999999999999893, -7.050234344067281000, 0.5099999999999998979 ) ) ;
#4234 = DIRECTION ( 'NONE',  ( 1.084202172485503842E-15, 1.000000000000000000, 0.000000000000000000 ) ) ;
#4235 = AXIS2_PLACEMENT_3D ( 'NONE', #166, #869, #450 ) ;
#4236 =( GEOMETRIC_REPRESENTATION_CONTEXT ( 3 ) GLOBAL_UNCERTAINTY_ASSIGNED_CONTEXT ( ( #1266 ) ) GLOBAL_UNIT_ASSIGNED_CONTEXT ( ( #968, #4551, #4505 ) ) REPRESENTATION_CONTEXT ( 'NONE', 'WORKASPACE' ) );
#4237 = PRODUCT ( '2', '2', '', ( #142 ) ) ;
#4238 = PRESENTATION_STYLE_ASSIGNMENT (( #3532 ) ) ;
#4239 = LINE ( 'NONE', #4558, #2299 ) ;
#4240 = CARTESIAN_POINT ( 'NONE',  ( 2.754999999999999893, -6.845307432091230382, 0.5100000000000000089 ) ) ;
#4241 = EDGE_CURVE ( 'NONE', #895, #626, #4326, .T. ) ;
#4242 = CARTESIAN_POINT ( 'NONE',  ( 8.118964578768549600, -5.070905971414140012, 0.000000000000000000 ) ) ;
#4243 = ORIENTED_EDGE ( 'NONE', *, *, #651, .F. ) ;
#4244 = DIRECTION ( 'NONE',  ( 1.084202172485503842E-15, 1.000000000000000000, 0.000000000000000000 ) ) ;
#4245 = EDGE_LOOP ( 'NONE', ( #2958, #117, #2310, #2505 ) ) ;
#4246 = STYLED_ITEM ( 'NONE', ( #3260 ), #125 ) ;
#4247 =( NAMED_UNIT ( * ) SI_UNIT ( $, .STERADIAN. ) SOLID_ANGLE_UNIT ( ) );
#4248 = CARTESIAN_POINT ( 'NONE',  ( 1.909999999999999920, -4.769999999999999574, 0.000000000000000000 ) ) ;
#4249 = CARTESIAN_POINT ( 'NONE',  ( -2.670000000000000373, -6.090289613883200559, 0.8986789283240230741 ) ) ;
#4250 = MECHANICAL_DESIGN_GEOMETRIC_PRESENTATION_REPRESENTATION (  '', ( #1639 ), #996 ) ;
#4251 = ORIENTED_EDGE ( 'NONE', *, *, #708, .T. ) ;
#4252 = SURFACE_STYLE_USAGE ( .BOTH. , #3275 ) ;
#4253 = MECHANICAL_DESIGN_GEOMETRIC_PRESENTATION_REPRESENTATION (  '', ( #926 ), #1497 ) ;
#4254 = SHAPE_REPRESENTATION ( '1_1', ( #1913 ), #4518 ) ;
#4255 = MECHANICAL_DESIGN_GEOMETRIC_PRESENTATION_REPRESENTATION (  '', ( #4462 ), #4038 ) ;
#4256 = PRESENTATION_STYLE_ASSIGNMENT (( #4276 ) ) ;
#4257 = CIRCLE ( 'NONE', #1003, 0.09999999999999981126 ) ;
#4258 = VECTOR ( 'NONE', #783, 1000.000000000000000 ) ;
#4259 =( NAMED_UNIT ( * ) SI_UNIT ( $, .STERADIAN. ) SOLID_ANGLE_UNIT ( ) );
#4260 = VECTOR ( 'NONE', #4358, 1000.000000000000000 ) ;
#4261 = DIRECTION ( 'NONE',  ( 0.000000000000000000, 0.000000000000000000, 1.000000000000000000 ) ) ;
#4262 = LINE ( 'NONE', #701, #2261 ) ;
#4263 = DIRECTION ( 'NONE',  ( 1.084202172485503842E-15, 1.000000000000000000, 0.000000000000000000 ) ) ;
#4264 =( NAMED_UNIT ( * ) PLANE_ANGLE_UNIT ( ) SI_UNIT ( $, .RADIAN. ) );
#4265 = ORIENTED_EDGE ( 'NONE', *, *, #3983, .F. ) ;
#4266 = STYLED_ITEM ( 'NONE', ( #1020 ), #1534 ) ;
#4267 = EDGE_CURVE ( 'NONE', #106, #750, #3040, .T. ) ;
#4268 =( LENGTH_UNIT ( ) NAMED_UNIT ( * ) SI_UNIT ( .MILLI., .METRE. ) );
#4269 = ORIENTED_EDGE ( 'NONE', *, *, #3352, .T. ) ;
#4270 = LINE ( 'NONE', #2105, #3035 ) ;
#4271 = DIRECTION ( 'NONE',  ( -1.000000000000000000, -2.546383084002650169E-16, -0.000000000000000000 ) ) ;
#4272 = PRESENTATION_STYLE_ASSIGNMENT (( #1420 ) ) ;
#4273 = VERTEX_POINT ( 'NONE', #4066 ) ;
#4274 = STYLED_ITEM ( 'NONE', ( #2444 ), #1706 ) ;
#4275 = DIRECTION ( 'NONE',  ( 1.084202172485503842E-15, 1.000000000000000000, 0.000000000000000000 ) ) ;
#4276 = SURFACE_STYLE_USAGE ( .BOTH. , #2180 ) ;
#4277 = CARTESIAN_POINT ( 'NONE',  ( -3.100672657934797627, -2.901148327010778516, 2.364222088208437267 ) ) ;
#4278 = FILL_AREA_STYLE ('',( #1133 ) ) ;
#4279 = AXIS2_PLACEMENT_3D ( 'NONE', #3882, #757, #1104 ) ;
#4280 = LINE ( 'NONE', #3601, #2403 ) ;
#4281 = SURFACE_SIDE_STYLE ('',( #1486 ) ) ;
#4282 = ORIENTED_EDGE ( 'NONE', *, *, #2211, .T. ) ;
#4283 =( NAMED_UNIT ( * ) PLANE_ANGLE_UNIT ( ) SI_UNIT ( $, .RADIAN. ) );
#4284 = ORIENTED_EDGE ( 'NONE', *, *, #3749, .T. ) ;
#4285 = ADVANCED_FACE ( 'NONE', ( #4021 ), #2219, .T. ) ;
#4286 = EDGE_CURVE ( 'NONE', #1833, #1632, #4352, .T. ) ;
#4287 = SURFACE_STYLE_FILL_AREA ( #2146 ) ;
#4288 = SURFACE_STYLE_USAGE ( .BOTH. , #47 ) ;
#4289 = ORIENTED_EDGE ( 'NONE', *, *, #705, .F. ) ;
#4290 = CARTESIAN_POINT ( 'NONE',  ( -2.670000000000000373, -6.725589679152941258, 0.6763210716759708863 ) ) ;
#4291 = SURFACE_STYLE_USAGE ( .BOTH. , #29 ) ;
#4292 = SURFACE_STYLE_USAGE ( .BOTH. , #2461 ) ;
#4293 = LINE ( 'NONE', #4309, #4095 ) ;
#4294 = FILL_AREA_STYLE_COLOUR ( '', #3302 ) ;
#4295 = DIRECTION ( 'NONE',  ( -1.000000000000000000, -0.000000000000000000, 0.000000000000000000 ) ) ;
#4296 = CARTESIAN_POINT ( 'NONE',  ( 3.100401383324123294, 2.750292564901144932, 2.364520406129234420 ) ) ;
#4297 = SURFACE_STYLE_USAGE ( .BOTH. , #3227 ) ;
#4298 = STYLED_ITEM ( 'NONE', ( #3671 ), #3098 ) ;
#4299 = VECTOR ( 'NONE', #1370, 1000.000000000000000 ) ;
#4300 = SURFACE_SIDE_STYLE ('',( #1541 ) ) ;
#4301 = ORIENTED_EDGE ( 'NONE', *, *, #1737, .T. ) ;
#4302 = SURFACE_STYLE_USAGE ( .BOTH. , #3254 ) ;
#4303 = ORIENTED_EDGE ( 'NONE', *, *, #1643, .F. ) ;
#4304 =( NAMED_UNIT ( * ) PLANE_ANGLE_UNIT ( ) SI_UNIT ( $, .RADIAN. ) );
#4305 = FACE_OUTER_BOUND ( 'NONE', #140, .T. ) ;
#4306 = ORIENTED_EDGE ( 'NONE', *, *, #1179, .F. ) ;
#4307 = CARTESIAN_POINT ( 'NONE',  ( -1.909999999999999920, -7.669999999999999929, 0.5100000000000000089 ) ) ;
#4308 = COLOUR_RGB ( '',0.3921568627450980338, 0.3921568627450980338, 0.3921568627450980338 ) ;
#4309 = CARTESIAN_POINT ( 'NONE',  ( 2.754999999999999893, -7.669999999999999929, 0.5100000000000000089 ) ) ;
#4310 = ADVANCED_FACE ( 'NONE', ( #4305 ), #4048, .T. ) ;
#4311 = ORIENTED_EDGE ( 'NONE', *, *, #4452, .T. ) ;
#4312 = FILL_AREA_STYLE_COLOUR ( '', #2027 ) ;
#4313 = EDGE_CURVE ( 'NONE', #1116, #3774, #2292, .T. ) ;
#4314 = PRESENTATION_LAYER_ASSIGNMENT (  '', '', ( #1217 ) ) ;
#4315 = CARTESIAN_POINT ( 'NONE',  ( -2.670000000000001705, -6.845307432091225053, 0.5099999999999965672 ) ) ;
#4316 = AXIS2_PLACEMENT_3D ( 'NONE', #1227, #4062, #2586 ) ;
#4317 = MECHANICAL_DESIGN_GEOMETRIC_PRESENTATION_REPRESENTATION (  '', ( #3427 ), #1498 ) ;
#4318 = PLANE ( 'NONE',  #1222 ) ;
#4319 = DIRECTION ( 'NONE',  ( -0.000000000000000000, 0.000000000000000000, 1.000000000000000000 ) ) ;
#4320 = LINE ( 'NONE', #2562, #3669 ) ;
#4321 =( NAMED_UNIT ( * ) PLANE_ANGLE_UNIT ( ) SI_UNIT ( $, .RADIAN. ) );
#4322 = DIRECTION ( 'NONE',  ( 0.000000000000000000, 0.9929049442707553741, -0.1189107717689530386 ) ) ;
#4323 = ORIENTED_EDGE ( 'NONE', *, *, #2335, .T. ) ;
#4324 =( LENGTH_UNIT ( ) NAMED_UNIT ( * ) SI_UNIT ( .MILLI., .METRE. ) );
#4325 = ORIENTED_EDGE ( 'NONE', *, *, #3895, .F. ) ;
#4326 = LINE ( 'NONE', #1476, #462 ) ;
#4327 = CARTESIAN_POINT ( 'NONE',  ( -3.069903862770780645, 2.740353343047883250, 2.369861212488413749 ) ) ;
#4328 = ORIENTED_EDGE ( 'NONE', *, *, #3473, .T. ) ;
#4329 = SURFACE_STYLE_USAGE ( .BOTH. , #2552 ) ;
#4330 = PRESENTATION_LAYER_ASSIGNMENT (  '', '', ( #2265 ) ) ;
#4331 = DIRECTION ( 'NONE',  ( 0.000000000000000000, 0.000000000000000000, 1.000000000000000000 ) ) ;
#4332 = DIRECTION ( 'NONE',  ( 0.000000000000000000, -0.5841973208100763593, -0.8116116622858057239 ) ) ;
#4333 = ORIENTED_EDGE ( 'NONE', *, *, #1945, .F. ) ;
#4334 = AXIS2_PLACEMENT_3D ( 'NONE', #1341, #4172, #3860 ) ;
#4335 = CARTESIAN_POINT ( 'NONE',  ( -2.745000000000000995, -6.219999999999999751, 0.7184753252913772537 ) ) ;
#4336 = SURFACE_STYLE_FILL_AREA ( #764 ) ;
#4337 =( NAMED_UNIT ( * ) SI_UNIT ( $, .STERADIAN. ) SOLID_ANGLE_UNIT ( ) );
#4338 = EDGE_CURVE ( 'NONE', #2476, #2238, #2147, .T. ) ;
#4339 = MECHANICAL_DESIGN_GEOMETRIC_PRESENTATION_REPRESENTATION (  '', ( #3082 ), #118 ) ;
#4340 = EDGE_CURVE ( 'NONE', #3951, #979, #3359, .T. ) ;
#4341 = ORIENTED_EDGE ( 'NONE', *, *, #2248, .F. ) ;
#4342 = DIRECTION ( 'NONE',  ( 0.000000000000000000, -0.000000000000000000, 1.000000000000000000 ) ) ;
#4343 = MECHANICAL_DESIGN_GEOMETRIC_PRESENTATION_REPRESENTATION (  '', ( #2427 ), #4060 ) ;
#4344 = COLOUR_RGB ( '',0.3921568627450980338, 0.3921568627450980338, 0.3921568627450980338 ) ;
#4345 = DIRECTION ( 'NONE',  ( 0.000000000000000000, -1.000000000000000000, 0.000000000000000000 ) ) ;
#4346 = CARTESIAN_POINT ( 'NONE',  ( -5.551115123125779744E-16, 2.696478948577849977, 2.379999999999999893 ) ) ;
#4347 = FACE_OUTER_BOUND ( 'NONE', #3104, .T. ) ;
#4348 = ORIENTED_EDGE ( 'NONE', *, *, #1403, .T. ) ;
#4349 = UNCERTAINTY_MEASURE_WITH_UNIT (LENGTH_MEASURE( 1.000000000000000082E-05 ), #1607, 'distance_accuracy_value', 'NONE');
#4350 = PLANE ( 'NONE',  #4204 ) ;
#4351 = ORIENTED_EDGE ( 'NONE', *, *, #423, .F. ) ;
#4352 = LINE ( 'NONE', #817, #1132 ) ;
#4353 =( LENGTH_UNIT ( ) NAMED_UNIT ( * ) SI_UNIT ( .MILLI., .METRE. ) );
#4354 = ORIENTED_EDGE ( 'NONE', *, *, #2732, .F. ) ;
#4355 =( NAMED_UNIT ( * ) PLANE_ANGLE_UNIT ( ) SI_UNIT ( $, .RADIAN. ) );
#4356 = SURFACE_STYLE_USAGE ( .BOTH. , #4377 ) ;
#4357 = EDGE_LOOP ( 'NONE', ( #4398, #2689, #4251, #1582 ) ) ;
#4358 = DIRECTION ( 'NONE',  ( 1.000000000000000000, 0.000000000000000000, -0.000000000000000000 ) ) ;
#4359 = FILL_AREA_STYLE ('',( #3666 ) ) ;
#4360 =( NAMED_UNIT ( * ) PLANE_ANGLE_UNIT ( ) SI_UNIT ( $, .RADIAN. ) );
#4361 = ORIENTED_EDGE ( 'NONE', *, *, #152, .F. ) ;
#4362 = SURFACE_STYLE_FILL_AREA ( #1829 ) ;
#4363 = AXIS2_PLACEMENT_3D ( 'NONE', #2079, #2056, #2480 ) ;
#4364 = VECTOR ( 'NONE', #1537, 1000.000000000000000 ) ;
#4365 = DIRECTION ( 'NONE',  ( 0.000000000000000000, 1.000000000000000000, -0.000000000000000000 ) ) ;
#4366 = EDGE_CURVE ( 'NONE', #750, #3638, #4515, .T. ) ;
#4367 = ORIENTED_EDGE ( 'NONE', *, *, #3602, .F. ) ;
#4368 = DIRECTION ( 'NONE',  ( 1.000000000000000000, 2.546383084002650169E-16, 0.000000000000000000 ) ) ;
#4369 = LINE ( 'NONE', #1277, #4565 ) ;
#4370 = MECHANICAL_DESIGN_GEOMETRIC_PRESENTATION_REPRESENTATION (  '', ( #1921 ), #2884 ) ;
#4371 = ORIENTED_EDGE ( 'NONE', *, *, #3717, .F. ) ;
#4372 = MECHANICAL_DESIGN_GEOMETRIC_PRESENTATION_REPRESENTATION (  '', ( #1768 ), #3493 ) ;
#4373 = STYLED_ITEM ( 'NONE', ( #1669 ), #3893 ) ;
#4374 = ORIENTED_EDGE ( 'NONE', *, *, #1433, .F. ) ;
#4375 = FILL_AREA_STYLE ('',( #2963 ) ) ;
#4376 = ITEM_DEFINED_TRANSFORMATION ( 'NONE', 'NONE', #4002,  #1913 ) ;
#4377 = SURFACE_SIDE_STYLE ('',( #3973 ) ) ;
#4378 = CARTESIAN_POINT ( 'NONE',  ( 2.754999999999999893, -5.970571860944920317, 1.064999999999999947 ) ) ;
#4379 = DIRECTION ( 'NONE',  ( -1.000000000000000000, -2.546383084002650169E-16, -0.000000000000000000 ) ) ;
#4380 = DIRECTION ( 'NONE',  ( 1.000000000000000000, 0.000000000000000000, 0.000000000000000000 ) ) ;
#4381 = COLOUR_RGB ( '',1.000000000000000000, 1.000000000000000000, 1.000000000000000000 ) ;
#4382 = DIRECTION ( 'NONE',  ( -0.000000000000000000, -0.5841973208100660342, -0.8116116622858130514 ) ) ;
#4383 = STYLED_ITEM ( 'NONE', ( #70 ), #2705 ) ;
#4384 = SHAPE_REPRESENTATION ( 'NVD5117PLT4G-VF01', ( #1189, #4, #607, #4002 ), #1619 ) ;
#4385 = COLOUR_RGB ( '',0.3921568627450980338, 0.3921568627450980338, 0.3921568627450980338 ) ;
#4386 = SURFACE_STYLE_USAGE ( .BOTH. , #584 ) ;
#4387 = LINE ( 'NONE', #2268, #1295 ) ;
#4388 = UNCERTAINTY_MEASURE_WITH_UNIT (LENGTH_MEASURE( 1.000000000000000082E-05 ), #2350, 'distance_accuracy_value', 'NONE');
#4389 = DIRECTION ( 'NONE',  ( 1.000000000000000000, -8.864471316691248177E-16, 6.380638221762067763E-16 ) ) ;
#4390 = AXIS2_PLACEMENT_3D ( 'NONE', #3042, #1267, #4453 ) ;
#4391 = UNCERTAINTY_MEASURE_WITH_UNIT (LENGTH_MEASURE( 1.000000000000000082E-05 ), #2836, 'distance_accuracy_value', 'NONE');
#4392 = ORIENTED_EDGE ( 'NONE', *, *, #3689, .F. ) ;
#4393 = ADVANCED_FACE ( 'NONE', ( #237 ), #568, .T. ) ;
#4394 = CARTESIAN_POINT ( 'NONE',  ( 0.4401766702244458429, 0.000000000000000000, 2.279999999927895260 ) ) ;
#4395 = VECTOR ( 'NONE', #53, 1000.000000000000000 ) ;
#4396 = EDGE_CURVE ( 'NONE', #3053, #411, #2028, .T. ) ;
#4397 = CARTESIAN_POINT ( 'NONE',  ( -3.112959228275224977, -2.786745858058426339, 2.426969229788502602 ) ) ;
#4398 = ORIENTED_EDGE ( 'NONE', *, *, #1179, .T. ) ;
#4399 = ORIENTED_EDGE ( 'NONE', *, *, #2583, .F. ) ;
#4400 =( NAMED_UNIT ( * ) SI_UNIT ( $, .STERADIAN. ) SOLID_ANGLE_UNIT ( ) );
#4401 = DIRECTION ( 'NONE',  ( 0.000000000000000000, 0.000000000000000000, 1.000000000000000000 ) ) ;
#4402 = ORIENTED_EDGE ( 'NONE', *, *, #759, .T. ) ;
#4403 = DIRECTION ( 'NONE',  ( -0.000000000000000000, -0.000000000000000000, -1.000000000000000000 ) ) ;
#4404 = CARTESIAN_POINT ( 'NONE',  ( -2.207500000000000462, 1.834999999999999964, 0.000000000000000000 ) ) ;
#4405 = COLOUR_RGB ( '',1.000000000000000000, 1.000000000000000000, 1.000000000000000000 ) ;
#4406 = DIRECTION ( 'NONE',  ( -0.04381752416915601911, 0.000000000000000000, 0.9990395510567564585 ) ) ;
#4407 = VECTOR ( 'NONE', #1036, 1000.000000000000000 ) ;
#4408 = CARTESIAN_POINT ( 'NONE',  ( 2.754999999999999893, -5.970571860944920317, 1.064999999999999947 ) ) ;
#4409 = AXIS2_PLACEMENT_3D ( 'NONE', #1491, #2520, #1460 ) ;
#4410 = CARTESIAN_POINT ( 'NONE',  ( 1.635000000000000009, 2.795468217242376152, 2.294181843648209540 ) ) ;
#4411 = CARTESIAN_POINT ( 'NONE',  ( 0.2374999999999969913, -6.942084783908581080, 0.4000000000000000222 ) ) ;
#4412 = FILL_AREA_STYLE_COLOUR ( '', #3514 ) ;
#4413 = PRESENTATION_STYLE_ASSIGNMENT (( #1927 ) ) ;
#4414 = ORIENTED_EDGE ( 'NONE', *, *, #3010, .F. ) ;
#4415 = CARTESIAN_POINT ( 'NONE',  ( -3.173706216735728169, -2.844961978502786426, 2.349450184383222062 ) ) ;
#4416 = ORIENTED_EDGE ( 'NONE', *, *, #60, .F. ) ;
#4417 = PRESENTATION_LAYER_ASSIGNMENT (  '', '', ( #1105 ) ) ;
#4418 = EDGE_CURVE ( 'NONE', #2030, #4203, #3186, .T. ) ;
#4419 = SURFACE_SIDE_STYLE ('',( #3702 ) ) ;
#4420 = LINE ( 'NONE', #3055, #612 ) ;
#4421 = VERTEX_POINT ( 'NONE', #3746 ) ;
#4422 =( NAMED_UNIT ( * ) SI_UNIT ( $, .STERADIAN. ) SOLID_ANGLE_UNIT ( ) );
#4423 =( NAMED_UNIT ( * ) SI_UNIT ( $, .STERADIAN. ) SOLID_ANGLE_UNIT ( ) );
#4424 = LINE ( 'NONE', #2676, #2637 ) ;
#4425 =( NAMED_UNIT ( * ) PLANE_ANGLE_UNIT ( ) SI_UNIT ( $, .RADIAN. ) );
#4426 = UNCERTAINTY_MEASURE_WITH_UNIT (LENGTH_MEASURE( 1.000000000000000082E-05 ), #4479, 'distance_accuracy_value', 'NONE');
#4427 =( NAMED_UNIT ( * ) PLANE_ANGLE_UNIT ( ) SI_UNIT ( $, .RADIAN. ) );
#4428 =( LENGTH_UNIT ( ) NAMED_UNIT ( * ) SI_UNIT ( .MILLI., .METRE. ) );
#4429 =( LENGTH_UNIT ( ) NAMED_UNIT ( * ) SI_UNIT ( .MILLI., .METRE. ) );
#4430 = CARTESIAN_POINT ( 'NONE',  ( 1.635000000000000009, 2.922499999999999876, 1.407499999999999973 ) ) ;
#4431 = SURFACE_STYLE_FILL_AREA ( #3474 ) ;
#4432 = UNCERTAINTY_MEASURE_WITH_UNIT (LENGTH_MEASURE( 1.000000000000000082E-05 ), #4268, 'distance_accuracy_value', 'NONE');
#4433 = PLANE ( 'NONE',  #3977 ) ;
#4434 = VERTEX_POINT ( 'NONE', #592 ) ;
#4435 = MECHANICAL_DESIGN_GEOMETRIC_PRESENTATION_REPRESENTATION (  '', ( #1842 ), #2070 ) ;
#4436 = CARTESIAN_POINT ( 'NONE',  ( -1.909999999999999032, -5.765644948968874139, 0.6650000000000000355 ) ) ;
#4437 = AXIS2_PLACEMENT_3D ( 'NONE', #4545, #916, #2722 ) ;
#4438 =( LENGTH_UNIT ( ) NAMED_UNIT ( * ) SI_UNIT ( .MILLI., .METRE. ) );
#4439 = VERTEX_POINT ( 'NONE', #4503 ) ;
#4440 = DIRECTION ( 'NONE',  ( -0.04350722696466721717, 0.1187981766220965185, -0.9919647747945035121 ) ) ;
#4441 = MECHANICAL_DESIGN_GEOMETRIC_PRESENTATION_REPRESENTATION (  '', ( #975 ), #4020 ) ;
#4442 = MECHANICAL_DESIGN_GEOMETRIC_PRESENTATION_REPRESENTATION (  '', ( #2153 ), #1628 ) ;
#4443 = CARTESIAN_POINT ( 'NONE',  ( 2.507499999999999840, -2.234999999999999876, 0.000000000000000000 ) ) ;
#4444 = UNCERTAINTY_MEASURE_WITH_UNIT (LENGTH_MEASURE( 1.000000000000000082E-05 ), #3433, 'distance_accuracy_value', 'NONE');
#4445 = DIRECTION ( 'NONE',  ( -0.5999999999999999778, 0.8000000000000000444, 0.000000000000000000 ) ) ;
#4446 = EDGE_LOOP ( 'NONE', ( #4521, #2176, #2849, #3461, #2845, #2454, #2616, #3212 ) ) ;
#4447 = UNCERTAINTY_MEASURE_WITH_UNIT (LENGTH_MEASURE( 1.000000000000000082E-05 ), #4438, 'distance_accuracy_value', 'NONE');
#4448 = DIRECTION ( 'NONE',  ( 0.04350722696467121398, 0.1187981766220960467, -0.9919647747945032901 ) ) ;
#4449 = EDGE_CURVE ( 'NONE', #857, #4421, #1686, .T. ) ;
#4450 = FILL_AREA_STYLE ('',( #283 ) ) ;
#4451 = UNCERTAINTY_MEASURE_WITH_UNIT (LENGTH_MEASURE( 1.000000000000000082E-05 ), #3719, 'distance_accuracy_value', 'NONE');
#4452 = EDGE_CURVE ( 'NONE', #4029, #1524, #2137, .T. ) ;
#4453 = DIRECTION ( 'NONE',  ( -3.828355257328130201E-16, -1.000000000000000000, 0.000000000000000000 ) ) ;
#4454 = CARTESIAN_POINT ( 'NONE',  ( 3.069903862770780201, -2.846785424473889492, 2.279999999999999805 ) ) ;
#4455 = CARTESIAN_POINT ( 'NONE',  ( -3.232923313242987096, -2.947499999999999787, 0.8453484580598965570 ) ) ;
#4456 = MECHANICAL_DESIGN_GEOMETRIC_PRESENTATION_REPRESENTATION (  '', ( #1217 ), #4538 ) ;
#4457 = DIRECTION ( 'NONE',  ( 1.000000000000000000, 0.000000000000000000, -0.000000000000000000 ) ) ;
#4458 = CARTESIAN_POINT ( 'NONE',  ( 0.000000000000000000, 0.000000000000000000, 2.379999999902793206 ) ) ;
#4459 = EDGE_CURVE ( 'NONE', #2940, #2872, #3536, .T. ) ;
#4460 =( LENGTH_UNIT ( ) NAMED_UNIT ( * ) SI_UNIT ( .MILLI., .METRE. ) );
#4461 = PRESENTATION_LAYER_ASSIGNMENT (  '', '', ( #1862 ) ) ;
#4462 = STYLED_ITEM ( 'NONE', ( #2091 ), #590 ) ;
#4463 = AXIS2_PLACEMENT_3D ( 'NONE', #1354, #2346, #3810 ) ;
#4464 = LINE ( 'NONE', #1310, #4013 ) ;
#4465 = COLOUR_RGB ( '',0.3921568627450980338, 0.3921568627450980338, 0.3921568627450980338 ) ;
#4466 = CIRCLE ( 'NONE', #3437, 0.4000000000000001887 ) ;
#4467 = ORIENTED_EDGE ( 'NONE', *, *, #4051, .F. ) ;
#4468 = ORIENTED_EDGE ( 'NONE', *, *, #566, .F. ) ;
#4469 = DIRECTION ( 'NONE',  ( 0.000000000000000000, 0.9929049442707557072, -0.1189107717689509014 ) ) ;
#4470 = PRESENTATION_LAYER_ASSIGNMENT (  '', '', ( #781 ) ) ;
#4471 = PRESENTATION_STYLE_ASSIGNMENT (( #3363 ) ) ;
#4472 = SURFACE_STYLE_FILL_AREA ( #3404 ) ;
#4473 = PRESENTATION_LAYER_ASSIGNMENT (  '', '', ( #934 ) ) ;
#4474 = ORIENTED_EDGE ( 'NONE', *, *, #3440, .F. ) ;
#4475 = VERTEX_POINT ( 'NONE', #1812 ) ;
#4476 =( NAMED_UNIT ( * ) PLANE_ANGLE_UNIT ( ) SI_UNIT ( $, .RADIAN. ) );
#4477 = DIRECTION ( 'NONE',  ( 0.000000000000000000, -0.000000000000000000, 1.000000000000000000 ) ) ;
#4478 = SURFACE_SIDE_STYLE ('',( #3105 ) ) ;
#4479 =( LENGTH_UNIT ( ) NAMED_UNIT ( * ) SI_UNIT ( .MILLI., .METRE. ) );
#4480 = PRESENTATION_LAYER_ASSIGNMENT (  '', '', ( #1879 ) ) ;
#4481 = CARTESIAN_POINT ( 'NONE',  ( 3.111192083423890864, 2.634994003713423627, 2.427385248640967053 ) ) ;
#4482 = CARTESIAN_POINT ( 'NONE',  ( 3.148532628889882723, -2.901148327010766970, 2.323099838011557061 ) ) ;
#4483 = EDGE_CURVE ( 'NONE', #3701, #1121, #3229, .T. ) ;
#4484 =( LENGTH_UNIT ( ) NAMED_UNIT ( * ) SI_UNIT ( .MILLI., .METRE. ) );
#4485 = CIRCLE ( 'NONE', #2918, 0.1962167265763692936 ) ;
#4486 = PRODUCT ( '1_1', '1_1', '', ( #3632 ) ) ;
#4487 = SURFACE_SIDE_STYLE ('',( #232 ) ) ;
#4488 = PRESENTATION_LAYER_ASSIGNMENT (  '', '', ( #2791 ) ) ;
#4489 = VECTOR ( 'NONE', #4143, 1000.000000000000000 ) ;
#4490 = EDGE_CURVE ( 'NONE', #917, #406, #1348, .T. ) ;
#4491 =( NAMED_UNIT ( * ) SI_UNIT ( $, .STERADIAN. ) SOLID_ANGLE_UNIT ( ) );
#4492 = CARTESIAN_POINT ( 'NONE',  ( 1.909999999999999698, -6.198439174041904032, 1.408678928324004653 ) ) ;
#4493 = ORIENTED_EDGE ( 'NONE', *, *, #1063, .T. ) ;
#4494 = EDGE_LOOP ( 'NONE', ( #3034, #767, #1333, #4289 ) ) ;
#4495 =( GEOMETRIC_REPRESENTATION_CONTEXT ( 3 ) GLOBAL_UNCERTAINTY_ASSIGNED_CONTEXT ( ( #1209 ) ) GLOBAL_UNIT_ASSIGNED_CONTEXT ( ( #2394, #4425, #1667 ) ) REPRESENTATION_CONTEXT ( 'NONE', 'WORKASPACE' ) );
#4496 = PRESENTATION_LAYER_ASSIGNMENT (  '', '', ( #2866 ) ) ;
#4497 = EDGE_LOOP ( 'NONE', ( #3432, #4193, #293, #4086, #1659, #3145, #2102, #3192 ) ) ;
#4498 = EDGE_LOOP ( 'NONE', ( #1028, #346, #771, #3517, #4467, #2120 ) ) ;
#4499 = CYLINDRICAL_SURFACE ( 'NONE', #4463, 0.4000000000000001887 ) ;
#4500 = UNCERTAINTY_MEASURE_WITH_UNIT (LENGTH_MEASURE( 1.000000000000000082E-05 ), #4353, 'distance_accuracy_value', 'NONE');
#4501 = SURFACE_STYLE_FILL_AREA ( #1380 ) ;
#4502 = FILL_AREA_STYLE_COLOUR ( '', #302 ) ;
#4503 = CARTESIAN_POINT ( 'NONE',  ( -3.270000000000002238, 2.947500000000000231, -5.421010862427522170E-17 ) ) ;
#4504 = CARTESIAN_POINT ( 'NONE',  ( 3.232923313242987540, -2.947500000000001563, 0.8453484580599099907 ) ) ;
#4505 =( NAMED_UNIT ( * ) SI_UNIT ( $, .STERADIAN. ) SOLID_ANGLE_UNIT ( ) );
#4506 = UNCERTAINTY_MEASURE_WITH_UNIT (LENGTH_MEASURE( 1.000000000000000082E-05 ), #2110, 'distance_accuracy_value', 'NONE');
#4507 = SURFACE_SIDE_STYLE ('',( #1324 ) ) ;
#4508 = CARTESIAN_POINT ( 'NONE',  ( 3.126177380094382841, -2.954109814895007347, 2.297081768647063260 ) ) ;
#4509 = LINE ( 'NONE', #4192, #2275 ) ;
#4510 =( LENGTH_UNIT ( ) NAMED_UNIT ( * ) SI_UNIT ( .MILLI., .METRE. ) );
#4511 = LINE ( 'NONE', #679, #711 ) ;
#4512 = CARTESIAN_POINT ( 'NONE',  ( 3.124214730825131348, 2.750292564901146264, 2.344454823786828790 ) ) ;
#4513 = DIRECTION ( 'NONE',  ( 1.000000000000000000, -1.345724878333519912E-15, 0.000000000000000000 ) ) ;
#4514 = ADVANCED_FACE ( 'NONE', ( #3295 ), #1917, .T. ) ;
#4515 = LINE ( 'NONE', #3100, #1992 ) ;
#4516 = MECHANICAL_DESIGN_GEOMETRIC_PRESENTATION_REPRESENTATION (  '', ( #1411 ), #830 ) ;
#4517 = ORIENTED_EDGE ( 'NONE', *, *, #3120, .F. ) ;
#4518 =( GEOMETRIC_REPRESENTATION_CONTEXT ( 3 ) GLOBAL_UNCERTAINTY_ASSIGNED_CONTEXT ( ( #4076 ) ) GLOBAL_UNIT_ASSIGNED_CONTEXT ( ( #2014, #258, #2678 ) ) REPRESENTATION_CONTEXT ( 'NONE', 'WORKASPACE' ) );
#4519 = EDGE_LOOP ( 'NONE', ( #1315, #1054, #169, #3218, #2141, #3652, #2228, #511 ) ) ;
#4520 = AXIS2_PLACEMENT_3D ( 'NONE', #4205, #3195, #2846 ) ;
#4521 = ORIENTED_EDGE ( 'NONE', *, *, #1066, .F. ) ;
#4522 = FILL_AREA_STYLE_COLOUR ( '', #4539 ) ;
#4523 = CIRCLE ( 'NONE', #537, 0.4401766702244458429 ) ;
#4524 = VECTOR ( 'NONE', #1540, 1000.000000000000000 ) ;
#4525 = STYLED_ITEM ( 'NONE', ( #1396 ), #4141 ) ;
#4526 = SURFACE_STYLE_USAGE ( .BOTH. , #4478 ) ;
#4527 = FILL_AREA_STYLE ('',( #1960 ) ) ;
#4528 = CARTESIAN_POINT ( 'NONE',  ( 3.164186342637019589, 2.741861919822024429, 2.293506777682142506 ) ) ;
#4529 = DIRECTION ( 'NONE',  ( -1.000000000000000000, 0.000000000000000000, 0.000000000000000000 ) ) ;
#4530 = CARTESIAN_POINT ( 'NONE',  ( -3.071597079776204442, 2.742987068223993852, 2.373828731938014247 ) ) ;
#4531 = ORIENTED_EDGE ( 'NONE', *, *, #3984, .F. ) ;
#4532 = CARTESIAN_POINT ( 'NONE',  ( 3.068232329097537292, -2.892707690582300373, 2.374914002136642388 ) ) ;
#4533 =( NAMED_UNIT ( * ) SI_UNIT ( $, .STERADIAN. ) SOLID_ANGLE_UNIT ( ) );
#4534 = SURFACE_STYLE_USAGE ( .BOTH. , #1765 ) ;
#4535 = CARTESIAN_POINT ( 'NONE',  ( -2.745000000000000107, -6.219999999999999751, 0.000000000000000000 ) ) ;
#4536 = FACE_OUTER_BOUND ( 'NONE', #2413, .T. ) ;
#4537 = EDGE_LOOP ( 'NONE', ( #2385, #1232, #2387, #193 ) ) ;
#4538 =( GEOMETRIC_REPRESENTATION_CONTEXT ( 3 ) GLOBAL_UNCERTAINTY_ASSIGNED_CONTEXT ( ( #944 ) ) GLOBAL_UNIT_ASSIGNED_CONTEXT ( ( #1044, #1683, #977 ) ) REPRESENTATION_CONTEXT ( 'NONE', 'WORKASPACE' ) );
#4539 = COLOUR_RGB ( '',1.000000000000000000, 1.000000000000000000, 1.000000000000000000 ) ;
#4540 = ADVANCED_FACE ( 'NONE', ( #1939 ), #807, .T. ) ;
#4541 = EDGE_CURVE ( 'NONE', #4434, #3561, #1711, .T. ) ;
#4542 = AXIS2_PLACEMENT_3D ( 'NONE', #1855, #518, #2928 ) ;
#4543 =( NAMED_UNIT ( * ) PLANE_ANGLE_UNIT ( ) SI_UNIT ( $, .RADIAN. ) );
#4544 = COLOUR_RGB ( '',1.000000000000000000, 1.000000000000000000, 1.000000000000000000 ) ;
#4545 = CARTESIAN_POINT ( 'NONE',  ( 0.000000000000000000, 0.000000000000000000, 2.279999999927895260 ) ) ;
#4546 = CARTESIAN_POINT ( 'NONE',  ( 2.507500000000000284, 1.435000000000000053, 0.000000000000000000 ) ) ;
#4547 = ORIENTED_EDGE ( 'NONE', *, *, #1702, .F. ) ;
#4548 = LINE ( 'NONE', #3784, #3674 ) ;
#4549 = SURFACE_SIDE_STYLE ('',( #8 ) ) ;
#4550 = FILL_AREA_STYLE_COLOUR ( '', #73 ) ;
#4551 =( NAMED_UNIT ( * ) PLANE_ANGLE_UNIT ( ) SI_UNIT ( $, .RADIAN. ) );
#4552 = PRODUCT_DEFINITION ( 'UNKNOWN', '', #2212, #2206 ) ;
#4553 = DIRECTION ( 'NONE',  ( 0.000000000000000000, 0.000000000000000000, -1.000000000000000000 ) ) ;
#4554 = CARTESIAN_POINT ( 'NONE',  ( -3.121054564679470289, 2.842722745749508562, 2.248885152111962160 ) ) ;
#4555 = STYLED_ITEM ( 'NONE', ( #3847 ), #1459 ) ;
#4556 = EDGE_LOOP ( 'NONE', ( #1473, #2291, #144, #3112, #1138, #2572, #3102 ) ) ;
#4557 = CYLINDRICAL_SURFACE ( 'NONE', #1327, 0.4000000000000001887 ) ;
#4558 = CARTESIAN_POINT ( 'NONE',  ( 2.522499999999999964, -6.942084783908589962, 0.000000000000000000 ) ) ;
#4559 = STYLED_ITEM ( 'NONE', ( #3981 ), #1535 ) ;
#4560 = CARTESIAN_POINT ( 'NONE',  ( 1.909999999999999920, -4.769999999999999574, 0.000000000000000000 ) ) ;
#4561 = STYLED_ITEM ( 'NONE', ( #2874 ), #1728 ) ;
#4562 = CARTESIAN_POINT ( 'NONE',  ( 1.909999999999999920, -7.669999999999999929, 0.000000000000000000 ) ) ;
#4563 = EDGE_LOOP ( 'NONE', ( #826, #588 ) ) ;
#4564 = ORIENTED_EDGE ( 'NONE', *, *, #4483, .T. ) ;
#4565 = VECTOR ( 'NONE', #521, 1000.000000000000000 ) ;
#4566 = DIRECTION ( 'NONE',  ( -4.336808689942025625E-15, 0.000000000000000000, -1.000000000000000000 ) ) ;
#4567 =( LENGTH_UNIT ( ) NAMED_UNIT ( * ) SI_UNIT ( .MILLI., .METRE. ) );
#4568 = EDGE_CURVE ( 'NONE', #2425, #1121, #464, .T. ) ;
#4569 = VERTEX_POINT ( 'NONE', #1011 ) ;
#4570 =( NAMED_UNIT ( * ) SI_UNIT ( $, .STERADIAN. ) SOLID_ANGLE_UNIT ( ) );
#4571 = CARTESIAN_POINT ( 'NONE',  ( 2.522499999999999964, -5.873794509127560737, 1.175000000000000044 ) ) ;
#4572 =( BOUNDED_SURFACE ( )  B_SPLINE_SURFACE ( 3, 3, ( 
 ( #1962, #3369, #287, #1673 ),
 ( #2328, #3070, #4508, #4482 ),
 ( #2750, #1647, #1269, #3416 ),
 ( #4171, #605, #1692, #3796 ) ),
 .UNSPECIFIED., .F., .F., .T. ) 
 B_SPLINE_SURFACE_WITH_KNOTS ( ( 4, 4 ),
 ( 4, 4 ),
 ( 0.000000000000000000, 1.000000000000000000 ),
 ( 0.000000000000000000, 1.000000000000000000 ),
 .UNSPECIFIED. ) 
 GEOMETRIC_REPRESENTATION_ITEM ( )  RATIONAL_B_SPLINE_SURFACE ( (
 ( 1.000000000000000000, 0.3333333333333265425, 0.3333333333333265425, 1.000000000000000000),
 ( 0.9316958357992435324, 0.3105652785997415344, 0.3105652785997415344, 0.9316958357992435324),
 ( 0.9316958357992435324, 0.3105652785997415344, 0.3105652785997415344, 0.9316958357992435324),
 ( 1.000000000000000000, 0.3333333333333265425, 0.3333333333333265425, 1.000000000000000000) ) ) 
 REPRESENTATION_ITEM ( '' )  SURFACE ( )  );
#4573 = VECTOR ( 'NONE', #4001, 1000.000000000000000 ) ;
#4574 =( NAMED_UNIT ( * ) PLANE_ANGLE_UNIT ( ) SI_UNIT ( $, .RADIAN. ) );
#4575 = FILL_AREA_STYLE_COLOUR ( '', #2472 ) ;
#4576 = DIRECTION ( 'NONE',  ( 3.828355257328130201E-16, 1.000000000000000000, 0.000000000000000000 ) ) ;
#4577 = CARTESIAN_POINT ( 'NONE',  ( -3.078805352334580636, 2.802785851140824125, 2.338890759213383408 ) ) ;
#4578 = DIRECTION ( 'NONE',  ( -1.000000000000000000, 0.000000000000000000, 0.000000000000000000 ) ) ;
#4579 = LINE ( 'NONE', #2404, #3204 ) ;
#4580 = LINE ( 'NONE', #727, #3583 ) ;
#4581 =( NAMED_UNIT ( * ) PLANE_ANGLE_UNIT ( ) SI_UNIT ( $, .RADIAN. ) );
#4582 = ORIENTED_EDGE ( 'NONE', *, *, #621, .F. ) ;
#4583 = NEXT_ASSEMBLY_USAGE_OCCURRENCE ( 'NAUO1', ' ', ' ', #515, #3327, $ ) ;
#4584 = NEXT_ASSEMBLY_USAGE_OCCURRENCE ( 'NAUO2', ' ', ' ', #515, #4552, $ ) ;
#4585 = NEXT_ASSEMBLY_USAGE_OCCURRENCE ( 'NAUO3', ' ', ' ', #515, #2772, $ ) ;
ENDSEC;
END-ISO-10303-21;
