ISO-10303-21;
HEADER;
FILE_DESCRIPTION (( 'STEP AP214' ),
    '1' );
FILE_NAME ('MC7805BDTRKG.STEP',
    '2021-12-29T10:03:00',
    ( '' ),
    ( '' ),
    'SwSTEP 2.0',
    'SolidWorks 2018',
    '' );
FILE_SCHEMA (( 'AUTOMOTIVE_DESIGN' ));
ENDSEC;

DATA;
#1 = CARTESIAN_POINT ( 'NONE',  ( -3.674999999999999822, 1.089999999999999858, 1.239999999999999325 ) ) ;
#2 = ADVANCED_FACE ( 'NONE', ( #1835 ), #1330, .F. ) ;
#3 = VERTEX_POINT ( 'NONE', #1135 ) ;
#4 = CARTESIAN_POINT ( 'NONE',  ( 4.794159102043628273, 1.024909263579282470, 5.774999999999999467 ) ) ;
#5 = SURFACE_STYLE_FILL_AREA ( #1133 ) ;
#6 = COLOUR_RGB ( '',0.000000000000000000, 0.000000000000000000, 0.000000000000000000 ) ;
#7 = SURFACE_SIDE_STYLE ('',( #1342 ) ) ;
#8 = EDGE_CURVE ( 'NONE', #520, #2238, #2232, .T. ) ;
#9 = ADVANCED_FACE ( 'NONE', ( #1977 ), #548, .T. ) ;
#10 = APPLICATION_CONTEXT ( 'automotive_design' ) ;
#11 = LINE ( 'NONE', #1939, #1799 ) ;
#12 = DIRECTION ( 'NONE',  ( 0.000000000000000000, 0.000000000000000000, 1.000000000000000000 ) ) ;
#13 = LINE ( 'NONE', #1992, #968 ) ;
#14 = VECTOR ( 'NONE', #1736, 1000.000000000000000 ) ;
#15 = UNCERTAINTY_MEASURE_WITH_UNIT (LENGTH_MEASURE( 1.000000000000000082E-05 ), #878, 'distance_accuracy_value', 'NONE');
#16 = DIRECTION ( 'NONE',  ( -0.9975640502598246417, -0.06975647374411858559, -0.000000000000000000 ) ) ;
#17 = AXIS2_PLACEMENT_3D ( 'NONE', #1178, #45, #818 ) ;
#18 = ORIENTED_EDGE ( 'NONE', *, *, #357, .F. ) ;
#19 = ORIENTED_EDGE ( 'NONE', *, *, #2093, .T. ) ;
#20 =( NAMED_UNIT ( * ) PLANE_ANGLE_UNIT ( ) SI_UNIT ( $, .RADIAN. ) );
#21 = ADVANCED_FACE ( 'NONE', ( #2086 ), #757, .F. ) ;
#22 = DIRECTION ( 'NONE',  ( 0.000000000000000000, 0.000000000000000000, 1.000000000000000000 ) ) ;
#23 = ORIENTED_EDGE ( 'NONE', *, *, #696, .F. ) ;
#24 = ORIENTED_EDGE ( 'NONE', *, *, #119, .T. ) ;
#25 = AXIS2_PLACEMENT_3D ( 'NONE', #2361, #718, #727 ) ;
#26 = DIRECTION ( 'NONE',  ( 0.9974659451518887998, 0.07114554281365047250, -0.000000000000000000 ) ) ;
#27 = FILL_AREA_STYLE ('',( #1701 ) ) ;
#28 = ORIENTED_EDGE ( 'NONE', *, *, #855, .F. ) ;
#29 = PRODUCT_DEFINITION_SHAPE ( 'NONE', 'NONE',  #1682 ) ;
#30 = SURFACE_STYLE_FILL_AREA ( #460 ) ;
#31 = LINE ( 'NONE', #2059, #1591 ) ;
#32 = VERTEX_POINT ( 'NONE', #386 ) ;
#33 = VECTOR ( 'NONE', #1812, 1000.000000000000227 ) ;
#34 = CARTESIAN_POINT ( 'NONE',  ( 4.103800743383105853, 0.2553506504021022527, 0.5649999999999998357 ) ) ;
#35 = LINE ( 'NONE', #1, #1012 ) ;
#36 = FILL_AREA_STYLE ('',( #1344 ) ) ;
#37 = MECHANICAL_DESIGN_GEOMETRIC_PRESENTATION_REPRESENTATION (  '', ( #1275 ), #1803 ) ;
#38 = FILL_AREA_STYLE ('',( #52 ) ) ;
#39 = DIRECTION ( 'NONE',  ( 1.000000000000000000, 0.000000000000000000, 0.000000000000000000 ) ) ;
#40 = VECTOR ( 'NONE', #2143, 1000.000000000000000 ) ;
#41 = SURFACE_SIDE_STYLE ('',( #1792 ) ) ;
#42 = FILL_AREA_STYLE_COLOUR ( '', #1154 ) ;
#43 = CARTESIAN_POINT ( 'NONE',  ( 0.9450000000000009504, 0.6299999999999997824, 0.8899999999999993472 ) ) ;
#44 = SURFACE_STYLE_USAGE ( .BOTH. , #1158 ) ;
#45 = DIRECTION ( 'NONE',  ( 0.000000000000000000, 0.000000000000000000, 1.000000000000000000 ) ) ;
#46 = ORIENTED_EDGE ( 'NONE', *, *, #779, .F. ) ;
#47 = CARTESIAN_POINT ( 'NONE',  ( 3.966392770819374469, -0.01000000000000002623, 0.5649999999999998357 ) ) ;
#48 = STYLED_ITEM ( 'NONE', ( #1423 ), #1528 ) ;
#49 = COLOUR_RGB ( '',1.000000000000000000, 1.000000000000000000, 1.000000000000000000 ) ;
#50 = PRESENTATION_LAYER_ASSIGNMENT (  '', '', ( #938 ) ) ;
#51 = DIRECTION ( 'NONE',  ( 1.000000000000000000, -0.000000000000000000, -0.000000000000000000 ) ) ;
#52 = FILL_AREA_STYLE_COLOUR ( '', #1883 ) ;
#53 = EDGE_LOOP ( 'NONE', ( #689, #1325, #1241, #1295 ) ) ;
#54 =( NAMED_UNIT ( * ) PLANE_ANGLE_UNIT ( ) SI_UNIT ( $, .RADIAN. ) );
#55 = EDGE_CURVE ( 'NONE', #618, #2325, #2230, .T. ) ;
#56 = EDGE_LOOP ( 'NONE', ( #1306, #746, #213, #808 ) ) ;
#57 = ORIENTED_EDGE ( 'NONE', *, *, #2199, .T. ) ;
#58 = EDGE_CURVE ( 'NONE', #1715, #1688, #1404, .T. ) ;
#59 = DIRECTION ( 'NONE',  ( 1.000000000000000000, 0.000000000000000000, 0.000000000000000000 ) ) ;
#60 = FILL_AREA_STYLE ('',( #42 ) ) ;
#61 = EDGE_CURVE ( 'NONE', #2295, #2255, #88, .T. ) ;
#62 = EDGE_LOOP ( 'NONE', ( #1276, #1097, #1806, #160 ) ) ;
#63 = CARTESIAN_POINT ( 'NONE',  ( 4.402450904261838716, -0.2546493495978977561, 5.144999999999999574 ) ) ;
#64 = ORIENTED_EDGE ( 'NONE', *, *, #1840, .T. ) ;
#65 = CARTESIAN_POINT ( 'NONE',  ( 3.667742609940640275, 1.084202172485504434E-16, 0.5649999999999998357 ) ) ;
#66 =( GEOMETRIC_REPRESENTATION_CONTEXT ( 3 ) GLOBAL_UNCERTAINTY_ASSIGNED_CONTEXT ( ( #560 ) ) GLOBAL_UNIT_ASSIGNED_CONTEXT ( ( #1915, #2262, #1028 ) ) REPRESENTATION_CONTEXT ( 'NONE', 'WORKASPACE' ) );
#67 = CIRCLE ( 'NONE', #1289, 0.5000000000000004441 ) ;
#68 = UNCERTAINTY_MEASURE_WITH_UNIT (LENGTH_MEASURE( 1.000000000000000082E-05 ), #438, 'distance_accuracy_value', 'NONE');
#69 = STYLED_ITEM ( 'NONE', ( #610 ), #9 ) ;
#70 = VECTOR ( 'NONE', #555, 1000.000000000000000 ) ;
#71 =( NAMED_UNIT ( * ) SI_UNIT ( $, .STERADIAN. ) SOLID_ANGLE_UNIT ( ) );
#72 = DIRECTION ( 'NONE',  ( 0.000000000000000000, -0.000000000000000000, -1.000000000000000000 ) ) ;
#73 = MECHANICAL_DESIGN_GEOMETRIC_PRESENTATION_REPRESENTATION (  '', ( #519 ), #443 ) ;
#74 = LINE ( 'NONE', #822, #1424 ) ;
#75 = CARTESIAN_POINT ( 'NONE',  ( 0.9450000000000009504, 0.6299999999999997824, 0.8899999999999993472 ) ) ;
#76 = AXIS2_PLACEMENT_3D ( 'NONE', #2151, #316, #1061 ) ;
#77 = SURFACE_STYLE_USAGE ( .BOTH. , #861 ) ;
#78 = STYLED_ITEM ( 'NONE', ( #670 ), #2318 ) ;
#79 = CARTESIAN_POINT ( 'NONE',  ( 5.103802515123408767, 0.5356922895755704683, 0.5649999999999998357 ) ) ;
#80 = CARTESIAN_POINT ( 'NONE',  ( 2.985000000000001208, -1.090000000000000302, 0.000000000000000000 ) ) ;
#81 = CARTESIAN_POINT ( 'NONE',  ( -3.210536885311948474, 0.6299999999999997824, 0.8899999999999993472 ) ) ;
#82 =( GEOMETRIC_REPRESENTATION_CONTEXT ( 3 ) GLOBAL_UNCERTAINTY_ASSIGNED_CONTEXT ( ( #1935 ) ) GLOBAL_UNIT_ASSIGNED_CONTEXT ( ( #789, #389, #583 ) ) REPRESENTATION_CONTEXT ( 'NONE', 'WORKASPACE' ) );
#83 = CARTESIAN_POINT ( 'NONE',  ( 4.402450904261838716, -0.2546493495978977006, 1.194999999999999840 ) ) ;
#84 = SHAPE_DEFINITION_REPRESENTATION ( #29, #1740 ) ;
#85 = SURFACE_SIDE_STYLE ('',( #1793 ) ) ;
#86 = VECTOR ( 'NONE', #1648, 1000.000000000000000 ) ;
#87 = SURFACE_STYLE_FILL_AREA ( #114 ) ;
#88 = LINE ( 'NONE', #2043, #1027 ) ;
#89 = DIRECTION ( 'NONE',  ( 0.000000000000000000, 0.000000000000000000, 1.000000000000000000 ) ) ;
#90 = PRESENTATION_LAYER_ASSIGNMENT (  '', '', ( #1511 ) ) ;
#91 = ORIENTED_EDGE ( 'NONE', *, *, #1645, .F. ) ;
#92 =( NAMED_UNIT ( * ) PLANE_ANGLE_UNIT ( ) SI_UNIT ( $, .RADIAN. ) );
#93 = CARTESIAN_POINT ( 'NONE',  ( 4.794159102043628273, 1.024909263579282470, 5.144999999999999574 ) ) ;
#94 = VERTEX_POINT ( 'NONE', #392 ) ;
#95 =( LENGTH_UNIT ( ) NAMED_UNIT ( * ) SI_UNIT ( .MILLI., .METRE. ) );
#96 = EDGE_LOOP ( 'NONE', ( #1188, #164, #587, #809 ) ) ;
#97 = STYLED_ITEM ( 'NONE', ( #393 ), #1740 ) ;
#98 = LINE ( 'NONE', #1796, #2353 ) ;
#99 = ORIENTED_EDGE ( 'NONE', *, *, #1733, .F. ) ;
#100 = DIRECTION ( 'NONE',  ( -0.000000000000000000, 1.000000000000000000, -0.000000000000000000 ) ) ;
#101 = CARTESIAN_POINT ( 'NONE',  ( 3.966392770819374469, -0.01000000000000002623, 0.5649999999999998357 ) ) ;
#102 = LINE ( 'NONE', #2293, #2355 ) ;
#103 = FACE_OUTER_BOUND ( 'NONE', #307, .T. ) ;
#104 = VERTEX_POINT ( 'NONE', #1905 ) ;
#105 = DIRECTION ( 'NONE',  ( -0.000000000000000000, -0.000000000000000000, -1.000000000000000000 ) ) ;
#106 = LINE ( 'NONE', #531, #1475 ) ;
#107 = DIRECTION ( 'NONE',  ( 0.07114554281365050026, -0.9974659451518889108, 0.000000000000000000 ) ) ;
#108 = LINE ( 'NONE', #467, #1933 ) ;
#109 = UNCERTAINTY_MEASURE_WITH_UNIT (LENGTH_MEASURE( 1.000000000000000082E-05 ), #932, 'distance_accuracy_value', 'NONE');
#110 = FACE_OUTER_BOUND ( 'NONE', #1002, .T. ) ;
#111 = DIRECTION ( 'NONE',  ( 1.000000000000000000, 0.000000000000000000, 0.000000000000000000 ) ) ;
#112 = LINE ( 'NONE', #667, #480 ) ;
#113 = CARTESIAN_POINT ( 'NONE',  ( -2.984999999999999432, 1.089999999999999858, 0.8899999999999993472 ) ) ;
#114 = FILL_AREA_STYLE ('',( #1603 ) ) ;
#115 = SURFACE_STYLE_USAGE ( .BOTH. , #1994 ) ;
#116 = FILL_AREA_STYLE_COLOUR ( '', #724 ) ;
#117 = CARTESIAN_POINT ( 'NONE',  ( 5.725000000000001421, 0.5799999999999997380, 0.5649999999999998357 ) ) ;
#118 =( GEOMETRIC_REPRESENTATION_CONTEXT ( 3 ) GLOBAL_UNCERTAINTY_ASSIGNED_CONTEXT ( ( #2371 ) ) GLOBAL_UNIT_ASSIGNED_CONTEXT ( ( #1228, #2099, #1388 ) ) REPRESENTATION_CONTEXT ( 'NONE', 'WORKASPACE' ) );
#119 = EDGE_CURVE ( 'NONE', #2381, #1980, #2078, .T. ) ;
#120 = ORIENTED_EDGE ( 'NONE', *, *, #1474, .T. ) ;
#121 = COLOUR_RGB ( '',1.000000000000000000, 1.000000000000000000, 1.000000000000000000 ) ;
#122 = EDGE_CURVE ( 'NONE', #1181, #975, #2285, .T. ) ;
#123 = DIRECTION ( 'NONE',  ( 2.846920365388633365E-16, 0.000000000000000000, 1.000000000000000000 ) ) ;
#124 = VECTOR ( 'NONE', #1107, 1000.000000000000000 ) ;
#125 = LINE ( 'NONE', #75, #234 ) ;
#126 = FILL_AREA_STYLE_COLOUR ( '', #141 ) ;
#127 = STYLED_ITEM ( 'NONE', ( #418 ), #1150 ) ;
#128 = DIRECTION ( 'NONE',  ( 0.000000000000000000, -0.000000000000000000, 1.000000000000000000 ) ) ;
#129 = DIRECTION ( 'NONE',  ( 0.000000000000000000, -1.000000000000000000, 0.000000000000000000 ) ) ;
#130 = STYLED_ITEM ( 'NONE', ( #1024 ), #210 ) ;
#131 =( NAMED_UNIT ( * ) PLANE_ANGLE_UNIT ( ) SI_UNIT ( $, .RADIAN. ) );
#132 = CARTESIAN_POINT ( 'NONE',  ( -2.984999999999999432, 1.089999999999999858, 5.459999999999999964 ) ) ;
#133 = VECTOR ( 'NONE', #1507, 1000.000000000000000 ) ;
#134 = ORIENTED_EDGE ( 'NONE', *, *, #1292, .F. ) ;
#135 = FILL_AREA_STYLE_COLOUR ( '', #1100 ) ;
#136 = ORIENTED_EDGE ( 'NONE', *, *, #239, .F. ) ;
#137 = EDGE_LOOP ( 'NONE', ( #276, #2168, #742, #193 ) ) ;
#138 = PLANE ( 'NONE',  #2283 ) ;
#139 = VERTEX_POINT ( 'NONE', #403 ) ;
#140 = DIRECTION ( 'NONE',  ( 0.000000000000000000, 0.000000000000000000, 1.000000000000000000 ) ) ;
#141 = COLOUR_RGB ( '',0.7921568627450980005, 0.8196078431372548767, 0.9333333333333333481 ) ;
#142 = ORIENTED_EDGE ( 'NONE', *, *, #1930, .T. ) ;
#143 = COLOUR_RGB ( '',1.000000000000000000, 1.000000000000000000, 1.000000000000000000 ) ;
#144 = PRESENTATION_LAYER_ASSIGNMENT (  '', '', ( #2367 ) ) ;
#145 = DIRECTION ( 'NONE',  ( -0.000000000000000000, -0.000000000000000000, -1.000000000000000000 ) ) ;
#146 = SURFACE_STYLE_FILL_AREA ( #2120 ) ;
#147 = CARTESIAN_POINT ( 'NONE',  ( 3.105010452734799031, -0.5100000000000000089, 3.489999999999999769 ) ) ;
#148 = UNCERTAINTY_MEASURE_WITH_UNIT (LENGTH_MEASURE( 1.000000000000000082E-05 ), #427, 'distance_accuracy_value', 'NONE');
#149 = MECHANICAL_DESIGN_GEOMETRIC_PRESENTATION_REPRESENTATION (  '', ( #1237 ), #1360 ) ;
#150 = PRESENTATION_STYLE_ASSIGNMENT (( #1757 ) ) ;
#151 =( GEOMETRIC_REPRESENTATION_CONTEXT ( 3 ) GLOBAL_UNCERTAINTY_ASSIGNED_CONTEXT ( ( #604 ) ) GLOBAL_UNIT_ASSIGNED_CONTEXT ( ( #325, #2291, #1259 ) ) REPRESENTATION_CONTEXT ( 'NONE', 'WORKASPACE' ) );
#152 = CARTESIAN_POINT ( 'NONE',  ( 3.667742609940640275, 1.084202172485504434E-16, 1.194999999999999840 ) ) ;
#153 = PLANE ( 'NONE',  #614 ) ;
#154 = CARTESIAN_POINT ( 'NONE',  ( 4.794159102043628273, 1.024909263579282470, 1.194999999999999840 ) ) ;
#155 = EDGE_CURVE ( 'NONE', #168, #1272, #453, .T. ) ;
#156 = VECTOR ( 'NONE', #1256, 1000.000000000000114 ) ;
#157 = DIRECTION ( 'NONE',  ( 0.9792569179083455699, 0.2026225276928699803, -0.000000000000000000 ) ) ;
#158 = VERTEX_POINT ( 'NONE', #817 ) ;
#159 = CARTESIAN_POINT ( 'NONE',  ( 4.392979205473221072, 0.7707765880472675635, 1.194999999999999840 ) ) ;
#160 = ORIENTED_EDGE ( 'NONE', *, *, #340, .T. ) ;
#161 = ORIENTED_EDGE ( 'NONE', *, *, #1619, .F. ) ;
#162 = EDGE_LOOP ( 'NONE', ( #1643, #2064, #2152, #1214 ) ) ;
#163 = CARTESIAN_POINT ( 'NONE',  ( 0.9450000000000009504, 1.089999999999999858, 0.8899999999999993472 ) ) ;
#164 = ORIENTED_EDGE ( 'NONE', *, *, #591, .T. ) ;
#165 = DIRECTION ( 'NONE',  ( 1.000000000000000000, 0.000000000000000000, 0.000000000000000000 ) ) ;
#166 = AXIS2_PLACEMENT_3D ( 'NONE', #1712, #226, #1146 ) ;
#167 = VECTOR ( 'NONE', #51, 1000.000000000000000 ) ;
#168 = VERTEX_POINT ( 'NONE', #1707 ) ;
#169 = EDGE_CURVE ( 'NONE', #1057, #1467, #1765, .T. ) ;
#170 = COLOUR_RGB ( '',0.000000000000000000, 0.000000000000000000, 0.000000000000000000 ) ;
#171 = LINE ( 'NONE', #371, #1903 ) ;
#172 = VECTOR ( 'NONE', #1962, 1000.000000000000000 ) ;
#173 = DIRECTION ( 'NONE',  ( -0.2026225276928699526, 0.9792569179083454589, 0.000000000000000000 ) ) ;
#174 = MECHANICAL_DESIGN_GEOMETRIC_PRESENTATION_REPRESENTATION (  '', ( #127 ), #2110 ) ;
#175 = LINE ( 'NONE', #1073, #595 ) ;
#176 = AXIS2_PLACEMENT_3D ( 'NONE', #901, #157, #173 ) ;
#177 = ADVANCED_FACE ( 'NONE', ( #179 ), #235, .F. ) ;
#178 = FILL_AREA_STYLE ('',( #333 ) ) ;
#179 = FACE_OUTER_BOUND ( 'NONE', #137, .T. ) ;
#180 = PRESENTATION_STYLE_ASSIGNMENT (( #115 ) ) ;
#181 = CARTESIAN_POINT ( 'NONE',  ( 3.210536885311948474, 0.000000000000000000, 5.144999999999999574 ) ) ;
#182 = AXIS2_PLACEMENT_3D ( 'NONE', #1595, #1748, #1586 ) ;
#183 = FILL_AREA_STYLE_COLOUR ( '', #1611 ) ;
#184 =( NAMED_UNIT ( * ) SI_UNIT ( $, .STERADIAN. ) SOLID_ANGLE_UNIT ( ) );
#185 = EDGE_LOOP ( 'NONE', ( #1785, #1243, #1854, #494 ) ) ;
#186 = FILL_AREA_STYLE_COLOUR ( '', #2137 ) ;
#187 = EDGE_LOOP ( 'NONE', ( #1356, #306, #2058, #582 ) ) ;
#188 = ORIENTED_EDGE ( 'NONE', *, *, #663, .F. ) ;
#189 = ADVANCED_FACE ( 'NONE', ( #1347 ), #2046, .F. ) ;
#190 = ORIENTED_EDGE ( 'NONE', *, *, #513, .F. ) ;
#191 = AXIS2_PLACEMENT_3D ( 'NONE', #243, #2233, #1698 ) ;
#192 = LINE ( 'NONE', #473, #1623 ) ;
#193 = ORIENTED_EDGE ( 'NONE', *, *, #1729, .T. ) ;
#194 = FILL_AREA_STYLE_COLOUR ( '', #1801 ) ;
#195 = COLOUR_RGB ( '',1.000000000000000000, 1.000000000000000000, 1.000000000000000000 ) ;
#196 = DIRECTION ( 'NONE',  ( -0.000000000000000000, -0.000000000000000000, -1.000000000000000000 ) ) ;
#197 = EDGE_CURVE ( 'NONE', #982, #1217, #342, .T. ) ;
#198 = VECTOR ( 'NONE', #1839, 1000.000000000000000 ) ;
#199 = LINE ( 'NONE', #280, #172 ) ;
#200 = EDGE_CURVE ( 'NONE', #1892, #1297, #2138, .T. ) ;
#201 = CARTESIAN_POINT ( 'NONE',  ( 3.105010452734799031, -0.5100000000000000089, 3.489999999999999769 ) ) ;
#202 = PRODUCT_CONTEXT ( 'NONE', #10, 'mechanical' ) ;
#203 = STYLED_ITEM ( 'NONE', ( #1487 ), #383 ) ;
#204 =( LENGTH_UNIT ( ) NAMED_UNIT ( * ) SI_UNIT ( .MILLI., .METRE. ) );
#205 = PRESENTATION_LAYER_ASSIGNMENT (  '', '', ( #568 ) ) ;
#206 = LINE ( 'NONE', #1921, #640 ) ;
#207 = STYLED_ITEM ( 'NONE', ( #715 ), #1493 ) ;
#208 = PRESENTATION_LAYER_ASSIGNMENT (  '', '', ( #2237 ) ) ;
#209 = FACE_OUTER_BOUND ( 'NONE', #249, .T. ) ;
#210 = ADVANCED_FACE ( 'NONE', ( #209 ), #1373, .F. ) ;
#211 = CARTESIAN_POINT ( 'NONE',  ( -3.210536885311948474, 0.000000000000000000, 6.349999999999999645 ) ) ;
#212 = AXIS2_PLACEMENT_3D ( 'NONE', #1510, #762, #2028 ) ;
#213 = ORIENTED_EDGE ( 'NONE', *, *, #1281, .F. ) ;
#214 = SURFACE_STYLE_USAGE ( .BOTH. , #570 ) ;
#215 = ORIENTED_EDGE ( 'NONE', *, *, #1878, .F. ) ;
#216 = DIRECTION ( 'NONE',  ( 0.000000000000000000, 0.000000000000000000, 1.000000000000000000 ) ) ;
#217 = ORIENTED_EDGE ( 'NONE', *, *, #1730, .T. ) ;
#218 = DIRECTION ( 'NONE',  ( -0.000000000000000000, -0.000000000000000000, -1.000000000000000000 ) ) ;
#219 = AXIS2_PLACEMENT_3D ( 'NONE', #1448, #459, #1080 ) ;
#220 = DIRECTION ( 'NONE',  ( -1.000000000000000000, -0.000000000000000000, -0.000000000000000000 ) ) ;
#221 = FACE_OUTER_BOUND ( 'NONE', #62, .T. ) ;
#222 = ORIENTED_EDGE ( 'NONE', *, *, #1119, .T. ) ;
#223 = DIRECTION ( 'NONE',  ( 1.000000000000000000, 0.000000000000000000, 0.000000000000000000 ) ) ;
#224 = EDGE_CURVE ( 'NONE', #2029, #305, #1173, .T. ) ;
#225 = FILL_AREA_STYLE ('',( #1671 ) ) ;
#226 = DIRECTION ( 'NONE',  ( 1.173378974551411372E-16, -0.000000000000000000, 1.000000000000000000 ) ) ;
#227 = CARTESIAN_POINT ( 'NONE',  ( -3.210536885311948474, 1.089999999999999858, 5.459999999999999964 ) ) ;
#228 = CARTESIAN_POINT ( 'NONE',  ( -3.210536885311948474, 0.6299999999999997824, 5.459999999999999964 ) ) ;
#229 = CARTESIAN_POINT ( 'NONE',  ( -3.674999999999999822, 1.089999999999999858, 0.8899999999999997913 ) ) ;
#230 = SURFACE_STYLE_FILL_AREA ( #274 ) ;
#231 = FILL_AREA_STYLE_COLOUR ( '', #195 ) ;
#232 = PRESENTATION_LAYER_ASSIGNMENT (  '', '', ( #1016 ) ) ;
#233 = CARTESIAN_POINT ( 'NONE',  ( -3.674999999999998490, 0.6299999999999997824, 5.109999999999998543 ) ) ;
#234 = VECTOR ( 'NONE', #1589, 1000.000000000000000 ) ;
#235 = PLANE ( 'NONE',  #191 ) ;
#236 = CARTESIAN_POINT ( 'NONE',  ( -3.080180703893115712, 0.6299999999999997824, 6.349999999999999645 ) ) ;
#237 = FILL_AREA_STYLE ('',( #819 ) ) ;
#238 = STYLED_ITEM ( 'NONE', ( #2077 ), #2362 ) ;
#239 = EDGE_CURVE ( 'NONE', #1691, #1980, #1710, .T. ) ;
#240 = ORIENTED_EDGE ( 'NONE', *, *, #2321, .T. ) ;
#241 = DIRECTION ( 'NONE',  ( 0.000000000000000000, 0.000000000000000000, -1.000000000000000000 ) ) ;
#242 = CARTESIAN_POINT ( 'NONE',  ( 4.103800743383105853, 0.2553506504021022527, 5.774999999999999467 ) ) ;
#243 = CARTESIAN_POINT ( 'NONE',  ( 3.995000000000000107, 0.000000000000000000, 3.489999999999999769 ) ) ;
#244 = ORIENTED_EDGE ( 'NONE', *, *, #1164, .T. ) ;
#245 = FILL_AREA_STYLE_COLOUR ( '', #1392 ) ;
#246 = DIRECTION ( 'NONE',  ( -2.846920365388633858E-16, 0.000000000000000000, -1.000000000000000000 ) ) ;
#247 = EDGE_LOOP ( 'NONE', ( #1180, #1673, #547, #18, #1952, #2055, #913, #1669, #458, #2149, #1814, #324 ) ) ;
#248 = PRESENTATION_STYLE_ASSIGNMENT (( #275 ) ) ;
#249 = EDGE_LOOP ( 'NONE', ( #557, #1647, #1999, #1410 ) ) ;
#250 = AXIS2_PLACEMENT_3D ( 'NONE', #2377, #1310, #1139 ) ;
#251 = COLOUR_RGB ( '',1.000000000000000000, 1.000000000000000000, 1.000000000000000000 ) ;
#252 =( LENGTH_UNIT ( ) NAMED_UNIT ( * ) SI_UNIT ( .MILLI., .METRE. ) );
#253 = LINE ( 'NONE', #1719, #870 ) ;
#254 = VECTOR ( 'NONE', #39, 1000.000000000000000 ) ;
#255 =( NAMED_UNIT ( * ) SI_UNIT ( $, .STERADIAN. ) SOLID_ANGLE_UNIT ( ) );
#256 = SURFACE_SIDE_STYLE ('',( #1090 ) ) ;
#257 = LINE ( 'NONE', #263, #2175 ) ;
#258 = VECTOR ( 'NONE', #478, 1000.000000000000000 ) ;
#259 =( LENGTH_UNIT ( ) NAMED_UNIT ( * ) SI_UNIT ( .MILLI., .METRE. ) );
#260 = MECHANICAL_DESIGN_GEOMETRIC_PRESENTATION_REPRESENTATION (  '', ( #964 ), #402 ) ;
#261 =( NAMED_UNIT ( * ) PLANE_ANGLE_UNIT ( ) SI_UNIT ( $, .RADIAN. ) );
#262 = CARTESIAN_POINT ( 'NONE',  ( 3.105010452734799031, -0.5100000000000000089, 3.489999999999999769 ) ) ;
#263 = CARTESIAN_POINT ( 'NONE',  ( -2.984999999999999432, 1.089999999999999858, 6.349999999999999645 ) ) ;
#264 = COLOUR_RGB ( '',1.000000000000000000, 1.000000000000000000, 1.000000000000000000 ) ;
#265 = MECHANICAL_DESIGN_GEOMETRIC_PRESENTATION_REPRESENTATION (  '', ( #850 ), #1464 ) ;
#266 = FILL_AREA_STYLE_COLOUR ( '', #1724 ) ;
#267 = AXIS2_PLACEMENT_3D ( 'NONE', #373, #947, #569 ) ;
#268 = PLANE ( 'NONE',  #1865 ) ;
#269 =( NAMED_UNIT ( * ) SI_UNIT ( $, .STERADIAN. ) SOLID_ANGLE_UNIT ( ) );
#270 = ORIENTED_EDGE ( 'NONE', *, *, #1683, .F. ) ;
#271 = CARTESIAN_POINT ( 'NONE',  ( 0.9450000000000009504, 0.6299999999999997824, 5.459999999999999964 ) ) ;
#272 = EDGE_CURVE ( 'NONE', #1691, #2005, #125, .T. ) ;
#273 = ORIENTED_EDGE ( 'NONE', *, *, #1976, .F. ) ;
#274 = FILL_AREA_STYLE ('',( #1739 ) ) ;
#275 = SURFACE_STYLE_USAGE ( .BOTH. , #2126 ) ;
#276 = ORIENTED_EDGE ( 'NONE', *, *, #513, .T. ) ;
#277 = CARTESIAN_POINT ( 'NONE',  ( 5.725000000000001421, 0.5799999999999997380, 5.144999999999999574 ) ) ;
#278 = DIRECTION ( 'NONE',  ( 0.000000000000000000, 1.000000000000000000, 0.000000000000000000 ) ) ;
#279 = ORIENTED_EDGE ( 'NONE', *, *, #1773, .T. ) ;
#280 = CARTESIAN_POINT ( 'NONE',  ( -3.324999999999998401, 1.089999999999999858, 0.8899999999999997913 ) ) ;
#281 = VERTEX_POINT ( 'NONE', #455 ) ;
#282 = COLOUR_RGB ( '',1.000000000000000000, 1.000000000000000000, 1.000000000000000000 ) ;
#283 = DIRECTION ( 'NONE',  ( 0.4892986991957993248, 0.8721162668849254951, 0.000000000000000000 ) ) ;
#284 = PRESENTATION_LAYER_ASSIGNMENT (  '', '', ( #519 ) ) ;
#285 = COLOUR_RGB ( '',1.000000000000000000, 1.000000000000000000, 1.000000000000000000 ) ;
#286 = DIRECTION ( 'NONE',  ( 0.000000000000000000, -1.000000000000000000, 0.000000000000000000 ) ) ;
#287 = PRESENTATION_LAYER_ASSIGNMENT (  '', '', ( #1771 ) ) ;
#288 = UNCERTAINTY_MEASURE_WITH_UNIT (LENGTH_MEASURE( 1.000000000000000082E-05 ), #2109, 'distance_accuracy_value', 'NONE');
#289 = VECTOR ( 'NONE', #1692, 1000.000000000000114 ) ;
#290 = EDGE_CURVE ( 'NONE', #1467, #897, #428, .T. ) ;
#291 = AXIS2_PLACEMENT_3D ( 'NONE', #81, #2133, #442 ) ;
#292 = CARTESIAN_POINT ( 'NONE',  ( 3.210536885311948474, 0.000000000000000000, 6.349999999999999645 ) ) ;
#293 = STYLED_ITEM ( 'NONE', ( #627 ), #1269 ) ;
#294 = DIRECTION ( 'NONE',  ( 0.000000000000000000, -0.000000000000000000, 1.000000000000000000 ) ) ;
#295 = ORIENTED_EDGE ( 'NONE', *, *, #290, .F. ) ;
#296 = VECTOR ( 'NONE', #1431, 1000.000000000000000 ) ;
#297 = SURFACE_STYLE_USAGE ( .BOTH. , #1402 ) ;
#298 = SURFACE_STYLE_FILL_AREA ( #38 ) ;
#299 = FILL_AREA_STYLE ('',( #2154 ) ) ;
#300 = COLOUR_RGB ( '',1.000000000000000000, 1.000000000000000000, 1.000000000000000000 ) ;
#301 = PLANE ( 'NONE',  #571 ) ;
#302 = EDGE_LOOP ( 'NONE', ( #2193, #781, #1556, #120, #1387, #279, #1592, #2379, #498, #142 ) ) ;
#303 = SURFACE_STYLE_FILL_AREA ( #1126 ) ;
#304 = CARTESIAN_POINT ( 'NONE',  ( 2.985000000000000320, 1.089999999999999858, 0.000000000000000000 ) ) ;
#305 = VERTEX_POINT ( 'NONE', #659 ) ;
#306 = ORIENTED_EDGE ( 'NONE', *, *, #1584, .F. ) ;
#307 = EDGE_LOOP ( 'NONE', ( #858, #350, #1718, #2009 ) ) ;
#308 =( NAMED_UNIT ( * ) PLANE_ANGLE_UNIT ( ) SI_UNIT ( $, .RADIAN. ) );
#309 = LINE ( 'NONE', #1227, #1561 ) ;
#310 = VECTOR ( 'NONE', #12, 1000.000000000000000 ) ;
#311 = ORIENTED_EDGE ( 'NONE', *, *, #2276, .T. ) ;
#312 = SURFACE_STYLE_USAGE ( .BOTH. , #673 ) ;
#313 = VECTOR ( 'NONE', #1751, 1000.000000000000000 ) ;
#314 = SURFACE_STYLE_FILL_AREA ( #487 ) ;
#315 = FACE_OUTER_BOUND ( 'NONE', #2328, .T. ) ;
#316 = DIRECTION ( 'NONE',  ( -0.000000000000000000, 0.000000000000000000, 1.000000000000000000 ) ) ;
#317 =( NAMED_UNIT ( * ) PLANE_ANGLE_UNIT ( ) SI_UNIT ( $, .RADIAN. ) );
#318 =( NAMED_UNIT ( * ) PLANE_ANGLE_UNIT ( ) SI_UNIT ( $, .RADIAN. ) );
#319 = ORIENTED_EDGE ( 'NONE', *, *, #224, .T. ) ;
#320 = EDGE_CURVE ( 'NONE', #1467, #1385, #572, .T. ) ;
#321 = FILL_AREA_STYLE ('',( #1439 ) ) ;
#322 =( NAMED_UNIT ( * ) SI_UNIT ( $, .STERADIAN. ) SOLID_ANGLE_UNIT ( ) );
#323 = CARTESIAN_POINT ( 'NONE',  ( 4.392979205473221072, 0.7707765880472675635, 5.144999999999999574 ) ) ;
#324 = ORIENTED_EDGE ( 'NONE', *, *, #744, .F. ) ;
#325 =( LENGTH_UNIT ( ) NAMED_UNIT ( * ) SI_UNIT ( .MILLI., .METRE. ) );
#326 = CARTESIAN_POINT ( 'NONE',  ( 2.985000000000001208, -1.090000000000000302, 6.349999999999999645 ) ) ;
#327 = PRESENTATION_LAYER_ASSIGNMENT (  '', '', ( #78 ) ) ;
#328 = ORIENTED_EDGE ( 'NONE', *, *, #1293, .T. ) ;
#329 =( LENGTH_UNIT ( ) NAMED_UNIT ( * ) SI_UNIT ( .MILLI., .METRE. ) );
#330 = ORIENTED_EDGE ( 'NONE', *, *, #8, .F. ) ;
#331 = STYLED_ITEM ( 'NONE', ( #1447 ), #1305 ) ;
#332 = LINE ( 'NONE', #394, #2305 ) ;
#333 = FILL_AREA_STYLE_COLOUR ( '', #575 ) ;
#334 = CARTESIAN_POINT ( 'NONE',  ( 0.9450000000000009504, 1.089999999999999858, 0.8899999999999993472 ) ) ;
#335 =( GEOMETRIC_REPRESENTATION_CONTEXT ( 3 ) GLOBAL_UNCERTAINTY_ASSIGNED_CONTEXT ( ( #692 ) ) GLOBAL_UNIT_ASSIGNED_CONTEXT ( ( #2018, #1304, #184 ) ) REPRESENTATION_CONTEXT ( 'NONE', 'WORKASPACE' ) );
#336 = VECTOR ( 'NONE', #1676, 1000.000000000000000 ) ;
#337 = SURFACE_SIDE_STYLE ('',( #1709 ) ) ;
#338 =( LENGTH_UNIT ( ) NAMED_UNIT ( * ) SI_UNIT ( .MILLI., .METRE. ) );
#339 = DIRECTION ( 'NONE',  ( -1.000000000000000000, -0.000000000000000000, -0.000000000000000000 ) ) ;
#340 = EDGE_CURVE ( 'NONE', #2295, #520, #1608, .T. ) ;
#341 = VECTOR ( 'NONE', #2190, 1000.000000000000000 ) ;
#342 = LINE ( 'NONE', #1186, #1204 ) ;
#343 = FILL_AREA_STYLE_COLOUR ( '', #1420 ) ;
#344 = DIRECTION ( 'NONE',  ( -0.9975640502598246417, -0.06975647374411859947, 0.000000000000000000 ) ) ;
#345 = CARTESIAN_POINT ( 'NONE',  ( 3.667742609940642495, 0.5000000000000002220, 5.144999999999999574 ) ) ;
#346 = ORIENTED_EDGE ( 'NONE', *, *, #1281, .T. ) ;
#347 =( GEOMETRIC_REPRESENTATION_CONTEXT ( 3 ) GLOBAL_UNCERTAINTY_ASSIGNED_CONTEXT ( ( #2071 ) ) GLOBAL_UNIT_ASSIGNED_CONTEXT ( ( #593, #2251, #1167 ) ) REPRESENTATION_CONTEXT ( 'NONE', 'WORKASPACE' ) );
#348 = UNCERTAINTY_MEASURE_WITH_UNIT (LENGTH_MEASURE( 1.000000000000000082E-05 ), #367, 'distance_accuracy_value', 'NONE');
#349 = FILL_AREA_STYLE_COLOUR ( '', #251 ) ;
#350 = ORIENTED_EDGE ( 'NONE', *, *, #1902, .F. ) ;
#351 = SURFACE_STYLE_USAGE ( .BOTH. , #337 ) ;
#352 = PRESENTATION_LAYER_ASSIGNMENT (  '', '', ( #238 ) ) ;
#353 = VECTOR ( 'NONE', #816, 1000.000000000000000 ) ;
#354 = VERTEX_POINT ( 'NONE', #505 ) ;
#355 = EDGE_CURVE ( 'NONE', #168, #2051, #1766, .T. ) ;
#356 = SURFACE_STYLE_FILL_AREA ( #539 ) ;
#357 = EDGE_CURVE ( 'NONE', #2029, #1588, #1232, .T. ) ;
#358 = FILL_AREA_STYLE_COLOUR ( '', #1713 ) ;
#359 = LINE ( 'NONE', #1145, #167 ) ;
#360 = LINE ( 'NONE', #823, #1564 ) ;
#361 =( NAMED_UNIT ( * ) SI_UNIT ( $, .STERADIAN. ) SOLID_ANGLE_UNIT ( ) );
#362 = ADVANCED_FACE ( 'NONE', ( #1578 ), #1236, .F. ) ;
#363 = FACE_OUTER_BOUND ( 'NONE', #1899, .T. ) ;
#364 = FACE_OUTER_BOUND ( 'NONE', #1689, .T. ) ;
#365 = MECHANICAL_DESIGN_GEOMETRIC_PRESENTATION_REPRESENTATION (  '', ( #203 ), #833 ) ;
#366 = CARTESIAN_POINT ( 'NONE',  ( 3.667742609940642495, 0.5000000000000002220, 5.144999999999999574 ) ) ;
#367 =( LENGTH_UNIT ( ) NAMED_UNIT ( * ) SI_UNIT ( .MILLI., .METRE. ) );
#368 = CARTESIAN_POINT ( 'NONE',  ( 4.392979205473221072, 0.7707765880472675635, 5.144999999999999574 ) ) ;
#369 = ORIENTED_EDGE ( 'NONE', *, *, #1042, .F. ) ;
#370 =( GEOMETRIC_REPRESENTATION_CONTEXT ( 3 ) GLOBAL_UNCERTAINTY_ASSIGNED_CONTEXT ( ( #1587 ) ) GLOBAL_UNIT_ASSIGNED_CONTEXT ( ( #1433, #2323, #1047 ) ) REPRESENTATION_CONTEXT ( 'NONE', 'WORKASPACE' ) );
#371 = CARTESIAN_POINT ( 'NONE',  ( -3.674999999999999822, 0.6299999999999997824, 0.8899999999999997913 ) ) ;
#372 = STYLED_ITEM ( 'NONE', ( #248 ), #1434 ) ;
#373 = CARTESIAN_POINT ( 'NONE',  ( -2.984999999999999432, 1.089999999999999858, 6.349999999999999645 ) ) ;
#374 = AXIS2_PLACEMENT_3D ( 'NONE', #1368, #1376, #1737 ) ;
#375 = DIRECTION ( 'NONE',  ( -0.2026225276928677321, -0.9792569179083459030, -0.000000000000000000 ) ) ;
#376 = ORIENTED_EDGE ( 'NONE', *, *, #320, .F. ) ;
#377 = VERTEX_POINT ( 'NONE', #1780 ) ;
#378 =( NAMED_UNIT ( * ) SI_UNIT ( $, .STERADIAN. ) SOLID_ANGLE_UNIT ( ) );
#379 = STYLED_ITEM ( 'NONE', ( #1786 ), #737 ) ;
#380 = UNCERTAINTY_MEASURE_WITH_UNIT (LENGTH_MEASURE( 1.000000000000000082E-05 ), #2044, 'distance_accuracy_value', 'NONE');
#381 = ORIENTED_EDGE ( 'NONE', *, *, #224, .F. ) ;
#382 = DIRECTION ( 'NONE',  ( -0.000000000000000000, -1.000000000000000000, -0.000000000000000000 ) ) ;
#383 = ADVANCED_FACE ( 'NONE', ( #703 ), #153, .F. ) ;
#384 = SURFACE_SIDE_STYLE ('',( #1221 ) ) ;
#385 = COLOUR_RGB ( '',1.000000000000000000, 1.000000000000000000, 1.000000000000000000 ) ;
#386 = CARTESIAN_POINT ( 'NONE',  ( -3.674999999999999822, 1.089999999999999858, 1.239999999999999325 ) ) ;
#387 = LINE ( 'NONE', #368, #336 ) ;
#388 = APPLICATION_PROTOCOL_DEFINITION ( 'draft international standard', 'automotive_design', 1998, #10 ) ;
#389 =( NAMED_UNIT ( * ) PLANE_ANGLE_UNIT ( ) SI_UNIT ( $, .RADIAN. ) );
#390 = ADVANCED_FACE ( 'NONE', ( #2180 ), #1515, .T. ) ;
#391 = DIRECTION ( 'NONE',  ( 0.2026225276928677321, 0.9792569179083459030, -0.000000000000000000 ) ) ;
#392 = CARTESIAN_POINT ( 'NONE',  ( 3.966392770819372693, -0.5100000000000000089, 1.194999999999999840 ) ) ;
#393 = PRESENTATION_STYLE_ASSIGNMENT (( #2047 ) ) ;
#394 = CARTESIAN_POINT ( 'NONE',  ( 3.210536885311948474, 0.000000000000000000, 6.349999999999999645 ) ) ;
#395 = SURFACE_STYLE_FILL_AREA ( #628 ) ;
#396 =( NAMED_UNIT ( * ) SI_UNIT ( $, .STERADIAN. ) SOLID_ANGLE_UNIT ( ) );
#397 = PRESENTATION_LAYER_ASSIGNMENT (  '', '', ( #1745 ) ) ;
#398 = LINE ( 'NONE', #1112, #341 ) ;
#399 =( NAMED_UNIT ( * ) PLANE_ANGLE_UNIT ( ) SI_UNIT ( $, .RADIAN. ) );
#400 = EDGE_CURVE ( 'NONE', #1121, #1688, #206, .T. ) ;
#401 = SURFACE_SIDE_STYLE ('',( #784 ) ) ;
#402 =( GEOMETRIC_REPRESENTATION_CONTEXT ( 3 ) GLOBAL_UNCERTAINTY_ASSIGNED_CONTEXT ( ( #1234 ) ) GLOBAL_UNIT_ASSIGNED_CONTEXT ( ( #411, #433, #598 ) ) REPRESENTATION_CONTEXT ( 'NONE', 'WORKASPACE' ) );
#403 = CARTESIAN_POINT ( 'NONE',  ( -2.984999999999999432, 1.089999999999999858, 0.000000000000000000 ) ) ;
#404 = MECHANICAL_DESIGN_GEOMETRIC_PRESENTATION_REPRESENTATION (  '', ( #331 ), #577 ) ;
#405 = CARTESIAN_POINT ( 'NONE',  ( 5.725000000000001421, 0.5799999999999997380, 5.774999999999999467 ) ) ;
#406 = VERTEX_POINT ( 'NONE', #2116 ) ;
#407 = FILL_AREA_STYLE_COLOUR ( '', #2225 ) ;
#408 = ADVANCED_FACE ( 'NONE', ( #1315 ), #1008, .T. ) ;
#409 = ORIENTED_EDGE ( 'NONE', *, *, #605, .F. ) ;
#410 = ORIENTED_EDGE ( 'NONE', *, *, #2174, .T. ) ;
#411 =( LENGTH_UNIT ( ) NAMED_UNIT ( * ) SI_UNIT ( .MILLI., .METRE. ) );
#412 = VERTEX_POINT ( 'NONE', #80 ) ;
#413 = CARTESIAN_POINT ( 'NONE',  ( 4.103800743383105853, 0.2553506504021022527, 5.144999999999999574 ) ) ;
#414 = FACE_OUTER_BOUND ( 'NONE', #1777, .T. ) ;
#415 = VECTOR ( 'NONE', #1365, 1000.000000000000000 ) ;
#416 = ORIENTED_EDGE ( 'NONE', *, *, #526, .T. ) ;
#417 =( NAMED_UNIT ( * ) SI_UNIT ( $, .STERADIAN. ) SOLID_ANGLE_UNIT ( ) );
#418 = PRESENTATION_STYLE_ASSIGNMENT (( #574 ) ) ;
#419 = CIRCLE ( 'NONE', #872, 0.5000000000000004441 ) ;
#420 = VECTOR ( 'NONE', #642, 1000.000000000000000 ) ;
#421 = FILL_AREA_STYLE ('',( #245 ) ) ;
#422 = DIRECTION ( 'NONE',  ( 0.000000000000000000, 0.000000000000000000, 1.000000000000000000 ) ) ;
#423 =( GEOMETRIC_REPRESENTATION_CONTEXT ( 3 ) GLOBAL_UNCERTAINTY_ASSIGNED_CONTEXT ( ( #879 ) ) GLOBAL_UNIT_ASSIGNED_CONTEXT ( ( #2299, #318, #2317 ) ) REPRESENTATION_CONTEXT ( 'NONE', 'WORKASPACE' ) );
#424 = UNCERTAINTY_MEASURE_WITH_UNIT (LENGTH_MEASURE( 1.000000000000000082E-05 ), #329, 'distance_accuracy_value', 'NONE');
#425 = AXIS2_PLACEMENT_3D ( 'NONE', #1636, #1427, #2242 ) ;
#426 = MECHANICAL_DESIGN_GEOMETRIC_PRESENTATION_REPRESENTATION (  '', ( #1016 ), #347 ) ;
#427 =( LENGTH_UNIT ( ) NAMED_UNIT ( * ) SI_UNIT ( .MILLI., .METRE. ) );
#428 = LINE ( 'NONE', #147, #1264 ) ;
#429 = EDGE_CURVE ( 'NONE', #1892, #982, #484, .T. ) ;
#430 = EDGE_CURVE ( 'NONE', #1352, #1808, #1058, .T. ) ;
#431 = SURFACE_SIDE_STYLE ('',( #230 ) ) ;
#432 = ORIENTED_EDGE ( 'NONE', *, *, #591, .F. ) ;
#433 =( NAMED_UNIT ( * ) PLANE_ANGLE_UNIT ( ) SI_UNIT ( $, .RADIAN. ) );
#434 = PRESENTATION_LAYER_ASSIGNMENT (  '', '', ( #876 ) ) ;
#435 = FILL_AREA_STYLE_COLOUR ( '', #632 ) ;
#436 = DIRECTION ( 'NONE',  ( -0.000000000000000000, 1.000000000000000000, -0.000000000000000000 ) ) ;
#437 = ORIENTED_EDGE ( 'NONE', *, *, #2346, .T. ) ;
#438 =( LENGTH_UNIT ( ) NAMED_UNIT ( * ) SI_UNIT ( .MILLI., .METRE. ) );
#439 = FILL_AREA_STYLE_COLOUR ( '', #953 ) ;
#440 = ORIENTED_EDGE ( 'NONE', *, *, #1042, .T. ) ;
#441 = DIRECTION ( 'NONE',  ( 0.000000000000000000, 0.000000000000000000, 1.000000000000000000 ) ) ;
#442 = DIRECTION ( 'NONE',  ( -1.000000000000000000, 0.000000000000000000, -0.000000000000000000 ) ) ;
#443 =( GEOMETRIC_REPRESENTATION_CONTEXT ( 3 ) GLOBAL_UNCERTAINTY_ASSIGNED_CONTEXT ( ( #1408 ) ) GLOBAL_UNIT_ASSIGNED_CONTEXT ( ( #259, #1000, #417 ) ) REPRESENTATION_CONTEXT ( 'NONE', 'WORKASPACE' ) );
#444 = MECHANICAL_DESIGN_GEOMETRIC_PRESENTATION_REPRESENTATION (  '', ( #207 ), #886 ) ;
#445 = DIRECTION ( 'NONE',  ( 1.000000000000000000, -0.000000000000000000, -0.000000000000000000 ) ) ;
#446 = PRESENTATION_LAYER_ASSIGNMENT (  '', '', ( #1629 ) ) ;
#447 = CARTESIAN_POINT ( 'NONE',  ( 3.210536885311948474, 0.000000000000000000, 5.774999999999999467 ) ) ;
#448 = CARTESIAN_POINT ( 'NONE',  ( 3.210536885311948474, 0.000000000000000000, 2.859999999999999876 ) ) ;
#449 = PRESENTATION_LAYER_ASSIGNMENT (  '', '', ( #331 ) ) ;
#450 =( NAMED_UNIT ( * ) SI_UNIT ( $, .STERADIAN. ) SOLID_ANGLE_UNIT ( ) );
#451 = PLANE ( 'NONE',  #2314 ) ;
#452 = VECTOR ( 'NONE', #1791, 1000.000000000000000 ) ;
#453 = LINE ( 'NONE', #998, #2205 ) ;
#454 = DIRECTION ( 'NONE',  ( -0.2026225276928677321, -0.9792569179083459030, -0.000000000000000000 ) ) ;
#455 = CARTESIAN_POINT ( 'NONE',  ( 3.667742609940640275, 1.084202172485504434E-16, 5.774999999999999467 ) ) ;
#456 = EDGE_LOOP ( 'NONE', ( #46, #381, #615, #1532 ) ) ;
#457 = EDGE_CURVE ( 'NONE', #1526, #94, #544, .T. ) ;
#458 = ORIENTED_EDGE ( 'NONE', *, *, #430, .F. ) ;
#459 = DIRECTION ( 'NONE',  ( -0.8721162668849256061, 0.4892986991957993803, 0.000000000000000000 ) ) ;
#460 = FILL_AREA_STYLE ('',( #126 ) ) ;
#461 = ORIENTED_EDGE ( 'NONE', *, *, #608, .T. ) ;
#462 = ORIENTED_EDGE ( 'NONE', *, *, #1371, .T. ) ;
#463 = CARTESIAN_POINT ( 'NONE',  ( 3.105010452734799031, -0.5100000000000000089, 1.194999999999999840 ) ) ;
#464 = SURFACE_SIDE_STYLE ('',( #1253 ) ) ;
#465 = ORIENTED_EDGE ( 'NONE', *, *, #1733, .T. ) ;
#466 = CARTESIAN_POINT ( 'NONE',  ( 4.794159102043628273, 1.024909263579282470, 0.5649999999999998357 ) ) ;
#467 = CARTESIAN_POINT ( 'NONE',  ( 3.995000000000000107, -0.5100000000000000089, 2.859999999999999876 ) ) ;
#468 = PRESENTATION_STYLE_ASSIGNMENT (( #2282 ) ) ;
#469 = COLOUR_RGB ( '',1.000000000000000000, 1.000000000000000000, 1.000000000000000000 ) ;
#470 = VERTEX_POINT ( 'NONE', #1014 ) ;
#471 = CARTESIAN_POINT ( 'NONE',  ( 4.402450904261838716, -0.2546493495978977561, 0.5649999999999998357 ) ) ;
#472 = VECTOR ( 'NONE', #26, 1000.000000000000227 ) ;
#473 = CARTESIAN_POINT ( 'NONE',  ( 5.725000000000001421, 0.5799999999999997380, 1.194999999999999840 ) ) ;
#474 = PRODUCT ( 'MC7805BDTRKG', 'MC7805BDTRKG', '', ( #202 ) ) ;
#475 = COLOUR_RGB ( '',1.000000000000000000, 1.000000000000000000, 1.000000000000000000 ) ;
#476 = LINE ( 'NONE', #881, #258 ) ;
#477 = DIRECTION ( 'NONE',  ( -1.000000000000000000, 0.000000000000000000, 0.000000000000000000 ) ) ;
#478 = DIRECTION ( 'NONE',  ( 0.000000000000000000, 0.000000000000000000, 1.000000000000000000 ) ) ;
#479 = MECHANICAL_DESIGN_GEOMETRIC_PRESENTATION_REPRESENTATION (  '', ( #238 ), #2040 ) ;
#480 = VECTOR ( 'NONE', #2333, 1000.000000000000000 ) ;
#481 = EDGE_CURVE ( 'NONE', #648, #984, #1828, .T. ) ;
#482 = SURFACE_SIDE_STYLE ('',( #1069 ) ) ;
#483 = SURFACE_SIDE_STYLE ('',( #1654 ) ) ;
#484 = CIRCLE ( 'NONE', #2292, 0.5000000000000004441 ) ;
#485 =( LENGTH_UNIT ( ) NAMED_UNIT ( * ) SI_UNIT ( .MILLI., .METRE. ) );
#486 = AXIS2_PLACEMENT_3D ( 'NONE', #1063, #868, #694 ) ;
#487 = FILL_AREA_STYLE ('',( #116 ) ) ;
#488 = FILL_AREA_STYLE ('',( #1615 ) ) ;
#489 = DIRECTION ( 'NONE',  ( 1.000000000000000000, 0.000000000000000000, 0.000000000000000000 ) ) ;
#490 = AXIS2_PLACEMENT_3D ( 'NONE', #1770, #107, #1576 ) ;
#491 = CARTESIAN_POINT ( 'NONE',  ( 3.210536885311948474, 0.000000000000000000, 5.144999999999999574 ) ) ;
#492 = PRESENTATION_LAYER_ASSIGNMENT (  '', '', ( #1004 ) ) ;
#493 = FILL_AREA_STYLE_COLOUR ( '', #49 ) ;
#494 = ORIENTED_EDGE ( 'NONE', *, *, #481, .T. ) ;
#495 =( NAMED_UNIT ( * ) PLANE_ANGLE_UNIT ( ) SI_UNIT ( $, .RADIAN. ) );
#496 = ADVANCED_FACE ( 'NONE', ( #797 ), #451, .F. ) ;
#497 = ORIENTED_EDGE ( 'NONE', *, *, #664, .F. ) ;
#498 = ORIENTED_EDGE ( 'NONE', *, *, #155, .F. ) ;
#499 = AXIS2_PLACEMENT_3D ( 'NONE', #101, #1407, #672 ) ;
#500 = ORIENTED_EDGE ( 'NONE', *, *, #1446, .F. ) ;
#501 = UNCERTAINTY_MEASURE_WITH_UNIT (LENGTH_MEASURE( 1.000000000000000082E-05 ), #204, 'distance_accuracy_value', 'NONE');
#502 = LINE ( 'NONE', #113, #2191 ) ;
#503 = ORIENTED_EDGE ( 'NONE', *, *, #527, .T. ) ;
#504 = DIRECTION ( 'NONE',  ( 0.000000000000000000, -0.000000000000000000, -1.000000000000000000 ) ) ;
#505 = CARTESIAN_POINT ( 'NONE',  ( -2.984999999999999432, 1.089999999999999858, 6.349999999999999645 ) ) ;
#506 = SURFACE_STYLE_USAGE ( .BOTH. , #464 ) ;
#507 = CYLINDRICAL_SURFACE ( 'NONE', #17, 0.5000000000000004441 ) ;
#508 = VECTOR ( 'NONE', #1429, 1000.000000000000227 ) ;
#509 = MECHANICAL_DESIGN_GEOMETRIC_PRESENTATION_REPRESENTATION (  '', ( #1511 ), #1996 ) ;
#510 = CIRCLE ( 'NONE', #740, 0.5000000000000004441 ) ;
#511 = FILL_AREA_STYLE ('',( #857 ) ) ;
#512 = DIRECTION ( 'NONE',  ( -0.000000000000000000, -0.000000000000000000, -1.000000000000000000 ) ) ;
#513 = EDGE_CURVE ( 'NONE', #1030, #1355, #11, .T. ) ;
#514 = PLANE ( 'NONE',  #972 ) ;
#515 = COLOUR_RGB ( '',1.000000000000000000, 1.000000000000000000, 1.000000000000000000 ) ;
#516 = LINE ( 'NONE', #1461, #767 ) ;
#517 = ORIENTED_EDGE ( 'NONE', *, *, #1110, .F. ) ;
#518 = DIRECTION ( 'NONE',  ( -0.4892986991957993248, -0.8721162668849256061, -0.000000000000000000 ) ) ;
#519 = STYLED_ITEM ( 'NONE', ( #2001 ), #925 ) ;
#520 = VERTEX_POINT ( 'NONE', #2096 ) ;
#521 = MECHANICAL_DESIGN_GEOMETRIC_PRESENTATION_REPRESENTATION (  '', ( #1674 ), #2207 ) ;
#522 =( NAMED_UNIT ( * ) SI_UNIT ( $, .STERADIAN. ) SOLID_ANGLE_UNIT ( ) );
#523 = MECHANICAL_DESIGN_GEOMETRIC_PRESENTATION_REPRESENTATION (  '', ( #1004 ), #2209 ) ;
#524 = ORIENTED_EDGE ( 'NONE', *, *, #1601, .F. ) ;
#525 = EDGE_LOOP ( 'NONE', ( #2347, #624, #1811, #1585 ) ) ;
#526 = EDGE_CURVE ( 'NONE', #32, #1497, #1485, .T. ) ;
#527 = EDGE_CURVE ( 'NONE', #2027, #520, #1457, .T. ) ;
#528 = ORIENTED_EDGE ( 'NONE', *, *, #915, .F. ) ;
#529 = UNCERTAINTY_MEASURE_WITH_UNIT (LENGTH_MEASURE( 1.000000000000000082E-05 ), #2345, 'distance_accuracy_value', 'NONE');
#530 = CYLINDRICAL_SURFACE ( 'NONE', #499, 0.5000000000000004441 ) ;
#531 = CARTESIAN_POINT ( 'NONE',  ( 4.103800743383105853, 0.2553506504021022527, 5.774999999999999467 ) ) ;
#532 = AXIS2_PLACEMENT_3D ( 'NONE', #2035, #1343, #546 ) ;
#533 = ORIENTED_EDGE ( 'NONE', *, *, #272, .F. ) ;
#534 = VECTOR ( 'NONE', #780, 1000.000000000000000 ) ;
#535 = SURFACE_STYLE_FILL_AREA ( #488 ) ;
#536 = COLOUR_RGB ( '',1.000000000000000000, 1.000000000000000000, 1.000000000000000000 ) ;
#537 = CIRCLE ( 'NONE', #709, 0.5000000000000000000 ) ;
#538 = PRESENTATION_LAYER_ASSIGNMENT (  '', '', ( #959 ) ) ;
#539 = FILL_AREA_STYLE ('',( #343 ) ) ;
#540 = CARTESIAN_POINT ( 'NONE',  ( 4.829037338915685318, 0.5261272384493700383, 0.5649999999999998357 ) ) ;
#541 = DIRECTION ( 'NONE',  ( -0.7071067811865470176, -0.000000000000000000, -0.7071067811865479058 ) ) ;
#542 = ADVANCED_FACE ( 'NONE', ( #2202 ), #1731, .T. ) ;
#543 = ORIENTED_EDGE ( 'NONE', *, *, #2276, .F. ) ;
#544 = LINE ( 'NONE', #1190, #1969 ) ;
#545 =( NAMED_UNIT ( * ) SI_UNIT ( $, .STERADIAN. ) SOLID_ANGLE_UNIT ( ) );
#546 = DIRECTION ( 'NONE',  ( 1.000000000000000000, 0.000000000000000000, 0.000000000000000000 ) ) ;
#547 = ORIENTED_EDGE ( 'NONE', *, *, #1571, .F. ) ;
#548 = PLANE ( 'NONE',  #250 ) ;
#549 = ORIENTED_EDGE ( 'NONE', *, *, #2095, .T. ) ;
#550 = CARTESIAN_POINT ( 'NONE',  ( 3.667742609940640275, 1.084202172485504434E-16, 5.144999999999999574 ) ) ;
#551 = ADVANCED_FACE ( 'NONE', ( #601 ), #1053, .T. ) ;
#552 = ORIENTED_EDGE ( 'NONE', *, *, #942, .T. ) ;
#553 =( LENGTH_UNIT ( ) NAMED_UNIT ( * ) SI_UNIT ( .MILLI., .METRE. ) );
#554 = EDGE_CURVE ( 'NONE', #3, #2020, #1199, .T. ) ;
#555 = DIRECTION ( 'NONE',  ( 0.000000000000000000, 1.000000000000000000, 0.000000000000000000 ) ) ;
#556 = LINE ( 'NONE', #1033, #1956 ) ;
#557 = ORIENTED_EDGE ( 'NONE', *, *, #1824, .T. ) ;
#558 = EDGE_CURVE ( 'NONE', #1497, #104, #763, .T. ) ;
#559 = MECHANICAL_DESIGN_GEOMETRIC_PRESENTATION_REPRESENTATION (  '', ( #876 ), #1574 ) ;
#560 = UNCERTAINTY_MEASURE_WITH_UNIT (LENGTH_MEASURE( 1.000000000000000082E-05 ), #1915, 'distance_accuracy_value', 'NONE');
#561 = CARTESIAN_POINT ( 'NONE',  ( 0.9450000000000009504, 0.6299999999999997824, 0.8899999999999993472 ) ) ;
#562 = SURFACE_STYLE_FILL_AREA ( #36 ) ;
#563 = DIRECTION ( 'NONE',  ( 0.000000000000000000, -0.000000000000000000, -1.000000000000000000 ) ) ;
#564 = LINE ( 'NONE', #753, #70 ) ;
#565 = LINE ( 'NONE', #1758, #1283 ) ;
#566 = AXIS2_PLACEMENT_3D ( 'NONE', #2141, #700, #477 ) ;
#567 =( NAMED_UNIT ( * ) SI_UNIT ( $, .STERADIAN. ) SOLID_ANGLE_UNIT ( ) );
#568 = STYLED_ITEM ( 'NONE', ( #2083 ), #21 ) ;
#569 = DIRECTION ( 'NONE',  ( 0.000000000000000000, -0.000000000000000000, -1.000000000000000000 ) ) ;
#570 = SURFACE_SIDE_STYLE ('',( #985 ) ) ;
#571 = AXIS2_PLACEMENT_3D ( 'NONE', #2162, #887, #504 ) ;
#572 = LINE ( 'NONE', #1605, #2079 ) ;
#573 = UNCERTAINTY_MEASURE_WITH_UNIT (LENGTH_MEASURE( 1.000000000000000082E-05 ), #553, 'distance_accuracy_value', 'NONE');
#574 = SURFACE_STYLE_USAGE ( .BOTH. , #384 ) ;
#575 = COLOUR_RGB ( '',1.000000000000000000, 1.000000000000000000, 1.000000000000000000 ) ;
#576 = SURFACE_SIDE_STYLE ('',( #1294 ) ) ;
#577 =( GEOMETRIC_REPRESENTATION_CONTEXT ( 3 ) GLOBAL_UNCERTAINTY_ASSIGNED_CONTEXT ( ( #1085 ) ) GLOBAL_UNIT_ASSIGNED_CONTEXT ( ( #1923, #1547, #829 ) ) REPRESENTATION_CONTEXT ( 'NONE', 'WORKASPACE' ) );
#578 = PRESENTATION_STYLE_ASSIGNMENT (( #803 ) ) ;
#579 = FILL_AREA_STYLE ('',( #349 ) ) ;
#580 = ADVANCED_FACE ( 'NONE', ( #2106 ), #1953, .T. ) ;
#581 = ORIENTED_EDGE ( 'NONE', *, *, #1536, .F. ) ;
#582 = ORIENTED_EDGE ( 'NONE', *, *, #200, .T. ) ;
#583 =( NAMED_UNIT ( * ) SI_UNIT ( $, .STERADIAN. ) SOLID_ANGLE_UNIT ( ) );
#584 = DIRECTION ( 'NONE',  ( 0.000000000000000000, 0.000000000000000000, 1.000000000000000000 ) ) ;
#585 = STYLED_ITEM ( 'NONE', ( #1421 ), #754 ) ;
#586 = FILL_AREA_STYLE_COLOUR ( '', #2108 ) ;
#587 = ORIENTED_EDGE ( 'NONE', *, *, #1539, .T. ) ;
#588 = VERTEX_POINT ( 'NONE', #665 ) ;
#589 = CARTESIAN_POINT ( 'NONE',  ( 5.139375286530230902, 0.03695931699962569372, 5.774999999999999467 ) ) ;
#590 = ORIENTED_EDGE ( 'NONE', *, *, #1077, .T. ) ;
#591 = EDGE_CURVE ( 'NONE', #897, #948, #1746, .T. ) ;
#592 = ADVANCED_FACE ( 'NONE', ( #1265 ), #722, .F. ) ;
#593 =( LENGTH_UNIT ( ) NAMED_UNIT ( * ) SI_UNIT ( .MILLI., .METRE. ) );
#594 = DIRECTION ( 'NONE',  ( 1.000000000000000000, 0.000000000000000000, 0.000000000000000000 ) ) ;
#595 = VECTOR ( 'NONE', #898, 1000.000000000000000 ) ;
#596 = SURFACE_STYLE_USAGE ( .BOTH. , #2066 ) ;
#597 = LINE ( 'NONE', #463, #726 ) ;
#598 =( NAMED_UNIT ( * ) SI_UNIT ( $, .STERADIAN. ) SOLID_ANGLE_UNIT ( ) );
#599 = CARTESIAN_POINT ( 'NONE',  ( 3.105010452734799031, -0.5100000000000000089, 5.144999999999999574 ) ) ;
#600 = VERTEX_POINT ( 'NONE', #1818 ) ;
#601 = FACE_OUTER_BOUND ( 'NONE', #53, .T. ) ;
#602 = CARTESIAN_POINT ( 'NONE',  ( 0.000000000000000000, 0.000000000000000000, 0.000000000000000000 ) ) ;
#603 = STYLED_ITEM ( 'NONE', ( #2170 ), #1880 ) ;
#604 = UNCERTAINTY_MEASURE_WITH_UNIT (LENGTH_MEASURE( 1.000000000000000082E-05 ), #325, 'distance_accuracy_value', 'NONE');
#605 = EDGE_CURVE ( 'NONE', #1105, #1287, #1943, .T. ) ;
#606 = VECTOR ( 'NONE', #2049, 1000.000000000000000 ) ;
#607 = PLANE ( 'NONE',  #920 ) ;
#608 = EDGE_CURVE ( 'NONE', #2051, #470, #13, .T. ) ;
#609 =( NAMED_UNIT ( * ) PLANE_ANGLE_UNIT ( ) SI_UNIT ( $, .RADIAN. ) );
#610 = PRESENTATION_STYLE_ASSIGNMENT (( #2200 ) ) ;
#611 =( LENGTH_UNIT ( ) NAMED_UNIT ( * ) SI_UNIT ( .MILLI., .METRE. ) );
#612 = ORIENTED_EDGE ( 'NONE', *, *, #2093, .F. ) ;
#613 =( NAMED_UNIT ( * ) PLANE_ANGLE_UNIT ( ) SI_UNIT ( $, .RADIAN. ) );
#614 = AXIS2_PLACEMENT_3D ( 'NONE', #1451, #129, #2310 ) ;
#615 = ORIENTED_EDGE ( 'NONE', *, *, #357, .T. ) ;
#616 = ORIENTED_EDGE ( 'NONE', *, *, #481, .F. ) ;
#617 = CARTESIAN_POINT ( 'NONE',  ( 3.667742609940642495, 0.5000000000000002220, 5.774999999999999467 ) ) ;
#618 = VERTEX_POINT ( 'NONE', #2011 ) ;
#619 = DIRECTION ( 'NONE',  ( 0.000000000000000000, 0.000000000000000000, 1.000000000000000000 ) ) ;
#620 = AXIS2_PLACEMENT_3D ( 'NONE', #1876, #1864, #1136 ) ;
#621 = DIRECTION ( 'NONE',  ( 1.000000000000000000, 0.000000000000000000, 0.000000000000000000 ) ) ;
#622 = STYLED_ITEM ( 'NONE', ( #956 ), #1663 ) ;
#623 = VECTOR ( 'NONE', #2306, 1000.000000000000000 ) ;
#624 = ORIENTED_EDGE ( 'NONE', *, *, #2284, .F. ) ;
#625 = DIRECTION ( 'NONE',  ( 1.000000000000000000, 0.000000000000000000, 0.000000000000000000 ) ) ;
#626 = VECTOR ( 'NONE', #391, 1000.000000000000114 ) ;
#627 = PRESENTATION_STYLE_ASSIGNMENT (( #1157 ) ) ;
#628 = FILL_AREA_STYLE ('',( #2102 ) ) ;
#629 = AXIS2_PLACEMENT_3D ( 'NONE', #1901, #806, #241 ) ;
#630 = STYLED_ITEM ( 'NONE', ( #723 ), #961 ) ;
#631 = SURFACE_SIDE_STYLE ('',( #864 ) ) ;
#632 = COLOUR_RGB ( '',1.000000000000000000, 1.000000000000000000, 1.000000000000000000 ) ;
#633 = CARTESIAN_POINT ( 'NONE',  ( 3.105010452734799031, -0.5100000000000000089, 5.774999999999999467 ) ) ;
#634 = CARTESIAN_POINT ( 'NONE',  ( 5.725000000000001421, 0.5799999999999997380, 5.144999999999999574 ) ) ;
#635 = PRESENTATION_LAYER_ASSIGNMENT (  '', '', ( #48 ) ) ;
#636 = DIRECTION ( 'NONE',  ( 1.000000000000000000, 0.000000000000000000, -0.000000000000000000 ) ) ;
#637 = VECTOR ( 'NONE', #489, 1000.000000000000000 ) ;
#638 =( GEOMETRIC_REPRESENTATION_CONTEXT ( 3 ) GLOBAL_UNCERTAINTY_ASSIGNED_CONTEXT ( ( #2038 ) ) GLOBAL_UNIT_ASSIGNED_CONTEXT ( ( #1021, #2265, #71 ) ) REPRESENTATION_CONTEXT ( 'NONE', 'WORKASPACE' ) );
#639 = CARTESIAN_POINT ( 'NONE',  ( 3.210536885311948474, 0.000000000000000000, 0.5649999999999998357 ) ) ;
#640 = VECTOR ( 'NONE', #828, 1000.000000000000000 ) ;
#641 = UNCERTAINTY_MEASURE_WITH_UNIT (LENGTH_MEASURE( 1.000000000000000082E-05 ), #252, 'distance_accuracy_value', 'NONE');
#642 = DIRECTION ( 'NONE',  ( -1.000000000000000000, -0.000000000000000000, -0.000000000000000000 ) ) ;
#643 = EDGE_CURVE ( 'NONE', #1980, #1096, #926, .T. ) ;
#644 =( NAMED_UNIT ( * ) PLANE_ANGLE_UNIT ( ) SI_UNIT ( $, .RADIAN. ) );
#645 = ORIENTED_EDGE ( 'NONE', *, *, #2274, .T. ) ;
#646 = DIRECTION ( 'NONE',  ( 0.2026225276928693142, 0.9792569179083455699, 0.000000000000000000 ) ) ;
#647 = EDGE_LOOP ( 'NONE', ( #1798, #465, #863, #311 ) ) ;
#648 = VERTEX_POINT ( 'NONE', #1086 ) ;
#649 = CARTESIAN_POINT ( 'NONE',  ( 3.210536885311948474, 0.000000000000000000, 6.349999999999999645 ) ) ;
#650 = ORIENTED_EDGE ( 'NONE', *, *, #1730, .F. ) ;
#651 = ORIENTED_EDGE ( 'NONE', *, *, #2199, .F. ) ;
#652 = PRESENTATION_STYLE_ASSIGNMENT (( #1059 ) ) ;
#653 = ORIENTED_EDGE ( 'NONE', *, *, #527, .F. ) ;
#654 = CARTESIAN_POINT ( 'NONE',  ( 3.667742609940642495, 0.5000000000000002220, 5.144999999999999574 ) ) ;
#655 = CARTESIAN_POINT ( 'NONE',  ( -2.984999999999999432, 1.089999999999999858, 0.000000000000000000 ) ) ;
#656 = VECTOR ( 'NONE', #1165, 1000.000000000000000 ) ;
#657 = ORIENTED_EDGE ( 'NONE', *, *, #1198, .F. ) ;
#658 =( NAMED_UNIT ( * ) PLANE_ANGLE_UNIT ( ) SI_UNIT ( $, .RADIAN. ) );
#659 = CARTESIAN_POINT ( 'NONE',  ( 4.794159102043628273, 1.024909263579282470, 5.774999999999999467 ) ) ;
#660 = STYLED_ITEM ( 'NONE', ( #1813 ), #1484 ) ;
#661 = LINE ( 'NONE', #1858, #1476 ) ;
#662 = DIRECTION ( 'NONE',  ( -0.9792569179083460140, 0.2026225276928677599, 0.000000000000000000 ) ) ;
#663 = EDGE_CURVE ( 'NONE', #982, #916, #1043, .T. ) ;
#664 = EDGE_CURVE ( 'NONE', #648, #1866, #1156, .T. ) ;
#665 = CARTESIAN_POINT ( 'NONE',  ( 5.725000000000001421, 1.089999999999999858, 5.144999999999999574 ) ) ;
#666 = CARTESIAN_POINT ( 'NONE',  ( 4.402450904261838716, -0.2546493495978977006, 0.5649999999999998357 ) ) ;
#667 = CARTESIAN_POINT ( 'NONE',  ( -3.210536885311948474, 1.089999999999999858, 0.8899999999999993472 ) ) ;
#668 = DIRECTION ( 'NONE',  ( 0.000000000000000000, -0.000000000000000000, 1.000000000000000000 ) ) ;
#669 = CARTESIAN_POINT ( 'NONE',  ( -3.674999999999999822, 1.089999999999999858, 1.239999999999999325 ) ) ;
#670 = PRESENTATION_STYLE_ASSIGNMENT (( #351 ) ) ;
#671 = VECTOR ( 'NONE', #220, 1000.000000000000000 ) ;
#672 = DIRECTION ( 'NONE',  ( 1.000000000000000000, 0.000000000000000000, 0.000000000000000000 ) ) ;
#673 = SURFACE_SIDE_STYLE ('',( #87 ) ) ;
#674 = SURFACE_SIDE_STYLE ('',( #997 ) ) ;
#675 = CARTESIAN_POINT ( 'NONE',  ( 0.000000000000000000, 0.6299999999999997824, 0.000000000000000000 ) ) ;
#676 = CARTESIAN_POINT ( 'NONE',  ( 5.725000000000001421, 1.089999999999999858, 5.144999999999999574 ) ) ;
#677 = ADVANCED_FACE ( 'NONE', ( #1593 ), #2177, .F. ) ;
#678 = COLOUR_RGB ( '',0.000000000000000000, 0.000000000000000000, 0.000000000000000000 ) ;
#679 = EDGE_LOOP ( 'NONE', ( #2332, #738, #590, #859 ) ) ;
#680 =( LENGTH_UNIT ( ) NAMED_UNIT ( * ) SI_UNIT ( .MILLI., .METRE. ) );
#681 = FILL_AREA_STYLE_COLOUR ( '', #2031 ) ;
#682 = EDGE_LOOP ( 'NONE', ( #1888, #1641, #1545, #2184 ) ) ;
#683 = DIRECTION ( 'NONE',  ( -1.000000000000000000, -0.000000000000000000, -0.000000000000000000 ) ) ;
#684 =( NAMED_UNIT ( * ) PLANE_ANGLE_UNIT ( ) SI_UNIT ( $, .RADIAN. ) );
#685 = EDGE_LOOP ( 'NONE', ( #1557, #616, #2275, #2088 ) ) ;
#686 = DIRECTION ( 'NONE',  ( 0.000000000000000000, 1.000000000000000000, 0.000000000000000000 ) ) ;
#687 =( NAMED_UNIT ( * ) PLANE_ANGLE_UNIT ( ) SI_UNIT ( $, .RADIAN. ) );
#688 = LINE ( 'NONE', #292, #623 ) ;
#689 = ORIENTED_EDGE ( 'NONE', *, *, #729, .F. ) ;
#690 = FACE_OUTER_BOUND ( 'NONE', #2075, .T. ) ;
#691 = FILL_AREA_STYLE ('',( #681 ) ) ;
#692 = UNCERTAINTY_MEASURE_WITH_UNIT (LENGTH_MEASURE( 1.000000000000000082E-05 ), #2018, 'distance_accuracy_value', 'NONE');
#693 = LINE ( 'NONE', #914, #198 ) ;
#694 = DIRECTION ( 'NONE',  ( -1.000000000000000000, 0.000000000000000000, -0.000000000000000000 ) ) ;
#695 = FILL_AREA_STYLE ('',( #1789 ) ) ;
#696 = EDGE_CURVE ( 'NONE', #2005, #1096, #1958, .T. ) ;
#697 = DIRECTION ( 'NONE',  ( 0.7071067811865470176, -0.000000000000000000, 0.7071067811865479058 ) ) ;
#698 = CARTESIAN_POINT ( 'NONE',  ( -3.324999999999998401, 1.089999999999999858, 0.8899999999999997913 ) ) ;
#699 = VECTOR ( 'NONE', #697, 1000.000000000000114 ) ;
#700 = DIRECTION ( 'NONE',  ( 0.000000000000000000, 0.000000000000000000, 1.000000000000000000 ) ) ;
#701 = MECHANICAL_DESIGN_GEOMETRIC_PRESENTATION_REPRESENTATION (  '', ( #2142 ), #2203 ) ;
#702 = DIRECTION ( 'NONE',  ( -0.06975647374411861334, 0.9975640502598247528, 0.000000000000000000 ) ) ;
#703 = FACE_OUTER_BOUND ( 'NONE', #772, .T. ) ;
#704 = VECTOR ( 'NONE', #2100, 1000.000000000000000 ) ;
#705 =( LENGTH_UNIT ( ) NAMED_UNIT ( * ) SI_UNIT ( .MILLI., .METRE. ) );
#706 = STYLED_ITEM ( 'NONE', ( #578 ), #934 ) ;
#707 = PRESENTATION_LAYER_ASSIGNMENT (  '', '', ( #207 ) ) ;
#708 = FILL_AREA_STYLE ('',( #2022 ) ) ;
#709 = AXIS2_PLACEMENT_3D ( 'NONE', #896, #145, #1779 ) ;
#710 = EDGE_LOOP ( 'NONE', ( #612, #711, #190, #270 ) ) ;
#711 = ORIENTED_EDGE ( 'NONE', *, *, #1200, .F. ) ;
#712 = ORIENTED_EDGE ( 'NONE', *, *, #1979, .F. ) ;
#713 = ORIENTED_EDGE ( 'NONE', *, *, #1292, .T. ) ;
#714 = FILL_AREA_STYLE ('',( #1833 ) ) ;
#715 = PRESENTATION_STYLE_ASSIGNMENT (( #1452 ) ) ;
#716 = ORIENTED_EDGE ( 'NONE', *, *, #197, .F. ) ;
#717 = DIRECTION ( 'NONE',  ( -0.000000000000000000, -0.000000000000000000, -1.000000000000000000 ) ) ;
#718 = DIRECTION ( 'NONE',  ( 0.7071067811865456854, 0.000000000000000000, 0.7071067811865494601 ) ) ;
#719 = VECTOR ( 'NONE', #594, 1000.000000000000000 ) ;
#720 = ORIENTED_EDGE ( 'NONE', *, *, #197, .T. ) ;
#721 = UNCERTAINTY_MEASURE_WITH_UNIT (LENGTH_MEASURE( 1.000000000000000082E-05 ), #1512, 'distance_accuracy_value', 'NONE');
#722 = PLANE ( 'NONE',  #2160 ) ;
#723 = PRESENTATION_STYLE_ASSIGNMENT (( #1179 ) ) ;
#724 = COLOUR_RGB ( '',1.000000000000000000, 1.000000000000000000, 1.000000000000000000 ) ;
#725 = CARTESIAN_POINT ( 'NONE',  ( 5.725000000000001421, 0.5799999999999997380, 5.144999999999999574 ) ) ;
#726 = VECTOR ( 'NONE', #2261, 1000.000000000000114 ) ;
#727 = DIRECTION ( 'NONE',  ( 0.000000000000000000, -1.000000000000000000, 0.000000000000000000 ) ) ;
#728 = AXIS2_PLACEMENT_3D ( 'NONE', #540, #1116, #1486 ) ;
#729 = EDGE_CURVE ( 'NONE', #1041, #1968, #106, .T. ) ;
#730 = CARTESIAN_POINT ( 'NONE',  ( 3.105010452734799031, -0.5100000000000000089, 5.774999999999999467 ) ) ;
#731 = LINE ( 'NONE', #922, #1997 ) ;
#732 = SURFACE_STYLE_FILL_AREA ( #2159 ) ;
#733 = FILL_AREA_STYLE ('',( #1631 ) ) ;
#734 =( NAMED_UNIT ( * ) PLANE_ANGLE_UNIT ( ) SI_UNIT ( $, .RADIAN. ) );
#735 = FACE_OUTER_BOUND ( 'NONE', #1298, .T. ) ;
#736 = SURFACE_SIDE_STYLE ('',( #766 ) ) ;
#737 = ADVANCED_FACE ( 'NONE', ( #2245 ), #514, .T. ) ;
#738 = ORIENTED_EDGE ( 'NONE', *, *, #1963, .F. ) ;
#739 = DIRECTION ( 'NONE',  ( -0.06975647374411861334, 0.9975640502598247528, 0.000000000000000000 ) ) ;
#740 = AXIS2_PLACEMENT_3D ( 'NONE', #1941, #846, #852 ) ;
#741 = LINE ( 'NONE', #1318, #2144 ) ;
#742 = ORIENTED_EDGE ( 'NONE', *, *, #1539, .F. ) ;
#743 =( NAMED_UNIT ( * ) SI_UNIT ( $, .STERADIAN. ) SOLID_ANGLE_UNIT ( ) );
#744 = EDGE_CURVE ( 'NONE', #951, #1920, #1959, .T. ) ;
#745 = SURFACE_SIDE_STYLE ('',( #1117 ) ) ;
#746 = ORIENTED_EDGE ( 'NONE', *, *, #2015, .F. ) ;
#747 = SURFACE_STYLE_FILL_AREA ( #1394 ) ;
#748 = DIRECTION ( 'NONE',  ( -0.8721162668849256061, 0.4892986991957993803, 0.000000000000000000 ) ) ;
#749 = PRESENTATION_STYLE_ASSIGNMENT (( #1209 ) ) ;
#750 = CARTESIAN_POINT ( 'NONE',  ( 4.794159102043628273, 1.024909263579282470, 0.5649999999999998357 ) ) ;
#751 = FACE_OUTER_BOUND ( 'NONE', #1859, .T. ) ;
#752 = VECTOR ( 'NONE', #2069, 999.9999999999998863 ) ;
#753 = CARTESIAN_POINT ( 'NONE',  ( 5.725000000000001421, 0.5799999999999997380, 0.5649999999999998357 ) ) ;
#754 = ADVANCED_FACE ( 'NONE', ( #751 ), #1679, .F. ) ;
#755 = PRESENTATION_STYLE_ASSIGNMENT (( #1644 ) ) ;
#756 = LINE ( 'NONE', #1258, #2128 ) ;
#757 = PLANE ( 'NONE',  #267 ) ;
#758 = PRESENTATION_LAYER_ASSIGNMENT (  '', '', ( #1674 ) ) ;
#759 = CARTESIAN_POINT ( 'NONE',  ( 2.985000000000000320, 1.089999999999999858, 6.349999999999999645 ) ) ;
#760 = MECHANICAL_DESIGN_GEOMETRIC_PRESENTATION_REPRESENTATION (  '', ( #1745 ), #118 ) ;
#761 =( NAMED_UNIT ( * ) SI_UNIT ( $, .STERADIAN. ) SOLID_ANGLE_UNIT ( ) );
#762 = DIRECTION ( 'NONE',  ( 0.000000000000000000, 0.000000000000000000, 1.000000000000000000 ) ) ;
#763 = LINE ( 'NONE', #1602, #699 ) ;
#764 = STYLED_ITEM ( 'NONE', ( #755 ), #1118 ) ;
#765 = VECTOR ( 'NONE', #436, 1000.000000000000000 ) ;
#766 = SURFACE_STYLE_FILL_AREA ( #714 ) ;
#767 = VECTOR ( 'NONE', #1087, 1000.000000000000000 ) ;
#768 = APPLICATION_CONTEXT ( 'automotive_design' ) ;
#769 = AXIS2_PLACEMENT_3D ( 'NONE', #466, #702, #1422 ) ;
#770 = CARTESIAN_POINT ( 'NONE',  ( 3.210536885311948474, 0.000000000000000000, 2.859999999999999876 ) ) ;
#771 =( GEOMETRIC_REPRESENTATION_CONTEXT ( 3 ) GLOBAL_UNCERTAINTY_ASSIGNED_CONTEXT ( ( #1335 ) ) GLOBAL_UNIT_ASSIGNED_CONTEXT ( ( #1964, #2304, #1252 ) ) REPRESENTATION_CONTEXT ( 'NONE', 'WORKASPACE' ) );
#772 = EDGE_LOOP ( 'NONE', ( #1843, #1323, #416, #1749, #713, #805 ) ) ;
#773 = ORIENTED_EDGE ( 'NONE', *, *, #1197, .T. ) ;
#774 = ORIENTED_EDGE ( 'NONE', *, *, #2123, .F. ) ;
#775 =( NAMED_UNIT ( * ) PLANE_ANGLE_UNIT ( ) SI_UNIT ( $, .RADIAN. ) );
#776 = ORIENTED_EDGE ( 'NONE', *, *, #799, .T. ) ;
#777 =( LENGTH_UNIT ( ) NAMED_UNIT ( * ) SI_UNIT ( .MILLI., .METRE. ) );
#778 = PRODUCT_DEFINITION_FORMATION_WITH_SPECIFIED_SOURCE ( 'ANY', '', #474, .NOT_KNOWN. ) ;
#779 = EDGE_CURVE ( 'NONE', #305, #1041, #2103, .T. ) ;
#780 = DIRECTION ( 'NONE',  ( 0.4892986991957993248, 0.8721162668849256061, 0.000000000000000000 ) ) ;
#781 = ORIENTED_EDGE ( 'NONE', *, *, #400, .F. ) ;
#782 = CARTESIAN_POINT ( 'NONE',  ( 3.210536885311948474, 0.000000000000000000, 5.144999999999999574 ) ) ;
#783 =( NAMED_UNIT ( * ) SI_UNIT ( $, .STERADIAN. ) SOLID_ANGLE_UNIT ( ) );
#784 = SURFACE_STYLE_FILL_AREA ( #60 ) ;
#785 = PRESENTATION_STYLE_ASSIGNMENT (( #1726 ) ) ;
#786 = ORIENTED_EDGE ( 'NONE', *, *, #905, .T. ) ;
#787 = CYLINDRICAL_SURFACE ( 'NONE', #2215, 0.5000000000000000000 ) ;
#788 = LINE ( 'NONE', #132, #508 ) ;
#789 =( LENGTH_UNIT ( ) NAMED_UNIT ( * ) SI_UNIT ( .MILLI., .METRE. ) );
#790 = FILL_AREA_STYLE_COLOUR ( '', #1268 ) ;
#791 = VECTOR ( 'NONE', #1687, 1000.000000000000000 ) ;
#792 = PRESENTATION_LAYER_ASSIGNMENT (  '', '', ( #660 ) ) ;
#793 = FILL_AREA_STYLE ('',( #1349 ) ) ;
#794 = AXIS2_PLACEMENT_3D ( 'NONE', #2182, #1296, #165 ) ;
#795 = EDGE_CURVE ( 'NONE', #1101, #305, #1678, .T. ) ;
#796 = ORIENTED_EDGE ( 'NONE', *, *, #1853, .F. ) ;
#797 = FACE_OUTER_BOUND ( 'NONE', #247, .T. ) ;
#798 = FILL_AREA_STYLE_COLOUR ( '', #1444 ) ;
#799 = EDGE_CURVE ( 'NONE', #944, #2027, #1704, .T. ) ;
#800 = CARTESIAN_POINT ( 'NONE',  ( -2.984999999999998543, -1.090000000000000302, 6.349999999999999645 ) ) ;
#801 = PRESENTATION_STYLE_ASSIGNMENT (( #44 ) ) ;
#802 = STYLED_ITEM ( 'NONE', ( #2169 ), #1313 ) ;
#803 = SURFACE_STYLE_USAGE ( .BOTH. , #1171 ) ;
#804 = UNCERTAINTY_MEASURE_WITH_UNIT (LENGTH_MEASURE( 1.000000000000000082E-05 ), #1029, 'distance_accuracy_value', 'NONE');
#805 = ORIENTED_EDGE ( 'NONE', *, *, #1143, .T. ) ;
#806 = DIRECTION ( 'NONE',  ( 1.000000000000000000, 0.000000000000000000, 0.000000000000000000 ) ) ;
#807 = AXIS2_PLACEMENT_3D ( 'NONE', #759, #950, #1849 ) ;
#808 = ORIENTED_EDGE ( 'NONE', *, *, #55, .T. ) ;
#809 = ORIENTED_EDGE ( 'NONE', *, *, #169, .T. ) ;
#810 = CARTESIAN_POINT ( 'NONE',  ( 3.995000000000000107, -0.5100000000000000089, 3.489999999999999769 ) ) ;
#811 = ORIENTED_EDGE ( 'NONE', *, *, #2042, .T. ) ;
#812 = LINE ( 'NONE', #1911, #2357 ) ;
#813 = VERTEX_POINT ( 'NONE', #967 ) ;
#814 = DIRECTION ( 'NONE',  ( 0.000000000000000000, -1.000000000000000000, 0.000000000000000000 ) ) ;
#815 = VECTOR ( 'NONE', #1169, 1000.000000000000000 ) ;
#816 = DIRECTION ( 'NONE',  ( 0.000000000000000000, 0.000000000000000000, 1.000000000000000000 ) ) ;
#817 = CARTESIAN_POINT ( 'NONE',  ( 5.725000000000001421, 0.5799999999999997380, 1.194999999999999840 ) ) ;
#818 = DIRECTION ( 'NONE',  ( 1.000000000000000000, 0.000000000000000000, 0.000000000000000000 ) ) ;
#819 = FILL_AREA_STYLE_COLOUR ( '', #475 ) ;
#820 = SURFACE_STYLE_USAGE ( .BOTH. , #1538 ) ;
#821 = MECHANICAL_DESIGN_GEOMETRIC_PRESENTATION_REPRESENTATION (  '', ( #1913 ), #1192 ) ;
#822 = CARTESIAN_POINT ( 'NONE',  ( 3.210536885311948474, 0.000000000000000000, 1.194999999999999840 ) ) ;
#823 = CARTESIAN_POINT ( 'NONE',  ( -2.984999999999999432, 1.089999999999999858, 6.349999999999999645 ) ) ;
#824 = VERTEX_POINT ( 'NONE', #1122 ) ;
#825 = PRESENTATION_STYLE_ASSIGNMENT (( #877 ) ) ;
#826 = DIRECTION ( 'NONE',  ( 0.000000000000000000, 0.000000000000000000, 1.000000000000000000 ) ) ;
#827 = EDGE_CURVE ( 'NONE', #1588, #1041, #387, .T. ) ;
#828 = DIRECTION ( 'NONE',  ( -0.000000000000000000, -0.000000000000000000, -1.000000000000000000 ) ) ;
#829 =( NAMED_UNIT ( * ) SI_UNIT ( $, .STERADIAN. ) SOLID_ANGLE_UNIT ( ) );
#830 = DIRECTION ( 'NONE',  ( 0.000000000000000000, 0.000000000000000000, 1.000000000000000000 ) ) ;
#831 = UNCERTAINTY_MEASURE_WITH_UNIT (LENGTH_MEASURE( 1.000000000000000082E-05 ), #1326, 'distance_accuracy_value', 'NONE');
#832 = CARTESIAN_POINT ( 'NONE',  ( 5.103802515123408767, 0.5356922895755704683, 5.774999999999999467 ) ) ;
#833 =( GEOMETRIC_REPRESENTATION_CONTEXT ( 3 ) GLOBAL_UNCERTAINTY_ASSIGNED_CONTEXT ( ( #1756 ) ) GLOBAL_UNIT_ASSIGNED_CONTEXT ( ( #1991, #1973, #1816 ) ) REPRESENTATION_CONTEXT ( 'NONE', 'WORKASPACE' ) );
#834 = EDGE_LOOP ( 'NONE', ( #1983, #2270, #330, #653, #1496, #222 ) ) ;
#835 = ORIENTED_EDGE ( 'NONE', *, *, #643, .F. ) ;
#836 = CARTESIAN_POINT ( 'NONE',  ( 5.139375286530230902, 0.03695931699962569372, 0.5649999999999998357 ) ) ;
#837 = PLANE ( 'NONE',  #291 ) ;
#838 = ORIENTED_EDGE ( 'NONE', *, *, #58, .F. ) ;
#839 = DIRECTION ( 'NONE',  ( 1.000000000000000000, 0.000000000000000000, 0.000000000000000000 ) ) ;
#840 = AXIS2_PLACEMENT_3D ( 'NONE', #229, #1716, #246 ) ;
#841 = ORIENTED_EDGE ( 'NONE', *, *, #1414, .T. ) ;
#842 = AXIS2_PLACEMENT_3D ( 'NONE', #1372, #1185, #1166 ) ;
#843 = FACE_OUTER_BOUND ( 'NONE', #1151, .T. ) ;
#844 = PRESENTATION_STYLE_ASSIGNMENT (( #1783 ) ) ;
#845 = CARTESIAN_POINT ( 'NONE',  ( 4.703317153087766656, 0.2816086665975235381, 5.774999999999999467 ) ) ;
#846 = DIRECTION ( 'NONE',  ( 0.000000000000000000, 0.000000000000000000, 1.000000000000000000 ) ) ;
#847 = LINE ( 'NONE', #2254, #1337 ) ;
#848 = SURFACE_STYLE_FILL_AREA ( #733 ) ;
#849 = LINE ( 'NONE', #1492, #289 ) ;
#850 = STYLED_ITEM ( 'NONE', ( #2045 ), #592 ) ;
#851 = DIRECTION ( 'NONE',  ( -0.2026225276928693142, -0.9792569179083455699, 0.000000000000000000 ) ) ;
#852 = DIRECTION ( 'NONE',  ( 1.000000000000000000, 0.000000000000000000, 0.000000000000000000 ) ) ;
#853 = FILL_AREA_STYLE_COLOUR ( '', #1223 ) ;
#854 = FACE_OUTER_BOUND ( 'NONE', #1667, .T. ) ;
#855 = EDGE_CURVE ( 'NONE', #406, #2238, #849, .T. ) ;
#856 =( NAMED_UNIT ( * ) SI_UNIT ( $, .STERADIAN. ) SOLID_ANGLE_UNIT ( ) );
#857 = FILL_AREA_STYLE_COLOUR ( '', #1081 ) ;
#858 = ORIENTED_EDGE ( 'NONE', *, *, #1520, .F. ) ;
#859 = ORIENTED_EDGE ( 'NONE', *, *, #874, .T. ) ;
#860 = STYLED_ITEM ( 'NONE', ( #2068 ), #1606 ) ;
#861 = SURFACE_SIDE_STYLE ('',( #1132 ) ) ;
#862 = ORIENTED_EDGE ( 'NONE', *, *, #1570, .T. ) ;
#863 = ORIENTED_EDGE ( 'NONE', *, *, #272, .T. ) ;
#864 = SURFACE_STYLE_FILL_AREA ( #1400 ) ;
#865 = ORIENTED_EDGE ( 'NONE', *, *, #429, .T. ) ;
#866 =( NAMED_UNIT ( * ) PLANE_ANGLE_UNIT ( ) SI_UNIT ( $, .RADIAN. ) );
#867 = VECTOR ( 'NONE', #2181, 1000.000000000000000 ) ;
#868 = DIRECTION ( 'NONE',  ( 0.000000000000000000, 0.000000000000000000, -1.000000000000000000 ) ) ;
#869 = SURFACE_SIDE_STYLE ('',( #981 ) ) ;
#870 = VECTOR ( 'NONE', #1363, 1000.000000000000227 ) ;
#871 = CARTESIAN_POINT ( 'NONE',  ( 0.9450000000000018385, 0.6299999999999997824, 5.459999999999999964 ) ) ;
#872 = AXIS2_PLACEMENT_3D ( 'NONE', #589, #1700, #625 ) ;
#873 = FACE_OUTER_BOUND ( 'NONE', #525, .T. ) ;
#874 = EDGE_CURVE ( 'NONE', #2290, #281, #1763, .T. ) ;
#875 = VECTOR ( 'NONE', #286, 1000.000000000000000 ) ;
#876 = STYLED_ITEM ( 'NONE', ( #1435 ), #2 ) ;
#877 = SURFACE_STYLE_USAGE ( .BOTH. , #2150 ) ;
#878 =( LENGTH_UNIT ( ) NAMED_UNIT ( * ) SI_UNIT ( .MILLI., .METRE. ) );
#879 = UNCERTAINTY_MEASURE_WITH_UNIT (LENGTH_MEASURE( 1.000000000000000082E-05 ), #2299, 'distance_accuracy_value', 'NONE');
#880 = STYLED_ITEM ( 'NONE', ( #180 ), #390 ) ;
#881 = CARTESIAN_POINT ( 'NONE',  ( 3.966392770819372693, -0.5100000000000000089, 0.5649999999999998357 ) ) ;
#882 = ADVANCED_FACE ( 'NONE', ( #1875 ), #1856, .F. ) ;
#883 = VERTEX_POINT ( 'NONE', #2025 ) ;
#884 = DIRECTION ( 'NONE',  ( -0.000000000000000000, 0.000000000000000000, 1.000000000000000000 ) ) ;
#885 = PRESENTATION_LAYER_ASSIGNMENT (  '', '', ( #1913 ) ) ;
#886 =( GEOMETRIC_REPRESENTATION_CONTEXT ( 3 ) GLOBAL_UNCERTAINTY_ASSIGNED_CONTEXT ( ( #424 ) ) GLOBAL_UNIT_ASSIGNED_CONTEXT ( ( #329, #495, #2311 ) ) REPRESENTATION_CONTEXT ( 'NONE', 'WORKASPACE' ) );
#887 = DIRECTION ( 'NONE',  ( 0.000000000000000000, -1.000000000000000000, 0.000000000000000000 ) ) ;
#888 = PRESENTATION_LAYER_ASSIGNMENT (  '', '', ( #2014 ) ) ;
#889 = FILL_AREA_STYLE ('',( #493 ) ) ;
#890 = DIRECTION ( 'NONE',  ( -0.9975640502598246417, -0.06975647374411858559, -0.000000000000000000 ) ) ;
#891 = AXIS2_PLACEMENT_3D ( 'NONE', #995, #980, #814 ) ;
#892 = VERTEX_POINT ( 'NONE', #1130 ) ;
#893 = FILL_AREA_STYLE_COLOUR ( '', #121 ) ;
#894 = MECHANICAL_DESIGN_GEOMETRIC_PRESENTATION_REPRESENTATION (  '', ( #764 ), #1168 ) ;
#895 = ORIENTED_EDGE ( 'NONE', *, *, #1729, .F. ) ;
#896 = CARTESIAN_POINT ( 'NONE',  ( 3.667742609940642495, 0.5000000000000002220, 5.774999999999999467 ) ) ;
#897 = VERTEX_POINT ( 'NONE', #201 ) ;
#898 = DIRECTION ( 'NONE',  ( 0.4892986991957993248, 0.8721162668849256061, 0.000000000000000000 ) ) ;
#899 = ORIENTED_EDGE ( 'NONE', *, *, #1761, .F. ) ;
#900 = PRESENTATION_LAYER_ASSIGNMENT (  '', '', ( #1436 ) ) ;
#901 = CARTESIAN_POINT ( 'NONE',  ( -3.210536885311948474, 0.000000000000000000, 6.349999999999999645 ) ) ;
#902 = LINE ( 'NONE', #236, #2219 ) ;
#903 = SURFACE_STYLE_USAGE ( .BOTH. , #1993 ) ;
#904 = DIRECTION ( 'NONE',  ( -0.000000000000000000, -1.000000000000000000, -0.000000000000000000 ) ) ;
#905 = EDGE_CURVE ( 'NONE', #104, #892, #741, .T. ) ;
#906 = UNCERTAINTY_MEASURE_WITH_UNIT (LENGTH_MEASURE( 1.000000000000000082E-05 ), #1955, 'distance_accuracy_value', 'NONE');
#907 = SURFACE_STYLE_FILL_AREA ( #2032 ) ;
#908 =( LENGTH_UNIT ( ) NAMED_UNIT ( * ) SI_UNIT ( .MILLI., .METRE. ) );
#909 =( LENGTH_UNIT ( ) NAMED_UNIT ( * ) SI_UNIT ( .MILLI., .METRE. ) );
#910 = COLOUR_RGB ( '',1.000000000000000000, 1.000000000000000000, 1.000000000000000000 ) ;
#911 = MECHANICAL_DESIGN_GEOMETRIC_PRESENTATION_REPRESENTATION (  '', ( #660 ), #2331 ) ;
#912 = MECHANICAL_DESIGN_GEOMETRIC_PRESENTATION_REPRESENTATION (  '', ( #1382 ), #1039 ) ;
#913 = ORIENTED_EDGE ( 'NONE', *, *, #1900, .F. ) ;
#914 = CARTESIAN_POINT ( 'NONE',  ( 3.105010452734799031, -0.5100000000000000089, 5.774999999999999467 ) ) ;
#915 = EDGE_CURVE ( 'NONE', #470, #1441, #1240, .T. ) ;
#916 = VERTEX_POINT ( 'NONE', #1502 ) ;
#917 = ORIENTED_EDGE ( 'NONE', *, *, #239, .T. ) ;
#918 = ORIENTED_EDGE ( 'NONE', *, *, #2097, .F. ) ;
#919 = FILL_AREA_STYLE ('',( #1459 ) ) ;
#920 = AXIS2_PLACEMENT_3D ( 'NONE', #1370, #1183, #72 ) ;
#921 = EDGE_LOOP ( 'NONE', ( #2048, #2354, #1618, #319 ) ) ;
#922 = CARTESIAN_POINT ( 'NONE',  ( -2.984999999999999432, 1.089999999999999858, 6.349999999999999645 ) ) ;
#923 = FILL_AREA_STYLE_COLOUR ( '', #1870 ) ;
#924 = LINE ( 'NONE', #1540, #1361 ) ;
#925 = ADVANCED_FACE ( 'NONE', ( #735 ), #1161, .F. ) ;
#926 = LINE ( 'NONE', #163, #1844 ) ;
#927 = PRESENTATION_LAYER_ASSIGNMENT (  '', '', ( #622 ) ) ;
#928 = MECHANICAL_DESIGN_GEOMETRIC_PRESENTATION_REPRESENTATION (  '', ( #959 ), #1513 ) ;
#929 = SURFACE_SIDE_STYLE ('',( #1651 ) ) ;
#930 = LINE ( 'NONE', #669, #875 ) ;
#931 = SURFACE_STYLE_FILL_AREA ( #1768 ) ;
#932 =( LENGTH_UNIT ( ) NAMED_UNIT ( * ) SI_UNIT ( .MILLI., .METRE. ) );
#933 = DIRECTION ( 'NONE',  ( 0.000000000000000000, -1.000000000000000000, 0.000000000000000000 ) ) ;
#934 = ADVANCED_FACE ( 'NONE', ( #1022 ), #1550, .F. ) ;
#935 = VECTOR ( 'NONE', #123, 1000.000000000000000 ) ;
#936 = PRESENTATION_LAYER_ASSIGNMENT (  '', '', ( #1237 ) ) ;
#937 = DIRECTION ( 'NONE',  ( 2.846920365388633365E-16, 0.000000000000000000, 1.000000000000000000 ) ) ;
#938 = STYLED_ITEM ( 'NONE', ( #1633 ), #580 ) ;
#939 = DIRECTION ( 'NONE',  ( -1.000000000000000000, 0.000000000000000000, -0.000000000000000000 ) ) ;
#940 =( NAMED_UNIT ( * ) SI_UNIT ( $, .STERADIAN. ) SOLID_ANGLE_UNIT ( ) );
#941 = VERTEX_POINT ( 'NONE', #65 ) ;
#942 = EDGE_CURVE ( 'NONE', #377, #1287, #847, .T. ) ;
#943 = UNCERTAINTY_MEASURE_WITH_UNIT (LENGTH_MEASURE( 1.000000000000000082E-05 ), #1727, 'distance_accuracy_value', 'NONE');
#944 = VERTEX_POINT ( 'NONE', #1895 ) ;
#945 = CARTESIAN_POINT ( 'NONE',  ( 4.402450904261838716, -0.2546493495978977006, 5.774999999999999467 ) ) ;
#946 = ADVANCED_FACE ( 'NONE', ( #1109 ), #1544, .F. ) ;
#947 = DIRECTION ( 'NONE',  ( 0.000000000000000000, -1.000000000000000000, 0.000000000000000000 ) ) ;
#948 = VERTEX_POINT ( 'NONE', #810 ) ;
#949 = SURFACE_STYLE_FILL_AREA ( #1940 ) ;
#950 = DIRECTION ( 'NONE',  ( -0.9792569179083457920, -0.2026225276928686203, 0.000000000000000000 ) ) ;
#951 = VERTEX_POINT ( 'NONE', #1559 ) ;
#952 = SURFACE_STYLE_FILL_AREA ( #1741 ) ;
#953 = COLOUR_RGB ( '',1.000000000000000000, 1.000000000000000000, 1.000000000000000000 ) ;
#954 =( GEOMETRIC_REPRESENTATION_CONTEXT ( 3 ) GLOBAL_UNCERTAINTY_ASSIGNED_CONTEXT ( ( #721 ) ) GLOBAL_UNIT_ASSIGNED_CONTEXT ( ( #1512, #1317, #1860 ) ) REPRESENTATION_CONTEXT ( 'NONE', 'WORKASPACE' ) );
#955 = PRESENTATION_STYLE_ASSIGNMENT (( #1505 ) ) ;
#956 = PRESENTATION_STYLE_ASSIGNMENT (( #1222 ) ) ;
#957 = SURFACE_SIDE_STYLE ('',( #303 ) ) ;
#958 = MECHANICAL_DESIGN_GEOMETRIC_PRESENTATION_REPRESENTATION (  '', ( #585 ), #2250 ) ;
#959 = STYLED_ITEM ( 'NONE', ( #652 ), #1517 ) ;
#960 = DIRECTION ( 'NONE',  ( -0.000000000000000000, -0.000000000000000000, -1.000000000000000000 ) ) ;
#961 = ADVANCED_FACE ( 'NONE', ( #363 ), #2067, .F. ) ;
#962 = MECHANICAL_DESIGN_GEOMETRIC_PRESENTATION_REPRESENTATION (  '', ( #78 ), #1088 ) ;
#963 = CARTESIAN_POINT ( 'NONE',  ( 0.9450000000000018385, 1.089999999999999858, 5.459999999999999964 ) ) ;
#964 = STYLED_ITEM ( 'NONE', ( #2277 ), #1339 ) ;
#965 = DIRECTION ( 'NONE',  ( -0.000000000000000000, -0.000000000000000000, -1.000000000000000000 ) ) ;
#966 = COLOUR_RGB ( '',0.000000000000000000, 0.000000000000000000, 0.000000000000000000 ) ;
#967 = CARTESIAN_POINT ( 'NONE',  ( -2.984999999999999432, 1.089999999999999858, 0.8899999999999993472 ) ) ;
#968 = VECTOR ( 'NONE', #2343, 1000.000000000000000 ) ;
#969 = LINE ( 'NONE', #1442, #1267 ) ;
#970 = DIRECTION ( 'NONE',  ( 1.000000000000000000, 0.000000000000000000, -0.000000000000000000 ) ) ;
#971 =( NAMED_UNIT ( * ) SI_UNIT ( $, .STERADIAN. ) SOLID_ANGLE_UNIT ( ) );
#972 = AXIS2_PLACEMENT_3D ( 'NONE', #1332, #748, #1312 ) ;
#973 = ORIENTED_EDGE ( 'NONE', *, *, #55, .F. ) ;
#974 =( NAMED_UNIT ( * ) PLANE_ANGLE_UNIT ( ) SI_UNIT ( $, .RADIAN. ) );
#975 = VERTEX_POINT ( 'NONE', #832 ) ;
#976 = UNCERTAINTY_MEASURE_WITH_UNIT (LENGTH_MEASURE( 1.000000000000000082E-05 ), #611, 'distance_accuracy_value', 'NONE');
#977 = VERTEX_POINT ( 'NONE', #1205 ) ;
#978 = ORIENTED_EDGE ( 'NONE', *, *, #1351, .T. ) ;
#979 = EDGE_CURVE ( 'NONE', #892, #2027, #1820, .T. ) ;
#980 = DIRECTION ( 'NONE',  ( 0.7071067811865480168, 0.000000000000000000, -0.7071067811865471286 ) ) ;
#981 = SURFACE_STYLE_FILL_AREA ( #695 ) ;
#982 = VERTEX_POINT ( 'NONE', #79 ) ;
#983 =( NAMED_UNIT ( * ) SI_UNIT ( $, .STERADIAN. ) SOLID_ANGLE_UNIT ( ) );
#984 = VERTEX_POINT ( 'NONE', #1391 ) ;
#985 = SURFACE_STYLE_FILL_AREA ( #579 ) ;
#986 = DIRECTION ( 'NONE',  ( 0.000000000000000000, 0.000000000000000000, 1.000000000000000000 ) ) ;
#987 = LINE ( 'NONE', #405, #472 ) ;
#988 = FILL_AREA_STYLE_COLOUR ( '', #143 ) ;
#989 =( LENGTH_UNIT ( ) NAMED_UNIT ( * ) SI_UNIT ( .MILLI., .METRE. ) );
#990 = CARTESIAN_POINT ( 'NONE',  ( 4.703317153087766656, 0.2816086665975235381, 0.5649999999999998357 ) ) ;
#991 = SURFACE_STYLE_FILL_AREA ( #27 ) ;
#992 = DIRECTION ( 'NONE',  ( 0.000000000000000000, -1.000000000000000000, 0.000000000000000000 ) ) ;
#993 = EDGE_CURVE ( 'NONE', #281, #1650, #2364, .T. ) ;
#994 = PRESENTATION_STYLE_ASSIGNMENT (( #1610 ) ) ;
#995 = CARTESIAN_POINT ( 'NONE',  ( -3.324999999999997513, 1.089999999999999858, 5.459999999999999964 ) ) ;
#996 =( NAMED_UNIT ( * ) PLANE_ANGLE_UNIT ( ) SI_UNIT ( $, .RADIAN. ) );
#997 = SURFACE_STYLE_FILL_AREA ( #1263 ) ;
#998 = CARTESIAN_POINT ( 'NONE',  ( 3.210536885311948474, 0.000000000000000000, 0.5649999999999998357 ) ) ;
#999 =( NAMED_UNIT ( * ) PLANE_ANGLE_UNIT ( ) SI_UNIT ( $, .RADIAN. ) );
#1000 =( NAMED_UNIT ( * ) PLANE_ANGLE_UNIT ( ) SI_UNIT ( $, .RADIAN. ) );
#1001 = STYLED_ITEM ( 'NONE', ( #1660 ), #177 ) ;
#1002 = EDGE_LOOP ( 'NONE', ( #1416, #91, #28, #161 ) ) ;
#1003 = VERTEX_POINT ( 'NONE', #1928 ) ;
#1004 = STYLED_ITEM ( 'NONE', ( #2179 ), #2229 ) ;
#1005 = UNCERTAINTY_MEASURE_WITH_UNIT (LENGTH_MEASURE( 1.000000000000000082E-05 ), #1934, 'distance_accuracy_value', 'NONE');
#1006 = EDGE_LOOP ( 'NONE', ( #134, #786, #1772, #1244 ) ) ;
#1007 = EDGE_LOOP ( 'NONE', ( #1862, #23, #533, #917 ) ) ;
#1008 = PLANE ( 'NONE',  #1102 ) ;
#1009 = STYLED_ITEM ( 'NONE', ( #2008 ), #1350 ) ;
#1010 = MECHANICAL_DESIGN_GEOMETRIC_PRESENTATION_REPRESENTATION (  '', ( #2062 ), #82 ) ;
#1011 = DIRECTION ( 'NONE',  ( -0.000000000000000000, -0.000000000000000000, -1.000000000000000000 ) ) ;
#1012 = VECTOR ( 'NONE', #1321, 1000.000000000000114 ) ;
#1013 = FILL_AREA_STYLE ('',( #1744 ) ) ;
#1014 = CARTESIAN_POINT ( 'NONE',  ( 3.966392770819372693, -0.5100000000000000089, 0.5649999999999998357 ) ) ;
#1015 = PRESENTATION_LAYER_ASSIGNMENT (  '', '', ( #379 ) ) ;
#1016 = STYLED_ITEM ( 'NONE', ( #801 ), #189 ) ;
#1017 = PRODUCT_DEFINITION_CONTEXT ( 'detailed design', #768, 'design' ) ;
#1018 = PLANE ( 'NONE',  #1129 ) ;
#1019 = EDGE_CURVE ( 'NONE', #2122, #588, #1597, .T. ) ;
#1020 = VECTOR ( 'NONE', #441, 1000.000000000000000 ) ;
#1021 =( LENGTH_UNIT ( ) NAMED_UNIT ( * ) SI_UNIT ( .MILLI., .METRE. ) );
#1022 = FACE_OUTER_BOUND ( 'NONE', #1562, .T. ) ;
#1023 = FACE_OUTER_BOUND ( 'NONE', #1034, .T. ) ;
#1024 = PRESENTATION_STYLE_ASSIGNMENT (( #1555 ) ) ;
#1025 =( NAMED_UNIT ( * ) SI_UNIT ( $, .STERADIAN. ) SOLID_ANGLE_UNIT ( ) );
#1026 = CARTESIAN_POINT ( 'NONE',  ( 0.9450000000000009504, 0.6299999999999997824, 5.459999999999999964 ) ) ;
#1027 = VECTOR ( 'NONE', #1348, 1000.000000000000000 ) ;
#1028 =( NAMED_UNIT ( * ) SI_UNIT ( $, .STERADIAN. ) SOLID_ANGLE_UNIT ( ) );
#1029 =( LENGTH_UNIT ( ) NAMED_UNIT ( * ) SI_UNIT ( .MILLI., .METRE. ) );
#1030 = VERTEX_POINT ( 'NONE', #2272 ) ;
#1031 = ORIENTED_EDGE ( 'NONE', *, *, #1695, .T. ) ;
#1032 = DIRECTION ( 'NONE',  ( 1.000000000000000000, 0.000000000000000000, -0.000000000000000000 ) ) ;
#1033 = CARTESIAN_POINT ( 'NONE',  ( 3.667742609940640275, 1.084202172485504434E-16, 0.5649999999999998357 ) ) ;
#1034 = EDGE_LOOP ( 'NONE', ( #410, #2094, #1092, #2189, #2348, #1896, #328, #841, #862, #773, #1462, #1693 ) ) ;
#1035 = ORIENTED_EDGE ( 'NONE', *, *, #1369, .F. ) ;
#1036 = SURFACE_STYLE_FILL_AREA ( #1084 ) ;
#1037 = EDGE_LOOP ( 'NONE', ( #1951, #2147, #712, #1066, #1982, #838 ) ) ;
#1038 =( NAMED_UNIT ( * ) SI_UNIT ( $, .STERADIAN. ) SOLID_ANGLE_UNIT ( ) );
#1039 =( GEOMETRIC_REPRESENTATION_CONTEXT ( 3 ) GLOBAL_UNCERTAINTY_ASSIGNED_CONTEXT ( ( #1723 ) ) GLOBAL_UNIT_ASSIGNED_CONTEXT ( ( #1426, #866, #322 ) ) REPRESENTATION_CONTEXT ( 'NONE', 'WORKASPACE' ) );
#1040 = LINE ( 'NONE', #1353, #310 ) ;
#1041 = VERTEX_POINT ( 'NONE', #1938 ) ;
#1042 = EDGE_CURVE ( 'NONE', #354, #2381, #257, .T. ) ;
#1043 = LINE ( 'NONE', #1103, #2124 ) ;
#1044 = VECTOR ( 'NONE', #1124, 1000.000000000000000 ) ;
#1045 = CARTESIAN_POINT ( 'NONE',  ( 0.000000000000000000, 0.000000000000000000, 6.349999999999999645 ) ) ;
#1046 = PRESENTATION_LAYER_ASSIGNMENT (  '', '', ( #802 ) ) ;
#1047 =( NAMED_UNIT ( * ) SI_UNIT ( $, .STERADIAN. ) SOLID_ANGLE_UNIT ( ) );
#1048 = CIRCLE ( 'NONE', #2287, 0.5000000000000000000 ) ;
#1049 = FACE_OUTER_BOUND ( 'NONE', #685, .T. ) ;
#1050 = SURFACE_STYLE_USAGE ( .BOTH. , #1273 ) ;
#1051 =( NAMED_UNIT ( * ) PLANE_ANGLE_UNIT ( ) SI_UNIT ( $, .RADIAN. ) );
#1052 = AXIS2_PLACEMENT_3D ( 'NONE', #2224, #1300, #939 ) ;
#1053 = PLANE ( 'NONE',  #219 ) ;
#1054 = DIRECTION ( 'NONE',  ( 0.000000000000000000, 0.000000000000000000, 1.000000000000000000 ) ) ;
#1055 = UNCERTAINTY_MEASURE_WITH_UNIT (LENGTH_MEASURE( 1.000000000000000082E-05 ), #95, 'distance_accuracy_value', 'NONE');
#1056 = CARTESIAN_POINT ( 'NONE',  ( 3.105010452734799031, -0.5100000000000000089, 5.144999999999999574 ) ) ;
#1057 = VERTEX_POINT ( 'NONE', #1405 ) ;
#1058 = LINE ( 'NONE', #1386, #1375 ) ;
#1059 = SURFACE_STYLE_USAGE ( .BOTH. , #869 ) ;
#1060 = PLANE ( 'NONE',  #1822 ) ;
#1061 = DIRECTION ( 'NONE',  ( 1.000000000000000000, 0.000000000000000000, 0.000000000000000000 ) ) ;
#1062 = SURFACE_STYLE_USAGE ( .BOTH. , #1235 ) ;
#1063 = CARTESIAN_POINT ( 'NONE',  ( 0.9450000000000009504, 1.089999999999999858, 5.459999999999999964 ) ) ;
#1064 = MECHANICAL_DESIGN_GEOMETRIC_PRESENTATION_REPRESENTATION (  '', ( #48 ), #423 ) ;
#1065 = PLANE ( 'NONE',  #769 ) ;
#1066 = ORIENTED_EDGE ( 'NONE', *, *, #1415, .F. ) ;
#1067 = ORIENTED_EDGE ( 'NONE', *, *, #1398, .F. ) ;
#1068 = MECHANICAL_DESIGN_GEOMETRIC_PRESENTATION_REPRESENTATION (  '', ( #1001 ), #1721 ) ;
#1069 = SURFACE_STYLE_FILL_AREA ( #691 ) ;
#1070 = ORIENTED_EDGE ( 'NONE', *, *, #1200, .T. ) ;
#1071 = CARTESIAN_POINT ( 'NONE',  ( -3.210536885311948474, 0.6299999999999997824, 0.8899999999999993472 ) ) ;
#1072 =( NAMED_UNIT ( * ) SI_UNIT ( $, .STERADIAN. ) SOLID_ANGLE_UNIT ( ) );
#1073 = CARTESIAN_POINT ( 'NONE',  ( 4.402450904261838716, -0.2546493495978977561, 5.774999999999999467 ) ) ;
#1074 = FACE_OUTER_BOUND ( 'NONE', #185, .T. ) ;
#1075 = AXIS2_PLACEMENT_3D ( 'NONE', #2210, #216, #970 ) ;
#1076 = PRESENTATION_STYLE_ASSIGNMENT (( #506 ) ) ;
#1077 = EDGE_CURVE ( 'NONE', #883, #2290, #1048, .T. ) ;
#1078 = EDGE_CURVE ( 'NONE', #2290, #951, #2308, .T. ) ;
#1079 = LINE ( 'NONE', #1873, #534 ) ;
#1080 = DIRECTION ( 'NONE',  ( -0.4892986991957993248, -0.8721162668849254951, 0.000000000000000000 ) ) ;
#1081 = COLOUR_RGB ( '',1.000000000000000000, 1.000000000000000000, 1.000000000000000000 ) ;
#1082 = CARTESIAN_POINT ( 'NONE',  ( 3.105010452734799031, -0.5100000000000000089, 0.5649999999999998357 ) ) ;
#1083 = SURFACE_SIDE_STYLE ('',( #1377 ) ) ;
#1084 = FILL_AREA_STYLE ('',( #135 ) ) ;
#1085 = UNCERTAINTY_MEASURE_WITH_UNIT (LENGTH_MEASURE( 1.000000000000000082E-05 ), #1923, 'distance_accuracy_value', 'NONE');
#1086 = CARTESIAN_POINT ( 'NONE',  ( 5.725000000000001421, 1.089999999999999858, 0.5649999999999998357 ) ) ;
#1087 = DIRECTION ( 'NONE',  ( -1.000000000000000000, -0.000000000000000000, -0.000000000000000000 ) ) ;
#1088 =( GEOMETRIC_REPRESENTATION_CONTEXT ( 3 ) GLOBAL_UNCERTAINTY_ASSIGNED_CONTEXT ( ( #529 ) ) GLOBAL_UNIT_ASSIGNED_CONTEXT ( ( #2345, #1815, #522 ) ) REPRESENTATION_CONTEXT ( 'NONE', 'WORKASPACE' ) );
#1089 = VECTOR ( 'NONE', #2013, 1000.000000000000000 ) ;
#1090 = SURFACE_STYLE_FILL_AREA ( #1912 ) ;
#1091 = CARTESIAN_POINT ( 'NONE',  ( 5.725000000000001421, 1.089999999999999858, 5.774999999999999467 ) ) ;
#1092 = ORIENTED_EDGE ( 'NONE', *, *, #457, .T. ) ;
#1093 =( NAMED_UNIT ( * ) PLANE_ANGLE_UNIT ( ) SI_UNIT ( $, .RADIAN. ) );
#1094 = ORIENTED_EDGE ( 'NONE', *, *, #1078, .T. ) ;
#1095 = PLANE ( 'NONE',  #1162 ) ;
#1096 = VERTEX_POINT ( 'NONE', #334 ) ;
#1097 = ORIENTED_EDGE ( 'NONE', *, *, #1645, .T. ) ;
#1098 =( NAMED_UNIT ( * ) PLANE_ANGLE_UNIT ( ) SI_UNIT ( $, .RADIAN. ) );
#1099 = UNCERTAINTY_MEASURE_WITH_UNIT (LENGTH_MEASURE( 1.000000000000000082E-05 ), #1336, 'distance_accuracy_value', 'NONE');
#1100 = COLOUR_RGB ( '',1.000000000000000000, 1.000000000000000000, 1.000000000000000000 ) ;
#1101 = VERTEX_POINT ( 'NONE', #1091 ) ;
#1102 = AXIS2_PLACEMENT_3D ( 'NONE', #617, #89, #636 ) ;
#1103 = CARTESIAN_POINT ( 'NONE',  ( 5.725000000000001421, 0.5799999999999997380, 0.5649999999999998357 ) ) ;
#1104 = LINE ( 'NONE', #1697, #2063 ) ;
#1105 = VERTEX_POINT ( 'NONE', #159 ) ;
#1106 = PRESENTATION_STYLE_ASSIGNMENT (( #1286 ) ) ;
#1107 = DIRECTION ( 'NONE',  ( -1.000000000000000000, -0.000000000000000000, -0.000000000000000000 ) ) ;
#1108 = MECHANICAL_DESIGN_GEOMETRIC_PRESENTATION_REPRESENTATION (  '', ( #97 ), #1230 ) ;
#1109 = FACE_OUTER_BOUND ( 'NONE', #1037, .T. ) ;
#1110 = EDGE_CURVE ( 'NONE', #1639, #1329, #693, .T. ) ;
#1111 = FACE_OUTER_BOUND ( 'NONE', #2294, .T. ) ;
#1112 = CARTESIAN_POINT ( 'NONE',  ( 3.966392770819372693, -0.5100000000000000089, 5.144999999999999574 ) ) ;
#1113 = PRESENTATION_STYLE_ASSIGNMENT (( #1794 ) ) ;
#1114 = DIRECTION ( 'NONE',  ( 0.000000000000000000, 1.000000000000000000, -0.000000000000000000 ) ) ;
#1115 = DIRECTION ( 'NONE',  ( 0.000000000000000000, 0.000000000000000000, 1.000000000000000000 ) ) ;
#1116 = DIRECTION ( 'NONE',  ( 0.000000000000000000, 0.000000000000000000, 1.000000000000000000 ) ) ;
#1117 = SURFACE_STYLE_FILL_AREA ( #1147 ) ;
#1118 = ADVANCED_FACE ( 'NONE', ( #110 ), #1469, .F. ) ;
#1119 = EDGE_CURVE ( 'NONE', #892, #1926, #2280, .T. ) ;
#1120 = ORIENTED_EDGE ( 'NONE', *, *, #2139, .F. ) ;
#1121 = VERTEX_POINT ( 'NONE', #2183 ) ;
#1122 = CARTESIAN_POINT ( 'NONE',  ( 4.392979205473221072, 0.7707765880472675635, 0.5649999999999998357 ) ) ;
#1123 = UNCERTAINTY_MEASURE_WITH_UNIT (LENGTH_MEASURE( 1.000000000000000082E-05 ), #909, 'distance_accuracy_value', 'NONE');
#1124 = DIRECTION ( 'NONE',  ( -1.000000000000000000, -0.000000000000000000, -0.000000000000000000 ) ) ;
#1125 = ORIENTED_EDGE ( 'NONE', *, *, #2197, .T. ) ;
#1126 = FILL_AREA_STYLE ('',( #358 ) ) ;
#1127 = LINE ( 'NONE', #34, #1675 ) ;
#1128 = LINE ( 'NONE', #1522, #626 ) ;
#1129 = AXIS2_PLACEMENT_3D ( 'NONE', #649, #662, #1599 ) ;
#1130 = CARTESIAN_POINT ( 'NONE',  ( -3.324999999999997513, 0.6299999999999997824, 5.459999999999999964 ) ) ;
#1131 = PRESENTATION_LAYER_ASSIGNMENT (  '', '', ( #603 ) ) ;
#1132 = SURFACE_STYLE_FILL_AREA ( #1390 ) ;
#1133 = FILL_AREA_STYLE ('',( #2220 ) ) ;
#1134 =( GEOMETRIC_REPRESENTATION_CONTEXT ( 3 ) GLOBAL_UNCERTAINTY_ASSIGNED_CONTEXT ( ( #288 ) ) GLOBAL_UNIT_ASSIGNED_CONTEXT ( ( #2109, #1947, #1573 ) ) REPRESENTATION_CONTEXT ( 'NONE', 'WORKASPACE' ) );
#1135 = CARTESIAN_POINT ( 'NONE',  ( -2.984999999999998543, -1.090000000000000302, 6.349999999999999645 ) ) ;
#1136 = DIRECTION ( 'NONE',  ( -1.000000000000000000, 0.000000000000000000, 0.000000000000000000 ) ) ;
#1137 = CARTESIAN_POINT ( 'NONE',  ( 3.210536885311948474, 0.000000000000000000, 1.194999999999999840 ) ) ;
#1138 = ADVANCED_FACE ( 'NONE', ( #2359 ), #787, .F. ) ;
#1139 = DIRECTION ( 'NONE',  ( 0.000000000000000000, -0.000000000000000000, -1.000000000000000000 ) ) ;
#1140 = DIRECTION ( 'NONE',  ( 0.000000000000000000, 0.000000000000000000, 1.000000000000000000 ) ) ;
#1141 = CARTESIAN_POINT ( 'NONE',  ( 3.105010452734799031, -0.5100000000000000089, 5.144999999999999574 ) ) ;
#1142 = ORIENTED_EDGE ( 'NONE', *, *, #1322, .F. ) ;
#1143 = EDGE_CURVE ( 'NONE', #944, #2295, #661, .T. ) ;
#1144 = EDGE_LOOP ( 'NONE', ( #517, #1523, #2240, #1148 ) ) ;
#1145 = CARTESIAN_POINT ( 'NONE',  ( 0.9450000000000009504, 1.089999999999999858, 5.459999999999999964 ) ) ;
#1146 = DIRECTION ( 'NONE',  ( 1.000000000000000000, 0.000000000000000000, -1.173378974551411372E-16 ) ) ;
#1147 = FILL_AREA_STYLE ('',( #183 ) ) ;
#1148 = ORIENTED_EDGE ( 'NONE', *, *, #2284, .T. ) ;
#1149 = SURFACE_STYLE_USAGE ( .BOTH. , #2039 ) ;
#1150 = ADVANCED_FACE ( 'NONE', ( #1282 ), #2010, .T. ) ;
#1151 = EDGE_LOOP ( 'NONE', ( #543, #1359, #1125, #1067 ) ) ;
#1152 = UNCERTAINTY_MEASURE_WITH_UNIT (LENGTH_MEASURE( 1.000000000000000082E-05 ), #1797, 'distance_accuracy_value', 'NONE');
#1153 = APPLICATION_PROTOCOL_DEFINITION ( 'draft international standard', 'automotive_design', 1998, #768 ) ;
#1154 = COLOUR_RGB ( '',1.000000000000000000, 1.000000000000000000, 1.000000000000000000 ) ;
#1155 = ORIENTED_EDGE ( 'NONE', *, *, #942, .F. ) ;
#1156 = LINE ( 'NONE', #1826, #33 ) ;
#1157 = SURFACE_STYLE_USAGE ( .BOTH. , #2041 ) ;
#1158 = SURFACE_SIDE_STYLE ('',( #1607 ) ) ;
#1159 = CARTESIAN_POINT ( 'NONE',  ( -2.984999999999998543, -1.090000000000000302, 0.000000000000000000 ) ) ;
#1160 = LINE ( 'NONE', #1986, #1872 ) ;
#1161 = PLANE ( 'NONE',  #840 ) ;
#1162 = AXIS2_PLACEMENT_3D ( 'NONE', #725, #1288, #2368 ) ;
#1163 = FACE_OUTER_BOUND ( 'NONE', #710, .T. ) ;
#1164 = EDGE_CURVE ( 'NONE', #406, #1926, #171, .T. ) ;
#1165 = DIRECTION ( 'NONE',  ( -0.000000000000000000, -0.000000000000000000, -1.000000000000000000 ) ) ;
#1166 = DIRECTION ( 'NONE',  ( 1.000000000000000000, 0.000000000000000000, 0.000000000000000000 ) ) ;
#1167 =( NAMED_UNIT ( * ) SI_UNIT ( $, .STERADIAN. ) SOLID_ANGLE_UNIT ( ) );
#1168 =( GEOMETRIC_REPRESENTATION_CONTEXT ( 3 ) GLOBAL_UNCERTAINTY_ASSIGNED_CONTEXT ( ( #2145 ) ) GLOBAL_UNIT_ASSIGNED_CONTEXT ( ( #1823, #1098, #743 ) ) REPRESENTATION_CONTEXT ( 'NONE', 'WORKASPACE' ) );
#1169 = DIRECTION ( 'NONE',  ( -0.000000000000000000, -0.000000000000000000, -1.000000000000000000 ) ) ;
#1170 = EDGE_LOOP ( 'NONE', ( #409, #500, #2185, #552 ) ) ;
#1171 = SURFACE_SIDE_STYLE ('',( #991 ) ) ;
#1172 = CIRCLE ( 'NONE', #794, 0.5000000000000004441 ) ;
#1173 = LINE ( 'NONE', #93, #1202 ) ;
#1174 = PRESENTATION_LAYER_ASSIGNMENT (  '', '', ( #69 ) ) ;
#1175 = PLANE ( 'NONE',  #629 ) ;
#1176 = DIRECTION ( 'NONE',  ( 0.9974659451518887998, 0.07114554281365047250, -0.000000000000000000 ) ) ;
#1177 = MECHANICAL_DESIGN_GEOMETRIC_PRESENTATION_REPRESENTATION (  '', ( #622 ), #1425 ) ;
#1178 = CARTESIAN_POINT ( 'NONE',  ( 5.139375286530230902, 0.03695931699962569372, 0.5649999999999998357 ) ) ;
#1179 = SURFACE_STYLE_USAGE ( .BOTH. , #1384 ) ;
#1180 = ORIENTED_EDGE ( 'NONE', *, *, #1078, .F. ) ;
#1181 = VERTEX_POINT ( 'NONE', #1498 ) ;
#1182 = PRESENTATION_LAYER_ASSIGNMENT (  '', '', ( #372 ) ) ;
#1183 = DIRECTION ( 'NONE',  ( 0.000000000000000000, -1.000000000000000000, 0.000000000000000000 ) ) ;
#1184 = ORIENTED_EDGE ( 'NONE', *, *, #2365, .F. ) ;
#1185 = DIRECTION ( 'NONE',  ( 0.000000000000000000, 0.000000000000000000, 1.000000000000000000 ) ) ;
#1186 = CARTESIAN_POINT ( 'NONE',  ( 5.103802515123408767, 0.5356922895755704683, 0.5649999999999998357 ) ) ;
#1187 = FACE_OUTER_BOUND ( 'NONE', #2303, .T. ) ;
#1188 = ORIENTED_EDGE ( 'NONE', *, *, #290, .T. ) ;
#1189 = VECTOR ( 'NONE', #375, 1000.000000000000114 ) ;
#1190 = CARTESIAN_POINT ( 'NONE',  ( 3.105010452734799031, -0.5100000000000000089, 1.194999999999999840 ) ) ;
#1191 = MECHANICAL_DESIGN_GEOMETRIC_PRESENTATION_REPRESENTATION (  '', ( #938 ), #771 ) ;
#1192 =( GEOMETRIC_REPRESENTATION_CONTEXT ( 3 ) GLOBAL_UNCERTAINTY_ASSIGNED_CONTEXT ( ( #1978 ) ) GLOBAL_UNIT_ASSIGNED_CONTEXT ( ( #1795, #687, #1975 ) ) REPRESENTATION_CONTEXT ( 'NONE', 'WORKASPACE' ) );
#1193 = DIRECTION ( 'NONE',  ( 0.000000000000000000, 1.000000000000000000, 0.000000000000000000 ) ) ;
#1194 = COLOUR_RGB ( '',1.000000000000000000, 1.000000000000000000, 1.000000000000000000 ) ;
#1195 = CARTESIAN_POINT ( 'NONE',  ( 0.9450000000000009504, 1.089999999999999858, 0.8899999999999993472 ) ) ;
#1196 =( GEOMETRIC_REPRESENTATION_CONTEXT ( 3 ) GLOBAL_UNCERTAINTY_ASSIGNED_CONTEXT ( ( #1099 ) ) GLOBAL_UNIT_ASSIGNED_CONTEXT ( ( #1336, #1867, #2374 ) ) REPRESENTATION_CONTEXT ( 'NONE', 'WORKASPACE' ) );
#1197 = EDGE_CURVE ( 'NONE', #1445, #1105, #1652, .T. ) ;
#1198 = EDGE_CURVE ( 'NONE', #916, #648, #564, .T. ) ;
#1199 = LINE ( 'NONE', #1270, #637 ) ;
#1200 = EDGE_CURVE ( 'NONE', #1355, #1385, #1567, .T. ) ;
#1201 =( NAMED_UNIT ( * ) SI_UNIT ( $, .STERADIAN. ) SOLID_ANGLE_UNIT ( ) );
#1202 = VECTOR ( 'NONE', #1566, 1000.000000000000000 ) ;
#1203 =( NAMED_UNIT ( * ) SI_UNIT ( $, .STERADIAN. ) SOLID_ANGLE_UNIT ( ) );
#1204 = VECTOR ( 'NONE', #2080, 1000.000000000000000 ) ;
#1205 = CARTESIAN_POINT ( 'NONE',  ( 5.725000000000001421, 0.5799999999999997380, 5.774999999999999467 ) ) ;
#1206 = DIRECTION ( 'NONE',  ( -0.000000000000000000, -0.000000000000000000, -1.000000000000000000 ) ) ;
#1207 = ORIENTED_EDGE ( 'NONE', *, *, #340, .F. ) ;
#1208 = DIRECTION ( 'NONE',  ( 0.000000000000000000, 0.000000000000000000, 1.000000000000000000 ) ) ;
#1209 = SURFACE_STYLE_USAGE ( .BOTH. , #631 ) ;
#1210 = PRESENTATION_LAYER_ASSIGNMENT (  '', '', ( #706 ) ) ;
#1211 = ORIENTED_EDGE ( 'NONE', *, *, #119, .F. ) ;
#1212 = PLANE ( 'NONE',  #1790 ) ;
#1213 =( GEOMETRIC_REPRESENTATION_CONTEXT ( 3 ) GLOBAL_UNCERTAINTY_ASSIGNED_CONTEXT ( ( #1632 ) ) GLOBAL_UNIT_ASSIGNED_CONTEXT ( ( #989, #996, #971 ) ) REPRESENTATION_CONTEXT ( 'NONE', 'WORKASPACE' ) );
#1214 = ORIENTED_EDGE ( 'NONE', *, *, #1685, .T. ) ;
#1215 = ORIENTED_EDGE ( 'NONE', *, *, #1619, .T. ) ;
#1216 = FACE_OUTER_BOUND ( 'NONE', #647, .T. ) ;
#1217 = VERTEX_POINT ( 'NONE', #1690 ) ;
#1218 = FACE_OUTER_BOUND ( 'NONE', #1144, .T. ) ;
#1219 = ORIENTED_EDGE ( 'NONE', *, *, #155, .T. ) ;
#1220 = DIRECTION ( 'NONE',  ( 0.000000000000000000, -0.000000000000000000, 1.000000000000000000 ) ) ;
#1221 = SURFACE_STYLE_FILL_AREA ( #225 ) ;
#1222 = SURFACE_STYLE_USAGE ( .BOTH. , #1239 ) ;
#1223 = COLOUR_RGB ( '',0.000000000000000000, 0.000000000000000000, 0.000000000000000000 ) ;
#1224 = CARTESIAN_POINT ( 'NONE',  ( -3.674999999999999822, 1.089999999999999858, 0.8899999999999997913 ) ) ;
#1225 = MECHANICAL_DESIGN_GEOMETRIC_PRESENTATION_REPRESENTATION (  '', ( #2266 ), #638 ) ;
#1226 = PRESENTATION_STYLE_ASSIGNMENT (( #1271 ) ) ;
#1227 = CARTESIAN_POINT ( 'NONE',  ( 2.985000000000000320, 1.089999999999999858, 6.349999999999999645 ) ) ;
#1228 =( LENGTH_UNIT ( ) NAMED_UNIT ( * ) SI_UNIT ( .MILLI., .METRE. ) );
#1229 = SURFACE_STYLE_USAGE ( .BOTH. , #85 ) ;
#1230 =( GEOMETRIC_REPRESENTATION_CONTEXT ( 3 ) GLOBAL_UNCERTAINTY_ASSIGNED_CONTEXT ( ( #573 ) ) GLOBAL_UNIT_ASSIGNED_CONTEXT ( ( #553, #399, #761 ) ) REPRESENTATION_CONTEXT ( 'NONE', 'WORKASPACE' ) );
#1231 = EDGE_CURVE ( 'NONE', #2054, #1297, #1079, .T. ) ;
#1232 = CIRCLE ( 'NONE', #566, 0.5000000000000004441 ) ;
#1233 = SURFACE_SIDE_STYLE ('',( #747 ) ) ;
#1234 = UNCERTAINTY_MEASURE_WITH_UNIT (LENGTH_MEASURE( 1.000000000000000082E-05 ), #411, 'distance_accuracy_value', 'NONE');
#1235 = SURFACE_SIDE_STYLE ('',( #2313 ) ) ;
#1236 = PLANE ( 'NONE',  #486 ) ;
#1237 = STYLED_ITEM ( 'NONE', ( #1308 ), #1621 ) ;
#1238 = CARTESIAN_POINT ( 'NONE',  ( 4.703317153087766656, 0.2816086665975235381, 5.144999999999999574 ) ) ;
#1239 = SURFACE_SIDE_STYLE ('',( #146 ) ) ;
#1240 = CIRCLE ( 'NONE', #2330, 0.5000000000000004441 ) ;
#1241 = ORIENTED_EDGE ( 'NONE', *, *, #1571, .T. ) ;
#1242 = ORIENTED_EDGE ( 'NONE', *, *, #457, .F. ) ;
#1243 = ORIENTED_EDGE ( 'NONE', *, *, #1852, .F. ) ;
#1244 = ORIENTED_EDGE ( 'NONE', *, *, #799, .F. ) ;
#1245 =( LENGTH_UNIT ( ) NAMED_UNIT ( * ) SI_UNIT ( .MILLI., .METRE. ) );
#1246 = SURFACE_SIDE_STYLE ('',( #535 ) ) ;
#1247 = STYLED_ITEM ( 'NONE', ( #1401 ), #2373 ) ;
#1248 = VECTOR ( 'NONE', #851, 1000.000000000000227 ) ;
#1249 = LINE ( 'NONE', #2222, #1784 ) ;
#1250 = ORIENTED_EDGE ( 'NONE', *, *, #2074, .F. ) ;
#1251 = EDGE_CURVE ( 'NONE', #2255, #32, #35, .T. ) ;
#1252 =( NAMED_UNIT ( * ) SI_UNIT ( $, .STERADIAN. ) SOLID_ANGLE_UNIT ( ) );
#1253 = SURFACE_STYLE_FILL_AREA ( #1357 ) ;
#1254 =( NAMED_UNIT ( * ) SI_UNIT ( $, .STERADIAN. ) SOLID_ANGLE_UNIT ( ) );
#1255 = DIRECTION ( 'NONE',  ( 0.000000000000000000, 0.000000000000000000, 1.000000000000000000 ) ) ;
#1256 = DIRECTION ( 'NONE',  ( -0.2026225276928677321, -0.9792569179083459030, -0.000000000000000000 ) ) ;
#1257 = AXIS2_PLACEMENT_3D ( 'NONE', #1524, #22, #621 ) ;
#1258 = CARTESIAN_POINT ( 'NONE',  ( 3.995000000000000107, 0.000000000000000000, 3.489999999999999769 ) ) ;
#1259 =( NAMED_UNIT ( * ) SI_UNIT ( $, .STERADIAN. ) SOLID_ANGLE_UNIT ( ) );
#1260 = PRESENTATION_LAYER_ASSIGNMENT (  '', '', ( #585 ) ) ;
#1261 = CARTESIAN_POINT ( 'NONE',  ( 0.000000000000000000, 0.000000000000000000, 2.859999999999998099 ) ) ;
#1262 = AXIS2_PLACEMENT_3D ( 'NONE', #1261, #1804, #2296 ) ;
#1263 = FILL_AREA_STYLE ('',( #2324 ) ) ;
#1264 = VECTOR ( 'NONE', #1805, 1000.000000000000114 ) ;
#1265 = FACE_OUTER_BOUND ( 'NONE', #2033, .T. ) ;
#1266 =( GEOMETRIC_REPRESENTATION_CONTEXT ( 3 ) GLOBAL_UNCERTAINTY_ASSIGNED_CONTEXT ( ( #1005 ) ) GLOBAL_UNIT_ASSIGNED_CONTEXT ( ( #1934, #1965, #1025 ) ) REPRESENTATION_CONTEXT ( 'NONE', 'WORKASPACE' ) );
#1267 = VECTOR ( 'NONE', #1642, 1000.000000000000114 ) ;
#1268 = COLOUR_RGB ( '',1.000000000000000000, 1.000000000000000000, 1.000000000000000000 ) ;
#1269 = MANIFOLD_SOLID_BREP ( 'Chamfer1', #1837 ) ;
#1270 = CARTESIAN_POINT ( 'NONE',  ( -2.984999999999998543, -1.090000000000000302, 6.349999999999999645 ) ) ;
#1271 = SURFACE_STYLE_USAGE ( .BOTH. , #483 ) ;
#1272 = VERTEX_POINT ( 'NONE', #1137 ) ;
#1273 = SURFACE_SIDE_STYLE ('',( #314 ) ) ;
#1274 = ORIENTED_EDGE ( 'NONE', *, *, #2363, .T. ) ;
#1275 = STYLED_ITEM ( 'NONE', ( #1106 ), #677 ) ;
#1276 = ORIENTED_EDGE ( 'NONE', *, *, #8, .T. ) ;
#1277 =( NAMED_UNIT ( * ) SI_UNIT ( $, .STERADIAN. ) SOLID_ANGLE_UNIT ( ) );
#1278 = ORIENTED_EDGE ( 'NONE', *, *, #1143, .F. ) ;
#1279 = CARTESIAN_POINT ( 'NONE',  ( -2.984999999999998543, -1.090000000000000302, 0.000000000000000000 ) ) ;
#1280 = VERTEX_POINT ( 'NONE', #945 ) ;
#1281 = EDGE_CURVE ( 'NONE', #618, #3, #1929, .T. ) ;
#1282 = FACE_OUTER_BOUND ( 'NONE', #2244, .T. ) ;
#1283 = VECTOR ( 'NONE', #830, 1000.000000000000000 ) ;
#1284 = LINE ( 'NONE', #1238, #1653 ) ;
#1285 = VECTOR ( 'NONE', #382, 1000.000000000000000 ) ;
#1286 = SURFACE_STYLE_USAGE ( .BOTH. , #929 ) ;
#1287 = VERTEX_POINT ( 'NONE', #2213 ) ;
#1288 = DIRECTION ( 'NONE',  ( 1.000000000000000000, 0.000000000000000000, 0.000000000000000000 ) ) ;
#1289 = AXIS2_PLACEMENT_3D ( 'NONE', #1984, #1115, #1851 ) ;
#1290 = LINE ( 'NONE', #1082, #1971 ) ;
#1291 = DIRECTION ( 'NONE',  ( -0.000000000000000000, -0.000000000000000000, -1.000000000000000000 ) ) ;
#1292 = EDGE_CURVE ( 'NONE', #104, #944, #359, .T. ) ;
#1293 = EDGE_CURVE ( 'NONE', #1217, #158, #253, .T. ) ;
#1294 = SURFACE_STYLE_FILL_AREA ( #2370 ) ;
#1295 = ORIENTED_EDGE ( 'NONE', *, *, #1963, .T. ) ;
#1296 = DIRECTION ( 'NONE',  ( -0.000000000000000000, -0.000000000000000000, -1.000000000000000000 ) ) ;
#1297 = VERTEX_POINT ( 'NONE', #2085 ) ;
#1298 = EDGE_LOOP ( 'NONE', ( #1301, #1215, #244, #811 ) ) ;
#1299 = MECHANICAL_DESIGN_GEOMETRIC_PRESENTATION_REPRESENTATION (  '', ( #69 ), #2148 ) ;
#1300 = DIRECTION ( 'NONE',  ( 0.000000000000000000, 0.000000000000000000, -1.000000000000000000 ) ) ;
#1301 = ORIENTED_EDGE ( 'NONE', *, *, #526, .F. ) ;
#1302 = STYLED_ITEM ( 'NONE', ( #1990 ), #1672 ) ;
#1303 = CIRCLE ( 'NONE', #182, 0.5000000000000000000 ) ;
#1304 =( NAMED_UNIT ( * ) PLANE_ANGLE_UNIT ( ) SI_UNIT ( $, .RADIAN. ) );
#1305 = ADVANCED_FACE ( 'NONE', ( #1218 ), #607, .T. ) ;
#1306 = ORIENTED_EDGE ( 'NONE', *, *, #1979, .T. ) ;
#1307 = LINE ( 'NONE', #1708, #815 ) ;
#1308 = PRESENTATION_STYLE_ASSIGNMENT (( #1229 ) ) ;
#1309 = PRESENTATION_LAYER_ASSIGNMENT (  '', '', ( #1009 ) ) ;
#1310 = DIRECTION ( 'NONE',  ( 0.000000000000000000, -1.000000000000000000, 0.000000000000000000 ) ) ;
#1311 = LINE ( 'NONE', #639, #2037 ) ;
#1312 = DIRECTION ( 'NONE',  ( -0.4892986991957993248, -0.8721162668849254951, 0.000000000000000000 ) ) ;
#1313 = ADVANCED_FACE ( 'NONE', ( #1787 ), #1910, .F. ) ;
#1314 = ORIENTED_EDGE ( 'NONE', *, *, #2139, .T. ) ;
#1315 = FACE_OUTER_BOUND ( 'NONE', #1781, .T. ) ;
#1316 = AXIS2_PLACEMENT_3D ( 'NONE', #471, #2322, #1628 ) ;
#1317 =( NAMED_UNIT ( * ) PLANE_ANGLE_UNIT ( ) SI_UNIT ( $, .RADIAN. ) );
#1318 = CARTESIAN_POINT ( 'NONE',  ( -3.324999999999997513, 1.089999999999999858, 5.459999999999999964 ) ) ;
#1319 = FILL_AREA_STYLE ('',( #194 ) ) ;
#1320 = PRESENTATION_LAYER_ASSIGNMENT (  '', '', ( #97 ) ) ;
#1321 = DIRECTION ( 'NONE',  ( -0.7071067811865493491, -0.000000000000000000, 0.7071067811865456854 ) ) ;
#1322 = EDGE_CURVE ( 'NONE', #1385, #1272, #2196, .T. ) ;
#1323 = ORIENTED_EDGE ( 'NONE', *, *, #1251, .T. ) ;
#1324 = EDGE_CURVE ( 'NONE', #824, #377, #1127, .T. ) ;
#1325 = ORIENTED_EDGE ( 'NONE', *, *, #827, .F. ) ;
#1326 =( LENGTH_UNIT ( ) NAMED_UNIT ( * ) SI_UNIT ( .MILLI., .METRE. ) );
#1327 = ORIENTED_EDGE ( 'NONE', *, *, #2074, .T. ) ;
#1328 =( NAMED_UNIT ( * ) PLANE_ANGLE_UNIT ( ) SI_UNIT ( $, .RADIAN. ) );
#1329 = VERTEX_POINT ( 'NONE', #2268 ) ;
#1330 = PLANE ( 'NONE',  #1052 ) ;
#1331 = MECHANICAL_DESIGN_GEOMETRIC_PRESENTATION_REPRESENTATION (  '', ( #706 ), #1819 ) ;
#1332 = CARTESIAN_POINT ( 'NONE',  ( 4.103800743383105853, 0.2553506504021022527, 0.5649999999999998357 ) ) ;
#1333 = MECHANICAL_DESIGN_GEOMETRIC_PRESENTATION_REPRESENTATION (  '', ( #2014 ), #1455 ) ;
#1334 = VECTOR ( 'NONE', #2312, 1000.000000000000000 ) ;
#1335 = UNCERTAINTY_MEASURE_WITH_UNIT (LENGTH_MEASURE( 1.000000000000000082E-05 ), #1964, 'distance_accuracy_value', 'NONE');
#1336 =( LENGTH_UNIT ( ) NAMED_UNIT ( * ) SI_UNIT ( .MILLI., .METRE. ) );
#1337 = VECTOR ( 'NONE', #422, 1000.000000000000000 ) ;
#1338 = FILL_AREA_STYLE ('',( #923 ) ) ;
#1339 = ADVANCED_FACE ( 'NONE', ( #1074 ), #1175, .T. ) ;
#1340 = DIRECTION ( 'NONE',  ( 0.000000000000000000, 0.000000000000000000, 1.000000000000000000 ) ) ;
#1341 = SURFACE_SIDE_STYLE ('',( #298 ) ) ;
#1342 = SURFACE_STYLE_FILL_AREA ( #1319 ) ;
#1343 = DIRECTION ( 'NONE',  ( 0.000000000000000000, 0.000000000000000000, 1.000000000000000000 ) ) ;
#1344 = FILL_AREA_STYLE_COLOUR ( '', #2338 ) ;
#1345 =( GEOMETRIC_REPRESENTATION_CONTEXT ( 3 ) GLOBAL_UNCERTAINTY_ASSIGNED_CONTEXT ( ( #1832 ) ) GLOBAL_UNIT_ASSIGNED_CONTEXT ( ( #338, #734, #2017 ) ) REPRESENTATION_CONTEXT ( 'NONE', 'WORKASPACE' ) );
#1346 = COLOUR_RGB ( '',1.000000000000000000, 1.000000000000000000, 1.000000000000000000 ) ;
#1347 = FACE_OUTER_BOUND ( 'NONE', #2004, .T. ) ;
#1348 = DIRECTION ( 'NONE',  ( -1.000000000000000000, 0.000000000000000000, 1.173378974551411372E-16 ) ) ;
#1349 = FILL_AREA_STYLE_COLOUR ( '', #300 ) ;
#1350 = ADVANCED_FACE ( 'NONE', ( #843 ), #837, .F. ) ;
#1351 = EDGE_CURVE ( 'NONE', #941, #2212, #556, .T. ) ;
#1352 = VERTEX_POINT ( 'NONE', #1553 ) ;
#1353 = CARTESIAN_POINT ( 'NONE',  ( 4.402450904261838716, -0.2546493495978977006, 5.144999999999999574 ) ) ;
#1354 = DIRECTION ( 'NONE',  ( 0.000000000000000000, 0.000000000000000000, 1.000000000000000000 ) ) ;
#1355 = VERTEX_POINT ( 'NONE', #2286 ) ;
#1356 = ORIENTED_EDGE ( 'NONE', *, *, #1231, .F. ) ;
#1357 = FILL_AREA_STYLE ('',( #439 ) ) ;
#1358 = CARTESIAN_POINT ( 'NONE',  ( 4.794159102043628273, 1.024909263579282470, 5.144999999999999574 ) ) ;
#1359 = ORIENTED_EDGE ( 'NONE', *, *, #696, .T. ) ;
#1360 =( GEOMETRIC_REPRESENTATION_CONTEXT ( 3 ) GLOBAL_UNCERTAINTY_ASSIGNED_CONTEXT ( ( #2301 ) ) GLOBAL_UNIT_ASSIGNED_CONTEXT ( ( #1397, #2289, #269 ) ) REPRESENTATION_CONTEXT ( 'NONE', 'WORKASPACE' ) );
#1361 = VECTOR ( 'NONE', #619, 1000.000000000000000 ) ;
#1362 = VERTEX_POINT ( 'NONE', #845 ) ;
#1363 = DIRECTION ( 'NONE',  ( 0.9974659451518887998, 0.07114554281365047250, -0.000000000000000000 ) ) ;
#1364 = LINE ( 'NONE', #1159, #719 ) ;
#1365 = DIRECTION ( 'NONE',  ( -0.000000000000000000, -0.000000000000000000, -1.000000000000000000 ) ) ;
#1366 = VECTOR ( 'NONE', #339, 1000.000000000000000 ) ;
#1367 = CARTESIAN_POINT ( 'NONE',  ( 3.995000000000000107, -0.5100000000000000089, 3.489999999999999769 ) ) ;
#1368 = CARTESIAN_POINT ( 'NONE',  ( 5.139375286530230902, 0.03695931699962569372, 5.144999999999999574 ) ) ;
#1369 = EDGE_CURVE ( 'NONE', #1287, #2212, #1303, .T. ) ;
#1370 = CARTESIAN_POINT ( 'NONE',  ( 3.105010452734799031, -0.5100000000000000089, 5.144999999999999574 ) ) ;
#1371 = EDGE_CURVE ( 'NONE', #1413, #1121, #309, .T. ) ;
#1372 = CARTESIAN_POINT ( 'NONE',  ( 3.966392770819374469, -0.01000000000000002623, 5.144999999999999574 ) ) ;
#1373 = PLANE ( 'NONE',  #2101 ) ;
#1374 =( NAMED_UNIT ( * ) SI_UNIT ( $, .STERADIAN. ) SOLID_ANGLE_UNIT ( ) );
#1375 = VECTOR ( 'NONE', #1563, 1000.000000000000000 ) ;
#1376 = DIRECTION ( 'NONE',  ( 0.000000000000000000, 0.000000000000000000, 1.000000000000000000 ) ) ;
#1377 = SURFACE_STYLE_FILL_AREA ( #889 ) ;
#1378 = SURFACE_STYLE_USAGE ( .BOTH. , #1732 ) ;
#1379 = CARTESIAN_POINT ( 'NONE',  ( 3.966392770819374469, -0.01000000000000002623, 5.144999999999999574 ) ) ;
#1380 = AXIS2_PLACEMENT_3D ( 'NONE', #2208, #933, #563 ) ;
#1381 = DIRECTION ( 'NONE',  ( 0.000000000000000000, 1.000000000000000000, 0.000000000000000000 ) ) ;
#1382 = STYLED_ITEM ( 'NONE', ( #2131 ), #2187 ) ;
#1383 = ORIENTED_EDGE ( 'NONE', *, *, #1809, .T. ) ;
#1384 = SURFACE_SIDE_STYLE ('',( #1537 ) ) ;
#1385 = VERTEX_POINT ( 'NONE', #448 ) ;
#1386 = CARTESIAN_POINT ( 'NONE',  ( 4.402450904261838716, -0.2546493495978977561, 5.144999999999999574 ) ) ;
#1387 = ORIENTED_EDGE ( 'NONE', *, *, #1945, .F. ) ;
#1388 =( NAMED_UNIT ( * ) SI_UNIT ( $, .STERADIAN. ) SOLID_ANGLE_UNIT ( ) );
#1389 = ORIENTED_EDGE ( 'NONE', *, *, #1446, .T. ) ;
#1390 = FILL_AREA_STYLE ('',( #2130 ) ) ;
#1391 = CARTESIAN_POINT ( 'NONE',  ( 5.725000000000001421, 1.089999999999999858, 1.194999999999999840 ) ) ;
#1392 = COLOUR_RGB ( '',1.000000000000000000, 1.000000000000000000, 1.000000000000000000 ) ;
#1393 = MECHANICAL_DESIGN_GEOMETRIC_PRESENTATION_REPRESENTATION (  '', ( #379 ), #335 ) ;
#1394 = FILL_AREA_STYLE ('',( #798 ) ) ;
#1395 = AXIS2_PLACEMENT_3D ( 'NONE', #675, #686, #668 ) ;
#1396 = DIRECTION ( 'NONE',  ( 1.000000000000000000, 0.000000000000000000, 0.000000000000000000 ) ) ;
#1397 =( LENGTH_UNIT ( ) NAMED_UNIT ( * ) SI_UNIT ( .MILLI., .METRE. ) );
#1398 = EDGE_CURVE ( 'NONE', #1893, #813, #502, .T. ) ;
#1399 = CARTESIAN_POINT ( 'NONE',  ( 4.794159102043628273, 1.024909263579282470, 1.194999999999999840 ) ) ;
#1400 = FILL_AREA_STYLE ('',( #1565 ) ) ;
#1401 = PRESENTATION_STYLE_ASSIGNMENT (( #903 ) ) ;
#1402 = SURFACE_SIDE_STYLE ('',( #848 ) ) ;
#1403 = FACE_OUTER_BOUND ( 'NONE', #162, .T. ) ;
#1404 = LINE ( 'NONE', #2206, #606 ) ;
#1405 = CARTESIAN_POINT ( 'NONE',  ( 3.995000000000000107, 0.000000000000000000, 3.489999999999999769 ) ) ;
#1406 = ORIENTED_EDGE ( 'NONE', *, *, #1324, .F. ) ;
#1407 = DIRECTION ( 'NONE',  ( 0.000000000000000000, 0.000000000000000000, 1.000000000000000000 ) ) ;
#1408 = UNCERTAINTY_MEASURE_WITH_UNIT (LENGTH_MEASURE( 1.000000000000000082E-05 ), #259, 'distance_accuracy_value', 'NONE');
#1409 = CARTESIAN_POINT ( 'NONE',  ( 4.794159102043628273, 1.024909263579282470, 5.144999999999999574 ) ) ;
#1410 = ORIENTED_EDGE ( 'NONE', *, *, #2015, .T. ) ;
#1411 = DIRECTION ( 'NONE',  ( 0.2026225276928693142, 0.9792569179083455699, 0.000000000000000000 ) ) ;
#1412 = PRESENTATION_LAYER_ASSIGNMENT (  '', '', ( #1382 ) ) ;
#1413 = VERTEX_POINT ( 'NONE', #1580 ) ;
#1414 = EDGE_CURVE ( 'NONE', #158, #984, #192, .T. ) ;
#1415 = EDGE_CURVE ( 'NONE', #139, #2325, #1470, .T. ) ;
#1416 = ORIENTED_EDGE ( 'NONE', *, *, #1251, .F. ) ;
#1417 = FILL_AREA_STYLE ('',( #893 ) ) ;
#1418 = SURFACE_STYLE_USAGE ( .BOTH. , #1233 ) ;
#1419 = LINE ( 'NONE', #413, #2192 ) ;
#1420 = COLOUR_RGB ( '',1.000000000000000000, 1.000000000000000000, 1.000000000000000000 ) ;
#1421 = PRESENTATION_STYLE_ASSIGNMENT (( #214 ) ) ;
#1422 = DIRECTION ( 'NONE',  ( -0.9975640502598246417, -0.06975647374411859947, 0.000000000000000000 ) ) ;
#1423 = PRESENTATION_STYLE_ASSIGNMENT (( #1050 ) ) ;
#1424 = VECTOR ( 'NONE', #683, 1000.000000000000000 ) ;
#1425 =( GEOMETRIC_REPRESENTATION_CONTEXT ( 3 ) GLOBAL_UNCERTAINTY_ASSIGNED_CONTEXT ( ( #804 ) ) GLOBAL_UNIT_ASSIGNED_CONTEXT ( ( #1029, #2271, #1203 ) ) REPRESENTATION_CONTEXT ( 'NONE', 'WORKASPACE' ) );
#1426 =( LENGTH_UNIT ( ) NAMED_UNIT ( * ) SI_UNIT ( .MILLI., .METRE. ) );
#1427 = DIRECTION ( 'NONE',  ( 0.000000000000000000, 0.000000000000000000, 1.000000000000000000 ) ) ;
#1428 =( NAMED_UNIT ( * ) SI_UNIT ( $, .STERADIAN. ) SOLID_ANGLE_UNIT ( ) );
#1429 = DIRECTION ( 'NONE',  ( -0.2026225276928693142, -0.9792569179083455699, 0.000000000000000000 ) ) ;
#1430 = ORIENTED_EDGE ( 'NONE', *, *, #2363, .F. ) ;
#1431 = DIRECTION ( 'NONE',  ( -0.000000000000000000, -0.000000000000000000, -1.000000000000000000 ) ) ;
#1432 = PLANE ( 'NONE',  #76 ) ;
#1433 =( LENGTH_UNIT ( ) NAMED_UNIT ( * ) SI_UNIT ( .MILLI., .METRE. ) );
#1434 = ADVANCED_FACE ( 'NONE', ( #414 ), #530, .T. ) ;
#1435 = PRESENTATION_STYLE_ASSIGNMENT (( #1499 ) ) ;
#1436 = STYLED_ITEM ( 'NONE', ( #994 ), #551 ) ;
#1437 = ORIENTED_EDGE ( 'NONE', *, *, #1900, .T. ) ;
#1438 = MANIFOLD_SOLID_BREP ( 'Boss-Extrude4', #2146 ) ;
#1439 = FILL_AREA_STYLE_COLOUR ( '', #966 ) ;
#1440 = VERTEX_POINT ( 'NONE', #1775 ) ;
#1441 = VERTEX_POINT ( 'NONE', #666 ) ;
#1442 = CARTESIAN_POINT ( 'NONE',  ( 3.210536885311948474, 0.000000000000000000, 0.000000000000000000 ) ) ;
#1443 = DIRECTION ( 'NONE',  ( -0.000000000000000000, 1.000000000000000000, -0.000000000000000000 ) ) ;
#1444 = COLOUR_RGB ( '',1.000000000000000000, 1.000000000000000000, 1.000000000000000000 ) ;
#1445 = VERTEX_POINT ( 'NONE', #1399 ) ;
#1446 = EDGE_CURVE ( 'NONE', #824, #1105, #102, .T. ) ;
#1447 = PRESENTATION_STYLE_ASSIGNMENT (( #1527 ) ) ;
#1448 = CARTESIAN_POINT ( 'NONE',  ( 4.103800743383105853, 0.2553506504021022527, 5.144999999999999574 ) ) ;
#1449 = PLANE ( 'NONE',  #1262 ) ;
#1450 = FACE_OUTER_BOUND ( 'NONE', #1552, .T. ) ;
#1451 = CARTESIAN_POINT ( 'NONE',  ( 0.000000000000000000, 1.089999999999999858, 0.000000000000000000 ) ) ;
#1452 = SURFACE_STYLE_USAGE ( .BOTH. , #1967 ) ;
#1453 = SURFACE_STYLE_USAGE ( .BOTH. , #736 ) ;
#1454 = MECHANICAL_DESIGN_GEOMETRIC_PRESENTATION_REPRESENTATION (  '', ( #1501 ), #1988 ) ;
#1455 =( GEOMETRIC_REPRESENTATION_CONTEXT ( 3 ) GLOBAL_UNCERTAINTY_ASSIGNED_CONTEXT ( ( #2000 ) ) GLOBAL_UNIT_ASSIGNED_CONTEXT ( ( #2269, #658, #1201 ) ) REPRESENTATION_CONTEXT ( 'NONE', 'WORKASPACE' ) );
#1456 = SURFACE_SIDE_STYLE ('',( #1479 ) ) ;
#1457 = LINE ( 'NONE', #2161, #296 ) ;
#1458 = VECTOR ( 'NONE', #518, 1000.000000000000000 ) ;
#1459 = FILL_AREA_STYLE_COLOUR ( '', #170 ) ;
#1460 =( GEOMETRIC_REPRESENTATION_CONTEXT ( 3 ) GLOBAL_UNCERTAINTY_ASSIGNED_CONTEXT ( ( #943 ) ) GLOBAL_UNIT_ASSIGNED_CONTEXT ( ( #1727, #613, #2090 ) ) REPRESENTATION_CONTEXT ( 'NONE', 'WORKASPACE' ) );
#1461 = CARTESIAN_POINT ( 'NONE',  ( -2.984999999999999432, 1.089999999999999858, 0.000000000000000000 ) ) ;
#1462 = ORIENTED_EDGE ( 'NONE', *, *, #605, .T. ) ;
#1463 = ORIENTED_EDGE ( 'NONE', *, *, #2163, .T. ) ;
#1464 =( GEOMETRIC_REPRESENTATION_CONTEXT ( 3 ) GLOBAL_UNCERTAINTY_ASSIGNED_CONTEXT ( ( #2104 ) ) GLOBAL_UNIT_ASSIGNED_CONTEXT ( ( #908, #1093, #1277 ) ) REPRESENTATION_CONTEXT ( 'NONE', 'WORKASPACE' ) );
#1465 = ORIENTED_EDGE ( 'NONE', *, *, #2197, .F. ) ;
#1466 = FACE_OUTER_BOUND ( 'NONE', #1007, .T. ) ;
#1467 = VERTEX_POINT ( 'NONE', #1981 ) ;
#1468 = PLANE ( 'NONE',  #2092 ) ;
#1469 = PLANE ( 'NONE',  #25 ) ;
#1470 = LINE ( 'NONE', #655, #1248 ) ;
#1471 = AXIS2_PLACEMENT_3D ( 'NONE', #1494, #2034, #223 ) ;
#1472 = LINE ( 'NONE', #782, #353 ) ;
#1473 = ORIENTED_EDGE ( 'NONE', *, *, #2174, .F. ) ;
#1474 = EDGE_CURVE ( 'NONE', #1413, #1650, #688, .T. ) ;
#1475 = VECTOR ( 'NONE', #1640, 1000.000000000000000 ) ;
#1476 = VECTOR ( 'NONE', #196, 1000.000000000000000 ) ;
#1477 = LINE ( 'NONE', #1367, #1759 ) ;
#1478 = DIRECTION ( 'NONE',  ( -1.897946910259088664E-16, -0.000000000000000000, -1.000000000000000000 ) ) ;
#1479 = SURFACE_STYLE_FILL_AREA ( #2173 ) ;
#1480 = VECTOR ( 'NONE', #890, 1000.000000000000227 ) ;
#1481 = DIRECTION ( 'NONE',  ( -0.2026225276928677321, -0.9792569179083459030, -0.000000000000000000 ) ) ;
#1482 = VECTOR ( 'NONE', #2127, 1000.000000000000000 ) ;
#1483 = UNCERTAINTY_MEASURE_WITH_UNIT (LENGTH_MEASURE( 1.000000000000000082E-05 ), #1533, 'distance_accuracy_value', 'NONE');
#1484 = ADVANCED_FACE ( 'NONE', ( #1187 ), #1432, .F. ) ;
#1485 = LINE ( 'NONE', #1224, #935 ) ;
#1486 = DIRECTION ( 'NONE',  ( -1.000000000000000000, 0.000000000000000000, 0.000000000000000000 ) ) ;
#1487 = PRESENTATION_STYLE_ASSIGNMENT (( #2335 ) ) ;
#1488 = DIRECTION ( 'NONE',  ( 1.000000000000000000, 0.000000000000000000, 0.000000000000000000 ) ) ;
#1489 = EDGE_CURVE ( 'NONE', #1121, #354, #98, .T. ) ;
#1490 = SURFACE_STYLE_USAGE ( .BOTH. , #576 ) ;
#1491 = DIRECTION ( 'NONE',  ( 1.000000000000000000, 0.000000000000000000, -0.000000000000000000 ) ) ;
#1492 = CARTESIAN_POINT ( 'NONE',  ( -1.217499999999990257, 0.6299999999999997824, -1.217499999999996696 ) ) ;
#1493 = ADVANCED_FACE ( 'NONE', ( #1216 ), #1782, .T. ) ;
#1494 = CARTESIAN_POINT ( 'NONE',  ( 0.000000000000000000, 0.000000000000000000, 0.000000000000000000 ) ) ;
#1495 = MECHANICAL_DESIGN_GEOMETRIC_PRESENTATION_REPRESENTATION (  '', ( #130 ), #66 ) ;
#1496 = ORIENTED_EDGE ( 'NONE', *, *, #979, .F. ) ;
#1497 = VERTEX_POINT ( 'NONE', #1622 ) ;
#1498 = CARTESIAN_POINT ( 'NONE',  ( 5.103802515123408767, 0.5356922895755704683, 5.144999999999999574 ) ) ;
#1499 = SURFACE_STYLE_USAGE ( .BOTH. , #957 ) ;
#1500 = ORIENTED_EDGE ( 'NONE', *, *, #1293, .F. ) ;
#1501 = STYLED_ITEM ( 'NONE', ( #2176 ), #882 ) ;
#1502 = CARTESIAN_POINT ( 'NONE',  ( 5.725000000000001421, 0.5799999999999997380, 0.5649999999999998357 ) ) ;
#1503 = ORIENTED_EDGE ( 'NONE', *, *, #1110, .T. ) ;
#1504 =( GEOMETRIC_REPRESENTATION_CONTEXT ( 3 ) GLOBAL_UNCERTAINTY_ASSIGNED_CONTEXT ( ( #976 ) ) GLOBAL_UNIT_ASSIGNED_CONTEXT ( ( #611, #999, #1374 ) ) REPRESENTATION_CONTEXT ( 'NONE', 'WORKASPACE' ) );
#1505 = SURFACE_STYLE_USAGE ( .BOTH. , #2204 ) ;
#1506 = VECTOR ( 'NONE', #1381, 1000.000000000000000 ) ;
#1507 = DIRECTION ( 'NONE',  ( -1.000000000000000000, 0.000000000000000000, 1.173378974551411372E-16 ) ) ;
#1508 = PRESENTATION_LAYER_ASSIGNMENT (  '', '', ( #2062 ) ) ;
#1509 = UNCERTAINTY_MEASURE_WITH_UNIT (LENGTH_MEASURE( 1.000000000000000082E-05 ), #1521, 'distance_accuracy_value', 'NONE');
#1510 = CARTESIAN_POINT ( 'NONE',  ( 4.829037338915685318, 0.5261272384493700383, 1.194999999999999840 ) ) ;
#1511 = STYLED_ITEM ( 'NONE', ( #1855 ), #496 ) ;
#1512 =( LENGTH_UNIT ( ) NAMED_UNIT ( * ) SI_UNIT ( .MILLI., .METRE. ) );
#1513 =( GEOMETRIC_REPRESENTATION_CONTEXT ( 3 ) GLOBAL_UNCERTAINTY_ASSIGNED_CONTEXT ( ( #1554 ) ) GLOBAL_UNIT_ASSIGNED_CONTEXT ( ( #1245, #131, #1428 ) ) REPRESENTATION_CONTEXT ( 'NONE', 'WORKASPACE' ) );
#1514 = SURFACE_STYLE_FILL_AREA ( #708 ) ;
#1515 = CYLINDRICAL_SURFACE ( 'NONE', #425, 0.5000000000000004441 ) ;
#1516 =( NAMED_UNIT ( * ) PLANE_ANGLE_UNIT ( ) SI_UNIT ( $, .RADIAN. ) );
#1517 = ADVANCED_FACE ( 'NONE', ( #1466 ), #1626, .F. ) ;
#1518 = SURFACE_STYLE_FILL_AREA ( #178 ) ;
#1519 =( NAMED_UNIT ( * ) PLANE_ANGLE_UNIT ( ) SI_UNIT ( $, .RADIAN. ) );
#1520 = EDGE_CURVE ( 'NONE', #1280, #1362, #175, .T. ) ;
#1521 =( LENGTH_UNIT ( ) NAMED_UNIT ( * ) SI_UNIT ( .MILLI., .METRE. ) );
#1522 = CARTESIAN_POINT ( 'NONE',  ( 3.210536885311948474, 0.000000000000000000, 6.349999999999999645 ) ) ;
#1523 = ORIENTED_EDGE ( 'NONE', *, *, #1931, .F. ) ;
#1524 = CARTESIAN_POINT ( 'NONE',  ( 3.667742609940642495, 0.5000000000000002220, 0.5649999999999998357 ) ) ;
#1525 = ORIENTED_EDGE ( 'NONE', *, *, #1761, .T. ) ;
#1526 = VERTEX_POINT ( 'NONE', #1974 ) ;
#1527 = SURFACE_STYLE_USAGE ( .BOTH. , #401 ) ;
#1528 = ADVANCED_FACE ( 'NONE', ( #1049 ), #1065, .T. ) ;
#1529 = EDGE_LOOP ( 'NONE', ( #650, #1725, #1437, #2358 ) ) ;
#1530 = DIRECTION ( 'NONE',  ( 0.2026225276928699803, -0.9792569179083455699, 0.000000000000000000 ) ) ;
#1531 = DIRECTION ( 'NONE',  ( 0.000000000000000000, 0.000000000000000000, 1.000000000000000000 ) ) ;
#1532 = ORIENTED_EDGE ( 'NONE', *, *, #827, .T. ) ;
#1533 =( LENGTH_UNIT ( ) NAMED_UNIT ( * ) SI_UNIT ( .MILLI., .METRE. ) );
#1534 = SURFACE_STYLE_FILL_AREA ( #1338 ) ;
#1535 = MECHANICAL_DESIGN_GEOMETRIC_PRESENTATION_REPRESENTATION (  '', ( #1771 ), #1504 ) ;
#1536 = EDGE_CURVE ( 'NONE', #470, #94, #476, .T. ) ;
#1537 = SURFACE_STYLE_FILL_AREA ( #237 ) ;
#1538 = SURFACE_SIDE_STYLE ('',( #1627 ) ) ;
#1539 = EDGE_CURVE ( 'NONE', #948, #1057, #756, .T. ) ;
#1540 = CARTESIAN_POINT ( 'NONE',  ( 3.105010452734799031, -0.5100000000000000089, 5.144999999999999574 ) ) ;
#1541 = LINE ( 'NONE', #1596, #1848 ) ;
#1542 = CARTESIAN_POINT ( 'NONE',  ( 5.103802515123408767, 0.5356922895755704683, 5.144999999999999574 ) ) ;
#1543 = PRESENTATION_LAYER_ASSIGNMENT (  '', '', ( #127 ) ) ;
#1544 = PLANE ( 'NONE',  #2260 ) ;
#1545 = ORIENTED_EDGE ( 'NONE', *, *, #1119, .F. ) ;
#1546 = SURFACE_STYLE_FILL_AREA ( #1417 ) ;
#1547 =( NAMED_UNIT ( * ) PLANE_ANGLE_UNIT ( ) SI_UNIT ( $, .RADIAN. ) );
#1548 = FACE_OUTER_BOUND ( 'NONE', #921, .T. ) ;
#1549 = PRESENTATION_LAYER_ASSIGNMENT (  '', '', ( #1302 ) ) ;
#1550 = PLANE ( 'NONE',  #2178 ) ;
#1551 = MECHANICAL_DESIGN_GEOMETRIC_PRESENTATION_REPRESENTATION (  '', ( #372 ), #1266 ) ;
#1552 = EDGE_LOOP ( 'NONE', ( #2235, #2091, #1590, #1950, #973, #1987, #440, #1031 ) ) ;
#1553 = CARTESIAN_POINT ( 'NONE',  ( 4.402450904261838716, -0.2546493495978977006, 5.144999999999999574 ) ) ;
#1554 = UNCERTAINTY_MEASURE_WITH_UNIT (LENGTH_MEASURE( 1.000000000000000082E-05 ), #1245, 'distance_accuracy_value', 'NONE');
#1555 = SURFACE_STYLE_USAGE ( .BOTH. , #256 ) ;
#1556 = ORIENTED_EDGE ( 'NONE', *, *, #1371, .F. ) ;
#1557 = ORIENTED_EDGE ( 'NONE', *, *, #1570, .F. ) ;
#1558 = CARTESIAN_POINT ( 'NONE',  ( 5.725000000000001421, 0.5799999999999997380, 5.774999999999999467 ) ) ;
#1559 = CARTESIAN_POINT ( 'NONE',  ( 3.210536885311948474, 0.000000000000000000, 5.144999999999999574 ) ) ;
#1560 = ORIENTED_EDGE ( 'NONE', *, *, #608, .F. ) ;
#1561 = VECTOR ( 'NONE', #2117, 1000.000000000000000 ) ;
#1562 = EDGE_LOOP ( 'NONE', ( #503, #1207, #1278, #776 ) ) ;
#1563 = DIRECTION ( 'NONE',  ( 0.4892986991957993248, 0.8721162668849256061, 0.000000000000000000 ) ) ;
#1564 = VECTOR ( 'NONE', #2253, 1000.000000000000227 ) ;
#1565 = FILL_AREA_STYLE_COLOUR ( '', #469 ) ;
#1566 = DIRECTION ( 'NONE',  ( 0.000000000000000000, 0.000000000000000000, 1.000000000000000000 ) ) ;
#1567 = LINE ( 'NONE', #770, #1044 ) ;
#1568 = DIRECTION ( 'NONE',  ( 0.07114554281365050026, -0.9974659451518889108, 0.000000000000000000 ) ) ;
#1569 = DIRECTION ( 'NONE',  ( 0.000000000000000000, 1.000000000000000000, 0.000000000000000000 ) ) ;
#1570 = EDGE_CURVE ( 'NONE', #984, #1445, #2309, .T. ) ;
#1571 = EDGE_CURVE ( 'NONE', #1588, #883, #2012, .T. ) ;
#1572 = SURFACE_SIDE_STYLE ('',( #395 ) ) ;
#1573 =( NAMED_UNIT ( * ) SI_UNIT ( $, .STERADIAN. ) SOLID_ANGLE_UNIT ( ) );
#1574 =( GEOMETRIC_REPRESENTATION_CONTEXT ( 3 ) GLOBAL_UNCERTAINTY_ASSIGNED_CONTEXT ( ( #348 ) ) GLOBAL_UNIT_ASSIGNED_CONTEXT ( ( #367, #1666, #545 ) ) REPRESENTATION_CONTEXT ( 'NONE', 'WORKASPACE' ) );
#1575 = CARTESIAN_POINT ( 'NONE',  ( 3.210536885311948474, 0.000000000000000000, 0.5649999999999998357 ) ) ;
#1576 = DIRECTION ( 'NONE',  ( 0.9974659451518887998, 0.07114554281365048638, 0.000000000000000000 ) ) ;
#1577 = COLOUR_RGB ( '',1.000000000000000000, 1.000000000000000000, 1.000000000000000000 ) ;
#1578 = FACE_OUTER_BOUND ( 'NONE', #1006, .T. ) ;
#1579 = SURFACE_STYLE_USAGE ( .BOTH. , #431 ) ;
#1580 = CARTESIAN_POINT ( 'NONE',  ( 3.210536885311948474, 0.000000000000000000, 6.349999999999999645 ) ) ;
#1581 = DIRECTION ( 'NONE',  ( 0.000000000000000000, 0.000000000000000000, 1.000000000000000000 ) ) ;
#1582 = CARTESIAN_POINT ( 'NONE',  ( -2.984999999999999432, 1.089999999999999858, 6.349999999999999645 ) ) ;
#1583 = AXIS2_PLACEMENT_3D ( 'NONE', #2118, #1011, #1925 ) ;
#1584 = EDGE_CURVE ( 'NONE', #1441, #2054, #1160, .T. ) ;
#1585 = ORIENTED_EDGE ( 'NONE', *, *, #1902, .T. ) ;
#1586 = DIRECTION ( 'NONE',  ( 1.000000000000000000, 0.000000000000000000, 0.000000000000000000 ) ) ;
#1587 = UNCERTAINTY_MEASURE_WITH_UNIT (LENGTH_MEASURE( 1.000000000000000082E-05 ), #1433, 'distance_accuracy_value', 'NONE');
#1588 = VERTEX_POINT ( 'NONE', #323 ) ;
#1589 = DIRECTION ( 'NONE',  ( -1.897946910259088664E-16, -0.000000000000000000, -1.000000000000000000 ) ) ;
#1590 = ORIENTED_EDGE ( 'NONE', *, *, #2319, .T. ) ;
#1591 = VECTOR ( 'NONE', #1530, 999.9999999999998863 ) ;
#1592 = ORIENTED_EDGE ( 'NONE', *, *, #320, .T. ) ;
#1593 = FACE_OUTER_BOUND ( 'NONE', #56, .T. ) ;
#1594 = PRESENTATION_LAYER_ASSIGNMENT (  '', '', ( #1275 ) ) ;
#1595 = CARTESIAN_POINT ( 'NONE',  ( 3.667742609940642495, 0.5000000000000002220, 1.194999999999999840 ) ) ;
#1596 = CARTESIAN_POINT ( 'NONE',  ( 3.105010452734799031, -0.5100000000000000089, 2.859999999999999876 ) ) ;
#1597 = LINE ( 'NONE', #634, #1847 ) ;
#1598 = CARTESIAN_POINT ( 'NONE',  ( 0.9450000000000018385, 0.6299999999999997824, 5.459999999999999964 ) ) ;
#1599 = DIRECTION ( 'NONE',  ( -0.2026225276928677321, -0.9792569179083459030, 0.000000000000000000 ) ) ;
#1600 = PRESENTATION_LAYER_ASSIGNMENT (  '', '', ( #1247 ) ) ;
#1601 = EDGE_CURVE ( 'NONE', #1808, #1362, #1284, .T. ) ;
#1602 = CARTESIAN_POINT ( 'NONE',  ( -3.324999999999997513, 1.089999999999999858, 5.459999999999999964 ) ) ;
#1603 = FILL_AREA_STYLE_COLOUR ( '', #1346 ) ;
#1604 = ORIENTED_EDGE ( 'NONE', *, *, #663, .T. ) ;
#1605 = CARTESIAN_POINT ( 'NONE',  ( 3.210536885311948474, 0.000000000000000000, 3.489999999999999769 ) ) ;
#1606 = ADVANCED_FACE ( 'NONE', ( #364 ), #2112, .T. ) ;
#1607 = SURFACE_STYLE_FILL_AREA ( #2087 ) ;
#1608 = LINE ( 'NONE', #2316, #1684 ) ;
#1609 = PRESENTATION_LAYER_ASSIGNMENT (  '', '', ( #1001 ) ) ;
#1610 = SURFACE_STYLE_USAGE ( .BOTH. , #2329 ) ;
#1611 = COLOUR_RGB ( '',1.000000000000000000, 1.000000000000000000, 1.000000000000000000 ) ;
#1612 = CARTESIAN_POINT ( 'NONE',  ( -3.324999999999998401, 0.6299999999999997824, 0.8899999999999997913 ) ) ;
#1613 = ORIENTED_EDGE ( 'NONE', *, *, #729, .T. ) ;
#1614 = CARTESIAN_POINT ( 'NONE',  ( 0.9450000000000009504, 0.6299999999999997824, 0.8899999999999993472 ) ) ;
#1615 = FILL_AREA_STYLE_COLOUR ( '', #282 ) ;
#1616 =( GEOMETRIC_REPRESENTATION_CONTEXT ( 3 ) GLOBAL_UNCERTAINTY_ASSIGNED_CONTEXT ( ( #2158 ) ) GLOBAL_UNIT_ASSIGNED_CONTEXT ( ( #777, #1519, #2227 ) ) REPRESENTATION_CONTEXT ( 'NONE', 'WORKASPACE' ) );
#1617 = ORIENTED_EDGE ( 'NONE', *, *, #1695, .F. ) ;
#1618 = ORIENTED_EDGE ( 'NONE', *, *, #1807, .T. ) ;
#1619 = EDGE_CURVE ( 'NONE', #32, #406, #930, .T. ) ;
#1620 =( NAMED_UNIT ( * ) SI_UNIT ( $, .STERADIAN. ) SOLID_ANGLE_UNIT ( ) );
#1621 = ADVANCED_FACE ( 'NONE', ( #2249 ), #1937, .T. ) ;
#1622 = CARTESIAN_POINT ( 'NONE',  ( -3.674999999999998490, 1.089999999999999858, 5.109999999999998543 ) ) ;
#1623 = VECTOR ( 'NONE', #1755, 1000.000000000000000 ) ;
#1624 = ORIENTED_EDGE ( 'NONE', *, *, #1197, .F. ) ;
#1625 = PRESENTATION_LAYER_ASSIGNMENT (  '', '', ( #2142 ) ) ;
#1626 = PLANE ( 'NONE',  #1919 ) ;
#1627 = SURFACE_STYLE_FILL_AREA ( #2258 ) ;
#1628 = DIRECTION ( 'NONE',  ( 0.4892986991957993248, 0.8721162668849254951, 0.000000000000000000 ) ) ;
#1629 = STYLED_ITEM ( 'NONE', ( #1076 ), #1869 ) ;
#1630 = VECTOR ( 'NONE', #16, 1000.000000000000227 ) ;
#1631 = FILL_AREA_STYLE_COLOUR ( '', #536 ) ;
#1632 = UNCERTAINTY_MEASURE_WITH_UNIT (LENGTH_MEASURE( 1.000000000000000082E-05 ), #989, 'distance_accuracy_value', 'NONE');
#1633 = PRESENTATION_STYLE_ASSIGNMENT (( #1774 ) ) ;
#1634 =( NAMED_UNIT ( * ) PLANE_ANGLE_UNIT ( ) SI_UNIT ( $, .RADIAN. ) );
#1635 = FILL_AREA_STYLE ('',( #2134 ) ) ;
#1636 = CARTESIAN_POINT ( 'NONE',  ( 4.829037338915685318, 0.5261272384493700383, 5.144999999999999574 ) ) ;
#1637 = FILL_AREA_STYLE_COLOUR ( '', #2281 ) ;
#1638 = PRESENTATION_LAYER_ASSIGNMENT (  '', '', ( #850 ) ) ;
#1639 = VERTEX_POINT ( 'NONE', #633 ) ;
#1640 = DIRECTION ( 'NONE',  ( -0.4892986991957993248, -0.8721162668849256061, -0.000000000000000000 ) ) ;
#1641 = ORIENTED_EDGE ( 'NONE', *, *, #2042, .F. ) ;
#1642 = DIRECTION ( 'NONE',  ( 0.2026225276928677321, 0.9792569179083459030, -0.000000000000000000 ) ) ;
#1643 = ORIENTED_EDGE ( 'NONE', *, *, #1711, .F. ) ;
#1644 = SURFACE_STYLE_USAGE ( .BOTH. , #1456 ) ;
#1645 = EDGE_CURVE ( 'NONE', #2238, #2255, #199, .T. ) ;
#1646 = COLOUR_RGB ( '',1.000000000000000000, 1.000000000000000000, 1.000000000000000000 ) ;
#1647 = ORIENTED_EDGE ( 'NONE', *, *, #2274, .F. ) ;
#1648 = DIRECTION ( 'NONE',  ( 1.000000000000000000, -0.000000000000000000, -0.000000000000000000 ) ) ;
#1649 = LINE ( 'NONE', #228, #254 ) ;
#1650 = VERTEX_POINT ( 'NONE', #1927 ) ;
#1651 = SURFACE_STYLE_FILL_AREA ( #919 ) ;
#1652 = CIRCLE ( 'NONE', #212, 0.5000000000000004441 ) ;
#1653 = VECTOR ( 'NONE', #140, 1000.000000000000000 ) ;
#1654 = SURFACE_STYLE_FILL_AREA ( #1635 ) ;
#1655 = DIRECTION ( 'NONE',  ( 0.000000000000000000, 0.000000000000000000, 1.000000000000000000 ) ) ;
#1656 = CARTESIAN_POINT ( 'NONE',  ( -2.984999999999999432, 1.089999999999999858, 5.459999999999999964 ) ) ;
#1657 = MECHANICAL_DESIGN_GEOMETRIC_PRESENTATION_REPRESENTATION (  '', ( #1629 ), #1213 ) ;
#1658 = UNCERTAINTY_MEASURE_WITH_UNIT (LENGTH_MEASURE( 1.000000000000000082E-05 ), #705, 'distance_accuracy_value', 'NONE');
#1659 = EDGE_CURVE ( 'NONE', #2122, #977, #565, .T. ) ;
#1660 = PRESENTATION_STYLE_ASSIGNMENT (( #1891 ) ) ;
#1661 = DIRECTION ( 'NONE',  ( 0.9974659451518887998, 0.07114554281365047250, -0.000000000000000000 ) ) ;
#1662 = PRESENTATION_LAYER_ASSIGNMENT (  '', '', ( #293 ) ) ;
#1663 = ADVANCED_FACE ( 'NONE', ( #1450 ), #1212, .F. ) ;
#1664 = CARTESIAN_POINT ( 'NONE',  ( 4.794159102043628273, 1.024909263579282470, 5.144999999999999574 ) ) ;
#1665 = CARTESIAN_POINT ( 'NONE',  ( -4.392500000000001847, 0.6299999999999997824, 4.392499999999996518 ) ) ;
#1666 =( NAMED_UNIT ( * ) PLANE_ANGLE_UNIT ( ) SI_UNIT ( $, .RADIAN. ) );
#1667 = EDGE_LOOP ( 'NONE', ( #1717, #2201, #1094, #1886 ) ) ;
#1668 = MECHANICAL_DESIGN_GEOMETRIC_PRESENTATION_REPRESENTATION (  '', ( #1302 ), #2252 ) ;
#1669 = ORIENTED_EDGE ( 'NONE', *, *, #2321, .F. ) ;
#1670 = ORIENTED_EDGE ( 'NONE', *, *, #1930, .F. ) ;
#1671 = FILL_AREA_STYLE_COLOUR ( '', #385 ) ;
#1672 = ADVANCED_FACE ( 'NONE', ( #1871 ), #1018, .F. ) ;
#1673 = ORIENTED_EDGE ( 'NONE', *, *, #1077, .F. ) ;
#1674 = STYLED_ITEM ( 'NONE', ( #468 ), #1438 ) ;
#1675 = VECTOR ( 'NONE', #2076, 1000.000000000000000 ) ;
#1676 = DIRECTION ( 'NONE',  ( 0.000000000000000000, 0.000000000000000000, 1.000000000000000000 ) ) ;
#1677 = CIRCLE ( 'NONE', #2136, 0.5000000000000000000 ) ;
#1678 = LINE ( 'NONE', #4, #1630 ) ;
#1679 = PLANE ( 'NONE',  #1380 ) ;
#1680 = SURFACE_STYLE_FILL_AREA ( #299 ) ;
#1681 = UNCERTAINTY_MEASURE_WITH_UNIT (LENGTH_MEASURE( 1.000000000000000082E-05 ), #680, 'distance_accuracy_value', 'NONE');
#1682 = PRODUCT_DEFINITION ( 'UNKNOWN', '', #778, #1017 ) ;
#1683 = EDGE_CURVE ( 'NONE', #600, #1030, #108, .T. ) ;
#1684 = VECTOR ( 'NONE', #904, 1000.000000000000000 ) ;
#1685 = EDGE_CURVE ( 'NONE', #588, #1101, #1817, .T. ) ;
#1686 = FILL_AREA_STYLE_COLOUR ( '', #678 ) ;
#1687 = DIRECTION ( 'NONE',  ( 0.000000000000000000, 0.000000000000000000, 1.000000000000000000 ) ) ;
#1688 = VERTEX_POINT ( 'NONE', #304 ) ;
#1689 = EDGE_LOOP ( 'NONE', ( #1500, #716, #1604, #1924 ) ) ;
#1690 = CARTESIAN_POINT ( 'NONE',  ( 5.103802515123408767, 0.5356922895755704683, 1.194999999999999840 ) ) ;
#1691 = VERTEX_POINT ( 'NONE', #871 ) ;
#1692 = DIRECTION ( 'NONE',  ( 0.7071067811865493491, -0.000000000000000000, -0.7071067811865456854 ) ) ;
#1693 = ORIENTED_EDGE ( 'NONE', *, *, #1369, .T. ) ;
#1694 = ORIENTED_EDGE ( 'NONE', *, *, #1584, .T. ) ;
#1695 = EDGE_CURVE ( 'NONE', #2381, #1003, #788, .T. ) ;
#1696 = LINE ( 'NONE', #1558, #1506 ) ;
#1697 = CARTESIAN_POINT ( 'NONE',  ( 3.210536885311948474, 0.000000000000000000, 6.349999999999999645 ) ) ;
#1698 = DIRECTION ( 'NONE',  ( 0.000000000000000000, 0.000000000000000000, 1.000000000000000000 ) ) ;
#1699 = PRESENTATION_LAYER_ASSIGNMENT (  '', '', ( #764 ) ) ;
#1700 = DIRECTION ( 'NONE',  ( -0.000000000000000000, -0.000000000000000000, -1.000000000000000000 ) ) ;
#1701 = FILL_AREA_STYLE_COLOUR ( '', #515 ) ;
#1702 = ADVANCED_FACE ( 'NONE', ( #2339 ), #1060, .F. ) ;
#1703 = LINE ( 'NONE', #262, #1735 ) ;
#1704 = LINE ( 'NONE', #2372, #1285 ) ;
#1705 = SURFACE_STYLE_USAGE ( .BOTH. , #1722 ) ;
#1706 = PRESENTATION_LAYER_ASSIGNMENT (  '', '', ( #2266 ) ) ;
#1707 = CARTESIAN_POINT ( 'NONE',  ( 3.210536885311948474, 0.000000000000000000, 0.5649999999999995026 ) ) ;
#1708 = CARTESIAN_POINT ( 'NONE',  ( 3.995000000000000107, 0.000000000000000000, 3.489999999999999769 ) ) ;
#1709 = SURFACE_STYLE_FILL_AREA ( #2341 ) ;
#1710 = LINE ( 'NONE', #1598, #765 ) ;
#1711 = EDGE_CURVE ( 'NONE', #977, #1101, #1696, .T. ) ;
#1712 = CARTESIAN_POINT ( 'NONE',  ( 0.9450000000000009504, 1.089999999999999858, 0.8899999999999993472 ) ) ;
#1713 = COLOUR_RGB ( '',1.000000000000000000, 1.000000000000000000, 1.000000000000000000 ) ;
#1714 = SURFACE_STYLE_FILL_AREA ( #793 ) ;
#1715 = VERTEX_POINT ( 'NONE', #2081 ) ;
#1716 = DIRECTION ( 'NONE',  ( 1.000000000000000000, 0.000000000000000000, -2.846920365388633858E-16 ) ) ;
#1717 = ORIENTED_EDGE ( 'NONE', *, *, #993, .F. ) ;
#1718 = ORIENTED_EDGE ( 'NONE', *, *, #430, .T. ) ;
#1719 = CARTESIAN_POINT ( 'NONE',  ( 5.725000000000001421, 0.5799999999999997380, 1.194999999999999840 ) ) ;
#1720 = ORIENTED_EDGE ( 'NONE', *, *, #554, .T. ) ;
#1721 =( GEOMETRIC_REPRESENTATION_CONTEXT ( 3 ) GLOBAL_UNCERTAINTY_ASSIGNED_CONTEXT ( ( #2228 ) ) GLOBAL_UNIT_ASSIGNED_CONTEXT ( ( #2061, #974, #983 ) ) REPRESENTATION_CONTEXT ( 'NONE', 'WORKASPACE' ) );
#1722 = SURFACE_SIDE_STYLE ('',( #562 ) ) ;
#1723 = UNCERTAINTY_MEASURE_WITH_UNIT (LENGTH_MEASURE( 1.000000000000000082E-05 ), #1426, 'distance_accuracy_value', 'NONE');
#1724 = COLOUR_RGB ( '',1.000000000000000000, 1.000000000000000000, 1.000000000000000000 ) ;
#1725 = ORIENTED_EDGE ( 'NONE', *, *, #122, .F. ) ;
#1726 = SURFACE_STYLE_USAGE ( .BOTH. , #2089 ) ;
#1727 =( LENGTH_UNIT ( ) NAMED_UNIT ( * ) SI_UNIT ( .MILLI., .METRE. ) );
#1728 = SURFACE_STYLE_FILL_AREA ( #421 ) ;
#1729 = EDGE_CURVE ( 'NONE', #948, #1030, #1477, .T. ) ;
#1730 = EDGE_CURVE ( 'NONE', #975, #977, #987, .T. ) ;
#1731 = PLANE ( 'NONE',  #1922 ) ;
#1732 = SURFACE_SIDE_STYLE ('',( #952 ) ) ;
#1733 = EDGE_CURVE ( 'NONE', #1003, #1691, #1649, .T. ) ;
#1734 = CARTESIAN_POINT ( 'NONE',  ( 4.703317153087766656, 0.2816086665975235381, 0.5649999999999998357 ) ) ;
#1735 = VECTOR ( 'NONE', #2153, 1000.000000000000000 ) ;
#1736 = DIRECTION ( 'NONE',  ( 1.000000000000000000, 0.000000000000000000, 0.000000000000000000 ) ) ;
#1737 = DIRECTION ( 'NONE',  ( 1.000000000000000000, 0.000000000000000000, 0.000000000000000000 ) ) ;
#1738 = PRESENTATION_LAYER_ASSIGNMENT (  '', '', ( #880 ) ) ;
#1739 = FILL_AREA_STYLE_COLOUR ( '', #2021 ) ;
#1740 = ADVANCED_BREP_SHAPE_REPRESENTATION ( 'MC7805BDTRKG', ( #1269, #1438, #1471 ), #1616 ) ;
#1741 = FILL_AREA_STYLE ('',( #988 ) ) ;
#1742 = DIRECTION ( 'NONE',  ( 0.8721162668849256061, -0.4892986991957993803, 0.000000000000000000 ) ) ;
#1743 = LINE ( 'NONE', #730, #1877 ) ;
#1744 = FILL_AREA_STYLE_COLOUR ( '', #285 ) ;
#1745 = STYLED_ITEM ( 'NONE', ( #150 ), #2052 ) ;
#1746 = LINE ( 'NONE', #2356, #86 ) ;
#1747 = LINE ( 'NONE', #1056, #452 ) ;
#1748 = DIRECTION ( 'NONE',  ( -0.000000000000000000, -0.000000000000000000, -1.000000000000000000 ) ) ;
#1749 = ORIENTED_EDGE ( 'NONE', *, *, #558, .T. ) ;
#1750 =( NAMED_UNIT ( * ) PLANE_ANGLE_UNIT ( ) SI_UNIT ( $, .RADIAN. ) );
#1751 = DIRECTION ( 'NONE',  ( 1.000000000000000000, -0.000000000000000000, -0.000000000000000000 ) ) ;
#1752 = EDGE_LOOP ( 'NONE', ( #2006, #1465, #835, #1211, #369, #2119, #1834, #437 ) ) ;
#1753 = EDGE_LOOP ( 'NONE', ( #2113, #462, #1949, #1383, #346, #1720 ) ) ;
#1754 =( LENGTH_UNIT ( ) NAMED_UNIT ( * ) SI_UNIT ( .MILLI., .METRE. ) );
#1755 = DIRECTION ( 'NONE',  ( 0.000000000000000000, 1.000000000000000000, 0.000000000000000000 ) ) ;
#1756 = UNCERTAINTY_MEASURE_WITH_UNIT (LENGTH_MEASURE( 1.000000000000000082E-05 ), #1991, 'distance_accuracy_value', 'NONE');
#1757 = SURFACE_STYLE_USAGE ( .BOTH. , #2279 ) ;
#1758 = CARTESIAN_POINT ( 'NONE',  ( 5.725000000000001421, 0.5799999999999997380, 5.144999999999999574 ) ) ;
#1759 = VECTOR ( 'NONE', #1894, 1000.000000000000000 ) ;
#1760 = PRODUCT_RELATED_PRODUCT_CATEGORY ( 'part', '', ( #474 ) ) ;
#1761 = EDGE_CURVE ( 'NONE', #1362, #975, #419, .T. ) ;
#1762 =( NAMED_UNIT ( * ) SI_UNIT ( $, .STERADIAN. ) SOLID_ANGLE_UNIT ( ) );
#1763 = LINE ( 'NONE', #550, #791 ) ;
#1764 = CARTESIAN_POINT ( 'NONE',  ( 2.985000000000001208, -1.090000000000000302, 6.349999999999999645 ) ) ;
#1765 = LINE ( 'NONE', #1884, #671 ) ;
#1766 = LINE ( 'NONE', #2166, #156 ) ;
#1767 = SURFACE_SIDE_STYLE ('',( #30 ) ) ;
#1768 = FILL_AREA_STYLE ('',( #435 ) ) ;
#1769 = DIRECTION ( 'NONE',  ( 1.000000000000000000, 0.000000000000000000, -1.897946910259088910E-16 ) ) ;
#1770 = CARTESIAN_POINT ( 'NONE',  ( 5.725000000000001421, 0.5799999999999997380, 5.144999999999999574 ) ) ;
#1771 = STYLED_ITEM ( 'NONE', ( #785 ), #1850 ) ;
#1772 = ORIENTED_EDGE ( 'NONE', *, *, #979, .T. ) ;
#1773 = EDGE_CURVE ( 'NONE', #951, #1467, #332, .T. ) ;
#1774 = SURFACE_STYLE_USAGE ( .BOTH. , #2132 ) ;
#1775 = CARTESIAN_POINT ( 'NONE',  ( 3.966392770819372693, -0.5100000000000000089, 5.144999999999999574 ) ) ;
#1776 = ORIENTED_EDGE ( 'NONE', *, *, #993, .T. ) ;
#1777 = EDGE_LOOP ( 'NONE', ( #796, #581, #1868, #1694 ) ) ;
#1778 = MECHANICAL_DESIGN_GEOMETRIC_PRESENTATION_REPRESENTATION (  '', ( #293 ), #1906 ) ;
#1779 = DIRECTION ( 'NONE',  ( 1.000000000000000000, 0.000000000000000000, 0.000000000000000000 ) ) ;
#1780 = CARTESIAN_POINT ( 'NONE',  ( 4.103800743383105853, 0.2553506504021022527, 0.5649999999999998357 ) ) ;
#1781 = EDGE_LOOP ( 'NONE', ( #1776, #1274, #1503, #549, #2084, #1525, #217, #2165, #1887, #2050, #1613, #1463 ) ) ;
#1782 = PLANE ( 'NONE',  #1395 ) ;
#1783 = SURFACE_STYLE_USAGE ( .BOTH. , #1246 ) ;
#1784 = VECTOR ( 'NONE', #1340, 1000.000000000000000 ) ;
#1785 = ORIENTED_EDGE ( 'NONE', *, *, #1414, .F. ) ;
#1786 = PRESENTATION_STYLE_ASSIGNMENT (( #2186 ) ) ;
#1787 = FACE_OUTER_BOUND ( 'NONE', #682, .T. ) ;
#1788 = VECTOR ( 'NONE', #2188, 1000.000000000000000 ) ;
#1789 = FILL_AREA_STYLE_COLOUR ( '', #1646 ) ;
#1790 = AXIS2_PLACEMENT_3D ( 'NONE', #1582, #2105, #1411 ) ;
#1791 = DIRECTION ( 'NONE',  ( 1.000000000000000000, 0.000000000000000000, 0.000000000000000000 ) ) ;
#1792 = SURFACE_STYLE_FILL_AREA ( #2263 ) ;
#1793 = SURFACE_STYLE_FILL_AREA ( #1013 ) ;
#1794 = SURFACE_STYLE_USAGE ( .BOTH. , #1083 ) ;
#1795 =( LENGTH_UNIT ( ) NAMED_UNIT ( * ) SI_UNIT ( .MILLI., .METRE. ) );
#1796 = CARTESIAN_POINT ( 'NONE',  ( -2.984999999999999432, 1.089999999999999858, 6.349999999999999645 ) ) ;
#1797 =( LENGTH_UNIT ( ) NAMED_UNIT ( * ) SI_UNIT ( .MILLI., .METRE. ) );
#1798 = ORIENTED_EDGE ( 'NONE', *, *, #1810, .T. ) ;
#1799 = VECTOR ( 'NONE', #100, 1000.000000000000000 ) ;
#1800 = CARTESIAN_POINT ( 'NONE',  ( 4.103800743383105853, 0.2553506504021022527, 5.144999999999999574 ) ) ;
#1801 = COLOUR_RGB ( '',0.7921568627450980005, 0.8196078431372548767, 0.9333333333333333481 ) ;
#1802 = COLOUR_RGB ( '',1.000000000000000000, 1.000000000000000000, 1.000000000000000000 ) ;
#1803 =( GEOMETRIC_REPRESENTATION_CONTEXT ( 3 ) GLOBAL_UNCERTAINTY_ASSIGNED_CONTEXT ( ( #1658 ) ) GLOBAL_UNIT_ASSIGNED_CONTEXT ( ( #705, #1634, #2366 ) ) REPRESENTATION_CONTEXT ( 'NONE', 'WORKASPACE' ) );
#1804 = DIRECTION ( 'NONE',  ( 0.000000000000000000, 0.000000000000000000, -1.000000000000000000 ) ) ;
#1805 = DIRECTION ( 'NONE',  ( -0.2026225276928677321, -0.9792569179083459030, -0.000000000000000000 ) ) ;
#1806 = ORIENTED_EDGE ( 'NONE', *, *, #61, .F. ) ;
#1807 = EDGE_CURVE ( 'NONE', #588, #2029, #1846, .T. ) ;
#1808 = VERTEX_POINT ( 'NONE', #2234 ) ;
#1809 = EDGE_CURVE ( 'NONE', #354, #618, #360, .T. ) ;
#1810 = EDGE_CURVE ( 'NONE', #1893, #1003, #902, .T. ) ;
#1811 = ORIENTED_EDGE ( 'NONE', *, *, #2056, .T. ) ;
#1812 = DIRECTION ( 'NONE',  ( -0.9975640502598246417, -0.06975647374411858559, -0.000000000000000000 ) ) ;
#1813 = PRESENTATION_STYLE_ASSIGNMENT (( #2315 ) ) ;
#1814 = ORIENTED_EDGE ( 'NONE', *, *, #2239, .F. ) ;
#1815 =( NAMED_UNIT ( * ) PLANE_ANGLE_UNIT ( ) SI_UNIT ( $, .RADIAN. ) );
#1816 =( NAMED_UNIT ( * ) SI_UNIT ( $, .STERADIAN. ) SOLID_ANGLE_UNIT ( ) );
#1817 = LINE ( 'NONE', #676, #1334 ) ;
#1818 = CARTESIAN_POINT ( 'NONE',  ( 3.105010452734799031, -0.5100000000000000089, 2.859999999999999876 ) ) ;
#1819 =( GEOMETRIC_REPRESENTATION_CONTEXT ( 3 ) GLOBAL_UNCERTAINTY_ASSIGNED_CONTEXT ( ( #1483 ) ) GLOBAL_UNIT_ASSIGNED_CONTEXT ( ( #1533, #1918, #396 ) ) REPRESENTATION_CONTEXT ( 'NONE', 'WORKASPACE' ) );
#1820 = LINE ( 'NONE', #271, #313 ) ;
#1821 = SURFACE_SIDE_STYLE ('',( #1518 ) ) ;
#1822 = AXIS2_PLACEMENT_3D ( 'NONE', #2036, #1140, #1491 ) ;
#1823 =( LENGTH_UNIT ( ) NAMED_UNIT ( * ) SI_UNIT ( .MILLI., .METRE. ) );
#1824 = EDGE_CURVE ( 'NONE', #2349, #412, #1364, .T. ) ;
#1825 = PRESENTATION_LAYER_ASSIGNMENT (  '', '', ( #964 ) ) ;
#1826 = CARTESIAN_POINT ( 'NONE',  ( 4.794159102043628273, 1.024909263579282470, 0.5649999999999998357 ) ) ;
#1827 = MECHANICAL_DESIGN_GEOMETRIC_PRESENTATION_REPRESENTATION (  '', ( #2367 ), #2030 ) ;
#1828 = LINE ( 'NONE', #2107, #1020 ) ;
#1829 =( NAMED_UNIT ( * ) SI_UNIT ( $, .STERADIAN. ) SOLID_ANGLE_UNIT ( ) );
#1830 = LINE ( 'NONE', #326, #1089 ) ;
#1831 = VECTOR ( 'NONE', #1531, 1000.000000000000000 ) ;
#1832 = UNCERTAINTY_MEASURE_WITH_UNIT (LENGTH_MEASURE( 1.000000000000000082E-05 ), #338, 'distance_accuracy_value', 'NONE');
#1833 = FILL_AREA_STYLE_COLOUR ( '', #1882 ) ;
#1834 = ORIENTED_EDGE ( 'NONE', *, *, #400, .T. ) ;
#1835 = FACE_OUTER_BOUND ( 'NONE', #96, .T. ) ;
#1836 = PLANE ( 'NONE',  #1075 ) ;
#1837 = CLOSED_SHELL ( 'NONE', ( #934, #1880, #925, #362, #383, #9, #1118, #1313 ) ) ;
#1838 = ORIENTED_EDGE ( 'NONE', *, *, #1474, .F. ) ;
#1839 = DIRECTION ( 'NONE',  ( 1.000000000000000000, 0.000000000000000000, 0.000000000000000000 ) ) ;
#1840 = EDGE_CURVE ( 'NONE', #1057, #1355, #1307, .T. ) ;
#1841 = SURFACE_SIDE_STYLE ('',( #356 ) ) ;
#1842 = LINE ( 'NONE', #800, #415 ) ;
#1843 = ORIENTED_EDGE ( 'NONE', *, *, #61, .T. ) ;
#1844 = VECTOR ( 'NONE', #1478, 1000.000000000000000 ) ;
#1845 =( NAMED_UNIT ( * ) PLANE_ANGLE_UNIT ( ) SI_UNIT ( $, .RADIAN. ) );
#1846 = LINE ( 'NONE', #1358, #2278 ) ;
#1847 = VECTOR ( 'NONE', #1569, 1000.000000000000000 ) ;
#1848 = VECTOR ( 'NONE', #454, 1000.000000000000114 ) ;
#1849 = DIRECTION ( 'NONE',  ( 0.2026225276928686203, -0.9792569179083457920, 0.000000000000000000 ) ) ;
#1850 = ADVANCED_FACE ( 'NONE', ( #690 ), #507, .F. ) ;
#1851 = DIRECTION ( 'NONE',  ( 1.000000000000000000, 0.000000000000000000, 0.000000000000000000 ) ) ;
#1852 = EDGE_CURVE ( 'NONE', #916, #158, #2121, .T. ) ;
#1853 = EDGE_CURVE ( 'NONE', #94, #2054, #67, .T. ) ;
#1854 = ORIENTED_EDGE ( 'NONE', *, *, #1198, .T. ) ;
#1855 = PRESENTATION_STYLE_ASSIGNMENT (( #1579 ) ) ;
#1856 = PLANE ( 'NONE',  #807 ) ;
#1857 = PRESENTATION_LAYER_ASSIGNMENT (  '', '', ( #130 ) ) ;
#1858 = CARTESIAN_POINT ( 'NONE',  ( 0.9450000000000009504, 1.089999999999999858, 0.8899999999999993472 ) ) ;
#1859 = EDGE_LOOP ( 'NONE', ( #1070, #376, #2026, #64 ) ) ;
#1860 =( NAMED_UNIT ( * ) SI_UNIT ( $, .STERADIAN. ) SOLID_ANGLE_UNIT ( ) );
#1861 = PRESENTATION_LAYER_ASSIGNMENT (  '', '', ( #1501 ) ) ;
#1862 = ORIENTED_EDGE ( 'NONE', *, *, #643, .T. ) ;
#1863 = ORIENTED_EDGE ( 'NONE', *, *, #1773, .F. ) ;
#1864 = DIRECTION ( 'NONE',  ( 0.000000000000000000, 0.000000000000000000, 1.000000000000000000 ) ) ;
#1865 = AXIS2_PLACEMENT_3D ( 'NONE', #1575, #1193, #294 ) ;
#1866 = VERTEX_POINT ( 'NONE', #750 ) ;
#1867 =( NAMED_UNIT ( * ) PLANE_ANGLE_UNIT ( ) SI_UNIT ( $, .RADIAN. ) );
#1868 = ORIENTED_EDGE ( 'NONE', *, *, #915, .T. ) ;
#1869 = ADVANCED_FACE ( 'NONE', ( #873 ), #2098, .T. ) ;
#1870 = COLOUR_RGB ( '',1.000000000000000000, 1.000000000000000000, 1.000000000000000000 ) ;
#1871 = FACE_OUTER_BOUND ( 'NONE', #2211, .T. ) ;
#1872 = VECTOR ( 'NONE', #2326, 1000.000000000000000 ) ;
#1873 = CARTESIAN_POINT ( 'NONE',  ( 4.402450904261838716, -0.2546493495978977561, 1.194999999999999840 ) ) ;
#1874 = MECHANICAL_DESIGN_GEOMETRIC_PRESENTATION_REPRESENTATION (  '', ( #1436 ), #151 ) ;
#1875 = FACE_OUTER_BOUND ( 'NONE', #302, .T. ) ;
#1876 = CARTESIAN_POINT ( 'NONE',  ( 4.829037338915685318, 0.5261272384493700383, 5.774999999999999467 ) ) ;
#1877 = VECTOR ( 'NONE', #1481, 1000.000000000000114 ) ;
#1878 = EDGE_CURVE ( 'NONE', #2020, #1413, #1128, .T. ) ;
#1879 = DIRECTION ( 'NONE',  ( 0.000000000000000000, 0.000000000000000000, 1.000000000000000000 ) ) ;
#1880 = ADVANCED_FACE ( 'NONE', ( #221 ), #2070, .F. ) ;
#1881 = CARTESIAN_POINT ( 'NONE',  ( 4.402450904261838716, -0.2546493495978977561, 0.5649999999999998357 ) ) ;
#1882 = COLOUR_RGB ( '',1.000000000000000000, 1.000000000000000000, 1.000000000000000000 ) ;
#1883 = COLOUR_RGB ( '',1.000000000000000000, 1.000000000000000000, 1.000000000000000000 ) ;
#1884 = CARTESIAN_POINT ( 'NONE',  ( 3.210536885311948474, 0.000000000000000000, 3.489999999999999769 ) ) ;
#1885 = DIRECTION ( 'NONE',  ( 1.000000000000000000, 0.000000000000000000, 0.000000000000000000 ) ) ;
#1886 = ORIENTED_EDGE ( 'NONE', *, *, #1945, .T. ) ;
#1887 = ORIENTED_EDGE ( 'NONE', *, *, #795, .T. ) ;
#1888 = ORIENTED_EDGE ( 'NONE', *, *, #558, .F. ) ;
#1889 =( NAMED_UNIT ( * ) SI_UNIT ( $, .STERADIAN. ) SOLID_ANGLE_UNIT ( ) );
#1890 = PLANE ( 'NONE',  #2334 ) ;
#1891 = SURFACE_STYLE_USAGE ( .BOTH. , #1341 ) ;
#1892 = VERTEX_POINT ( 'NONE', #1734 ) ;
#1893 = VERTEX_POINT ( 'NONE', #1904 ) ;
#1894 = DIRECTION ( 'NONE',  ( -0.000000000000000000, -0.000000000000000000, -1.000000000000000000 ) ) ;
#1895 = CARTESIAN_POINT ( 'NONE',  ( 0.9450000000000009504, 1.089999999999999858, 5.459999999999999964 ) ) ;
#1896 = ORIENTED_EDGE ( 'NONE', *, *, #2016, .T. ) ;
#1897 = MECHANICAL_DESIGN_GEOMETRIC_PRESENTATION_REPRESENTATION (  '', ( #603 ), #2053 ) ;
#1898 = VECTOR ( 'NONE', #2241, 1000.000000000000000 ) ;
#1899 = EDGE_LOOP ( 'NONE', ( #899, #524, #240, #2351 ) ) ;
#1900 = EDGE_CURVE ( 'NONE', #1181, #2122, #812, .T. ) ;
#1901 = CARTESIAN_POINT ( 'NONE',  ( 5.725000000000001421, 0.5799999999999997380, 0.5649999999999998357 ) ) ;
#1902 = EDGE_CURVE ( 'NONE', #1352, #1280, #1040, .T. ) ;
#1903 = VECTOR ( 'NONE', #937, 1000.000000000000000 ) ;
#1904 = CARTESIAN_POINT ( 'NONE',  ( -3.080180703893115712, 0.6299999999999997824, 0.8899999999999993472 ) ) ;
#1905 = CARTESIAN_POINT ( 'NONE',  ( -3.324999999999997513, 1.089999999999999858, 5.459999999999999964 ) ) ;
#1906 =( GEOMETRIC_REPRESENTATION_CONTEXT ( 3 ) GLOBAL_UNCERTAINTY_ASSIGNED_CONTEXT ( ( #501 ) ) GLOBAL_UNIT_ASSIGNED_CONTEXT ( ( #204, #20, #378 ) ) REPRESENTATION_CONTEXT ( 'NONE', 'WORKASPACE' ) );
#1907 = PRESENTATION_STYLE_ASSIGNMENT (( #2073 ) ) ;
#1908 = DIRECTION ( 'NONE',  ( -0.000000000000000000, 0.000000000000000000, 1.000000000000000000 ) ) ;
#1909 = LINE ( 'NONE', #2111, #1482 ) ;
#1910 = PLANE ( 'NONE',  #891 ) ;
#1911 = CARTESIAN_POINT ( 'NONE',  ( 5.725000000000001421, 0.5799999999999997380, 5.144999999999999574 ) ) ;
#1912 = FILL_AREA_STYLE ('',( #586 ) ) ;
#1913 = STYLED_ITEM ( 'NONE', ( #844 ), #1702 ) ;
#1914 =( NAMED_UNIT ( * ) SI_UNIT ( $, .STERADIAN. ) SOLID_ANGLE_UNIT ( ) );
#1915 =( LENGTH_UNIT ( ) NAMED_UNIT ( * ) SI_UNIT ( .MILLI., .METRE. ) );
#1916 = DIRECTION ( 'NONE',  ( -0.9975640502598246417, -0.06975647374411858559, -0.000000000000000000 ) ) ;
#1917 = ORIENTED_EDGE ( 'NONE', *, *, #200, .F. ) ;
#1918 =( NAMED_UNIT ( * ) PLANE_ANGLE_UNIT ( ) SI_UNIT ( $, .RADIAN. ) );
#1919 = AXIS2_PLACEMENT_3D ( 'NONE', #1614, #1769, #1960 ) ;
#1920 = VERTEX_POINT ( 'NONE', #599 ) ;
#1921 = CARTESIAN_POINT ( 'NONE',  ( 2.985000000000000320, 1.089999999999999858, 6.349999999999999645 ) ) ;
#1922 = AXIS2_PLACEMENT_3D ( 'NONE', #1045, #884, #111 ) ;
#1923 =( LENGTH_UNIT ( ) NAMED_UNIT ( * ) SI_UNIT ( .MILLI., .METRE. ) );
#1924 = ORIENTED_EDGE ( 'NONE', *, *, #1852, .T. ) ;
#1925 = DIRECTION ( 'NONE',  ( 1.000000000000000000, 0.000000000000000000, 0.000000000000000000 ) ) ;
#1926 = VERTEX_POINT ( 'NONE', #233 ) ;
#1927 = CARTESIAN_POINT ( 'NONE',  ( 3.210536885311948474, 0.000000000000000000, 5.774999999999999467 ) ) ;
#1928 = CARTESIAN_POINT ( 'NONE',  ( -3.080180703893115712, 0.6299999999999997824, 5.459999999999999964 ) ) ;
#1929 = LINE ( 'NONE', #2057, #752 ) ;
#1930 = EDGE_CURVE ( 'NONE', #168, #1715, #1104, .T. ) ;
#1931 = EDGE_CURVE ( 'NONE', #1920, #1639, #924, .T. ) ;
#1932 = SURFACE_STYLE_USAGE ( .BOTH. , #1572 ) ;
#1933 = VECTOR ( 'NONE', #445, 1000.000000000000000 ) ;
#1934 =( LENGTH_UNIT ( ) NAMED_UNIT ( * ) SI_UNIT ( .MILLI., .METRE. ) );
#1935 = UNCERTAINTY_MEASURE_WITH_UNIT (LENGTH_MEASURE( 1.000000000000000082E-05 ), #789, 'distance_accuracy_value', 'NONE');
#1936 = CARTESIAN_POINT ( 'NONE',  ( 3.667742609940642495, 0.5000000000000002220, 0.5649999999999998357 ) ) ;
#1937 = PLANE ( 'NONE',  #490 ) ;
#1938 = CARTESIAN_POINT ( 'NONE',  ( 4.392979205473221072, 0.7707765880472675635, 5.774999999999999467 ) ) ;
#1939 = CARTESIAN_POINT ( 'NONE',  ( 3.995000000000000107, 0.000000000000000000, 2.859999999999999876 ) ) ;
#1940 = FILL_AREA_STYLE ('',( #266 ) ) ;
#1941 = CARTESIAN_POINT ( 'NONE',  ( 3.966392770819374469, -0.01000000000000002623, 5.774999999999999467 ) ) ;
#1942 = AXIS2_PLACEMENT_3D ( 'NONE', #1379, #1581, #1396 ) ;
#1943 = LINE ( 'NONE', #1998, #1458 ) ;
#1944 = LINE ( 'NONE', #1071, #124 ) ;
#1945 = EDGE_CURVE ( 'NONE', #951, #1650, #1472, .T. ) ;
#1946 = ORIENTED_EDGE ( 'NONE', *, *, #1536, .T. ) ;
#1947 =( NAMED_UNIT ( * ) PLANE_ANGLE_UNIT ( ) SI_UNIT ( $, .RADIAN. ) );
#1948 = CARTESIAN_POINT ( 'NONE',  ( 3.105010452734799031, -0.5100000000000000089, 0.5649999999999998357 ) ) ;
#1949 = ORIENTED_EDGE ( 'NONE', *, *, #1489, .T. ) ;
#1950 = ORIENTED_EDGE ( 'NONE', *, *, #1415, .T. ) ;
#1951 = ORIENTED_EDGE ( 'NONE', *, *, #2320, .F. ) ;
#1952 = ORIENTED_EDGE ( 'NONE', *, *, #1807, .F. ) ;
#1953 = PLANE ( 'NONE',  #1316 ) ;
#1954 =( GEOMETRIC_REPRESENTATION_CONTEXT ( 3 ) GLOBAL_UNCERTAINTY_ASSIGNED_CONTEXT ( ( #1681 ) ) GLOBAL_UNIT_ASSIGNED_CONTEXT ( ( #680, #1970, #1620 ) ) REPRESENTATION_CONTEXT ( 'NONE', 'WORKASPACE' ) );
#1955 =( LENGTH_UNIT ( ) NAMED_UNIT ( * ) SI_UNIT ( .MILLI., .METRE. ) );
#1956 = VECTOR ( 'NONE', #1208, 1000.000000000000000 ) ;
#1957 = ORIENTED_EDGE ( 'NONE', *, *, #744, .T. ) ;
#1958 = LINE ( 'NONE', #2164, #867 ) ;
#1959 = LINE ( 'NONE', #1141, #1189 ) ;
#1960 = DIRECTION ( 'NONE',  ( -1.897946910259088910E-16, 0.000000000000000000, -1.000000000000000000 ) ) ;
#1961 = COLOUR_RGB ( '',0.7921568627450980005, 0.8196078431372548767, 0.9333333333333333481 ) ;
#1962 = DIRECTION ( 'NONE',  ( 0.000000000000000000, 1.000000000000000000, 0.000000000000000000 ) ) ;
#1963 = EDGE_CURVE ( 'NONE', #883, #1968, #1419, .T. ) ;
#1964 =( LENGTH_UNIT ( ) NAMED_UNIT ( * ) SI_UNIT ( .MILLI., .METRE. ) );
#1965 =( NAMED_UNIT ( * ) PLANE_ANGLE_UNIT ( ) SI_UNIT ( $, .RADIAN. ) );
#1966 =( GEOMETRIC_REPRESENTATION_CONTEXT ( 3 ) GLOBAL_UNCERTAINTY_ASSIGNED_CONTEXT ( ( #68 ) ) GLOBAL_UNIT_ASSIGNED_CONTEXT ( ( #438, #1051, #1038 ) ) REPRESENTATION_CONTEXT ( 'NONE', 'WORKASPACE' ) );
#1967 = SURFACE_SIDE_STYLE ('',( #1036 ) ) ;
#1968 = VERTEX_POINT ( 'NONE', #242 ) ;
#1969 = VECTOR ( 'NONE', #59, 1000.000000000000000 ) ;
#1970 =( NAMED_UNIT ( * ) PLANE_ANGLE_UNIT ( ) SI_UNIT ( $, .RADIAN. ) );
#1971 = VECTOR ( 'NONE', #1255, 1000.000000000000000 ) ;
#1972 = VECTOR ( 'NONE', #965, 1000.000000000000000 ) ;
#1973 =( NAMED_UNIT ( * ) PLANE_ANGLE_UNIT ( ) SI_UNIT ( $, .RADIAN. ) );
#1974 = CARTESIAN_POINT ( 'NONE',  ( 3.105010452734799031, -0.5100000000000000089, 1.194999999999999840 ) ) ;
#1975 =( NAMED_UNIT ( * ) SI_UNIT ( $, .STERADIAN. ) SOLID_ANGLE_UNIT ( ) );
#1976 = EDGE_CURVE ( 'NONE', #1441, #1892, #2302, .T. ) ;
#1977 = FACE_OUTER_BOUND ( 'NONE', #834, .T. ) ;
#1978 = UNCERTAINTY_MEASURE_WITH_UNIT (LENGTH_MEASURE( 1.000000000000000082E-05 ), #1795, 'distance_accuracy_value', 'NONE');
#1979 = EDGE_CURVE ( 'NONE', #2325, #2349, #31, .T. ) ;
#1980 = VERTEX_POINT ( 'NONE', #963 ) ;
#1981 = CARTESIAN_POINT ( 'NONE',  ( 3.210536885311948474, 0.000000000000000000, 3.489999999999999769 ) ) ;
#1982 = ORIENTED_EDGE ( 'NONE', *, *, #2346, .F. ) ;
#1983 = ORIENTED_EDGE ( 'NONE', *, *, #1164, .F. ) ;
#1984 = CARTESIAN_POINT ( 'NONE',  ( 3.966392770819374469, -0.01000000000000002623, 1.194999999999999840 ) ) ;
#1985 = ORIENTED_EDGE ( 'NONE', *, *, #429, .F. ) ;
#1986 = CARTESIAN_POINT ( 'NONE',  ( 4.402450904261838716, -0.2546493495978977006, 0.5649999999999998357 ) ) ;
#1987 = ORIENTED_EDGE ( 'NONE', *, *, #1809, .F. ) ;
#1988 =( GEOMETRIC_REPRESENTATION_CONTEXT ( 3 ) GLOBAL_UNCERTAINTY_ASSIGNED_CONTEXT ( ( #380 ) ) GLOBAL_UNIT_ASSIGNED_CONTEXT ( ( #2044, #775, #940 ) ) REPRESENTATION_CONTEXT ( 'NONE', 'WORKASPACE' ) );
#1989 =( NAMED_UNIT ( * ) SI_UNIT ( $, .STERADIAN. ) SOLID_ANGLE_UNIT ( ) );
#1990 = PRESENTATION_STYLE_ASSIGNMENT (( #77 ) ) ;
#1991 =( LENGTH_UNIT ( ) NAMED_UNIT ( * ) SI_UNIT ( .MILLI., .METRE. ) );
#1992 = CARTESIAN_POINT ( 'NONE',  ( 3.105010452734799031, -0.5100000000000000089, 0.5649999999999998357 ) ) ;
#1993 = SURFACE_SIDE_STYLE ('',( #1514 ) ) ;
#1994 = SURFACE_SIDE_STYLE ('',( #732 ) ) ;
#1995 = CIRCLE ( 'NONE', #728, 0.5000000000000004441 ) ;
#1996 =( GEOMETRIC_REPRESENTATION_CONTEXT ( 3 ) GLOBAL_UNCERTAINTY_ASSIGNED_CONTEXT ( ( #2259 ) ) GLOBAL_UNIT_ASSIGNED_CONTEXT ( ( #1754, #644, #1762 ) ) REPRESENTATION_CONTEXT ( 'NONE', 'WORKASPACE' ) );
#1997 = VECTOR ( 'NONE', #717, 1000.000000000000000 ) ;
#1998 = CARTESIAN_POINT ( 'NONE',  ( 4.103800743383105853, 0.2553506504021022527, 1.194999999999999840 ) ) ;
#1999 = ORIENTED_EDGE ( 'NONE', *, *, #554, .F. ) ;
#2000 = UNCERTAINTY_MEASURE_WITH_UNIT (LENGTH_MEASURE( 1.000000000000000082E-05 ), #2269, 'distance_accuracy_value', 'NONE');
#2001 = PRESENTATION_STYLE_ASSIGNMENT (( #596 ) ) ;
#2002 = MECHANICAL_DESIGN_GEOMETRIC_PRESENTATION_REPRESENTATION (  '', ( #1247 ), #1196 ) ;
#2003 = EDGE_CURVE ( 'NONE', #1866, #1445, #1249, .T. ) ;
#2004 = EDGE_LOOP ( 'NONE', ( #1035, #1155, #1327, #978 ) ) ;
#2005 = VERTEX_POINT ( 'NONE', #43 ) ;
#2006 = ORIENTED_EDGE ( 'NONE', *, *, #2319, .F. ) ;
#2007 = CARTESIAN_POINT ( 'NONE',  ( -3.210536885311948474, 0.000000000000000000, 0.000000000000000000 ) ) ;
#2008 = PRESENTATION_STYLE_ASSIGNMENT (( #1418 ) ) ;
#2009 = ORIENTED_EDGE ( 'NONE', *, *, #1601, .T. ) ;
#2010 = CYLINDRICAL_SURFACE ( 'NONE', #532, 0.5000000000000004441 ) ;
#2011 = CARTESIAN_POINT ( 'NONE',  ( -3.210536885311948474, 0.000000000000000000, 6.349999999999999645 ) ) ;
#2012 = LINE ( 'NONE', #1800, #40 ) ;
#2013 = DIRECTION ( 'NONE',  ( -0.000000000000000000, -0.000000000000000000, -1.000000000000000000 ) ) ;
#2014 = STYLED_ITEM ( 'NONE', ( #749 ), #2024 ) ;
#2015 = EDGE_CURVE ( 'NONE', #3, #2349, #1842, .T. ) ;
#2016 = EDGE_CURVE ( 'NONE', #1297, #1217, #2243, .T. ) ;
#2017 =( NAMED_UNIT ( * ) SI_UNIT ( $, .STERADIAN. ) SOLID_ANGLE_UNIT ( ) );
#2018 =( LENGTH_UNIT ( ) NAMED_UNIT ( * ) SI_UNIT ( .MILLI., .METRE. ) );
#2019 = MECHANICAL_DESIGN_GEOMETRIC_PRESENTATION_REPRESENTATION (  '', ( #802 ), #2140 ) ;
#2020 = VERTEX_POINT ( 'NONE', #1764 ) ;
#2021 = COLOUR_RGB ( '',1.000000000000000000, 1.000000000000000000, 1.000000000000000000 ) ;
#2022 = FILL_AREA_STYLE_COLOUR ( '', #910 ) ;
#2023 = PRESENTATION_LAYER_ASSIGNMENT (  '', '', ( #203 ) ) ;
#2024 = ADVANCED_FACE ( 'NONE', ( #103 ), #1890, .T. ) ;
#2025 = CARTESIAN_POINT ( 'NONE',  ( 4.103800743383105853, 0.2553506504021022527, 5.144999999999999574 ) ) ;
#2026 = ORIENTED_EDGE ( 'NONE', *, *, #169, .F. ) ;
#2027 = VERTEX_POINT ( 'NONE', #1026 ) ;
#2028 = DIRECTION ( 'NONE',  ( -1.000000000000000000, 0.000000000000000000, 0.000000000000000000 ) ) ;
#2029 = VERTEX_POINT ( 'NONE', #1409 ) ;
#2030 =( GEOMETRIC_REPRESENTATION_CONTEXT ( 3 ) GLOBAL_UNCERTAINTY_ASSIGNED_CONTEXT ( ( #2336 ) ) GLOBAL_UNIT_ASSIGNED_CONTEXT ( ( #2236, #54, #1914 ) ) REPRESENTATION_CONTEXT ( 'NONE', 'WORKASPACE' ) );
#2031 = COLOUR_RGB ( '',1.000000000000000000, 1.000000000000000000, 1.000000000000000000 ) ;
#2032 = FILL_AREA_STYLE ('',( #2216 ) ) ;
#2033 = EDGE_LOOP ( 'NONE', ( #2115, #895, #432, #1314 ) ) ;
#2034 = DIRECTION ( 'NONE',  ( 0.000000000000000000, 0.000000000000000000, 1.000000000000000000 ) ) ;
#2035 = CARTESIAN_POINT ( 'NONE',  ( 4.829037338915685318, 0.5261272384493700383, 0.5649999999999998357 ) ) ;
#2036 = CARTESIAN_POINT ( 'NONE',  ( 3.667742609940642495, 0.5000000000000002220, 0.5649999999999998357 ) ) ;
#2037 = VECTOR ( 'NONE', #2288, 1000.000000000000000 ) ;
#2038 = UNCERTAINTY_MEASURE_WITH_UNIT (LENGTH_MEASURE( 1.000000000000000082E-05 ), #1021, 'distance_accuracy_value', 'NONE');
#2039 = SURFACE_SIDE_STYLE ('',( #907 ) ) ;
#2040 =( GEOMETRIC_REPRESENTATION_CONTEXT ( 3 ) GLOBAL_UNCERTAINTY_ASSIGNED_CONTEXT ( ( #1123 ) ) GLOBAL_UNIT_ASSIGNED_CONTEXT ( ( #909, #1845, #1829 ) ) REPRESENTATION_CONTEXT ( 'NONE', 'WORKASPACE' ) );
#2041 = SURFACE_SIDE_STYLE ('',( #5 ) ) ;
#2042 = EDGE_CURVE ( 'NONE', #1926, #1497, #1909, .T. ) ;
#2043 = CARTESIAN_POINT ( 'NONE',  ( 0.9450000000000009504, 1.089999999999999858, 0.8899999999999993472 ) ) ;
#2044 =( LENGTH_UNIT ( ) NAMED_UNIT ( * ) SI_UNIT ( .MILLI., .METRE. ) );
#2045 = PRESENTATION_STYLE_ASSIGNMENT (( #1453 ) ) ;
#2046 = CYLINDRICAL_SURFACE ( 'NONE', #1257, 0.5000000000000000000 ) ;
#2047 = SURFACE_STYLE_USAGE ( .BOTH. , #7 ) ;
#2048 = ORIENTED_EDGE ( 'NONE', *, *, #795, .F. ) ;
#2049 = DIRECTION ( 'NONE',  ( -0.2026225276928685648, 0.9792569179083457920, -0.000000000000000000 ) ) ;
#2050 = ORIENTED_EDGE ( 'NONE', *, *, #779, .T. ) ;
#2051 = VERTEX_POINT ( 'NONE', #1948 ) ;
#2052 = ADVANCED_FACE ( 'NONE', ( #1111 ), #268, .T. ) ;
#2053 =( GEOMETRIC_REPRESENTATION_CONTEXT ( 3 ) GLOBAL_UNCERTAINTY_ASSIGNED_CONTEXT ( ( #148 ) ) GLOBAL_UNIT_ASSIGNED_CONTEXT ( ( #427, #609, #255 ) ) REPRESENTATION_CONTEXT ( 'NONE', 'WORKASPACE' ) );
#2054 = VERTEX_POINT ( 'NONE', #83 ) ;
#2055 = ORIENTED_EDGE ( 'NONE', *, *, #1019, .F. ) ;
#2056 = EDGE_CURVE ( 'NONE', #1440, #1352, #2156, .T. ) ;
#2057 = CARTESIAN_POINT ( 'NONE',  ( -3.210536885311948474, 0.000000000000000000, 6.349999999999999645 ) ) ;
#2058 = ORIENTED_EDGE ( 'NONE', *, *, #1976, .T. ) ;
#2059 = CARTESIAN_POINT ( 'NONE',  ( -3.210536885311948474, 0.000000000000000000, 0.000000000000000000 ) ) ;
#2060 = MECHANICAL_DESIGN_GEOMETRIC_PRESENTATION_REPRESENTATION (  '', ( #1009 ), #1134 ) ;
#2061 =( LENGTH_UNIT ( ) NAMED_UNIT ( * ) SI_UNIT ( .MILLI., .METRE. ) );
#2062 = STYLED_ITEM ( 'NONE', ( #955 ), #1138 ) ;
#2063 = VECTOR ( 'NONE', #218, 1000.000000000000000 ) ;
#2064 = ORIENTED_EDGE ( 'NONE', *, *, #1659, .F. ) ;
#2065 = DIRECTION ( 'NONE',  ( -0.000000000000000000, 0.000000000000000000, 1.000000000000000000 ) ) ;
#2066 = SURFACE_SIDE_STYLE ('',( #1714 ) ) ;
#2067 = CYLINDRICAL_SURFACE ( 'NONE', #374, 0.5000000000000004441 ) ;
#2068 = PRESENTATION_STYLE_ASSIGNMENT (( #297 ) ) ;
#2069 = DIRECTION ( 'NONE',  ( 0.2026225276928699803, -0.9792569179083455699, 0.000000000000000000 ) ) ;
#2070 = PLANE ( 'NONE',  #166 ) ;
#2071 = UNCERTAINTY_MEASURE_WITH_UNIT (LENGTH_MEASURE( 1.000000000000000082E-05 ), #593, 'distance_accuracy_value', 'NONE');
#2072 = DIRECTION ( 'NONE',  ( -0.000000000000000000, -0.000000000000000000, -1.000000000000000000 ) ) ;
#2073 = SURFACE_STYLE_USAGE ( .BOTH. , #41 ) ;
#2074 = EDGE_CURVE ( 'NONE', #377, #941, #1677, .T. ) ;
#2075 = EDGE_LOOP ( 'NONE', ( #2376, #1917, #865, #720 ) ) ;
#2076 = DIRECTION ( 'NONE',  ( -0.4892986991957993248, -0.8721162668849256061, -0.000000000000000000 ) ) ;
#2077 = PRESENTATION_STYLE_ASSIGNMENT (( #2350 ) ) ;
#2078 = LINE ( 'NONE', #227, #14 ) ;
#2079 = VECTOR ( 'NONE', #512, 1000.000000000000000 ) ;
#2080 = DIRECTION ( 'NONE',  ( 0.000000000000000000, 0.000000000000000000, 1.000000000000000000 ) ) ;
#2081 = CARTESIAN_POINT ( 'NONE',  ( 3.210536885311948474, 0.000000000000000000, 0.000000000000000000 ) ) ;
#2082 = DIRECTION ( 'NONE',  ( -1.000000000000000000, 0.000000000000000000, 0.000000000000000000 ) ) ;
#2083 = PRESENTATION_STYLE_ASSIGNMENT (( #1490 ) ) ;
#2084 = ORIENTED_EDGE ( 'NONE', *, *, #1520, .T. ) ;
#2085 = CARTESIAN_POINT ( 'NONE',  ( 4.703317153087766656, 0.2816086665975235381, 1.194999999999999840 ) ) ;
#2086 = FACE_OUTER_BOUND ( 'NONE', #1752, .T. ) ;
#2087 = FILL_AREA_STYLE ('',( #790 ) ) ;
#2088 = ORIENTED_EDGE ( 'NONE', *, *, #2003, .T. ) ;
#2089 = SURFACE_SIDE_STYLE ('',( #1728 ) ) ;
#2090 =( NAMED_UNIT ( * ) SI_UNIT ( $, .STERADIAN. ) SOLID_ANGLE_UNIT ( ) );
#2091 = ORIENTED_EDGE ( 'NONE', *, *, #1398, .T. ) ;
#2092 = AXIS2_PLACEMENT_3D ( 'NONE', #1664, #739, #344 ) ;
#2093 = EDGE_CURVE ( 'NONE', #1385, #600, #1541, .T. ) ;
#2094 = ORIENTED_EDGE ( 'NONE', *, *, #2123, .T. ) ;
#2095 = EDGE_CURVE ( 'NONE', #1329, #1280, #510, .T. ) ;
#2096 = CARTESIAN_POINT ( 'NONE',  ( 0.9450000000000009504, 0.6299999999999997824, 0.8899999999999993472 ) ) ;
#2097 = EDGE_CURVE ( 'NONE', #941, #168, #1311, .T. ) ;
#2098 = CYLINDRICAL_SURFACE ( 'NONE', #842, 0.5000000000000004441 ) ;
#2099 =( NAMED_UNIT ( * ) PLANE_ANGLE_UNIT ( ) SI_UNIT ( $, .RADIAN. ) );
#2100 = DIRECTION ( 'NONE',  ( 0.000000000000000000, 0.000000000000000000, 1.000000000000000000 ) ) ;
#2101 = AXIS2_PLACEMENT_3D ( 'NONE', #2129, #278, #1220 ) ;
#2102 = FILL_AREA_STYLE_COLOUR ( '', #2135 ) ;
#2103 = CIRCLE ( 'NONE', #620, 0.5000000000000004441 ) ;
#2104 = UNCERTAINTY_MEASURE_WITH_UNIT (LENGTH_MEASURE( 1.000000000000000082E-05 ), #908, 'distance_accuracy_value', 'NONE');
#2105 = DIRECTION ( 'NONE',  ( 0.9792569179083456810, -0.2026225276928693420, 0.000000000000000000 ) ) ;
#2106 = FACE_OUTER_BOUND ( 'NONE', #187, .T. ) ;
#2107 = CARTESIAN_POINT ( 'NONE',  ( 5.725000000000001421, 1.089999999999999858, 0.5649999999999998357 ) ) ;
#2108 = COLOUR_RGB ( '',0.000000000000000000, 0.000000000000000000, 0.000000000000000000 ) ;
#2109 =( LENGTH_UNIT ( ) NAMED_UNIT ( * ) SI_UNIT ( .MILLI., .METRE. ) );
#2110 =( GEOMETRIC_REPRESENTATION_CONTEXT ( 3 ) GLOBAL_UNCERTAINTY_ASSIGNED_CONTEXT ( ( #1509 ) ) GLOBAL_UNIT_ASSIGNED_CONTEXT ( ( #1521, #1328, #567 ) ) REPRESENTATION_CONTEXT ( 'NONE', 'WORKASPACE' ) );
#2111 = CARTESIAN_POINT ( 'NONE',  ( -3.674999999999998490, 1.089999999999999858, 5.109999999999998543 ) ) ;
#2112 = PLANE ( 'NONE',  #2264 ) ;
#2113 = ORIENTED_EDGE ( 'NONE', *, *, #1878, .T. ) ;
#2114 = PRESENTATION_LAYER_ASSIGNMENT (  '', '', ( #860 ) ) ;
#2115 = ORIENTED_EDGE ( 'NONE', *, *, #1683, .T. ) ;
#2116 = CARTESIAN_POINT ( 'NONE',  ( -3.674999999999999822, 0.6299999999999997824, 1.239999999999999325 ) ) ;
#2117 = DIRECTION ( 'NONE',  ( -0.2026225276928685648, 0.9792569179083457920, -0.000000000000000000 ) ) ;
#2118 = CARTESIAN_POINT ( 'NONE',  ( 5.139375286530230902, 0.03695931699962569372, 1.194999999999999840 ) ) ;
#2119 = ORIENTED_EDGE ( 'NONE', *, *, #1489, .F. ) ;
#2120 = FILL_AREA_STYLE ('',( #853 ) ) ;
#2121 = LINE ( 'NONE', #2352, #1788 ) ;
#2122 = VERTEX_POINT ( 'NONE', #277 ) ;
#2123 = EDGE_CURVE ( 'NONE', #1272, #1526, #597, .T. ) ;
#2124 = VECTOR ( 'NONE', #1661, 1000.000000000000227 ) ;
#2125 = DIRECTION ( 'NONE',  ( 0.000000000000000000, 0.000000000000000000, 1.000000000000000000 ) ) ;
#2126 = SURFACE_SIDE_STYLE ('',( #949 ) ) ;
#2127 = DIRECTION ( 'NONE',  ( 0.000000000000000000, 1.000000000000000000, 0.000000000000000000 ) ) ;
#2128 = VECTOR ( 'NONE', #1443, 1000.000000000000000 ) ;
#2129 = CARTESIAN_POINT ( 'NONE',  ( -2.984999999999998543, -1.090000000000000302, 6.349999999999999645 ) ) ;
#2130 = FILL_AREA_STYLE_COLOUR ( '', #6 ) ;
#2131 = PRESENTATION_STYLE_ASSIGNMENT (( #1062 ) ) ;
#2132 = SURFACE_SIDE_STYLE ('',( #1680 ) ) ;
#2133 = DIRECTION ( 'NONE',  ( 0.000000000000000000, 0.000000000000000000, -1.000000000000000000 ) ) ;
#2134 = FILL_AREA_STYLE_COLOUR ( '', #1194 ) ;
#2135 = COLOUR_RGB ( '',1.000000000000000000, 1.000000000000000000, 1.000000000000000000 ) ;
#2136 = AXIS2_PLACEMENT_3D ( 'NONE', #1936, #105, #839 ) ;
#2137 = COLOUR_RGB ( '',1.000000000000000000, 1.000000000000000000, 1.000000000000000000 ) ;
#2138 = LINE ( 'NONE', #990, #704 ) ;
#2139 = EDGE_CURVE ( 'NONE', #897, #600, #1703, .T. ) ;
#2140 =( GEOMETRIC_REPRESENTATION_CONTEXT ( 3 ) GLOBAL_UNCERTAINTY_ASSIGNED_CONTEXT ( ( #641 ) ) GLOBAL_UNIT_ASSIGNED_CONTEXT ( ( #252, #261, #1889 ) ) REPRESENTATION_CONTEXT ( 'NONE', 'WORKASPACE' ) );
#2141 = CARTESIAN_POINT ( 'NONE',  ( 4.829037338915685318, 0.5261272384493700383, 5.144999999999999574 ) ) ;
#2142 = STYLED_ITEM ( 'NONE', ( #1113 ), #362 ) ;
#2143 = DIRECTION ( 'NONE',  ( -0.4892986991957993248, -0.8721162668849256061, -0.000000000000000000 ) ) ;
#2144 = VECTOR ( 'NONE', #992, 1000.000000000000000 ) ;
#2145 = UNCERTAINTY_MEASURE_WITH_UNIT (LENGTH_MEASURE( 1.000000000000000082E-05 ), #1823, 'distance_accuracy_value', 'NONE');
#2146 = CLOSED_SHELL ( 'NONE', ( #1672, #882, #21, #1663, #677, #210, #542, #946, #1350, #1484, #1493, #1517, #2229, #1138, #551, #390, #2362, #2318, #1621, #961, #2024, #1869, #1305, #496, #408, #2052, #189, #737, #1150, #1528, #1339, #1606, #1850, #580, #1434, #2187, #1702, #2373, #592, #177, #754, #2, #2198 ) ) ;
#2147 = ORIENTED_EDGE ( 'NONE', *, *, #1824, .F. ) ;
#2148 =( GEOMETRIC_REPRESENTATION_CONTEXT ( 3 ) GLOBAL_UNCERTAINTY_ASSIGNED_CONTEXT ( ( #109 ) ) GLOBAL_UNIT_ASSIGNED_CONTEXT ( ( #932, #2195, #783 ) ) REPRESENTATION_CONTEXT ( 'NONE', 'WORKASPACE' ) );
#2149 = ORIENTED_EDGE ( 'NONE', *, *, #2056, .F. ) ;
#2150 = SURFACE_SIDE_STYLE ('',( #2257 ) ) ;
#2151 = CARTESIAN_POINT ( 'NONE',  ( -3.210536885311948474, 0.6299999999999997824, 5.459999999999999964 ) ) ;
#2152 = ORIENTED_EDGE ( 'NONE', *, *, #1019, .T. ) ;
#2153 = DIRECTION ( 'NONE',  ( -0.000000000000000000, -0.000000000000000000, -1.000000000000000000 ) ) ;
#2154 = FILL_AREA_STYLE_COLOUR ( '', #1577 ) ;
#2155 = PRESENTATION_LAYER_ASSIGNMENT (  '', '', ( #630 ) ) ;
#2156 = CIRCLE ( 'NONE', #1942, 0.5000000000000004441 ) ;
#2157 = CARTESIAN_POINT ( 'NONE',  ( 3.667742609940640275, 1.084202172485504434E-16, 5.144999999999999574 ) ) ;
#2158 = UNCERTAINTY_MEASURE_WITH_UNIT (LENGTH_MEASURE( 1.000000000000000082E-05 ), #777, 'distance_accuracy_value', 'NONE');
#2159 = FILL_AREA_STYLE ('',( #2297 ) ) ;
#2160 = AXIS2_PLACEMENT_3D ( 'NONE', #2340, #1114, #1655 ) ;
#2161 = CARTESIAN_POINT ( 'NONE',  ( 0.9450000000000009504, 0.6299999999999997824, 0.8899999999999993472 ) ) ;
#2162 = CARTESIAN_POINT ( 'NONE',  ( 3.105010452734799031, -0.5100000000000000089, 0.5649999999999998357 ) ) ;
#2163 = EDGE_CURVE ( 'NONE', #1968, #281, #537, .T. ) ;
#2164 = CARTESIAN_POINT ( 'NONE',  ( 0.9450000000000009504, 0.6299999999999997824, 0.8899999999999993472 ) ) ;
#2165 = ORIENTED_EDGE ( 'NONE', *, *, #1711, .T. ) ;
#2166 = CARTESIAN_POINT ( 'NONE',  ( 3.105010452734799031, -0.5100000000000000089, 0.5649999999999998357 ) ) ;
#2167 = UNCERTAINTY_MEASURE_WITH_UNIT (LENGTH_MEASURE( 1.000000000000000082E-05 ), #485, 'distance_accuracy_value', 'NONE');
#2168 = ORIENTED_EDGE ( 'NONE', *, *, #1840, .F. ) ;
#2169 = PRESENTATION_STYLE_ASSIGNMENT (( #1378 ) ) ;
#2170 = PRESENTATION_STYLE_ASSIGNMENT (( #1705 ) ) ;
#2171 = ORIENTED_EDGE ( 'NONE', *, *, #355, .T. ) ;
#2172 = CARTESIAN_POINT ( 'NONE',  ( 0.9450000000000009504, 1.089999999999999858, 0.8899999999999993472 ) ) ;
#2173 = FILL_AREA_STYLE ('',( #1637 ) ) ;
#2174 = EDGE_CURVE ( 'NONE', #2212, #1272, #74, .T. ) ;
#2175 = VECTOR ( 'NONE', #960, 1000.000000000000000 ) ;
#2176 = PRESENTATION_STYLE_ASSIGNMENT (( #1149 ) ) ;
#2177 = PLANE ( 'NONE',  #176 ) ;
#2178 = AXIS2_PLACEMENT_3D ( 'NONE', #1195, #2082, #826 ) ;
#2179 = PRESENTATION_STYLE_ASSIGNMENT (( #312 ) ) ;
#2180 = FACE_OUTER_BOUND ( 'NONE', #456, .T. ) ;
#2181 = DIRECTION ( 'NONE',  ( -0.000000000000000000, 1.000000000000000000, -0.000000000000000000 ) ) ;
#2182 = CARTESIAN_POINT ( 'NONE',  ( 5.139375286530230902, 0.03695931699962569372, 5.144999999999999574 ) ) ;
#2183 = CARTESIAN_POINT ( 'NONE',  ( 2.985000000000000320, 1.089999999999999858, 6.349999999999999645 ) ) ;
#2184 = ORIENTED_EDGE ( 'NONE', *, *, #905, .F. ) ;
#2185 = ORIENTED_EDGE ( 'NONE', *, *, #1324, .T. ) ;
#2186 = SURFACE_STYLE_USAGE ( .BOTH. , #1841 ) ;
#2187 = ADVANCED_FACE ( 'NONE', ( #315 ), #301, .T. ) ;
#2188 = DIRECTION ( 'NONE',  ( 0.000000000000000000, 0.000000000000000000, 1.000000000000000000 ) ) ;
#2189 = ORIENTED_EDGE ( 'NONE', *, *, #1853, .T. ) ;
#2190 = DIRECTION ( 'NONE',  ( 0.000000000000000000, 0.000000000000000000, 1.000000000000000000 ) ) ;
#2191 = VECTOR ( 'NONE', #646, 1000.000000000000227 ) ;
#2192 = VECTOR ( 'NONE', #584, 1000.000000000000000 ) ;
#2193 = ORIENTED_EDGE ( 'NONE', *, *, #58, .T. ) ;
#2194 = MECHANICAL_DESIGN_GEOMETRIC_PRESENTATION_REPRESENTATION (  '', ( #2223 ), #1954 ) ;
#2195 =( NAMED_UNIT ( * ) PLANE_ANGLE_UNIT ( ) SI_UNIT ( $, .RADIAN. ) );
#2196 = LINE ( 'NONE', #2231, #656 ) ;
#2197 = EDGE_CURVE ( 'NONE', #1096, #813, #112, .T. ) ;
#2198 = ADVANCED_FACE ( 'NONE', ( #1163 ), #1449, .T. ) ;
#2199 = EDGE_CURVE ( 'NONE', #2051, #1526, #1290, .T. ) ;
#2200 = SURFACE_STYLE_USAGE ( .BOTH. , #745 ) ;
#2201 = ORIENTED_EDGE ( 'NONE', *, *, #874, .F. ) ;
#2202 = FACE_OUTER_BOUND ( 'NONE', #1753, .T. ) ;
#2203 =( GEOMETRIC_REPRESENTATION_CONTEXT ( 3 ) GLOBAL_UNCERTAINTY_ASSIGNED_CONTEXT ( ( #2167 ) ) GLOBAL_UNIT_ASSIGNED_CONTEXT ( ( #485, #684, #1072 ) ) REPRESENTATION_CONTEXT ( 'NONE', 'WORKASPACE' ) );
#2204 = SURFACE_SIDE_STYLE ('',( #1534 ) ) ;
#2205 = VECTOR ( 'NONE', #1354, 1000.000000000000000 ) ;
#2206 = CARTESIAN_POINT ( 'NONE',  ( 2.985000000000000320, 1.089999999999999858, 0.000000000000000000 ) ) ;
#2207 =( GEOMETRIC_REPRESENTATION_CONTEXT ( 3 ) GLOBAL_UNCERTAINTY_ASSIGNED_CONTEXT ( ( #906 ) ) GLOBAL_UNIT_ASSIGNED_CONTEXT ( ( #1955, #92, #856 ) ) REPRESENTATION_CONTEXT ( 'NONE', 'WORKASPACE' ) );
#2208 = CARTESIAN_POINT ( 'NONE',  ( 3.210536885311948474, 0.000000000000000000, 3.489999999999999769 ) ) ;
#2209 =( GEOMETRIC_REPRESENTATION_CONTEXT ( 3 ) GLOBAL_UNCERTAINTY_ASSIGNED_CONTEXT ( ( #1152 ) ) GLOBAL_UNIT_ASSIGNED_CONTEXT ( ( #1797, #317, #1989 ) ) REPRESENTATION_CONTEXT ( 'NONE', 'WORKASPACE' ) );
#2210 = CARTESIAN_POINT ( 'NONE',  ( 3.667742609940642495, 0.5000000000000002220, 1.194999999999999840 ) ) ;
#2211 = EDGE_LOOP ( 'NONE', ( #295, #1863, #1957, #2273, #1430, #1838, #215, #645, #2327, #1670, #2171, #57, #774, #1142, #19, #1120 ) ) ;
#2212 = VERTEX_POINT ( 'NONE', #152 ) ;
#2213 = CARTESIAN_POINT ( 'NONE',  ( 4.103800743383105853, 0.2553506504021022527, 1.194999999999999840 ) ) ;
#2214 = ORIENTED_EDGE ( 'NONE', *, *, #2003, .F. ) ;
#2215 = AXIS2_PLACEMENT_3D ( 'NONE', #366, #1879, #2375 ) ;
#2216 = FILL_AREA_STYLE_COLOUR ( '', #2226 ) ;
#2217 = ORIENTED_EDGE ( 'NONE', *, *, #2365, .T. ) ;
#2218 = MECHANICAL_DESIGN_GEOMETRIC_PRESENTATION_REPRESENTATION (  '', ( #860 ), #1966 ) ;
#2219 = VECTOR ( 'NONE', #2065, 1000.000000000000000 ) ;
#2220 = FILL_AREA_STYLE_COLOUR ( '', #1961 ) ;
#2221 = VECTOR ( 'NONE', #541, 1000.000000000000114 ) ;
#2222 = CARTESIAN_POINT ( 'NONE',  ( 4.794159102043628273, 1.024909263579282470, 0.5649999999999998357 ) ) ;
#2223 = STYLED_ITEM ( 'NONE', ( #825 ), #542 ) ;
#2224 = CARTESIAN_POINT ( 'NONE',  ( 0.000000000000000000, 0.000000000000000000, 3.489999999999997993 ) ) ;
#2225 = COLOUR_RGB ( '',0.000000000000000000, 0.000000000000000000, 0.000000000000000000 ) ;
#2226 = COLOUR_RGB ( '',0.000000000000000000, 0.000000000000000000, 0.000000000000000000 ) ;
#2227 =( NAMED_UNIT ( * ) SI_UNIT ( $, .STERADIAN. ) SOLID_ANGLE_UNIT ( ) );
#2228 = UNCERTAINTY_MEASURE_WITH_UNIT (LENGTH_MEASURE( 1.000000000000000082E-05 ), #2061, 'distance_accuracy_value', 'NONE');
#2229 = ADVANCED_FACE ( 'NONE', ( #854 ), #138, .T. ) ;
#2230 = LINE ( 'NONE', #211, #1972 ) ;
#2231 = CARTESIAN_POINT ( 'NONE',  ( 3.210536885311948474, 0.000000000000000000, 6.349999999999999645 ) ) ;
#2232 = LINE ( 'NONE', #561, #133 ) ;
#2233 = DIRECTION ( 'NONE',  ( -1.000000000000000000, 0.000000000000000000, 0.000000000000000000 ) ) ;
#2234 = CARTESIAN_POINT ( 'NONE',  ( 4.703317153087766656, 0.2816086665975235381, 5.144999999999999574 ) ) ;
#2235 = ORIENTED_EDGE ( 'NONE', *, *, #1810, .F. ) ;
#2236 =( LENGTH_UNIT ( ) NAMED_UNIT ( * ) SI_UNIT ( .MILLI., .METRE. ) );
#2237 = STYLED_ITEM ( 'NONE', ( #1226 ), #2198 ) ;
#2238 = VERTEX_POINT ( 'NONE', #1612 ) ;
#2239 = EDGE_CURVE ( 'NONE', #1920, #1440, #1747, .T. ) ;
#2240 = ORIENTED_EDGE ( 'NONE', *, *, #2239, .T. ) ;
#2241 = DIRECTION ( 'NONE',  ( 0.4892986991957993248, 0.8721162668849256061, 0.000000000000000000 ) ) ;
#2242 = DIRECTION ( 'NONE',  ( 1.000000000000000000, 0.000000000000000000, 0.000000000000000000 ) ) ;
#2243 = CIRCLE ( 'NONE', #1583, 0.5000000000000004441 ) ;
#2244 = EDGE_LOOP ( 'NONE', ( #1624, #2214, #2217, #1389 ) ) ;
#2245 = FACE_OUTER_BOUND ( 'NONE', #1170, .T. ) ;
#2246 = DIRECTION ( 'NONE',  ( 1.000000000000000000, 0.000000000000000000, 0.000000000000000000 ) ) ;
#2247 = MECHANICAL_DESIGN_GEOMETRIC_PRESENTATION_REPRESENTATION (  '', ( #880 ), #1345 ) ;
#2248 = MECHANICAL_DESIGN_GEOMETRIC_PRESENTATION_REPRESENTATION (  '', ( #568 ), #954 ) ;
#2249 = FACE_OUTER_BOUND ( 'NONE', #1529, .T. ) ;
#2250 =( GEOMETRIC_REPRESENTATION_CONTEXT ( 3 ) GLOBAL_UNCERTAINTY_ASSIGNED_CONTEXT ( ( #831 ) ) GLOBAL_UNIT_ASSIGNED_CONTEXT ( ( #1326, #1516, #361 ) ) REPRESENTATION_CONTEXT ( 'NONE', 'WORKASPACE' ) );
#2251 =( NAMED_UNIT ( * ) PLANE_ANGLE_UNIT ( ) SI_UNIT ( $, .RADIAN. ) );
#2252 =( GEOMETRIC_REPRESENTATION_CONTEXT ( 3 ) GLOBAL_UNCERTAINTY_ASSIGNED_CONTEXT ( ( #1055 ) ) GLOBAL_UNIT_ASSIGNED_CONTEXT ( ( #95, #1750, #450 ) ) REPRESENTATION_CONTEXT ( 'NONE', 'WORKASPACE' ) );
#2253 = DIRECTION ( 'NONE',  ( -0.2026225276928693142, -0.9792569179083455699, 0.000000000000000000 ) ) ;
#2254 = CARTESIAN_POINT ( 'NONE',  ( 4.103800743383105853, 0.2553506504021022527, 0.5649999999999998357 ) ) ;
#2255 = VERTEX_POINT ( 'NONE', #698 ) ;
#2256 = DIRECTION ( 'NONE',  ( 1.000000000000000000, 0.000000000000000000, 0.000000000000000000 ) ) ;
#2257 = SURFACE_STYLE_FILL_AREA ( #321 ) ;
#2258 = FILL_AREA_STYLE ('',( #231 ) ) ;
#2259 = UNCERTAINTY_MEASURE_WITH_UNIT (LENGTH_MEASURE( 1.000000000000000082E-05 ), #1754, 'distance_accuracy_value', 'NONE');
#2260 = AXIS2_PLACEMENT_3D ( 'NONE', #602, #1908, #2246 ) ;
#2261 = DIRECTION ( 'NONE',  ( -0.2026225276928677321, -0.9792569179083459030, -0.000000000000000000 ) ) ;
#2262 =( NAMED_UNIT ( * ) PLANE_ANGLE_UNIT ( ) SI_UNIT ( $, .RADIAN. ) );
#2263 = FILL_AREA_STYLE ('',( #407 ) ) ;
#2264 = AXIS2_PLACEMENT_3D ( 'NONE', #117, #1568, #2300 ) ;
#2265 =( NAMED_UNIT ( * ) PLANE_ANGLE_UNIT ( ) SI_UNIT ( $, .RADIAN. ) );
#2266 = STYLED_ITEM ( 'NONE', ( #2344 ), #408 ) ;
#2267 = EDGE_LOOP ( 'NONE', ( #918, #1250, #1406, #1184, #497, #657, #188, #1985, #273, #528, #1560, #2298 ) ) ;
#2268 = CARTESIAN_POINT ( 'NONE',  ( 3.966392770819372693, -0.5100000000000000089, 5.774999999999999467 ) ) ;
#2269 =( LENGTH_UNIT ( ) NAMED_UNIT ( * ) SI_UNIT ( .MILLI., .METRE. ) );
#2270 = ORIENTED_EDGE ( 'NONE', *, *, #855, .T. ) ;
#2271 =( NAMED_UNIT ( * ) PLANE_ANGLE_UNIT ( ) SI_UNIT ( $, .RADIAN. ) );
#2272 = CARTESIAN_POINT ( 'NONE',  ( 3.995000000000000107, -0.5100000000000000089, 2.859999999999999876 ) ) ;
#2273 = ORIENTED_EDGE ( 'NONE', *, *, #1931, .T. ) ;
#2274 = EDGE_CURVE ( 'NONE', #2020, #412, #1830, .T. ) ;
#2275 = ORIENTED_EDGE ( 'NONE', *, *, #664, .T. ) ;
#2276 = EDGE_CURVE ( 'NONE', #2005, #1893, #1944, .T. ) ;
#2277 = PRESENTATION_STYLE_ASSIGNMENT (( #820 ) ) ;
#2278 = VECTOR ( 'NONE', #1916, 1000.000000000000227 ) ;
#2279 = SURFACE_SIDE_STYLE ('',( #931 ) ) ;
#2280 = LINE ( 'NONE', #1665, #2221 ) ;
#2281 = COLOUR_RGB ( '',1.000000000000000000, 1.000000000000000000, 1.000000000000000000 ) ;
#2282 = SURFACE_STYLE_USAGE ( .BOTH. , #1767 ) ;
#2283 = AXIS2_PLACEMENT_3D ( 'NONE', #491, #2307, #128 ) ;
#2284 = EDGE_CURVE ( 'NONE', #1440, #1329, #398, .T. ) ;
#2285 = LINE ( 'NONE', #1542, #1831 ) ;
#2286 = CARTESIAN_POINT ( 'NONE',  ( 3.995000000000000107, 0.000000000000000000, 2.859999999999999876 ) ) ;
#2287 = AXIS2_PLACEMENT_3D ( 'NONE', #345, #1291, #1488 ) ;
#2288 = DIRECTION ( 'NONE',  ( -1.000000000000000000, -0.000000000000000000, -0.000000000000000000 ) ) ;
#2289 =( NAMED_UNIT ( * ) PLANE_ANGLE_UNIT ( ) SI_UNIT ( $, .RADIAN. ) );
#2290 = VERTEX_POINT ( 'NONE', #2157 ) ;
#2291 =( NAMED_UNIT ( * ) PLANE_ANGLE_UNIT ( ) SI_UNIT ( $, .RADIAN. ) );
#2292 = AXIS2_PLACEMENT_3D ( 'NONE', #836, #1206, #2256 ) ;
#2293 = CARTESIAN_POINT ( 'NONE',  ( 4.392979205473221072, 0.7707765880472675635, 0.5649999999999998357 ) ) ;
#2294 = EDGE_LOOP ( 'NONE', ( #1473, #2380, #2369, #1219 ) ) ;
#2295 = VERTEX_POINT ( 'NONE', #2172 ) ;
#2296 = DIRECTION ( 'NONE',  ( -1.000000000000000000, 0.000000000000000000, -0.000000000000000000 ) ) ;
#2297 = FILL_AREA_STYLE_COLOUR ( '', #1802 ) ;
#2298 = ORIENTED_EDGE ( 'NONE', *, *, #355, .F. ) ;
#2299 =( LENGTH_UNIT ( ) NAMED_UNIT ( * ) SI_UNIT ( .MILLI., .METRE. ) );
#2300 = DIRECTION ( 'NONE',  ( 0.9974659451518887998, 0.07114554281365048638, 0.000000000000000000 ) ) ;
#2301 = UNCERTAINTY_MEASURE_WITH_UNIT (LENGTH_MEASURE( 1.000000000000000082E-05 ), #1397, 'distance_accuracy_value', 'NONE');
#2302 = LINE ( 'NONE', #1881, #1898 ) ;
#2303 = EDGE_LOOP ( 'NONE', ( #24, #136, #99, #1617 ) ) ;
#2304 =( NAMED_UNIT ( * ) PLANE_ANGLE_UNIT ( ) SI_UNIT ( $, .RADIAN. ) );
#2305 = VECTOR ( 'NONE', #2072, 1000.000000000000000 ) ;
#2306 = DIRECTION ( 'NONE',  ( -0.000000000000000000, -0.000000000000000000, -1.000000000000000000 ) ) ;
#2307 = DIRECTION ( 'NONE',  ( 0.000000000000000000, 1.000000000000000000, 0.000000000000000000 ) ) ;
#2308 = LINE ( 'NONE', #181, #1366 ) ;
#2309 = LINE ( 'NONE', #154, #1480 ) ;
#2310 = DIRECTION ( 'NONE',  ( 0.000000000000000000, -0.000000000000000000, -1.000000000000000000 ) ) ;
#2311 =( NAMED_UNIT ( * ) SI_UNIT ( $, .STERADIAN. ) SOLID_ANGLE_UNIT ( ) );
#2312 = DIRECTION ( 'NONE',  ( 0.000000000000000000, 0.000000000000000000, 1.000000000000000000 ) ) ;
#2313 = SURFACE_STYLE_FILL_AREA ( #511 ) ;
#2314 = AXIS2_PLACEMENT_3D ( 'NONE', #654, #2125, #1032 ) ;
#2315 = SURFACE_STYLE_USAGE ( .BOTH. , #482 ) ;
#2316 = CARTESIAN_POINT ( 'NONE',  ( 0.9450000000000009504, 1.089999999999999858, 0.8899999999999993472 ) ) ;
#2317 =( NAMED_UNIT ( * ) SI_UNIT ( $, .STERADIAN. ) SOLID_ANGLE_UNIT ( ) );
#2318 = ADVANCED_FACE ( 'NONE', ( #1403 ), #1095, .T. ) ;
#2319 = EDGE_CURVE ( 'NONE', #813, #139, #731, .T. ) ;
#2320 = EDGE_CURVE ( 'NONE', #412, #1715, #969, .T. ) ;
#2321 = EDGE_CURVE ( 'NONE', #1808, #1181, #1172, .T. ) ;
#2322 = DIRECTION ( 'NONE',  ( 0.8721162668849256061, -0.4892986991957993803, 0.000000000000000000 ) ) ;
#2323 =( NAMED_UNIT ( * ) PLANE_ANGLE_UNIT ( ) SI_UNIT ( $, .RADIAN. ) );
#2324 = FILL_AREA_STYLE_COLOUR ( '', #264 ) ;
#2325 = VERTEX_POINT ( 'NONE', #2007 ) ;
#2326 = DIRECTION ( 'NONE',  ( 0.000000000000000000, 0.000000000000000000, 1.000000000000000000 ) ) ;
#2327 = ORIENTED_EDGE ( 'NONE', *, *, #2320, .T. ) ;
#2328 = EDGE_LOOP ( 'NONE', ( #1242, #651, #461, #1946 ) ) ;
#2329 = SURFACE_SIDE_STYLE ('',( #1546 ) ) ;
#2330 = AXIS2_PLACEMENT_3D ( 'NONE', #47, #986, #1885 ) ;
#2331 =( GEOMETRIC_REPRESENTATION_CONTEXT ( 3 ) GLOBAL_UNCERTAINTY_ASSIGNED_CONTEXT ( ( #15 ) ) GLOBAL_UNIT_ASSIGNED_CONTEXT ( ( #878, #308, #1254 ) ) REPRESENTATION_CONTEXT ( 'NONE', 'WORKASPACE' ) );
#2332 = ORIENTED_EDGE ( 'NONE', *, *, #2163, .F. ) ;
#2333 = DIRECTION ( 'NONE',  ( -1.000000000000000000, -0.000000000000000000, -0.000000000000000000 ) ) ;
#2334 = AXIS2_PLACEMENT_3D ( 'NONE', #63, #1742, #283 ) ;
#2335 = SURFACE_STYLE_USAGE ( .BOTH. , #674 ) ;
#2336 = UNCERTAINTY_MEASURE_WITH_UNIT (LENGTH_MEASURE( 1.000000000000000082E-05 ), #2236, 'distance_accuracy_value', 'NONE');
#2337 = DIRECTION ( 'NONE',  ( -1.000000000000000000, -0.000000000000000000, -0.000000000000000000 ) ) ;
#2338 = COLOUR_RGB ( '',1.000000000000000000, 1.000000000000000000, 1.000000000000000000 ) ;
#2339 = FACE_OUTER_BOUND ( 'NONE', #2267, .T. ) ;
#2340 = CARTESIAN_POINT ( 'NONE',  ( 3.995000000000000107, -0.5100000000000000089, 3.489999999999999769 ) ) ;
#2341 = FILL_AREA_STYLE ('',( #186 ) ) ;
#2342 = PRESENTATION_LAYER_ASSIGNMENT (  '', '', ( #2223 ) ) ;
#2343 = DIRECTION ( 'NONE',  ( 1.000000000000000000, 0.000000000000000000, 0.000000000000000000 ) ) ;
#2344 = PRESENTATION_STYLE_ASSIGNMENT (( #1932 ) ) ;
#2345 =( LENGTH_UNIT ( ) NAMED_UNIT ( * ) SI_UNIT ( .MILLI., .METRE. ) );
#2346 = EDGE_CURVE ( 'NONE', #1688, #139, #516, .T. ) ;
#2347 = ORIENTED_EDGE ( 'NONE', *, *, #2095, .F. ) ;
#2348 = ORIENTED_EDGE ( 'NONE', *, *, #1231, .T. ) ;
#2349 = VERTEX_POINT ( 'NONE', #1279 ) ;
#2350 = SURFACE_STYLE_USAGE ( .BOTH. , #1821 ) ;
#2351 = ORIENTED_EDGE ( 'NONE', *, *, #122, .T. ) ;
#2352 = CARTESIAN_POINT ( 'NONE',  ( 5.725000000000001421, 0.5799999999999997380, 0.5649999999999998357 ) ) ;
#2353 = VECTOR ( 'NONE', #2337, 1000.000000000000000 ) ;
#2354 = ORIENTED_EDGE ( 'NONE', *, *, #1685, .F. ) ;
#2355 = VECTOR ( 'NONE', #1054, 1000.000000000000000 ) ;
#2356 = CARTESIAN_POINT ( 'NONE',  ( 3.995000000000000107, -0.5100000000000000089, 3.489999999999999769 ) ) ;
#2357 = VECTOR ( 'NONE', #1176, 1000.000000000000227 ) ;
#2358 = ORIENTED_EDGE ( 'NONE', *, *, #1659, .T. ) ;
#2359 = FACE_OUTER_BOUND ( 'NONE', #679, .T. ) ;
#2360 = MECHANICAL_DESIGN_GEOMETRIC_PRESENTATION_REPRESENTATION (  '', ( #2237 ), #370 ) ;
#2361 = CARTESIAN_POINT ( 'NONE',  ( -3.674999999999999822, 1.089999999999999858, 1.239999999999999325 ) ) ;
#2362 = ADVANCED_FACE ( 'NONE', ( #1548 ), #1468, .T. ) ;
#2363 = EDGE_CURVE ( 'NONE', #1650, #1639, #1743, .T. ) ;
#2364 = LINE ( 'NONE', #447, #420 ) ;
#2365 = EDGE_CURVE ( 'NONE', #1866, #824, #1995, .T. ) ;
#2366 =( NAMED_UNIT ( * ) SI_UNIT ( $, .STERADIAN. ) SOLID_ANGLE_UNIT ( ) );
#2367 = STYLED_ITEM ( 'NONE', ( #1907 ), #946 ) ;
#2368 = DIRECTION ( 'NONE',  ( 0.000000000000000000, 0.000000000000000000, -1.000000000000000000 ) ) ;
#2369 = ORIENTED_EDGE ( 'NONE', *, *, #2097, .T. ) ;
#2370 = FILL_AREA_STYLE ('',( #1686 ) ) ;
#2371 = UNCERTAINTY_MEASURE_WITH_UNIT (LENGTH_MEASURE( 1.000000000000000082E-05 ), #1228, 'distance_accuracy_value', 'NONE');
#2372 = CARTESIAN_POINT ( 'NONE',  ( 0.9450000000000009504, 1.089999999999999858, 5.459999999999999964 ) ) ;
#2373 = ADVANCED_FACE ( 'NONE', ( #1023 ), #1836, .T. ) ;
#2374 =( NAMED_UNIT ( * ) SI_UNIT ( $, .STERADIAN. ) SOLID_ANGLE_UNIT ( ) );
#2375 = DIRECTION ( 'NONE',  ( 1.000000000000000000, 0.000000000000000000, 0.000000000000000000 ) ) ;
#2376 = ORIENTED_EDGE ( 'NONE', *, *, #2016, .F. ) ;
#2377 = CARTESIAN_POINT ( 'NONE',  ( 0.000000000000000000, 0.6299999999999997824, 0.000000000000000000 ) ) ;
#2378 = MECHANICAL_DESIGN_GEOMETRIC_PRESENTATION_REPRESENTATION (  '', ( #630 ), #1460 ) ;
#2379 = ORIENTED_EDGE ( 'NONE', *, *, #1322, .T. ) ;
#2380 = ORIENTED_EDGE ( 'NONE', *, *, #1351, .F. ) ;
#2381 = VERTEX_POINT ( 'NONE', #1656 ) ;
ENDSEC;
END-ISO-10303-21;
