ISO-10303-21;
HEADER;
FILE_DESCRIPTION (( 'STEP AP214' ),
    '1' );
FILE_NAME ('MC7915BD2TR4G.STEP',
    '2025-09-16T12:20:32',
    ( '' ),
    ( '' ),
    'SwSTEP 2.0',
    'SolidWorks 2020',
    '' );
FILE_SCHEMA (( 'AUTOMOTIVE_DESIGN' ));
ENDSEC;

DATA;
#1 = ORIENTED_EDGE ( 'NONE', *, *, #2146, .T. ) ;
#2 = SURFACE_SIDE_STYLE ('',( #823 ) ) ;
#3 = LINE ( 'NONE', #666, #656 ) ;
#4 = VECTOR ( 'NONE', #1157, 1000.000000000000000 ) ;
#5 = SURFACE_STYLE_USAGE ( .BOTH. , #858 ) ;
#6 = VECTOR ( 'NONE', #592, 1000.000000000000000 ) ;
#7 =( GEOMETRIC_REPRESENTATION_CONTEXT ( 3 ) GLOBAL_UNCERTAINTY_ASSIGNED_CONTEXT ( ( #1156 ) ) GLOBAL_UNIT_ASSIGNED_CONTEXT ( ( #332, #1510, #1860 ) ) REPRESENTATION_CONTEXT ( 'NONE', 'WORKASPACE' ) );
#8 = CARTESIAN_POINT ( 'NONE',  ( -2.209999999999999964, -7.886255170611041088, -1.459000000000000075 ) ) ;
#9 = ORIENTED_EDGE ( 'NONE', *, *, #1861, .F. ) ;
#10 = ADVANCED_FACE ( 'NONE', ( #929 ), #1779, .T. ) ;
#11 =( NAMED_UNIT ( * ) PLANE_ANGLE_UNIT ( ) SI_UNIT ( $, .RADIAN. ) );
#12 = ORIENTED_EDGE ( 'NONE', *, *, #847, .F. ) ;
#13 = UNCERTAINTY_MEASURE_WITH_UNIT (LENGTH_MEASURE( 1.000000000000000082E-05 ), #971, 'distance_accuracy_value', 'NONE');
#14 = FILL_AREA_STYLE_COLOUR ( '', #1001 ) ;
#15 = CARTESIAN_POINT ( 'NONE',  ( -3.250000000000000000, 5.791000000000000369, -1.012999999999999901 ) ) ;
#16 = DIRECTION ( 'NONE',  ( 0.000000000000000000, 0.000000000000000000, -1.000000000000000000 ) ) ;
#17 = CARTESIAN_POINT ( 'NONE',  ( -3.187500000000000000, 0.000000000000000000, -2.158999999999999808 ) ) ;
#18 = EDGE_CURVE ( 'NONE', #1505, #1847, #940, .T. ) ;
#19 = EDGE_LOOP ( 'NONE', ( #1927, #1240, #1640, #1452, #2132, #68 ) ) ;
#20 = FILL_AREA_STYLE ('',( #14 ) ) ;
#21 = DIRECTION ( 'NONE',  ( 0.000000000000000000, 0.1980606274554410073, 0.9801897713463230133 ) ) ;
#22 = SURFACE_STYLE_FILL_AREA ( #493 ) ;
#23 = AXIS2_PLACEMENT_3D ( 'NONE', #896, #545, #1757 ) ;
#24 = LINE ( 'NONE', #33, #1764 ) ;
#25 = CARTESIAN_POINT ( 'NONE',  ( -2.870000000000000107, -6.665584900902570276, 2.158999999999999808 ) ) ;
#26 = ORIENTED_EDGE ( 'NONE', *, *, #1223, .F. ) ;
#27 = CARTESIAN_POINT ( 'NONE',  ( -2.209999999999999964, -7.348777171530960217, -0.02595174266355824641 ) ) ;
#28 = CYLINDRICAL_SURFACE ( 'NONE', #1033, 0.6999999999999999556 ) ;
#29 = VECTOR ( 'NONE', #21, 1000.000000000000227 ) ;
#30 = CARTESIAN_POINT ( 'NONE',  ( 2.870000000000000107, -7.648069056173880220, -1.507128732471670007 ) ) ;
#31 = ADVANCED_FACE ( 'NONE', ( #1424 ), #624, .F. ) ;
#32 = ORIENTED_EDGE ( 'NONE', *, *, #1851, .F. ) ;
#33 = CARTESIAN_POINT ( 'NONE',  ( -1.892500000000000071, -5.965584900902570098, -2.996999999999999886 ) ) ;
#34 = AXIS2_PLACEMENT_3D ( 'NONE', #798, #821, #1131 ) ;
#35 = LINE ( 'NONE', #2058, #508 ) ;
#36 = VECTOR ( 'NONE', #607, 1000.000000000000000 ) ;
#37 = AXIS2_PLACEMENT_3D ( 'NONE', #58, #1374, #722 ) ;
#38 = LINE ( 'NONE', #1232, #1717 ) ;
#39 = ORIENTED_EDGE ( 'NONE', *, *, #60, .T. ) ;
#40 = CARTESIAN_POINT ( 'NONE',  ( 1.892500000000000071, 0.000000000000000000, 0.000000000000000000 ) ) ;
#41 = EDGE_CURVE ( 'NONE', #53, #1379, #140, .T. ) ;
#42 = CARTESIAN_POINT ( 'NONE',  ( 2.209999999999999964, -6.665584900902570276, 2.158999999999999808 ) ) ;
#43 = DIRECTION ( 'NONE',  ( -1.000000000000000000, 0.000000000000000000, 0.000000000000000000 ) ) ;
#44 = CARTESIAN_POINT ( 'NONE',  ( 2.540000000000000036, 0.000000000000000000, -2.156000000000000139 ) ) ;
#45 = EDGE_CURVE ( 'NONE', #936, #2039, #445, .T. ) ;
#46 = EDGE_LOOP ( 'NONE', ( #894, #708, #555, #1625 ) ) ;
#47 = CARTESIAN_POINT ( 'NONE',  ( 3.187500000000000000, -6.607514332372599775, 1.335137820090702032 ) ) ;
#48 = LINE ( 'NONE', #244, #2023 ) ;
#49 = UNCERTAINTY_MEASURE_WITH_UNIT (LENGTH_MEASURE( 1.000000000000000082E-05 ), #377, 'distance_accuracy_value', 'NONE');
#50 =( NAMED_UNIT ( * ) PLANE_ANGLE_UNIT ( ) SI_UNIT ( $, .RADIAN. ) );
#51 = LINE ( 'NONE', #1391, #173 ) ;
#52 = EDGE_CURVE ( 'NONE', #1173, #1149, #1116, .T. ) ;
#53 = VERTEX_POINT ( 'NONE', #2154 ) ;
#54 = DIRECTION ( 'NONE',  ( -9.680255962037836254E-17, 0.06696345161239238009, -0.9977554290246456459 ) ) ;
#55 = ORIENTED_EDGE ( 'NONE', *, *, #1022, .T. ) ;
#56 = LINE ( 'NONE', #718, #2118 ) ;
#57 = ORIENTED_EDGE ( 'NONE', *, *, #1800, .T. ) ;
#58 = CARTESIAN_POINT ( 'NONE',  ( 2.870000000000000107, -7.886255170611041088, -1.459000000000000075 ) ) ;
#59 = LINE ( 'NONE', #1194, #1750 ) ;
#60 = EDGE_CURVE ( 'NONE', #253, #881, #1125, .T. ) ;
#61 =( LENGTH_UNIT ( ) NAMED_UNIT ( * ) SI_UNIT ( .MILLI., .METRE. ) );
#62 = CARTESIAN_POINT ( 'NONE',  ( -4.750000000000000000, 5.120999999999999552, -2.156000000000000139 ) ) ;
#63 = VECTOR ( 'NONE', #915, 1000.000000000000000 ) ;
#64 = ORIENTED_EDGE ( 'NONE', *, *, #1393, .T. ) ;
#65 = CARTESIAN_POINT ( 'NONE',  ( 1.892500000000000071, -4.493041170375384752, 0.3944606185525975084 ) ) ;
#66 = LINE ( 'NONE', #226, #1252 ) ;
#67 = CARTESIAN_POINT ( 'NONE',  ( 4.750000000000000000, 4.520999999999999908, -1.012999999999999901 ) ) ;
#68 = ORIENTED_EDGE ( 'NONE', *, *, #1195, .F. ) ;
#69 = FILL_AREA_STYLE_COLOUR ( '', #699 ) ;
#70 = ADVANCED_FACE ( 'NONE', ( #951 ), #298, .T. ) ;
#71 = AXIS2_PLACEMENT_3D ( 'NONE', #1752, #1589, #92 ) ;
#72 = AXIS2_PLACEMENT_3D ( 'NONE', #454, #1139, #1990 ) ;
#73 = ADVANCED_FACE ( 'NONE', ( #669 ), #1518, .F. ) ;
#74 = DIRECTION ( 'NONE',  ( 0.000000000000000000, 0.000000000000000000, -1.000000000000000000 ) ) ;
#75 = SURFACE_STYLE_USAGE ( .BOTH. , #1940 ) ;
#76 = VECTOR ( 'NONE', #1606, 1000.000000000000000 ) ;
#77 = AXIS2_PLACEMENT_3D ( 'NONE', #312, #158, #1440 ) ;
#78 = VECTOR ( 'NONE', #999, 1000.000000000000000 ) ;
#79 = EDGE_LOOP ( 'NONE', ( #1458, #2159, #126, #1270 ) ) ;
#80 = ADVANCED_FACE ( 'NONE', ( #979 ), #356, .F. ) ;
#81 = PLANE ( 'NONE',  #962 ) ;
#82 = EDGE_LOOP ( 'NONE', ( #947, #882, #423, #1052 ) ) ;
#83 = DIRECTION ( 'NONE',  ( 0.07158207745911848718, -0.08226508543301788712, 0.9940364489822970384 ) ) ;
#84 = ORIENTED_EDGE ( 'NONE', *, *, #1313, .F. ) ;
#85 = PLANE ( 'NONE',  #151 ) ;
#86 = VECTOR ( 'NONE', #1895, 1000.000000000000000 ) ;
#87 = DIRECTION ( 'NONE',  ( -0.06592069369232508858, 0.1757885165128659777, -0.9822183360156379051 ) ) ;
#88 = DIRECTION ( 'NONE',  ( 0.000000000000000000, 1.000000000000000000, 0.000000000000000000 ) ) ;
#89 = VECTOR ( 'NONE', #782, 1000.000000000000000 ) ;
#90 = FACE_OUTER_BOUND ( 'NONE', #775, .T. ) ;
#91 = ORIENTED_EDGE ( 'NONE', *, *, #2172, .T. ) ;
#92 = DIRECTION ( 'NONE',  ( 0.000000000000000000, 0.000000000000000000, -1.000000000000000000 ) ) ;
#93 = EDGE_CURVE ( 'NONE', #475, #284, #327, .T. ) ;
#94 = DIRECTION ( 'NONE',  ( -1.000000000000000000, 0.000000000000000000, 0.000000000000000000 ) ) ;
#95 = ORIENTED_EDGE ( 'NONE', *, *, #1524, .F. ) ;
#96 = DIRECTION ( 'NONE',  ( 0.000000000000000000, 0.000000000000000000, 1.000000000000000000 ) ) ;
#97 = ORIENTED_EDGE ( 'NONE', *, *, #52, .T. ) ;
#98 = CYLINDRICAL_SURFACE ( 'NONE', #2006, 0.6970000000000000639 ) ;
#99 = CARTESIAN_POINT ( 'NONE',  ( 3.187500000000000000, -7.348777171530960217, -0.02595174266355824641 ) ) ;
#100 = DIRECTION ( 'NONE',  ( 0.000000000000000000, 0.000000000000000000, -1.000000000000000000 ) ) ;
#101 = AXIS2_PLACEMENT_3D ( 'NONE', #2083, #885, #1555 ) ;
#102 = ORIENTED_EDGE ( 'NONE', *, *, #1462, .F. ) ;
#103 = DIRECTION ( 'NONE',  ( -1.445602896647340100E-15, -1.000000000000000000, 0.000000000000000000 ) ) ;
#104 = ORIENTED_EDGE ( 'NONE', *, *, #41, .F. ) ;
#105 = DIRECTION ( 'NONE',  ( 0.05097428659215479108, -0.7045081258769810839, 0.7078629264763939277 ) ) ;
#106 = ORIENTED_EDGE ( 'NONE', *, *, #2129, .T. ) ;
#107 = VECTOR ( 'NONE', #1538, 1000.000000000000000 ) ;
#108 = CARTESIAN_POINT ( 'NONE',  ( 3.187500000000000000, -5.965584900902570098, 0.5330000000000000293 ) ) ;
#109 = PLANE ( 'NONE',  #757 ) ;
#110 = VECTOR ( 'NONE', #1843, 1000.000000000000000 ) ;
#111 = ORIENTED_EDGE ( 'NONE', *, *, #228, .F. ) ;
#112 = LINE ( 'NONE', #776, #523 ) ;
#113 = STYLED_ITEM ( 'NONE', ( #925 ), #949 ) ;
#114 = VECTOR ( 'NONE', #1428, 1000.000000000000000 ) ;
#115 = DIRECTION ( 'NONE',  ( -1.000000000000000000, 0.000000000000000000, 0.000000000000000000 ) ) ;
#116 = EDGE_LOOP ( 'NONE', ( #2062, #2167, #1715, #136 ) ) ;
#117 = EDGE_CURVE ( 'NONE', #324, #1777, #996, .T. ) ;
#118 = AXIS2_PLACEMENT_3D ( 'NONE', #688, #482, #981 ) ;
#119 = ORIENTED_EDGE ( 'NONE', *, *, #1262, .T. ) ;
#120 = VERTEX_POINT ( 'NONE', #1482 ) ;
#121 = EDGE_CURVE ( 'NONE', #1035, #1443, #677, .T. ) ;
#122 = LINE ( 'NONE', #625, #1289 ) ;
#123 = ORIENTED_EDGE ( 'NONE', *, *, #375, .T. ) ;
#124 = SURFACE_STYLE_FILL_AREA ( #1646 ) ;
#125 = FILL_AREA_STYLE ('',( #1667 ) ) ;
#126 = ORIENTED_EDGE ( 'NONE', *, *, #1522, .F. ) ;
#127 = EDGE_LOOP ( 'NONE', ( #674, #1944, #967, #1581 ) ) ;
#128 = CARTESIAN_POINT ( 'NONE',  ( 2.209999999999999964, -8.916000000000000369, 0.000000000000000000 ) ) ;
#129 = CARTESIAN_POINT ( 'NONE',  ( 3.187500000000000000, -4.480878288258935527, 0.5330000000000000293 ) ) ;
#130 = FILL_AREA_STYLE_COLOUR ( '', #2140 ) ;
#131 = EDGE_CURVE ( 'NONE', #735, #600, #1682, .T. ) ;
#132 = VERTEX_POINT ( 'NONE', #182 ) ;
#133 = PLANE ( 'NONE',  #1006 ) ;
#134 = DIRECTION ( 'NONE',  ( 0.000000000000000000, -1.000000000000000000, 0.000000000000000000 ) ) ;
#135 = AXIS2_PLACEMENT_3D ( 'NONE', #1070, #1402, #723 ) ;
#136 = ORIENTED_EDGE ( 'NONE', *, *, #1031, .T. ) ;
#137 = PLANE ( 'NONE',  #1722 ) ;
#138 = ORIENTED_EDGE ( 'NONE', *, *, #522, .T. ) ;
#139 = CARTESIAN_POINT ( 'NONE',  ( 3.187500000000000000, -8.916000000000000369, 0.000000000000000000 ) ) ;
#140 = LINE ( 'NONE', #1965, #1182 ) ;
#141 = PRESENTATION_STYLE_ASSIGNMENT (( #1315 ) ) ;
#142 = CARTESIAN_POINT ( 'NONE',  ( 2.870000000000000107, -6.665584900902570276, 2.158999999999999808 ) ) ;
#143 = ADVANCED_FACE ( 'NONE', ( #866 ), #1258, .T. ) ;
#144 = ORIENTED_EDGE ( 'NONE', *, *, #347, .T. ) ;
#145 = EDGE_CURVE ( 'NONE', #308, #1577, #56, .T. ) ;
#146 = ORIENTED_EDGE ( 'NONE', *, *, #1607, .T. ) ;
#147 =( GEOMETRIC_REPRESENTATION_CONTEXT ( 3 ) GLOBAL_UNCERTAINTY_ASSIGNED_CONTEXT ( ( #323 ) ) GLOBAL_UNIT_ASSIGNED_CONTEXT ( ( #764, #1573, #411 ) ) REPRESENTATION_CONTEXT ( 'NONE', 'WORKASPACE' ) );
#148 = CARTESIAN_POINT ( 'NONE',  ( -0.6474999999999999645, -2.520999999999999908, 0.5330000000000000293 ) ) ;
#149 = AXIS2_PLACEMENT_3D ( 'NONE', #845, #1828, #978 ) ;
#150 = VECTOR ( 'NONE', #1562, 1000.000000000000114 ) ;
#151 = AXIS2_PLACEMENT_3D ( 'NONE', #47, #1915, #750 ) ;
#152 = ORIENTED_EDGE ( 'NONE', *, *, #848, .F. ) ;
#153 = PLANE ( 'NONE',  #319 ) ;
#154 = DIRECTION ( 'NONE',  ( 0.000000000000000000, 0.000000000000000000, -1.000000000000000000 ) ) ;
#155 = DIRECTION ( 'NONE',  ( -0.000000000000000000, 1.000000000000000000, 0.000000000000000000 ) ) ;
#156 = VECTOR ( 'NONE', #2105, 1000.000000000000114 ) ;
#157 = EDGE_LOOP ( 'NONE', ( #429, #106, #91, #1411 ) ) ;
#158 = DIRECTION ( 'NONE',  ( 1.000000000000000000, 0.000000000000000000, 0.000000000000000000 ) ) ;
#159 = LINE ( 'NONE', #1840, #973 ) ;
#160 = VERTEX_POINT ( 'NONE', #777 ) ;
#161 = ADVANCED_FACE ( 'NONE', ( #732 ), #1442, .F. ) ;
#162 = DIRECTION ( 'NONE',  ( 0.000000000000000000, -1.000000000000000000, -1.355252715606880049E-16 ) ) ;
#163 = DIRECTION ( 'NONE',  ( 1.000000000000000000, 0.000000000000000000, 0.000000000000000000 ) ) ;
#164 = CARTESIAN_POINT ( 'NONE',  ( -2.540000000000000036, 2.168404344971009854E-16, -2.156000000000000139 ) ) ;
#165 = LINE ( 'NONE', #1686, #1417 ) ;
#166 = EDGE_LOOP ( 'NONE', ( #1548, #1627, #1236, #1130 ) ) ;
#167 = APPLICATION_CONTEXT ( 'automotive_design' ) ;
#168 = CARTESIAN_POINT ( 'NONE',  ( -3.250000000000000000, 5.791000000000000369, -1.012999999999999901 ) ) ;
#169 = ORIENTED_EDGE ( 'NONE', *, *, #2163, .T. ) ;
#170 = UNCERTAINTY_MEASURE_WITH_UNIT (LENGTH_MEASURE( 1.000000000000000082E-05 ), #1624, 'distance_accuracy_value', 'NONE');
#171 = DIRECTION ( 'NONE',  ( 1.000000000000000000, 1.445602896647340100E-15, 0.000000000000000000 ) ) ;
#172 = DIRECTION ( 'NONE',  ( 0.000000000000000000, 0.000000000000000000, -1.000000000000000000 ) ) ;
#173 = VECTOR ( 'NONE', #1196, 1000.000000000000000 ) ;
#174 = FACE_OUTER_BOUND ( 'NONE', #974, .T. ) ;
#175 = ORIENTED_EDGE ( 'NONE', *, *, #517, .T. ) ;
#176 = UNCERTAINTY_MEASURE_WITH_UNIT (LENGTH_MEASURE( 1.000000000000000082E-05 ), #1438, 'distance_accuracy_value', 'NONE');
#177 = ORIENTED_EDGE ( 'NONE', *, *, #278, .T. ) ;
#178 = LINE ( 'NONE', #352, #314 ) ;
#179 = CARTESIAN_POINT ( 'NONE',  ( -2.870000000000000107, -6.900830446025690179, -0.1164654494106946020 ) ) ;
#180 = MECHANICAL_DESIGN_GEOMETRIC_PRESENTATION_REPRESENTATION (  '', ( #113 ), #147 ) ;
#181 = EDGE_CURVE ( 'NONE', #796, #548, #1269, .T. ) ;
#182 = CARTESIAN_POINT ( 'NONE',  ( 1.270000000000000018, 1.574999999999999956, 2.158999999999999808 ) ) ;
#183 = VECTOR ( 'NONE', #409, 1000.000000000000000 ) ;
#184 = DIRECTION ( 'NONE',  ( 8.537024980200829953E-17, 1.000000000000000000, 0.000000000000000000 ) ) ;
#185 = EDGE_CURVE ( 'NONE', #1691, #1892, #1541, .T. ) ;
#186 = ORIENTED_EDGE ( 'NONE', *, *, #1699, .T. ) ;
#187 = ORIENTED_EDGE ( 'NONE', *, *, #1864, .F. ) ;
#188 = SURFACE_STYLE_FILL_AREA ( #20 ) ;
#189 = DIRECTION ( 'NONE',  ( 1.000000000000000000, 0.000000000000000000, 0.000000000000000000 ) ) ;
#190 = PRESENTATION_STYLE_ASSIGNMENT (( #1303 ) ) ;
#191 = CARTESIAN_POINT ( 'NONE',  ( -3.187500000000000000, -7.348777171530960217, -0.02595174266355824641 ) ) ;
#192 = EDGE_CURVE ( 'NONE', #600, #1162, #217, .T. ) ;
#193 = ADVANCED_BREP_SHAPE_REPRESENTATION ( 'MC7915BD2TR4G', ( #355, #1999 ), #1896 ) ;
#194 = EDGE_LOOP ( 'NONE', ( #1040, #2139, #721, #1251 ) ) ;
#195 = DIRECTION ( 'NONE',  ( 0.000000000000000000, -1.000000000000000000, 6.317305850200880524E-16 ) ) ;
#196 = DIRECTION ( 'NONE',  ( 1.000000000000000000, 0.000000000000000000, 0.000000000000000000 ) ) ;
#197 =( GEOMETRIC_REPRESENTATION_CONTEXT ( 3 ) GLOBAL_UNCERTAINTY_ASSIGNED_CONTEXT ( ( #176 ) ) GLOBAL_UNIT_ASSIGNED_CONTEXT ( ( #1438, #2142, #1129 ) ) REPRESENTATION_CONTEXT ( 'NONE', 'WORKASPACE' ) );
#198 = CARTESIAN_POINT ( 'NONE',  ( -2.870000000000000107, -7.886255170611041088, -1.459000000000000075 ) ) ;
#199 = VECTOR ( 'NONE', #212, 1000.000000000000000 ) ;
#200 = DIRECTION ( 'NONE',  ( 0.000000000000000000, 0.000000000000000000, -1.000000000000000000 ) ) ;
#201 = ORIENTED_EDGE ( 'NONE', *, *, #1144, .F. ) ;
#202 = EDGE_CURVE ( 'NONE', #1295, #268, #1961, .T. ) ;
#203 = PLANE ( 'NONE',  #1325 ) ;
#204 = ORIENTED_EDGE ( 'NONE', *, *, #392, .T. ) ;
#205 = DIRECTION ( 'NONE',  ( 6.372612743067400065E-17, -0.1980606274554405355, -0.9801897713463231243 ) ) ;
#206 = DIRECTION ( 'NONE',  ( 0.000000000000000000, 0.000000000000000000, -1.000000000000000000 ) ) ;
#207 = AXIS2_PLACEMENT_3D ( 'NONE', #263, #1783, #574 ) ;
#208 = VECTOR ( 'NONE', #1883, 1000.000000000000000 ) ;
#209 = PLANE ( 'NONE',  #135 ) ;
#210 = VECTOR ( 'NONE', #220, 1000.000000000000000 ) ;
#211 = DIRECTION ( 'NONE',  ( 1.000000000000000000, -3.217506086362929885E-16, 0.000000000000000000 ) ) ;
#212 = DIRECTION ( 'NONE',  ( 0.4130676549920510032, 0.9107003417147530033, 2.993512893890980167E-16 ) ) ;
#213 = CARTESIAN_POINT ( 'NONE',  ( -2.870000000000000107, -6.665584900902570276, -0.1640000000000000069 ) ) ;
#214 = ORIENTED_EDGE ( 'NONE', *, *, #1055, .T. ) ;
#215 = PRESENTATION_STYLE_ASSIGNMENT (( #1873 ) ) ;
#216 = VERTEX_POINT ( 'NONE', #1529 ) ;
#217 = LINE ( 'NONE', #2066, #636 ) ;
#218 = EDGE_CURVE ( 'NONE', #1445, #1245, #1192, .T. ) ;
#219 = ORIENTED_EDGE ( 'NONE', *, *, #1457, .T. ) ;
#220 = DIRECTION ( 'NONE',  ( 0.000000000000000000, 0.000000000000000000, -1.000000000000000000 ) ) ;
#221 = CYLINDRICAL_SURFACE ( 'NONE', #2170, 0.2429999999999999383 ) ;
#222 = CARTESIAN_POINT ( 'NONE',  ( 3.250000000000000000, 5.791000000000000369, -2.156000000000000139 ) ) ;
#223 = ORIENTED_EDGE ( 'NONE', *, *, #1055, .F. ) ;
#224 = CARTESIAN_POINT ( 'NONE',  ( 2.209999999999999964, -8.916000000000000369, -2.158999999999999808 ) ) ;
#225 = CARTESIAN_POINT ( 'NONE',  ( 2.870000000000000107, -6.665584900902570276, -0.1640000000000000069 ) ) ;
#226 = CARTESIAN_POINT ( 'NONE',  ( 3.187500000000000000, -2.302985817852400217E-17, 0.07600000000000151079 ) ) ;
#227 = CARTESIAN_POINT ( 'NONE',  ( 0.6474999999999999645, -4.493041170375384752, 0.3944606185525975084 ) ) ;
#228 = EDGE_CURVE ( 'NONE', #1777, #601, #2111, .T. ) ;
#229 = EDGE_CURVE ( 'NONE', #802, #53, #316, .T. ) ;
#230 = VERTEX_POINT ( 'NONE', #2123 ) ;
#231 = DIRECTION ( 'NONE',  ( 0.000000000000000000, 0.000000000000000000, -1.000000000000000000 ) ) ;
#232 = DIRECTION ( 'NONE',  ( -0.06592069369232508858, -0.1757885165128659777, 0.9822183360156379051 ) ) ;
#233 = VECTOR ( 'NONE', #701, 1000.000000000000114 ) ;
#234 = EDGE_CURVE ( 'NONE', #485, #1613, #1552, .T. ) ;
#235 = DIRECTION ( 'NONE',  ( 0.000000000000000000, -1.000000000000000000, -3.287044878290605345E-16 ) ) ;
#236 = LINE ( 'NONE', #1735, #542 ) ;
#237 = PRESENTATION_LAYER_ASSIGNMENT (  '', '', ( #1167 ) ) ;
#238 = VERTEX_POINT ( 'NONE', #1716 ) ;
#239 = DIRECTION ( 'NONE',  ( 0.9130569412034917898, 0.4078321004042267939, 0.000000000000000000 ) ) ;
#240 = EDGE_LOOP ( 'NONE', ( #55, #291, #351, #1822 ) ) ;
#241 = DIRECTION ( 'NONE',  ( 0.000000000000000000, 0.9801897713463231243, -0.1980606274554405355 ) ) ;
#242 = EDGE_LOOP ( 'NONE', ( #543, #1765, #1115, #1081 ) ) ;
#243 = CARTESIAN_POINT ( 'NONE',  ( 2.870000000000000107, -7.348777171530960217, -0.02595174266355824641 ) ) ;
#244 = CARTESIAN_POINT ( 'NONE',  ( 3.250000000000000000, 5.791000000000000369, -1.012999999999999901 ) ) ;
#245 = CIRCLE ( 'NONE', #1574, 0.2400000000000000189 ) ;
#246 = CARTESIAN_POINT ( 'NONE',  ( -3.187500000000000000, -7.055461057877869813, 1.425651526837836247 ) ) ;
#247 = VECTOR ( 'NONE', #533, 1000.000000000000000 ) ;
#248 = CARTESIAN_POINT ( 'NONE',  ( 2.209999999999999964, 0.000000000000000000, -2.158999999999999808 ) ) ;
#249 = SURFACE_STYLE_FILL_AREA ( #1736 ) ;
#250 = VECTOR ( 'NONE', #1456, 1000.000000000000000 ) ;
#251 = AXIS2_PLACEMENT_3D ( 'NONE', #819, #605, #1267 ) ;
#252 = CIRCLE ( 'NONE', #37, 0.2430000000000001603 ) ;
#253 = VERTEX_POINT ( 'NONE', #553 ) ;
#254 = DIRECTION ( 'NONE',  ( -1.000000000000000000, 0.000000000000000000, 0.000000000000000000 ) ) ;
#255 = EDGE_LOOP ( 'NONE', ( #1307, #865, #1473, #609, #1711, #1093, #1003, #1, #311, #1320 ) ) ;
#256 = DIRECTION ( 'NONE',  ( 0.000000000000000000, 0.000000000000000000, -1.000000000000000000 ) ) ;
#257 = STYLED_ITEM ( 'NONE', ( #190 ), #70 ) ;
#258 = EDGE_LOOP ( 'NONE', ( #395, #1558, #604, #1109, #1179, #638, #2091, #1997, #568, #12 ) ) ;
#259 = SURFACE_STYLE_FILL_AREA ( #1554 ) ;
#260 = CARTESIAN_POINT ( 'NONE',  ( -2.870000000000000107, 9.234242467861599141E-16, -2.996999999999999886 ) ) ;
#261 = DIRECTION ( 'NONE',  ( -0.4078321004042268494, 0.9130569412034917898, 0.000000000000000000 ) ) ;
#262 = EDGE_LOOP ( 'NONE', ( #1394, #499, #1067, #1207, #1815 ) ) ;
#263 = CARTESIAN_POINT ( 'NONE',  ( -6.000000000000000000, 4.347513581180025177, 0.3597942274080029867 ) ) ;
#264 = EDGE_CURVE ( 'NONE', #1691, #608, #1705, .T. ) ;
#265 = CARTESIAN_POINT ( 'NONE',  ( -6.000000000000000000, -4.120999999999999552, -2.158999999999999808 ) ) ;
#266 = EDGE_LOOP ( 'NONE', ( #1741, #2165, #2174, #102 ) ) ;
#267 = CARTESIAN_POINT ( 'NONE',  ( 3.187500000000000000, -7.055461057877869813, 1.425651526837836247 ) ) ;
#268 = VERTEX_POINT ( 'NONE', #379 ) ;
#269 = ORIENTED_EDGE ( 'NONE', *, *, #820, .T. ) ;
#270 = DIRECTION ( 'NONE',  ( -0.9130569412034917898, 0.4078321004042267939, 0.000000000000000000 ) ) ;
#271 = FACE_OUTER_BOUND ( 'NONE', #920, .T. ) ;
#272 = EDGE_CURVE ( 'NONE', #548, #936, #1042, .T. ) ;
#273 = ORIENTED_EDGE ( 'NONE', *, *, #1900, .F. ) ;
#274 = CARTESIAN_POINT ( 'NONE',  ( -2.209999999999999964, -7.648069056173880220, -1.507128732471675114 ) ) ;
#275 = EDGE_CURVE ( 'NONE', #1355, #475, #1384, .T. ) ;
#276 = ORIENTED_EDGE ( 'NONE', *, *, #1421, .F. ) ;
#277 = PLANE ( 'NONE',  #1176 ) ;
#278 = EDGE_CURVE ( 'NONE', #538, #958, #1743, .T. ) ;
#279 = ORIENTED_EDGE ( 'NONE', *, *, #458, .F. ) ;
#280 = DIRECTION ( 'NONE',  ( 0.000000000000000000, -1.000000000000000000, 0.000000000000000000 ) ) ;
#281 = EDGE_LOOP ( 'NONE', ( #214, #204 ) ) ;
#282 = DIRECTION ( 'NONE',  ( 1.000000000000000000, 0.000000000000000000, 0.000000000000000000 ) ) ;
#283 = VECTOR ( 'NONE', #864, 1000.000000000000000 ) ;
#284 = VERTEX_POINT ( 'NONE', #433 ) ;
#285 = DIRECTION ( 'NONE',  ( 0.000000000000000000, -0.9843594502493095977, -0.1761717136911514214 ) ) ;
#286 = ORIENTED_EDGE ( 'NONE', *, *, #1620, .T. ) ;
#287 = CARTESIAN_POINT ( 'NONE',  ( 0.000000000000000000, 0.000000000000000000, -2.158999999999999808 ) ) ;
#288 = EDGE_CURVE ( 'NONE', #2112, #120, #1461, .T. ) ;
#289 = DIRECTION ( 'NONE',  ( 1.000000000000000000, 0.000000000000000000, 0.000000000000000000 ) ) ;
#290 = LINE ( 'NONE', #954, #1023 ) ;
#291 = ORIENTED_EDGE ( 'NONE', *, *, #333, .T. ) ;
#292 = LINE ( 'NONE', #956, #2113 ) ;
#293 = FACE_OUTER_BOUND ( 'NONE', #19, .T. ) ;
#294 = VERTEX_POINT ( 'NONE', #477 ) ;
#295 = CARTESIAN_POINT ( 'NONE',  ( -2.870000000000000107, -8.916000000000000369, -2.158999999999999808 ) ) ;
#296 = ORIENTED_EDGE ( 'NONE', *, *, #825, .F. ) ;
#297 = ADVANCED_FACE ( 'NONE', ( #957 ), #1659, .F. ) ;
#298 = PLANE ( 'NONE',  #639 ) ;
#299 = EDGE_CURVE ( 'NONE', #907, #2086, #468, .T. ) ;
#300 = ADVANCED_FACE ( 'NONE', ( #1121 ), #1330, .F. ) ;
#301 = FILL_AREA_STYLE_COLOUR ( '', #1117 ) ;
#302 = DIRECTION ( 'NONE',  ( 8.537024980200829953E-17, 1.000000000000000000, 0.000000000000000000 ) ) ;
#303 = EDGE_CURVE ( 'NONE', #634, #828, #159, .T. ) ;
#304 = ORIENTED_EDGE ( 'NONE', *, *, #461, .T. ) ;
#305 = CARTESIAN_POINT ( 'NONE',  ( 2.209999999999999964, -7.055461057877869813, 1.425651526837836247 ) ) ;
#306 = VECTOR ( 'NONE', #539, 1000.000000000000000 ) ;
#307 = ORIENTED_EDGE ( 'NONE', *, *, #1502, .T. ) ;
#308 = VERTEX_POINT ( 'NONE', #641 ) ;
#309 = SURFACE_SIDE_STYLE ('',( #1641 ) ) ;
#310 = ADVANCED_FACE ( 'NONE', ( #293 ), #809, .T. ) ;
#311 = ORIENTED_EDGE ( 'NONE', *, *, #2172, .F. ) ;
#312 = CARTESIAN_POINT ( 'NONE',  ( -2.209999999999999964, -6.665584900902570276, -0.1640000000000000069 ) ) ;
#313 = ORIENTED_EDGE ( 'NONE', *, *, #525, .T. ) ;
#314 = VECTOR ( 'NONE', #1549, 1000.000000000000000 ) ;
#315 =( NAMED_UNIT ( * ) SI_UNIT ( $, .STERADIAN. ) SOLID_ANGLE_UNIT ( ) );
#316 = CIRCLE ( 'NONE', #942, 0.2430000000000001603 ) ;
#317 = DIRECTION ( 'NONE',  ( -6.195440985631453345E-16, 1.000000000000000000, 0.000000000000000000 ) ) ;
#318 = VECTOR ( 'NONE', #975, 1000.000000000000000 ) ;
#319 = AXIS2_PLACEMENT_3D ( 'NONE', #139, #471, #2116 ) ;
#320 = CARTESIAN_POINT ( 'NONE',  ( -6.000000000000000000, -4.520999999999999908, 0.07599999999999999811 ) ) ;
#321 = ORIENTED_EDGE ( 'NONE', *, *, #1296, .F. ) ;
#322 = CARTESIAN_POINT ( 'NONE',  ( 4.750000000000000000, 5.120999999999999552, -1.012999999999999901 ) ) ;
#323 = UNCERTAINTY_MEASURE_WITH_UNIT (LENGTH_MEASURE( 1.000000000000000082E-05 ), #764, 'distance_accuracy_value', 'NONE');
#324 = VERTEX_POINT ( 'NONE', #2144 ) ;
#325 = LINE ( 'NONE', #1992, #518 ) ;
#326 = CARTESIAN_POINT ( 'NONE',  ( 3.187500000000000000, -7.886255170611041088, -1.459000000000000075 ) ) ;
#327 = LINE ( 'NONE', #653, #1587 ) ;
#328 = LINE ( 'NONE', #655, #494 ) ;
#329 = ORIENTED_EDGE ( 'NONE', *, *, #1696, .F. ) ;
#330 = EDGE_CURVE ( 'NONE', #2126, #1187, #1982, .T. ) ;
#331 = ORIENTED_EDGE ( 'NONE', *, *, #1183, .F. ) ;
#332 =( LENGTH_UNIT ( ) NAMED_UNIT ( * ) SI_UNIT ( .MILLI., .METRE. ) );
#333 = EDGE_CURVE ( 'NONE', #1361, #284, #1309, .T. ) ;
#334 = PRESENTATION_LAYER_ASSIGNMENT (  '', '', ( #441 ) ) ;
#335 = CARTESIAN_POINT ( 'NONE',  ( 4.750000000000000000, 4.444087248322144745, -1.012999999999999901 ) ) ;
#336 = EDGE_LOOP ( 'NONE', ( #1818, #615, #1724, #321 ) ) ;
#337 = ORIENTED_EDGE ( 'NONE', *, *, #1460, .F. ) ;
#338 = CARTESIAN_POINT ( 'NONE',  ( -1.892500000000000071, -4.520999999999999908, 0.07599999999999999811 ) ) ;
#339 = CARTESIAN_POINT ( 'NONE',  ( -2.209999999999999964, -6.607514332372599775, 1.335137820090702032 ) ) ;
#340 = AXIS2_PLACEMENT_3D ( 'NONE', #2148, #1123, #1133 ) ;
#341 = AXIS2_PLACEMENT_3D ( 'NONE', #213, #1377, #1547 ) ;
#342 =( NAMED_UNIT ( * ) SI_UNIT ( $, .STERADIAN. ) SOLID_ANGLE_UNIT ( ) );
#343 =( GEOMETRIC_REPRESENTATION_CONTEXT ( 3 ) GLOBAL_UNCERTAINTY_ASSIGNED_CONTEXT ( ( #1669 ) ) GLOBAL_UNIT_ASSIGNED_CONTEXT ( ( #61, #50, #398 ) ) REPRESENTATION_CONTEXT ( 'NONE', 'WORKASPACE' ) );
#344 = AXIS2_PLACEMENT_3D ( 'NONE', #267, #241, #1921 ) ;
#345 = VECTOR ( 'NONE', #1018, 1000.000000000000000 ) ;
#346 = LINE ( 'NONE', #320, #1835 ) ;
#347 = EDGE_CURVE ( 'NONE', #1132, #2039, #1474, .T. ) ;
#348 = CARTESIAN_POINT ( 'NONE',  ( 2.540000000000000036, 4.520999999999999908, -2.158999999999999808 ) ) ;
#349 =( NAMED_UNIT ( * ) SI_UNIT ( $, .STERADIAN. ) SOLID_ANGLE_UNIT ( ) );
#350 = STYLED_ITEM ( 'NONE', ( #1335 ), #80 ) ;
#351 = ORIENTED_EDGE ( 'NONE', *, *, #93, .F. ) ;
#352 = CARTESIAN_POINT ( 'NONE',  ( -3.187500000000000000, -5.965584900902570098, 2.158999999999999808 ) ) ;
#353 = DIRECTION ( 'NONE',  ( 0.000000000000000000, 0.000000000000000000, 1.000000000000000000 ) ) ;
#354 = ORIENTED_EDGE ( 'NONE', *, *, #914, .T. ) ;
#355 = MANIFOLD_SOLID_BREP ( 'NONE', #1012 ) ;
#356 = CYLINDRICAL_SURFACE ( 'NONE', #2082, 1.270000000000000018 ) ;
#357 = PLANE ( 'NONE',  #1177 ) ;
#358 = CARTESIAN_POINT ( 'NONE',  ( -3.187500000000000000, -7.886255170611041088, -1.459000000000000075 ) ) ;
#359 = EDGE_CURVE ( 'NONE', #238, #1382, #1721, .T. ) ;
#360 = CARTESIAN_POINT ( 'NONE',  ( 2.870000000000000107, -6.665584900902570276, 2.158999999999999808 ) ) ;
#361 = PRESENTATION_STYLE_ASSIGNMENT (( #1219 ) ) ;
#362 = DIRECTION ( 'NONE',  ( 1.000000000000000000, 0.000000000000000000, 0.000000000000000000 ) ) ;
#363 = ORIENTED_EDGE ( 'NONE', *, *, #852, .F. ) ;
#364 = LINE ( 'NONE', #1885, #1902 ) ;
#365 = CARTESIAN_POINT ( 'NONE',  ( 0.000000000000000000, 1.574999999999999956, 2.158999999999999808 ) ) ;
#366 = CARTESIAN_POINT ( 'NONE',  ( -6.000000000000000000, -4.520999999999999908, 0.07599999999999999811 ) ) ;
#367 = ORIENTED_EDGE ( 'NONE', *, *, #1126, .T. ) ;
#368 = VECTOR ( 'NONE', #1170, 1000.000000000000000 ) ;
#369 = CARTESIAN_POINT ( 'NONE',  ( -2.209999999999999964, -8.916000000000000369, 0.000000000000000000 ) ) ;
#370 = AXIS2_PLACEMENT_3D ( 'NONE', #1880, #527, #558 ) ;
#371 = FACE_OUTER_BOUND ( 'NONE', #166, .T. ) ;
#372 = DIRECTION ( 'NONE',  ( 0.000000000000000000, 0.000000000000000000, -1.000000000000000000 ) ) ;
#373 = CARTESIAN_POINT ( 'NONE',  ( 0.000000000000000000, 1.574999999999999956, 2.059000000000000163 ) ) ;
#374 = PRESENTATION_STYLE_ASSIGNMENT (( #75 ) ) ;
#375 = EDGE_CURVE ( 'NONE', #1173, #1301, #1998, .T. ) ;
#376 = ORIENTED_EDGE ( 'NONE', *, *, #1022, .F. ) ;
#377 =( LENGTH_UNIT ( ) NAMED_UNIT ( * ) SI_UNIT ( .MILLI., .METRE. ) );
#378 = CARTESIAN_POINT ( 'NONE',  ( -3.187500000000000000, -7.648069056173880220, -1.507128732471670007 ) ) ;
#379 = CARTESIAN_POINT ( 'NONE',  ( 0.6474999999999999645, -4.480878288258935527, 0.5330000000000000293 ) ) ;
#380 = AXIS2_PLACEMENT_3D ( 'NONE', #1662, #171, #832 ) ;
#381 = ORIENTED_EDGE ( 'NONE', *, *, #45, .F. ) ;
#382 = CARTESIAN_POINT ( 'NONE',  ( 1.892500000000000071, -5.965584900902570098, 0.5330000000000000293 ) ) ;
#383 = VECTOR ( 'NONE', #2071, 1000.000000000000000 ) ;
#384 = AXIS2_PLACEMENT_3D ( 'NONE', #373, #1186, #362 ) ;
#385 = CARTESIAN_POINT ( 'NONE',  ( 2.870000000000000107, -1.177361273946217941E-15, -1.701999999999999957 ) ) ;
#386 =( GEOMETRIC_REPRESENTATION_CONTEXT ( 3 ) GLOBAL_UNCERTAINTY_ASSIGNED_CONTEXT ( ( #546 ) ) GLOBAL_UNIT_ASSIGNED_CONTEXT ( ( #921, #1274, #1423 ) ) REPRESENTATION_CONTEXT ( 'NONE', 'WORKASPACE' ) );
#387 = CARTESIAN_POINT ( 'NONE',  ( -3.187500000000000000, -6.900830446025690179, -0.1164654494106946020 ) ) ;
#388 = DIRECTION ( 'NONE',  ( 1.000000000000000000, 0.000000000000000000, 0.000000000000000000 ) ) ;
#389 = ORIENTED_EDGE ( 'NONE', *, *, #185, .F. ) ;
#390 = FACE_OUTER_BOUND ( 'NONE', #801, .T. ) ;
#391 = DIRECTION ( 'NONE',  ( 0.000000000000000000, -0.08745727838274552912, -0.9961682711559743941 ) ) ;
#392 = EDGE_CURVE ( 'NONE', #927, #2018, #1002, .T. ) ;
#393 = VERTEX_POINT ( 'NONE', #1021 ) ;
#394 = LINE ( 'NONE', #1787, #1869 ) ;
#395 = ORIENTED_EDGE ( 'NONE', *, *, #1784, .T. ) ;
#396 = DIRECTION ( 'NONE',  ( 0.000000000000000000, 0.000000000000000000, 1.000000000000000000 ) ) ;
#397 = PLANE ( 'NONE',  #370 ) ;
#398 =( NAMED_UNIT ( * ) SI_UNIT ( $, .STERADIAN. ) SOLID_ANGLE_UNIT ( ) );
#399 =( NAMED_UNIT ( * ) SI_UNIT ( $, .STERADIAN. ) SOLID_ANGLE_UNIT ( ) );
#400 = ORIENTED_EDGE ( 'NONE', *, *, #1699, .F. ) ;
#401 = CARTESIAN_POINT ( 'NONE',  ( -1.892500000000000071, -5.965584900902570098, 0.5330000000000000293 ) ) ;
#402 = LINE ( 'NONE', #387, #930 ) ;
#403 = VERTEX_POINT ( 'NONE', #1366 ) ;
#404 = LINE ( 'NONE', #1615, #629 ) ;
#405 = ORIENTED_EDGE ( 'NONE', *, *, #1539, .T. ) ;
#406 = CARTESIAN_POINT ( 'NONE',  ( -2.870000000000000107, -6.665584900902570276, 0.5330000000000000293 ) ) ;
#407 = DIRECTION ( 'NONE',  ( 0.000000000000000000, 0.000000000000000000, -1.000000000000000000 ) ) ;
#408 = CIRCLE ( 'NONE', #23, 0.6999999999999998446 ) ;
#409 = DIRECTION ( 'NONE',  ( 0.000000000000000000, 1.000000000000000000, 9.147955830346439964E-17 ) ) ;
#410 = ORIENTED_EDGE ( 'NONE', *, *, #2016, .T. ) ;
#411 =( NAMED_UNIT ( * ) SI_UNIT ( $, .STERADIAN. ) SOLID_ANGLE_UNIT ( ) );
#412 = ORIENTED_EDGE ( 'NONE', *, *, #330, .F. ) ;
#413 = CARTESIAN_POINT ( 'NONE',  ( 3.187500000000000000, -5.965584900902570098, 2.158999999999999808 ) ) ;
#414 = VECTOR ( 'NONE', #189, 1000.000000000000000 ) ;
#415 = ORIENTED_EDGE ( 'NONE', *, *, #897, .T. ) ;
#416 = PLANE ( 'NONE',  #631 ) ;
#417 = EDGE_CURVE ( 'NONE', #1338, #2136, #1172, .T. ) ;
#418 = PRESENTATION_LAYER_ASSIGNMENT (  '', '', ( #489 ) ) ;
#419 = DIRECTION ( 'NONE',  ( 0.000000000000000000, -0.9801897713463231243, 0.1980606274554405355 ) ) ;
#420 = COLOUR_RGB ( '',0.000000000000000000, 0.000000000000000000, 0.000000000000000000 ) ;
#421 = VECTOR ( 'NONE', #2137, 1000.000000000000000 ) ;
#422 = VECTOR ( 'NONE', #1543, 1000.000000000000000 ) ;
#423 = ORIENTED_EDGE ( 'NONE', *, *, #181, .T. ) ;
#424 = PLANE ( 'NONE',  #684 ) ;
#425 = VERTEX_POINT ( 'NONE', #481 ) ;
#426 = CARTESIAN_POINT ( 'NONE',  ( 4.751999999999999780, 4.370999999999999552, 0.07599999999999999811 ) ) ;
#427 = ORIENTED_EDGE ( 'NONE', *, *, #998, .T. ) ;
#428 = EDGE_CURVE ( 'NONE', #796, #650, #1723, .T. ) ;
#429 = ORIENTED_EDGE ( 'NONE', *, *, #1254, .F. ) ;
#430 = DIRECTION ( 'NONE',  ( 0.000000000000000000, -1.000000000000000000, 0.000000000000000000 ) ) ;
#431 = EDGE_CURVE ( 'NONE', #1132, #284, #2004, .T. ) ;
#432 = EDGE_LOOP ( 'NONE', ( #1333, #1227, #138, #2102 ) ) ;
#433 = CARTESIAN_POINT ( 'NONE',  ( 2.209999999999999964, -7.648069056173880220, -1.507128732471670007 ) ) ;
#434 = ORIENTED_EDGE ( 'NONE', *, *, #1069, .T. ) ;
#435 = CARTESIAN_POINT ( 'NONE',  ( -0.1306795964846339808, -1.505031459834109908, 0.07600000000000101119 ) ) ;
#436 = EDGE_CURVE ( 'NONE', #919, #831, #643, .T. ) ;
#437 = VERTEX_POINT ( 'NONE', #1703 ) ;
#438 = SURFACE_SIDE_STYLE ('',( #1809 ) ) ;
#439 = EDGE_LOOP ( 'NONE', ( #146, #1293, #970, #1422, #1872, #26, #768, #874, #861, #57 ) ) ;
#440 = CARTESIAN_POINT ( 'NONE',  ( 3.187500000000000000, -1.075205455704194044E-15, -1.701999999999999957 ) ) ;
#441 = STYLED_ITEM ( 'NONE', ( #773 ), #2010 ) ;
#442 = ORIENTED_EDGE ( 'NONE', *, *, #1502, .F. ) ;
#443 = EDGE_CURVE ( 'NONE', #634, #2008, #1016, .T. ) ;
#444 = ORIENTED_EDGE ( 'NONE', *, *, #1224, .F. ) ;
#445 = LINE ( 'NONE', #128, #1127 ) ;
#446 = CARTESIAN_POINT ( 'NONE',  ( -2.209999999999999964, -6.900830446025690179, -0.1164654494106946020 ) ) ;
#447 = CARTESIAN_POINT ( 'NONE',  ( -2.870000000000000107, -8.916000000000000369, -1.701999999999999957 ) ) ;
#448 = AXIS2_PLACEMENT_3D ( 'NONE', #1380, #549, #1907 ) ;
#449 = PRESENTATION_LAYER_ASSIGNMENT (  '', '', ( #1685 ) ) ;
#450 = EDGE_LOOP ( 'NONE', ( #587, #169, #412, #219, #1492 ) ) ;
#451 = DIRECTION ( 'NONE',  ( 0.06681381911486013181, 0.06681381911485972935, -0.9955259048114084575 ) ) ;
#452 =( GEOMETRIC_REPRESENTATION_CONTEXT ( 3 ) GLOBAL_UNCERTAINTY_ASSIGNED_CONTEXT ( ( #990 ) ) GLOBAL_UNIT_ASSIGNED_CONTEXT ( ( #1437, #1966, #1446 ) ) REPRESENTATION_CONTEXT ( 'NONE', 'WORKASPACE' ) );
#453 = COLOUR_RGB ( '',0.000000000000000000, 0.000000000000000000, 0.000000000000000000 ) ;
#454 = CARTESIAN_POINT ( 'NONE',  ( -4.902000000000000135, -6.000000000000000000, -2.158999999999999808 ) ) ;
#455 = VERTEX_POINT ( 'NONE', #651 ) ;
#456 = EDGE_CURVE ( 'NONE', #1983, #1445, #2162, .T. ) ;
#457 = FILL_AREA_STYLE_COLOUR ( '', #1656 ) ;
#458 = EDGE_CURVE ( 'NONE', #132, #1962, #1080, .T. ) ;
#459 = ADVANCED_FACE ( 'NONE', ( #1334 ), #1321, .F. ) ;
#460 = VERTEX_POINT ( 'NONE', #1480 ) ;
#461 = EDGE_CURVE ( 'NONE', #1691, #634, #1360, .T. ) ;
#462 = DIRECTION ( 'NONE',  ( 0.000000000000000000, -1.000000000000000000, -3.287044878290605345E-16 ) ) ;
#463 = AXIS2_PLACEMENT_3D ( 'NONE', #44, #1612, #2054 ) ;
#464 = LINE ( 'NONE', #1128, #1469 ) ;
#465 = SURFACE_STYLE_USAGE ( .BOTH. , #932 ) ;
#466 = VERTEX_POINT ( 'NONE', #1527 ) ;
#467 = CARTESIAN_POINT ( 'NONE',  ( -1.892500000000000071, -4.480878288258935527, 0.5330000000000000293 ) ) ;
#468 = LINE ( 'NONE', #1319, #1867 ) ;
#469 = EDGE_LOOP ( 'NONE', ( #1728, #442, #1969, #1985 ) ) ;
#470 = VERTEX_POINT ( 'NONE', #2041 ) ;
#471 = DIRECTION ( 'NONE',  ( 0.000000000000000000, -1.000000000000000000, 0.000000000000000000 ) ) ;
#472 = FILL_AREA_STYLE_COLOUR ( '', #853 ) ;
#473 = ADVANCED_FACE ( 'NONE', ( #1887 ), #1190, .T. ) ;
#474 = VECTOR ( 'NONE', #2021, 1000.000000000000000 ) ;
#475 = VERTEX_POINT ( 'NONE', #30 ) ;
#476 =( NAMED_UNIT ( * ) SI_UNIT ( $, .STERADIAN. ) SOLID_ANGLE_UNIT ( ) );
#477 = CARTESIAN_POINT ( 'NONE',  ( 2.209999999999999964, -7.886255170611041088, -2.158999999999999808 ) ) ;
#478 = VECTOR ( 'NONE', #372, 1000.000000000000000 ) ;
#479 = ORIENTED_EDGE ( 'NONE', *, *, #1524, .T. ) ;
#480 = FACE_OUTER_BOUND ( 'NONE', #2001, .T. ) ;
#481 = CARTESIAN_POINT ( 'NONE',  ( 4.602000000000000313, 3.620999999999999996, 2.158999999999999808 ) ) ;
#482 = DIRECTION ( 'NONE',  ( 1.000000000000000000, 0.000000000000000000, 0.000000000000000000 ) ) ;
#483 = CIRCLE ( 'NONE', #690, 1.270000000000000018 ) ;
#484 = CARTESIAN_POINT ( 'NONE',  ( 2.209999999999999964, -8.916000000000000369, -1.701999999999999957 ) ) ;
#485 = VERTEX_POINT ( 'NONE', #693 ) ;
#486 = LINE ( 'NONE', #1838, #738 ) ;
#487 = SURFACE_SIDE_STYLE ('',( #1824 ) ) ;
#488 = EDGE_LOOP ( 'NONE', ( #410, #1593, #1488, #307 ) ) ;
#489 = STYLED_ITEM ( 'NONE', ( #1917 ), #980 ) ;
#490 = CARTESIAN_POINT ( 'NONE',  ( 2.209999999999999964, -6.665584900902570276, -0.1640000000000000069 ) ) ;
#491 = AXIS2_PLACEMENT_3D ( 'NONE', #1294, #1636, #134 ) ;
#492 = DIRECTION ( 'NONE',  ( 0.000000000000000000, -1.000000000000000000, -3.030244497174150146E-16 ) ) ;
#493 = FILL_AREA_STYLE ('',( #1349 ) ) ;
#494 = VECTOR ( 'NONE', #1695, 1000.000000000000000 ) ;
#495 = DIRECTION ( 'NONE',  ( -1.000000000000000000, 0.000000000000000000, 0.000000000000000000 ) ) ;
#496 = ADVANCED_FACE ( 'NONE', ( #1981 ), #133, .F. ) ;
#497 = ADVANCED_FACE ( 'NONE', ( #2122 ), #1823, .T. ) ;
#498 = DIRECTION ( 'NONE',  ( 0.4130676549920510032, 0.9107003417147530033, 2.759644699055750115E-16 ) ) ;
#499 = ORIENTED_EDGE ( 'NONE', *, *, #264, .F. ) ;
#500 = ORIENTED_EDGE ( 'NONE', *, *, #1262, .F. ) ;
#501 = EDGE_CURVE ( 'NONE', #601, #1847, #486, .T. ) ;
#502 = DIRECTION ( 'NONE',  ( -1.000000000000000000, 0.000000000000000000, 0.000000000000000000 ) ) ;
#503 = CARTESIAN_POINT ( 'NONE',  ( 2.540000000000000036, 0.000000000000000000, -2.158999999999999808 ) ) ;
#504 = ORIENTED_EDGE ( 'NONE', *, *, #994, .F. ) ;
#505 = ORIENTED_EDGE ( 'NONE', *, *, #431, .T. ) ;
#506 = CARTESIAN_POINT ( 'NONE',  ( -6.000000000000000000, -4.480878288258935527, 0.5330000000000000293 ) ) ;
#507 = DIRECTION ( 'NONE',  ( 1.000000000000000000, 0.000000000000000000, 0.000000000000000000 ) ) ;
#508 = VECTOR ( 'NONE', #232, 1000.000000000000114 ) ;
#509 = CARTESIAN_POINT ( 'NONE',  ( 2.209999999999999964, -7.886255170611041088, -1.459000000000000075 ) ) ;
#510 = EDGE_CURVE ( 'NONE', #945, #1588, #1813, .T. ) ;
#511 =( LENGTH_UNIT ( ) NAMED_UNIT ( * ) SI_UNIT ( .MILLI., .METRE. ) );
#512 = CARTESIAN_POINT ( 'NONE',  ( 2.209999999999999964, -6.665584900902570276, -0.1640000000000000069 ) ) ;
#513 = LINE ( 'NONE', #1171, #649 ) ;
#514 = ORIENTED_EDGE ( 'NONE', *, *, #2163, .F. ) ;
#515 = DIRECTION ( 'NONE',  ( 0.000000000000000000, 6.317305850200880524E-16, 1.000000000000000000 ) ) ;
#516 = CARTESIAN_POINT ( 'NONE',  ( 3.187500000000000000, -1.751994920128895186E-16, 0.5330000000000000293 ) ) ;
#517 = EDGE_CURVE ( 'NONE', #485, #2011, #112, .T. ) ;
#518 = VECTOR ( 'NONE', #985, 1000.000000000000000 ) ;
#519 = MECHANICAL_DESIGN_GEOMETRIC_PRESENTATION_REPRESENTATION (  '', ( #2149 ), #1763 ) ;
#520 = EDGE_CURVE ( 'NONE', #470, #831, #808, .T. ) ;
#521 = AXIS2_PLACEMENT_3D ( 'NONE', #1483, #1169, #836 ) ;
#522 = EDGE_CURVE ( 'NONE', #735, #1245, #292, .T. ) ;
#523 = VECTOR ( 'NONE', #1110, 1000.000000000000000 ) ;
#524 = AXIS2_PLACEMENT_3D ( 'NONE', #1044, #556, #396 ) ;
#525 = EDGE_CURVE ( 'NONE', #548, #1137, #786, .T. ) ;
#526 = DIRECTION ( 'NONE',  ( 1.000000000000000000, 0.000000000000000000, 0.000000000000000000 ) ) ;
#527 = DIRECTION ( 'NONE',  ( 0.000000000000000000, -0.9801897713463231243, 0.1980606274554410351 ) ) ;
#528 = CARTESIAN_POINT ( 'NONE',  ( 4.902000000000000135, -4.120999999999999552, -2.158999999999999808 ) ) ;
#529 = EDGE_CURVE ( 'NONE', #608, #601, #2133, .T. ) ;
#530 = ORIENTED_EDGE ( 'NONE', *, *, #1283, .F. ) ;
#531 = CARTESIAN_POINT ( 'NONE',  ( -0.6474999999999999645, 0.000000000000000000, 0.000000000000000000 ) ) ;
#532 = MECHANICAL_DESIGN_GEOMETRIC_PRESENTATION_REPRESENTATION (  '', ( #1089 ), #1842 ) ;
#533 = DIRECTION ( 'NONE',  ( 0.000000000000000000, 1.000000000000000000, 0.000000000000000000 ) ) ;
#534 = CARTESIAN_POINT ( 'NONE',  ( 1.270000000000000018, 1.574999999999999956, 2.059000000000000163 ) ) ;
#535 = ADVANCED_FACE ( 'NONE', ( #1635 ), #797, .F. ) ;
#536 = PLANE ( 'NONE',  #101 ) ;
#537 = LINE ( 'NONE', #222, #1420 ) ;
#538 = VERTEX_POINT ( 'NONE', #467 ) ;
#539 = DIRECTION ( 'NONE',  ( 1.000000000000000000, 0.000000000000000000, 0.000000000000000000 ) ) ;
#540 = ORIENTED_EDGE ( 'NONE', *, *, #1862, .F. ) ;
#541 = DIRECTION ( 'NONE',  ( 0.000000000000000000, 0.08745727838274552912, 0.9961682711559743941 ) ) ;
#542 = VECTOR ( 'NONE', #1365, 1000.000000000000000 ) ;
#543 = ORIENTED_EDGE ( 'NONE', *, *, #510, .T. ) ;
#544 = CYLINDRICAL_SURFACE ( 'NONE', #524, 0.6970000000000000639 ) ;
#545 = DIRECTION ( 'NONE',  ( -1.000000000000000000, 0.000000000000000000, 0.000000000000000000 ) ) ;
#546 = UNCERTAINTY_MEASURE_WITH_UNIT (LENGTH_MEASURE( 1.000000000000000082E-05 ), #921, 'distance_accuracy_value', 'NONE');
#547 = FACE_OUTER_BOUND ( 'NONE', #838, .T. ) ;
#548 = VERTEX_POINT ( 'NONE', #1594 ) ;
#549 = DIRECTION ( 'NONE',  ( 0.000000000000000000, -3.287044878290605345E-16, 1.000000000000000000 ) ) ;
#550 = DIRECTION ( 'NONE',  ( 1.000000000000000000, 0.000000000000000000, 0.000000000000000000 ) ) ;
#551 = PRODUCT_DEFINITION_FORMATION_WITH_SPECIFIED_SOURCE ( 'ANY', '', #1390, .NOT_KNOWN. ) ;
#552 = ORIENTED_EDGE ( 'NONE', *, *, #299, .T. ) ;
#553 = CARTESIAN_POINT ( 'NONE',  ( -0.6474999999999999645, -4.520999999999999908, 0.07599999999999999811 ) ) ;
#554 = AXIS2_PLACEMENT_3D ( 'NONE', #40, #1508, #1188 ) ;
#555 = ORIENTED_EDGE ( 'NONE', *, *, #436, .T. ) ;
#556 = DIRECTION ( 'NONE',  ( -1.000000000000000000, 0.000000000000000000, 0.000000000000000000 ) ) ;
#557 = MECHANICAL_DESIGN_GEOMETRIC_PRESENTATION_REPRESENTATION (  '', ( #1975 ), #452 ) ;
#558 = DIRECTION ( 'NONE',  ( -1.000000000000000000, 0.000000000000000000, 0.000000000000000000 ) ) ;
#559 = CARTESIAN_POINT ( 'NONE',  ( 1.892500000000000071, -4.480878288258935527, 0.5330000000000000293 ) ) ;
#560 = EDGE_CURVE ( 'NONE', #324, #950, #2114, .T. ) ;
#561 = CARTESIAN_POINT ( 'NONE',  ( 3.187500000000000000, -6.665584900902570276, 0.07599999999999999811 ) ) ;
#562 = CARTESIAN_POINT ( 'NONE',  ( -2.209999999999999964, -6.665584900902570276, -0.1640000000000000069 ) ) ;
#563 = ORIENTED_EDGE ( 'NONE', *, *, #917, .F. ) ;
#564 = CARTESIAN_POINT ( 'NONE',  ( -3.320357677769325202E-15, 4.520999999999999908, -2.158999999999999808 ) ) ;
#565 = LINE ( 'NONE', #65, #1136 ) ;
#566 = EDGE_CURVE ( 'NONE', #796, #294, #766, .T. ) ;
#567 = PLANE ( 'NONE',  #344 ) ;
#568 = ORIENTED_EDGE ( 'NONE', *, *, #428, .T. ) ;
#569 = DIRECTION ( 'NONE',  ( 0.000000000000000000, 0.000000000000000000, -1.000000000000000000 ) ) ;
#570 = LINE ( 'NONE', #1413, #1453 ) ;
#571 = DIRECTION ( 'NONE',  ( 0.000000000000000000, 0.000000000000000000, 1.000000000000000000 ) ) ;
#572 =( LENGTH_UNIT ( ) NAMED_UNIT ( * ) SI_UNIT ( .MILLI., .METRE. ) );
#573 = EDGE_LOOP ( 'NONE', ( #530, #765, #2157, #415 ) ) ;
#574 = DIRECTION ( 'NONE',  ( 1.000000000000000000, 0.000000000000000000, 0.000000000000000000 ) ) ;
#575 = FACE_OUTER_BOUND ( 'NONE', #778, .T. ) ;
#576 = APPLICATION_CONTEXT ( 'automotive_design' ) ;
#577 = ORIENTED_EDGE ( 'NONE', *, *, #1340, .F. ) ;
#578 = CARTESIAN_POINT ( 'NONE',  ( 0.6474999999999999645, 0.000000000000000000, 0.000000000000000000 ) ) ;
#579 = EDGE_CURVE ( 'NONE', #1301, #1212, #66, .T. ) ;
#580 = VERTEX_POINT ( 'NONE', #891 ) ;
#581 = DIRECTION ( 'NONE',  ( 1.000000000000000000, 0.000000000000000000, 0.000000000000000000 ) ) ;
#582 = DIRECTION ( 'NONE',  ( 0.4130676549920493379, -0.9107003417147536695, -2.993512893890984605E-16 ) ) ;
#583 = DIRECTION ( 'NONE',  ( 0.000000000000000000, -0.1980606274554410073, -0.9801897713463230133 ) ) ;
#584 = DIRECTION ( 'NONE',  ( -1.000000000000000000, 0.000000000000000000, 0.000000000000000000 ) ) ;
#585 = ORIENTED_EDGE ( 'NONE', *, *, #1522, .T. ) ;
#586 = CARTESIAN_POINT ( 'NONE',  ( 4.647583293326929876, 4.250999999999999446, 1.526000000000000023 ) ) ;
#587 = ORIENTED_EDGE ( 'NONE', *, *, #234, .F. ) ;
#588 = FACE_OUTER_BOUND ( 'NONE', #194, .T. ) ;
#589 = ORIENTED_EDGE ( 'NONE', *, *, #2046, .F. ) ;
#590 = ADVANCED_FACE ( 'NONE', ( #731 ), #567, .F. ) ;
#591 = PRESENTATION_STYLE_ASSIGNMENT (( #1104 ) ) ;
#592 = DIRECTION ( 'NONE',  ( -1.000000000000000000, 0.000000000000000000, 0.000000000000000000 ) ) ;
#593 = VECTOR ( 'NONE', #1954, 1000.000000000000000 ) ;
#594 = PLANE ( 'NONE',  #2027 ) ;
#595 = CIRCLE ( 'NONE', #2151, 0.6969999999999997309 ) ;
#596 = VECTOR ( 'NONE', #1789, 1000.000000000000000 ) ;
#597 = ORIENTED_EDGE ( 'NONE', *, *, #680, .T. ) ;
#598 = DIRECTION ( 'NONE',  ( 3.217506086362929885E-16, -1.000000000000000000, 0.000000000000000000 ) ) ;
#599 = PRODUCT_RELATED_PRODUCT_CATEGORY ( 'part', '', ( #1390 ) ) ;
#600 = VERTEX_POINT ( 'NONE', #1912 ) ;
#601 = VERTEX_POINT ( 'NONE', #426 ) ;
#602 = DIRECTION ( 'NONE',  ( 0.000000000000000000, -1.000000000000000000, -1.355252715606880049E-16 ) ) ;
#603 = EDGE_CURVE ( 'NONE', #160, #608, #1092, .T. ) ;
#604 = ORIENTED_EDGE ( 'NONE', *, *, #654, .F. ) ;
#605 = DIRECTION ( 'NONE',  ( 1.000000000000000000, 0.000000000000000000, 0.000000000000000000 ) ) ;
#606 = ORIENTED_EDGE ( 'NONE', *, *, #1108, .T. ) ;
#607 = DIRECTION ( 'NONE',  ( -1.000000000000000000, 0.000000000000000000, 0.000000000000000000 ) ) ;
#608 = VERTEX_POINT ( 'NONE', #1931 ) ;
#609 = ORIENTED_EDGE ( 'NONE', *, *, #1114, .F. ) ;
#610 = CARTESIAN_POINT ( 'NONE',  ( 2.870000000000000107, -8.916000000000000369, -1.701999999999999957 ) ) ;
#611 = CIRCLE ( 'NONE', #1345, 0.7000000000000000666 ) ;
#612 = DIRECTION ( 'NONE',  ( -1.000000000000000000, 0.000000000000000000, 0.000000000000000000 ) ) ;
#613 = ADVANCED_FACE ( 'NONE', ( #2080 ), #1431, .F. ) ;
#614 = EDGE_CURVE ( 'NONE', #1261, #460, #1956, .T. ) ;
#615 = ORIENTED_EDGE ( 'NONE', *, *, #229, .T. ) ;
#616 = CARTESIAN_POINT ( 'NONE',  ( -6.000000000000000000, 4.370999999999999552, 0.07599999999999999811 ) ) ;
#617 = EDGE_CURVE ( 'NONE', #945, #1848, #404, .T. ) ;
#618 = FILL_AREA_STYLE_COLOUR ( '', #453 ) ;
#619 =( GEOMETRIC_REPRESENTATION_CONTEXT ( 3 ) GLOBAL_UNCERTAINTY_ASSIGNED_CONTEXT ( ( #1332 ) ) GLOBAL_UNIT_ASSIGNED_CONTEXT ( ( #572, #1231, #399 ) ) REPRESENTATION_CONTEXT ( 'NONE', 'WORKASPACE' ) );
#620 = ORIENTED_EDGE ( 'NONE', *, *, #1226, .T. ) ;
#621 = PLANE ( 'NONE',  #1249 ) ;
#622 = ORIENTED_EDGE ( 'NONE', *, *, #1350, .F. ) ;
#623 = CARTESIAN_POINT ( 'NONE',  ( 0.000000000000000000, 0.000000000000000000, 2.158999999999999808 ) ) ;
#624 = PLANE ( 'NONE',  #1774 ) ;
#625 = CARTESIAN_POINT ( 'NONE',  ( 4.751999999999999780, -6.000000000000000000, 0.07599999999999999811 ) ) ;
#626 = DIRECTION ( 'NONE',  ( 0.000000000000000000, 0.9961682711559743941, -0.08745727838274552912 ) ) ;
#627 = VECTOR ( 'NONE', #1525, 1000.000000000000000 ) ;
#628 = EDGE_LOOP ( 'NONE', ( #1100, #2115, #1941, #434 ) ) ;
#629 = VECTOR ( 'NONE', #904, 1000.000000000000114 ) ;
#630 = DIRECTION ( 'NONE',  ( 0.000000000000000000, 0.000000000000000000, -1.000000000000000000 ) ) ;
#631 = AXIS2_PLACEMENT_3D ( 'NONE', #623, #1948, #1286 ) ;
#632 = EDGE_LOOP ( 'NONE', ( #1786, #1884, #1857, #276 ) ) ;
#633 = PLANE ( 'NONE',  #905 ) ;
#634 = VERTEX_POINT ( 'NONE', #1101 ) ;
#635 = FILL_AREA_STYLE ('',( #472 ) ) ;
#636 = VECTOR ( 'NONE', #1372, 1000.000000000000000 ) ;
#637 = DIRECTION ( 'NONE',  ( -0.9977554290246456459, 0.000000000000000000, -0.06696345161239278254 ) ) ;
#638 = ORIENTED_EDGE ( 'NONE', *, *, #1561, .T. ) ;
#639 = AXIS2_PLACEMENT_3D ( 'NONE', #644, #1852, #1142 ) ;
#640 =( LENGTH_UNIT ( ) NAMED_UNIT ( * ) SI_UNIT ( .MILLI., .METRE. ) );
#641 = CARTESIAN_POINT ( 'NONE',  ( 2.540000000000000036, -0.5590000000000000524, -2.158999999999999808 ) ) ;
#642 = ORIENTED_EDGE ( 'NONE', *, *, #1421, .T. ) ;
#643 = LINE ( 'NONE', #824, #805 ) ;
#644 = CARTESIAN_POINT ( 'NONE',  ( -6.000000000000000000, 4.356477781265409632, 0.2923810591453299690 ) ) ;
#645 = ADVANCED_FACE ( 'NONE', ( #588 ), #1419, .F. ) ;
#646 = DIRECTION ( 'NONE',  ( 0.4130676549920493379, 0.9107003417147536695, 2.759644699055749622E-16 ) ) ;
#647 = ORIENTED_EDGE ( 'NONE', *, *, #720, .F. ) ;
#648 = DIRECTION ( 'NONE',  ( 0.000000000000000000, -0.1980606274554405355, -0.9801897713463231243 ) ) ;
#649 = VECTOR ( 'NONE', #1871, 1000.000000000000114 ) ;
#650 = VERTEX_POINT ( 'NONE', #1248 ) ;
#651 = CARTESIAN_POINT ( 'NONE',  ( 2.209999999999999964, -6.900830446025690179, -0.1164654494106946020 ) ) ;
#652 = EDGE_CURVE ( 'NONE', #608, #324, #394, .T. ) ;
#653 = CARTESIAN_POINT ( 'NONE',  ( 3.187500000000000000, -7.648069056173880220, -1.507128732471670007 ) ) ;
#654 = EDGE_CURVE ( 'NONE', #1355, #1622, #595, .T. ) ;
#655 = CARTESIAN_POINT ( 'NONE',  ( 3.250000000000000000, 5.791000000000000369, -1.012999999999999901 ) ) ;
#656 = VECTOR ( 'NONE', #502, 1000.000000000000000 ) ;
#657 = ADVANCED_FACE ( 'NONE', ( #2125 ), #277, .F. ) ;
#658 = ORIENTED_EDGE ( 'NONE', *, *, #1821, .F. ) ;
#659 = PRESENTATION_STYLE_ASSIGNMENT (( #2009 ) ) ;
#660 = VECTOR ( 'NONE', #103, 1000.000000000000000 ) ;
#661 = ORIENTED_EDGE ( 'NONE', *, *, #1222, .F. ) ;
#662 = UNCERTAINTY_MEASURE_WITH_UNIT (LENGTH_MEASURE( 1.000000000000000082E-05 ), #1451, 'distance_accuracy_value', 'NONE');
#663 = CIRCLE ( 'NONE', #1616, 1.270000000000000018 ) ;
#664 = DIRECTION ( 'NONE',  ( 0.000000000000000000, -9.147955830346439964E-17, 1.000000000000000000 ) ) ;
#665 = MECHANICAL_DESIGN_GEOMETRIC_PRESENTATION_REPRESENTATION (  '', ( #1654 ), #7 ) ;
#666 = CARTESIAN_POINT ( 'NONE',  ( 0.6474999999999999645, -6.520999999999999908, 0.5330000000000000293 ) ) ;
#667 = PRESENTATION_STYLE_ASSIGNMENT (( #2030 ) ) ;
#668 = AXIS2_PLACEMENT_3D ( 'NONE', #8, #495, #1878 ) ;
#669 = FACE_OUTER_BOUND ( 'NONE', #469, .T. ) ;
#670 = CARTESIAN_POINT ( 'NONE',  ( -0.6474999999999999645, -6.520999999999999908, 0.07599999999999999811 ) ) ;
#671 = CARTESIAN_POINT ( 'NONE',  ( -2.209999999999999964, 0.000000000000000000, -2.158999999999999808 ) ) ;
#672 = ORIENTED_EDGE ( 'NONE', *, *, #825, .T. ) ;
#673 = EDGE_CURVE ( 'NONE', #802, #2136, #1742, .T. ) ;
#674 = ORIENTED_EDGE ( 'NONE', *, *, #1565, .F. ) ;
#675 = FACE_OUTER_BOUND ( 'NONE', #1601, .T. ) ;
#676 = CARTESIAN_POINT ( 'NONE',  ( -2.209999999999999964, -6.665584900902570276, -2.996999999999999886 ) ) ;
#677 = LINE ( 'NONE', #1017, #1804 ) ;
#678 = DIRECTION ( 'NONE',  ( 0.000000000000000000, 0.000000000000000000, 1.000000000000000000 ) ) ;
#679 = EDGE_CURVE ( 'NONE', #1149, #1212, #1237, .T. ) ;
#680 = EDGE_CURVE ( 'NONE', #120, #1897, #968, .T. ) ;
#681 = ORIENTED_EDGE ( 'NONE', *, *, #1393, .F. ) ;
#682 = DIRECTION ( 'NONE',  ( 0.000000000000000000, 0.08745727838274552912, 0.9961682711559743941 ) ) ;
#683 = DIRECTION ( 'NONE',  ( 1.000000000000000000, 0.000000000000000000, 0.000000000000000000 ) ) ;
#684 = AXIS2_PLACEMENT_3D ( 'NONE', #1235, #1063, #1894 ) ;
#685 = CARTESIAN_POINT ( 'NONE',  ( -3.187500000000000000, -8.916000000000000369, -1.701999999999999957 ) ) ;
#686 = ADVANCED_FACE ( 'NONE', ( #1626 ), #621, .T. ) ;
#687 =( NAMED_UNIT ( * ) PLANE_ANGLE_UNIT ( ) SI_UNIT ( $, .RADIAN. ) );
#688 = CARTESIAN_POINT ( 'NONE',  ( -2.870000000000000107, -6.665584900902570276, -0.1640000000000000069 ) ) ;
#689 = CARTESIAN_POINT ( 'NONE',  ( -2.870000000000000107, -7.886255170611041088, -1.459000000000000075 ) ) ;
#690 = AXIS2_PLACEMENT_3D ( 'NONE', #365, #1348, #507 ) ;
#691 = ORIENTED_EDGE ( 'NONE', *, *, #1268, .T. ) ;
#692 =( NAMED_UNIT ( * ) PLANE_ANGLE_UNIT ( ) SI_UNIT ( $, .RADIAN. ) );
#693 = CARTESIAN_POINT ( 'NONE',  ( 4.750000000000000000, 4.520999999999999908, -2.156000000000000139 ) ) ;
#694 = EDGE_CURVE ( 'NONE', #1980, #2126, #1150, .T. ) ;
#695 = ORIENTED_EDGE ( 'NONE', *, *, #2060, .T. ) ;
#696 = PRESENTATION_LAYER_ASSIGNMENT (  '', '', ( #2149 ) ) ;
#697 = CARTESIAN_POINT ( 'NONE',  ( -4.751999999999999780, -6.000000000000000000, 0.07599999999999999811 ) ) ;
#698 = MECHANICAL_DESIGN_GEOMETRIC_PRESENTATION_REPRESENTATION (  '', ( #1147 ), #1467 ) ;
#699 = COLOUR_RGB ( '',0.000000000000000000, 0.000000000000000000, 0.000000000000000000 ) ;
#700 = CARTESIAN_POINT ( 'NONE',  ( 3.187500000000000000, -5.965584900902570098, 0.07599999999999999811 ) ) ;
#701 = DIRECTION ( 'NONE',  ( 0.4130676549920493379, -0.9107003417147536695, -2.759644699055749622E-16 ) ) ;
#702 = DIRECTION ( 'NONE',  ( 1.000000000000000000, 0.000000000000000000, 0.000000000000000000 ) ) ;
#703 = DIRECTION ( 'NONE',  ( 0.000000000000000000, -0.08745727838274552912, -0.9961682711559743941 ) ) ;
#704 = EDGE_LOOP ( 'NONE', ( #658, #1799, #928, #991, #1102, #1122, #2121, #2093 ) ) ;
#705 = CARTESIAN_POINT ( 'NONE',  ( 2.870000000000000107, -6.607514332372599775, 1.335137820090702032 ) ) ;
#706 = DIRECTION ( 'NONE',  ( 0.000000000000000000, 0.000000000000000000, 1.000000000000000000 ) ) ;
#707 = CARTESIAN_POINT ( 'NONE',  ( -1.892500000000000071, -2.302985817852400217E-17, 0.07600000000000151079 ) ) ;
#708 = ORIENTED_EDGE ( 'NONE', *, *, #1698, .T. ) ;
#709 = DIRECTION ( 'NONE',  ( 0.07155172703151187197, 0.08723311579415976569, 0.9936149827109345134 ) ) ;
#710 = ORIENTED_EDGE ( 'NONE', *, *, #359, .F. ) ;
#711 = LINE ( 'NONE', #1412, #1083 ) ;
#712 = DIRECTION ( 'NONE',  ( -1.000000000000000000, 6.195440985631460248E-16, 0.000000000000000000 ) ) ;
#713 = FILL_AREA_STYLE_COLOUR ( '', #1677 ) ;
#714 = ORIENTED_EDGE ( 'NONE', *, *, #1607, .F. ) ;
#715 = PLANE ( 'NONE',  #448 ) ;
#716 = DIRECTION ( 'NONE',  ( -0.4130676549920510032, 0.9107003417147530033, 0.000000000000000000 ) ) ;
#717 = ORIENTED_EDGE ( 'NONE', *, *, #873, .T. ) ;
#718 = CARTESIAN_POINT ( 'NONE',  ( 0.000000000000000000, -0.5590000000000000524, -2.158999999999999808 ) ) ;
#719 = ADVANCED_FACE ( 'NONE', ( #480 ), #137, .T. ) ;
#720 = EDGE_CURVE ( 'NONE', #455, #1261, #245, .T. ) ;
#721 = ORIENTED_EDGE ( 'NONE', *, *, #1144, .T. ) ;
#722 = DIRECTION ( 'NONE',  ( 0.000000000000000000, 1.000000000000000000, 0.000000000000000000 ) ) ;
#723 = DIRECTION ( 'NONE',  ( -3.217506086362929885E-16, 1.000000000000000000, 0.000000000000000000 ) ) ;
#724 = MECHANICAL_DESIGN_GEOMETRIC_PRESENTATION_REPRESENTATION (  '', ( #441 ), #197 ) ;
#725 = CARTESIAN_POINT ( 'NONE',  ( -1.892500000000000071, -4.493041170375384752, 0.3944606185525975084 ) ) ;
#726 = ADVANCED_FACE ( 'NONE', ( #1478 ), #813, .T. ) ;
#727 = EDGE_LOOP ( 'NONE', ( #381, #1771, #313, #965 ) ) ;
#728 = CARTESIAN_POINT ( 'NONE',  ( 0.000000000000000000, 1.574999999999999956, 2.059000000000000163 ) ) ;
#729 = DIRECTION ( 'NONE',  ( -1.000000000000000000, 0.000000000000000000, 0.000000000000000000 ) ) ;
#730 = ORIENTED_EDGE ( 'NONE', *, *, #847, .T. ) ;
#731 = FACE_OUTER_BOUND ( 'NONE', #240, .T. ) ;
#732 = FACE_OUTER_BOUND ( 'NONE', #1013, .T. ) ;
#733 = VECTOR ( 'NONE', #239, 1000.000000000000000 ) ;
#734 = MECHANICAL_DESIGN_GEOMETRIC_PRESENTATION_REPRESENTATION (  '', ( #1685 ), #1471 ) ;
#735 = VERTEX_POINT ( 'NONE', #295 ) ;
#736 = PRESENTATION_STYLE_ASSIGNMENT (( #1082 ) ) ;
#737 = AXIS2_PLACEMENT_3D ( 'NONE', #1118, #637, #1780 ) ;
#738 = VECTOR ( 'NONE', #451, 1000.000000000000000 ) ;
#739 = DIRECTION ( 'NONE',  ( 0.000000000000000000, 0.000000000000000000, -1.000000000000000000 ) ) ;
#740 = FACE_OUTER_BOUND ( 'NONE', #46, .T. ) ;
#741 = DIRECTION ( 'NONE',  ( -1.000000000000000000, 0.000000000000000000, 0.000000000000000000 ) ) ;
#742 = DIRECTION ( 'NONE',  ( -1.445602896647340100E-15, 1.000000000000000000, 0.000000000000000000 ) ) ;
#743 = ORIENTED_EDGE ( 'NONE', *, *, #1239, .T. ) ;
#744 =( NAMED_UNIT ( * ) SI_UNIT ( $, .STERADIAN. ) SOLID_ANGLE_UNIT ( ) );
#745 = EDGE_CURVE ( 'NONE', #881, #1744, #959, .T. ) ;
#746 = DIRECTION ( 'NONE',  ( 0.000000000000000000, 0.000000000000000000, 1.000000000000000000 ) ) ;
#747 = VECTOR ( 'NONE', #598, 1000.000000000000000 ) ;
#748 = DIRECTION ( 'NONE',  ( -1.000000000000000000, -6.222107159170749382E-16, 0.000000000000000000 ) ) ;
#749 = EDGE_LOOP ( 'NONE', ( #1678, #597, #444, #354 ) ) ;
#750 = DIRECTION ( 'NONE',  ( -1.000000000000000000, 0.000000000000000000, 0.000000000000000000 ) ) ;
#751 = FACE_OUTER_BOUND ( 'NONE', #266, .T. ) ;
#752 = DIRECTION ( 'NONE',  ( -3.217506086362929885E-16, -1.000000000000000000, 0.000000000000000000 ) ) ;
#753 = VERTEX_POINT ( 'NONE', #948 ) ;
#754 = DIRECTION ( 'NONE',  ( -0.000000000000000000, 1.000000000000000000, 0.000000000000000000 ) ) ;
#755 = ORIENTED_EDGE ( 'NONE', *, *, #1904, .F. ) ;
#756 = CARTESIAN_POINT ( 'NONE',  ( -2.870000000000000107, -7.055461057877869813, 1.425651526837836247 ) ) ;
#757 = AXIS2_PLACEMENT_3D ( 'NONE', #784, #626, #612 ) ;
#758 = ORIENTED_EDGE ( 'NONE', *, *, #1590, .F. ) ;
#759 = SURFACE_SIDE_STYLE ('',( #259 ) ) ;
#760 = VECTOR ( 'NONE', #2026, 1000.000000000000000 ) ;
#761 = DIRECTION ( 'NONE',  ( 1.000000000000000000, 0.000000000000000000, 0.000000000000000000 ) ) ;
#762 = CARTESIAN_POINT ( 'NONE',  ( 0.000000000000000000, -0.5590000000000000524, -2.156000000000000139 ) ) ;
#763 = ORIENTED_EDGE ( 'NONE', *, *, #1684, .F. ) ;
#764 =( LENGTH_UNIT ( ) NAMED_UNIT ( * ) SI_UNIT ( .MILLI., .METRE. ) );
#765 = ORIENTED_EDGE ( 'NONE', *, *, #1499, .F. ) ;
#766 = LINE ( 'NONE', #779, #36 ) ;
#767 = ADVANCED_FACE ( 'NONE', ( #1464 ), #633, .F. ) ;
#768 = ORIENTED_EDGE ( 'NONE', *, *, #303, .F. ) ;
#769 =( NAMED_UNIT ( * ) PLANE_ANGLE_UNIT ( ) SI_UNIT ( $, .RADIAN. ) );
#770 = VECTOR ( 'NONE', #682, 1000.000000000000114 ) ;
#771 = PLANE ( 'NONE',  #1503 ) ;
#772 = STYLED_ITEM ( 'NONE', ( #659 ), #297 ) ;
#773 = PRESENTATION_STYLE_ASSIGNMENT (( #465 ) ) ;
#774 = AXIS2_PLACEMENT_3D ( 'NONE', #859, #988, #2005 ) ;
#775 = EDGE_LOOP ( 'NONE', ( #1523, #1930, #1957, #1991 ) ) ;
#776 = CARTESIAN_POINT ( 'NONE',  ( 0.000000000000000000, 4.520999999999999908, -2.156000000000000139 ) ) ;
#777 = CARTESIAN_POINT ( 'NONE',  ( -4.902000000000000135, 4.520999999999999908, -2.158999999999999808 ) ) ;
#778 = EDGE_LOOP ( 'NONE', ( #661, #1670, #984, #177 ) ) ;
#779 = CARTESIAN_POINT ( 'NONE',  ( 3.187500000000000000, -7.886255170611041088, -2.158999999999999808 ) ) ;
#780 = VECTOR ( 'NONE', #1028, 1000.000000000000227 ) ;
#781 = ORIENTED_EDGE ( 'NONE', *, *, #456, .T. ) ;
#782 = DIRECTION ( 'NONE',  ( 0.000000000000000000, 1.000000000000000000, 0.000000000000000000 ) ) ;
#783 = CARTESIAN_POINT ( 'NONE',  ( -2.209999999999999964, -1.075205455704194044E-15, -1.701999999999999957 ) ) ;
#784 = CARTESIAN_POINT ( 'NONE',  ( -6.000000000000000000, -4.493041170375384752, 0.3944606185525975084 ) ) ;
#785 = ORIENTED_EDGE ( 'NONE', *, *, #1590, .T. ) ;
#786 = LINE ( 'NONE', #946, #318 ) ;
#787 = FILL_AREA_STYLE ('',( #618 ) ) ;
#788 = EDGE_LOOP ( 'NONE', ( #1134, #806, #2164, #955, #1076, #1507 ) ) ;
#789 = PRESENTATION_STYLE_ASSIGNMENT (( #1816 ) ) ;
#790 = ORIENTED_EDGE ( 'NONE', *, *, #1031, .F. ) ;
#791 = DIRECTION ( 'NONE',  ( 1.000000000000000000, 0.000000000000000000, 0.000000000000000000 ) ) ;
#792 = EDGE_CURVE ( 'NONE', #1382, #1295, #325, .T. ) ;
#793 = LINE ( 'NONE', #2130, #1868 ) ;
#794 = VECTOR ( 'NONE', #254, 1000.000000000000000 ) ;
#795 = DIRECTION ( 'NONE',  ( 0.4078321004042268494, 0.9130569412034917898, 0.000000000000000000 ) ) ;
#796 = VERTEX_POINT ( 'NONE', #1141 ) ;
#797 = PLANE ( 'NONE',  #909 ) ;
#798 = CARTESIAN_POINT ( 'NONE',  ( 3.187500000000000000, -2.302985817852400217E-17, 0.07600000000000151079 ) ) ;
#799 = ORIENTED_EDGE ( 'NONE', *, *, #18, .T. ) ;
#800 = DIRECTION ( 'NONE',  ( -1.000000000000000000, 0.000000000000000000, 0.000000000000000000 ) ) ;
#801 = EDGE_LOOP ( 'NONE', ( #1098, #1197, #1676, #540 ) ) ;
#802 = VERTEX_POINT ( 'NONE', #2168 ) ;
#803 = DIRECTION ( 'NONE',  ( 0.000000000000000000, -1.000000000000000000, 0.000000000000000000 ) ) ;
#804 = CARTESIAN_POINT ( 'NONE',  ( -4.602000000000000313, 0.000000000000000000, 2.158999999999999808 ) ) ;
#805 = VECTOR ( 'NONE', #1489, 1000.000000000000114 ) ;
#806 = ORIENTED_EDGE ( 'NONE', *, *, #443, .F. ) ;
#807 = VECTOR ( 'NONE', #1305, 1000.000000000000000 ) ;
#808 = CIRCLE ( 'NONE', #77, 0.6970000000000000639 ) ;
#809 = PLANE ( 'NONE',  #34 ) ;
#810 = VECTOR ( 'NONE', #1664, 1000.000000000000000 ) ;
#811 = ORIENTED_EDGE ( 'NONE', *, *, #1932, .T. ) ;
#812 = ADVANCED_FACE ( 'NONE', ( #1671 ), #1827, .T. ) ;
#813 = PLANE ( 'NONE',  #340 ) ;
#814 = ORIENTED_EDGE ( 'NONE', *, *, #1430, .F. ) ;
#815 = CARTESIAN_POINT ( 'NONE',  ( -2.540000000000000036, -0.5590000000000000524, -2.156000000000000139 ) ) ;
#816 = PLANE ( 'NONE',  #521 ) ;
#817 = CARTESIAN_POINT ( 'NONE',  ( -3.187500000000000000, -6.665584900902570276, 0.5330000000000000293 ) ) ;
#818 = ORIENTED_EDGE ( 'NONE', *, *, #1851, .T. ) ;
#819 = CARTESIAN_POINT ( 'NONE',  ( 3.187500000000000000, 0.000000000000000000, 0.000000000000000000 ) ) ;
#820 = EDGE_CURVE ( 'NONE', #1704, #538, #1496, .T. ) ;
#821 = DIRECTION ( 'NONE',  ( 0.000000000000000000, 3.030244497174150146E-16, -1.000000000000000000 ) ) ;
#822 = ORIENTED_EDGE ( 'NONE', *, *, #517, .F. ) ;
#823 = SURFACE_STYLE_FILL_AREA ( #1638 ) ;
#824 = CARTESIAN_POINT ( 'NONE',  ( -2.209999999999999964, -7.055461057877869813, 1.425651526837836247 ) ) ;
#825 = EDGE_CURVE ( 'NONE', #268, #881, #1893, .T. ) ;
#826 = DIRECTION ( 'NONE',  ( 0.000000000000000000, 0.000000000000000000, 1.000000000000000000 ) ) ;
#827 = CARTESIAN_POINT ( 'NONE',  ( 2.870000000000000107, -6.900830446025690179, -0.1164654494106946020 ) ) ;
#828 = VERTEX_POINT ( 'NONE', #338 ) ;
#829 = SURFACE_STYLE_FILL_AREA ( #125 ) ;
#830 = VECTOR ( 'NONE', #741, 1000.000000000000000 ) ;
#831 = VERTEX_POINT ( 'NONE', #27 ) ;
#832 = DIRECTION ( 'NONE',  ( -1.445602896647340100E-15, 1.000000000000000000, 0.000000000000000000 ) ) ;
#833 = LINE ( 'NONE', #1859, #1937 ) ;
#834 = DIRECTION ( 'NONE',  ( 0.000000000000000000, -1.000000000000000000, -3.030244497174150146E-16 ) ) ;
#835 = FILL_AREA_STYLE_COLOUR ( '', #1011 ) ;
#836 = DIRECTION ( 'NONE',  ( 0.000000000000000000, -1.000000000000000000, 0.000000000000000000 ) ) ;
#837 = ADVANCED_FACE ( 'NONE', ( #675 ), #1701, .T. ) ;
#838 = EDGE_LOOP ( 'NONE', ( #1155, #1485, #1091, #286, #1959, #622, #717, #1637, #1043, #1791 ) ) ;
#839 = PRESENTATION_LAYER_ASSIGNMENT (  '', '', ( #113 ) ) ;
#840 = ORIENTED_EDGE ( 'NONE', *, *, #860, .T. ) ;
#841 = VECTOR ( 'NONE', #2107, 1000.000000000000114 ) ;
#842 = PLANE ( 'NONE',  #1145 ) ;
#843 = PRESENTATION_LAYER_ASSIGNMENT (  '', '', ( #772 ) ) ;
#844 = LINE ( 'NONE', #339, #29 ) ;
#845 = CARTESIAN_POINT ( 'NONE',  ( 0.000000000000000000, 1.574999999999999956, 2.158999999999999808 ) ) ;
#846 = LINE ( 'NONE', #1865, #78 ) ;
#847 = EDGE_CURVE ( 'NONE', #1233, #650, #2040, .T. ) ;
#848 = EDGE_CURVE ( 'NONE', #927, #1962, #364, .T. ) ;
#849 = VECTOR ( 'NONE', #1694, 1000.000000000000000 ) ;
#850 = ADVANCED_FACE ( 'NONE', ( #1025 ), #2012, .F. ) ;
#851 = ORIENTED_EDGE ( 'NONE', *, *, #2146, .F. ) ;
#852 = EDGE_CURVE ( 'NONE', #753, #2008, #178, .T. ) ;
#853 = COLOUR_RGB ( '',0.000000000000000000, 0.000000000000000000, 0.000000000000000000 ) ;
#854 = VERTEX_POINT ( 'NONE', #1712 ) ;
#855 = CARTESIAN_POINT ( 'NONE',  ( -3.187500000000000000, -1.075205455704194044E-15, -1.701999999999999957 ) ) ;
#856 = LINE ( 'NONE', #1015, #414 ) ;
#857 = DIRECTION ( 'NONE',  ( 1.000000000000000000, 0.000000000000000000, 0.000000000000000000 ) ) ;
#858 = SURFACE_SIDE_STYLE ('',( #1168 ) ) ;
#859 = CARTESIAN_POINT ( 'NONE',  ( 3.187500000000000000, -6.665584900902570276, -0.1640000000000000069 ) ) ;
#860 = EDGE_CURVE ( 'NONE', #1301, #2051, #1347, .T. ) ;
#861 = ORIENTED_EDGE ( 'NONE', *, *, #1668, .T. ) ;
#862 = CARTESIAN_POINT ( 'NONE',  ( -6.000000000000000000, -4.520999999999999908, 0.07599999999999999811 ) ) ;
#863 = VECTOR ( 'NONE', #1034, 1000.000000000000000 ) ;
#864 = DIRECTION ( 'NONE',  ( 1.000000000000000000, 0.000000000000000000, 0.000000000000000000 ) ) ;
#865 = ORIENTED_EDGE ( 'NONE', *, *, #436, .F. ) ;
#866 = FACE_OUTER_BOUND ( 'NONE', #573, .T. ) ;
#867 = CARTESIAN_POINT ( 'NONE',  ( -6.000000000000000000, -4.480878288258935527, 0.5330000000000000293 ) ) ;
#868 = FACE_OUTER_BOUND ( 'NONE', #1528, .T. ) ;
#869 = PRESENTATION_LAYER_ASSIGNMENT (  '', '', ( #937 ) ) ;
#870 = LINE ( 'NONE', #1925, #199 ) ;
#871 = EDGE_LOOP ( 'NONE', ( #1769, #1418, #903, #1285 ) ) ;
#872 = DIRECTION ( 'NONE',  ( 6.372612743067419786E-17, -0.1980606274554410073, -0.9801897713463230133 ) ) ;
#873 = EDGE_CURVE ( 'NONE', #1983, #53, #1175, .T. ) ;
#874 = ORIENTED_EDGE ( 'NONE', *, *, #461, .F. ) ;
#875 = FACE_OUTER_BOUND ( 'NONE', #1782, .T. ) ;
#876 = FILL_AREA_STYLE_COLOUR ( '', #1354 ) ;
#877 = CARTESIAN_POINT ( 'NONE',  ( 4.902000000000000135, 4.520999999999999908, -2.158999999999999808 ) ) ;
#878 = ORIENTED_EDGE ( 'NONE', *, *, #995, .T. ) ;
#879 = ADVANCED_FACE ( 'NONE', ( #1680 ), #203, .F. ) ;
#880 = DIRECTION ( 'NONE',  ( -0.9107003417147530033, -0.4130676549920510032, 0.000000000000000000 ) ) ;
#881 = VERTEX_POINT ( 'NONE', #1356 ) ;
#882 = ORIENTED_EDGE ( 'NONE', *, *, #566, .F. ) ;
#883 = FACE_OUTER_BOUND ( 'NONE', #989, .T. ) ;
#884 = EDGE_CURVE ( 'NONE', #634, #1704, #1692, .T. ) ;
#885 = DIRECTION ( 'NONE',  ( 0.000000000000000000, -3.030244497174150146E-16, 1.000000000000000000 ) ) ;
#886 = LINE ( 'NONE', #2084, #941 ) ;
#887 = FACE_OUTER_BOUND ( 'NONE', #262, .T. ) ;
#888 = ORIENTED_EDGE ( 'NONE', *, *, #45, .T. ) ;
#889 = SURFACE_STYLE_FILL_AREA ( #1062 ) ;
#890 = DIRECTION ( 'NONE',  ( 1.000000000000000000, 0.000000000000000000, 0.000000000000000000 ) ) ;
#891 = CARTESIAN_POINT ( 'NONE',  ( -2.540000000000000036, 4.520999999999999908, -2.158999999999999808 ) ) ;
#892 = VECTOR ( 'NONE', #498, 1000.000000000000000 ) ;
#893 = DIRECTION ( 'NONE',  ( 0.000000000000000000, -6.317305850200880524E-16, -1.000000000000000000 ) ) ;
#894 = ORIENTED_EDGE ( 'NONE', *, *, #673, .F. ) ;
#895 = LINE ( 'NONE', #1924, #1579 ) ;
#896 = CARTESIAN_POINT ( 'NONE',  ( -2.209999999999999964, -7.886255170611041088, -1.459000000000000075 ) ) ;
#897 = EDGE_CURVE ( 'NONE', #2011, #1534, #1165, .T. ) ;
#898 = CARTESIAN_POINT ( 'NONE',  ( -0.6474999999999999645, -2.520999999999999908, 0.07599999999999999811 ) ) ;
#899 = LINE ( 'NONE', #561, #830 ) ;
#900 =( LENGTH_UNIT ( ) NAMED_UNIT ( * ) SI_UNIT ( .MILLI., .METRE. ) );
#901 = ORIENTED_EDGE ( 'NONE', *, *, #2019, .F. ) ;
#902 = LINE ( 'NONE', #1929, #794 ) ;
#903 = ORIENTED_EDGE ( 'NONE', *, *, #652, .T. ) ;
#904 = DIRECTION ( 'NONE',  ( -9.680255962037836254E-17, -0.06696345161239238009, 0.9977554290246456459 ) ) ;
#905 = AXIS2_PLACEMENT_3D ( 'NONE', #2160, #1797, #1297 ) ;
#906 = COLOUR_RGB ( '',1.000000000000000000, 1.000000000000000000, 1.000000000000000000 ) ;
#907 = VERTEX_POINT ( 'NONE', #1858 ) ;
#908 = CARTESIAN_POINT ( 'NONE',  ( 2.209999999999999964, -7.348777171530960217, -0.02595174266355824641 ) ) ;
#909 = AXIS2_PLACEMENT_3D ( 'NONE', #1280, #1970, #1459 ) ;
#910 = CARTESIAN_POINT ( 'NONE',  ( 1.892500000000000071, -5.965584900902570098, 2.158999999999999808 ) ) ;
#911 = VECTOR ( 'NONE', #1756, 1000.000000000000000 ) ;
#912 = ADVANCED_FACE ( 'NONE', ( #1005 ), #842, .T. ) ;
#913 = CARTESIAN_POINT ( 'NONE',  ( -2.209999999999999964, 0.000000000000000000, 2.158999999999999808 ) ) ;
#914 = EDGE_CURVE ( 'NONE', #230, #2112, #1408, .T. ) ;
#915 = DIRECTION ( 'NONE',  ( 0.000000000000000000, -1.000000000000000000, 0.000000000000000000 ) ) ;
#916 = ORIENTED_EDGE ( 'NONE', *, *, #93, .T. ) ;
#917 = EDGE_CURVE ( 'NONE', #580, #945, #1257, .T. ) ;
#918 = FACE_OUTER_BOUND ( 'NONE', #432, .T. ) ;
#919 = VERTEX_POINT ( 'NONE', #274 ) ;
#920 = EDGE_LOOP ( 'NONE', ( #1841, #367, #758, #1279 ) ) ;
#921 =( LENGTH_UNIT ( ) NAMED_UNIT ( * ) SI_UNIT ( .MILLI., .METRE. ) );
#922 = AXIS2_PLACEMENT_3D ( 'NONE', #287, #2117, #280 ) ;
#923 = LINE ( 'NONE', #1204, #1687 ) ;
#924 = ORIENTED_EDGE ( 'NONE', *, *, #192, .T. ) ;
#925 = PRESENTATION_STYLE_ASSIGNMENT (( #935 ) ) ;
#926 = EDGE_CURVE ( 'NONE', #1897, #1588, #2076, .T. ) ;
#927 = VERTEX_POINT ( 'NONE', #1050 ) ;
#928 = ORIENTED_EDGE ( 'NONE', *, *, #617, .F. ) ;
#929 = FACE_OUTER_BOUND ( 'NONE', #1112, .T. ) ;
#930 = VECTOR ( 'NONE', #702, 1000.000000000000000 ) ;
#931 = DIRECTION ( 'NONE',  ( 0.000000000000000000, 1.000000000000000000, 0.000000000000000000 ) ) ;
#932 = SURFACE_SIDE_STYLE ('',( #2131 ) ) ;
#933 = DIRECTION ( 'NONE',  ( 1.000000000000000000, 0.000000000000000000, 0.000000000000000000 ) ) ;
#934 = ORIENTED_EDGE ( 'NONE', *, *, #1283, .T. ) ;
#935 = SURFACE_STYLE_USAGE ( .BOTH. , #1928 ) ;
#936 = VERTEX_POINT ( 'NONE', #224 ) ;
#937 = STYLED_ITEM ( 'NONE', ( #374 ), #193 ) ;
#938 = EDGE_LOOP ( 'NONE', ( #1919, #814, #811, #888, #1876, #505, #1024, #1215, #1339, #647 ) ) ;
#939 = LINE ( 'NONE', #815, #478 ) ;
#940 = LINE ( 'NONE', #1619, #89 ) ;
#941 = VECTOR ( 'NONE', #583, 1000.000000000000227 ) ;
#942 = AXIS2_PLACEMENT_3D ( 'NONE', #198, #1201, #1099 ) ;
#943 = CARTESIAN_POINT ( 'NONE',  ( 4.750000000000000000, 5.120999999999999552, -1.012999999999999901 ) ) ;
#944 = VECTOR ( 'NONE', #1351, 1000.000000000000000 ) ;
#945 = VERTEX_POINT ( 'NONE', #1396 ) ;
#946 = CARTESIAN_POINT ( 'NONE',  ( 2.870000000000000107, -8.916000000000000369, 0.000000000000000000 ) ) ;
#947 = ORIENTED_EDGE ( 'NONE', *, *, #1932, .F. ) ;
#948 = CARTESIAN_POINT ( 'NONE',  ( -3.187500000000000000, -5.965584900902570098, 0.5330000000000000293 ) ) ;
#949 = ADVANCED_FACE ( 'NONE', ( #1221 ), #2063, .T. ) ;
#950 = VERTEX_POINT ( 'NONE', #1559 ) ;
#951 = FACE_OUTER_BOUND ( 'NONE', #704, .T. ) ;
#952 = ADVANCED_FACE ( 'NONE', ( #1077 ), #715, .T. ) ;
#953 = LINE ( 'NONE', #1632, #250 ) ;
#954 = CARTESIAN_POINT ( 'NONE',  ( -2.540000000000000036, 2.168404344971009854E-16, -2.158999999999999808 ) ) ;
#955 = ORIENTED_EDGE ( 'NONE', *, *, #2103, .T. ) ;
#956 = CARTESIAN_POINT ( 'NONE',  ( -3.187500000000000000, -8.916000000000000369, -2.158999999999999808 ) ) ;
#957 = FACE_OUTER_BOUND ( 'NONE', #628, .T. ) ;
#958 = VERTEX_POINT ( 'NONE', #401 ) ;
#959 = LINE ( 'NONE', #148, #1501 ) ;
#960 = ORIENTED_EDGE ( 'NONE', *, *, #1910, .T. ) ;
#961 = FILL_AREA_STYLE ('',( #301 ) ) ;
#962 = AXIS2_PLACEMENT_3D ( 'NONE', #2101, #94, #706 ) ;
#963 = LINE ( 'NONE', #817, #368 ) ;
#964 = ADVANCED_FACE ( 'NONE', ( #390 ), #1234, .T. ) ;
#965 = ORIENTED_EDGE ( 'NONE', *, *, #1340, .T. ) ;
#966 = FILL_AREA_STYLE_COLOUR ( '', #1398 ) ;
#967 = ORIENTED_EDGE ( 'NONE', *, *, #1696, .T. ) ;
#968 = LINE ( 'NONE', #1284, #421 ) ;
#969 = VECTOR ( 'NONE', #1681, 1000.000000000000000 ) ;
#970 = ORIENTED_EDGE ( 'NONE', *, *, #2087, .F. ) ;
#971 =( LENGTH_UNIT ( ) NAMED_UNIT ( * ) SI_UNIT ( .MILLI., .METRE. ) );
#972 = CARTESIAN_POINT ( 'NONE',  ( 3.250000000000000000, 5.791000000000000369, -1.012999999999999901 ) ) ;
#973 = VECTOR ( 'NONE', #1805, 1000.000000000000000 ) ;
#974 = EDGE_LOOP ( 'NONE', ( #818, #1273, #982, #2143 ) ) ;
#975 = DIRECTION ( 'NONE',  ( 0.000000000000000000, 0.000000000000000000, 1.000000000000000000 ) ) ;
#976 = VECTOR ( 'NONE', #2166, 1000.000000000000000 ) ;
#977 = ORIENTED_EDGE ( 'NONE', *, *, #2138, .F. ) ;
#978 = DIRECTION ( 'NONE',  ( 1.000000000000000000, 0.000000000000000000, 0.000000000000000000 ) ) ;
#979 = FACE_OUTER_BOUND ( 'NONE', #1049, .T. ) ;
#980 = ADVANCED_FACE ( 'NONE', ( #1903 ), #1376, .T. ) ;
#981 = DIRECTION ( 'NONE',  ( 0.000000000000000000, 1.000000000000000000, 0.000000000000000000 ) ) ;
#982 = ORIENTED_EDGE ( 'NONE', *, *, #1879, .F. ) ;
#983 = DIRECTION ( 'NONE',  ( 0.000000000000000000, -1.000000000000000000, 6.317305850200880524E-16 ) ) ;
#984 = ORIENTED_EDGE ( 'NONE', *, *, #986, .T. ) ;
#985 = DIRECTION ( 'NONE',  ( 0.000000000000000000, 1.000000000000000000, 9.147955830346439964E-17 ) ) ;
#986 = EDGE_CURVE ( 'NONE', #828, #538, #1059, .T. ) ;
#987 = CARTESIAN_POINT ( 'NONE',  ( -6.000000000000000000, 4.250999999999999446, 1.526000000000000023 ) ) ;
#988 = DIRECTION ( 'NONE',  ( -1.000000000000000000, 0.000000000000000000, 0.000000000000000000 ) ) ;
#989 = EDGE_LOOP ( 'NONE', ( #790, #1282, #1934, #960 ) ) ;
#990 = UNCERTAINTY_MEASURE_WITH_UNIT (LENGTH_MEASURE( 1.000000000000000082E-05 ), #1437, 'distance_accuracy_value', 'NONE');
#991 = ORIENTED_EDGE ( 'NONE', *, *, #1904, .T. ) ;
#992 = CARTESIAN_POINT ( 'NONE',  ( 2.540000000000000036, 4.520999999999999908, -2.156000000000000139 ) ) ;
#993 = PLANE ( 'NONE',  #1479 ) ;
#994 = EDGE_CURVE ( 'NONE', #455, #2056, #886, .T. ) ;
#995 = EDGE_CURVE ( 'NONE', #1247, #253, #1569, .T. ) ;
#996 = LINE ( 'NONE', #987, #1511 ) ;
#997 = ADVANCED_FACE ( 'NONE', ( #547 ), #2096, .F. ) ;
#998 = EDGE_CURVE ( 'NONE', #1704, #753, #923, .T. ) ;
#999 = DIRECTION ( 'NONE',  ( 1.000000000000000000, 0.000000000000000000, 0.000000000000000000 ) ) ;
#1000 = EDGE_LOOP ( 'NONE', ( #405, #1566, #2124, #95 ) ) ;
#1001 = COLOUR_RGB ( '',0.000000000000000000, 0.000000000000000000, 0.000000000000000000 ) ;
#1002 = CIRCLE ( 'NONE', #384, 1.270000000000000018 ) ;
#1003 = ORIENTED_EDGE ( 'NONE', *, *, #1630, .F. ) ;
#1004 = AXIS2_PLACEMENT_3D ( 'NONE', #246, #419, #1403 ) ;
#1005 = FACE_OUTER_BOUND ( 'NONE', #281, .T. ) ;
#1006 = AXIS2_PLACEMENT_3D ( 'NONE', #1138, #1792, #1486 ) ;
#1007 = VECTOR ( 'NONE', #1519, 1000.000000000000000 ) ;
#1008 = CARTESIAN_POINT ( 'NONE',  ( -2.540000000000000036, 4.520999999999999908, -2.156000000000000139 ) ) ;
#1009 = DIRECTION ( 'NONE',  ( -1.000000000000000000, 0.000000000000000000, 0.000000000000000000 ) ) ;
#1010 = LINE ( 'NONE', #164, #1767 ) ;
#1011 = COLOUR_RGB ( '',0.000000000000000000, 0.000000000000000000, 0.000000000000000000 ) ;
#1012 = CLOSED_SHELL ( 'NONE', ( #459, #952, #719, #1710, #1633, #1039, #1435, #1661, #2127, #1631, #1839, #1302, #1740, #837, #2065, #850, #613, #161, #1498, #1209, #2090, #1388, #1300, #310, #1448, #590, #2010, #1987, #1161, #1949, #1084, #297, #10, #1476, #496, #1922, #949, #980, #70, #686, #80, #912, #812, #1746, #300, #1936, #535, #73, #143, #31, #726, #1697, #645, #473, #879, #657, #497, #1968, #1600, #1675, #767, #964, #1066, #1571, #997 ) ) ;
#1013 = EDGE_LOOP ( 'NONE', ( #1976, #144, #577, #1061 ) ) ;
#1014 = CARTESIAN_POINT ( 'NONE',  ( -6.000000000000000000, -4.520999999999999908, 0.07599999999999999811 ) ) ;
#1015 = CARTESIAN_POINT ( 'NONE',  ( -6.000000000000000000, -4.520999999999999908, 0.07599999999999999811 ) ) ;
#1016 = LINE ( 'NONE', #2169, #1433 ) ;
#1017 = CARTESIAN_POINT ( 'NONE',  ( 1.892500000000000071, -1.751994920128895186E-16, 0.5330000000000000293 ) ) ;
#1018 = DIRECTION ( 'NONE',  ( 1.000000000000000000, 0.000000000000000000, 0.000000000000000000 ) ) ;
#1019 = CARTESIAN_POINT ( 'NONE',  ( 2.209999999999999964, -6.665584900902570276, 0.5330000000000000293 ) ) ;
#1020 = DIRECTION ( 'NONE',  ( 0.000000000000000000, 0.000000000000000000, -1.000000000000000000 ) ) ;
#1021 = CARTESIAN_POINT ( 'NONE',  ( -2.209999999999999964, -6.665584900902570276, 0.07599999999999999811 ) ) ;
#1022 = EDGE_CURVE ( 'NONE', #1355, #1361, #1389, .T. ) ;
#1023 = VECTOR ( 'NONE', #302, 1000.000000000000000 ) ;
#1024 = ORIENTED_EDGE ( 'NONE', *, *, #333, .F. ) ;
#1025 = FACE_OUTER_BOUND ( 'NONE', #127, .T. ) ;
#1026 = DIRECTION ( 'NONE',  ( 0.000000000000000000, 0.000000000000000000, 1.000000000000000000 ) ) ;
#1027 = ORIENTED_EDGE ( 'NONE', *, *, #852, .T. ) ;
#1028 = DIRECTION ( 'NONE',  ( 0.07158207745911848718, 0.08226508543301788712, -0.9940364489822970384 ) ) ;
#1029 = CARTESIAN_POINT ( 'NONE',  ( -3.187500000000000000, -6.665584900902570276, -0.1640000000000000069 ) ) ;
#1030 = CARTESIAN_POINT ( 'NONE',  ( 2.870000000000000107, -6.665584900902570276, 0.5330000000000000293 ) ) ;
#1031 = EDGE_CURVE ( 'NONE', #950, #425, #1230, .T. ) ;
#1032 = CARTESIAN_POINT ( 'NONE',  ( -0.6474999999999999645, -6.520999999999999908, 0.07599999999999999811 ) ) ;
#1033 = AXIS2_PLACEMENT_3D ( 'NONE', #326, #43, #1517 ) ;
#1034 = DIRECTION ( 'NONE',  ( -1.000000000000000000, 0.000000000000000000, 0.000000000000000000 ) ) ;
#1035 = VERTEX_POINT ( 'NONE', #559 ) ;
#1036 = EDGE_CURVE ( 'NONE', #2081, #1588, #1414, .T. ) ;
#1037 = CARTESIAN_POINT ( 'NONE',  ( -6.000000000000000000, -4.480878288258935527, 0.5330000000000000293 ) ) ;
#1038 = FACE_OUTER_BOUND ( 'NONE', #1310, .T. ) ;
#1039 = ADVANCED_FACE ( 'NONE', ( #740 ), #1938, .T. ) ;
#1040 = ORIENTED_EDGE ( 'NONE', *, *, #792, .T. ) ;
#1041 = AXIS2_PLACEMENT_3D ( 'NONE', #509, #163, #16 ) ;
#1042 = LINE ( 'NONE', #1729, #114 ) ;
#1043 = ORIENTED_EDGE ( 'NONE', *, *, #673, .T. ) ;
#1044 = CARTESIAN_POINT ( 'NONE',  ( 3.187500000000000000, -6.665584900902570276, -0.1640000000000000069 ) ) ;
#1045 = PRODUCT_DEFINITION ( 'UNKNOWN', '', #551, #1901 ) ;
#1046 = FACE_OUTER_BOUND ( 'NONE', #258, .T. ) ;
#1047 = SURFACE_STYLE_USAGE ( .BOTH. , #1545 ) ;
#1048 = CARTESIAN_POINT ( 'NONE',  ( -4.750000000000000000, 4.444087248322144745, -1.012999999999999901 ) ) ;
#1049 = EDGE_LOOP ( 'NONE', ( #152, #223, #642, #1618 ) ) ;
#1050 = CARTESIAN_POINT ( 'NONE',  ( -1.270000000000000018, 1.574999999999999956, 2.059000000000000163 ) ) ;
#1051 = DIRECTION ( 'NONE',  ( -1.000000000000000000, 0.000000000000000000, 0.000000000000000000 ) ) ;
#1052 = ORIENTED_EDGE ( 'NONE', *, *, #272, .T. ) ;
#1053 = CARTESIAN_POINT ( 'NONE',  ( 2.870000000000000107, -6.665584900902570276, -0.1640000000000000069 ) ) ;
#1054 = DIRECTION ( 'NONE',  ( 0.000000000000000000, 0.000000000000000000, -1.000000000000000000 ) ) ;
#1055 = EDGE_CURVE ( 'NONE', #2018, #927, #663, .T. ) ;
#1056 = ORIENTED_EDGE ( 'NONE', *, *, #1126, .F. ) ;
#1057 = DIRECTION ( 'NONE',  ( -0.4130676549920510032, 0.9107003417147530033, 2.993512893890980167E-16 ) ) ;
#1058 = CARTESIAN_POINT ( 'NONE',  ( 3.250000000000000000, 5.791000000000000369, -2.156000000000000139 ) ) ;
#1059 = LINE ( 'NONE', #725, #841 ) ;
#1060 = PLANE ( 'NONE',  #1277 ) ;
#1061 = ORIENTED_EDGE ( 'NONE', *, *, #1561, .F. ) ;
#1062 = FILL_AREA_STYLE ('',( #1762 ) ) ;
#1063 = DIRECTION ( 'NONE',  ( 0.000000000000000000, 1.355252715606880049E-16, -1.000000000000000000 ) ) ;
#1064 = DIRECTION ( 'NONE',  ( -1.000000000000000000, 0.000000000000000000, 0.000000000000000000 ) ) ;
#1065 = VECTOR ( 'NONE', #1020, 1000.000000000000000 ) ;
#1066 = ADVANCED_FACE ( 'NONE', ( #1073 ), #1759, .T. ) ;
#1067 = ORIENTED_EDGE ( 'NONE', *, *, #185, .T. ) ;
#1068 = DIRECTION ( 'NONE',  ( -1.000000000000000000, 0.000000000000000000, 0.000000000000000000 ) ) ;
#1069 = EDGE_CURVE ( 'NONE', #160, #403, #1242, .T. ) ;
#1070 = CARTESIAN_POINT ( 'NONE',  ( 2.870000000000000107, 9.234242467861599141E-16, -2.996999999999999886 ) ) ;
#1071 = MECHANICAL_DESIGN_GEOMETRIC_PRESENTATION_REPRESENTATION (  '', ( #1167 ), #619 ) ;
#1072 = EDGE_CURVE ( 'NONE', #216, #1132, #1810, .T. ) ;
#1073 = FACE_OUTER_BOUND ( 'NONE', #255, .T. ) ;
#1074 = DIRECTION ( 'NONE',  ( 0.000000000000000000, -1.000000000000000000, 0.000000000000000000 ) ) ;
#1075 = MECHANICAL_DESIGN_GEOMETRIC_PRESENTATION_REPRESENTATION (  '', ( #937 ), #2175 ) ;
#1076 = ORIENTED_EDGE ( 'NONE', *, *, #1514, .F. ) ;
#1077 = FACE_OUTER_BOUND ( 'NONE', #1191, .T. ) ;
#1078 = EDGE_LOOP ( 'NONE', ( #1466, #2043, #1730, #1429 ) ) ;
#1079 = DIRECTION ( 'NONE',  ( 0.000000000000000000, 0.000000000000000000, 1.000000000000000000 ) ) ;
#1080 = CIRCLE ( 'NONE', #149, 1.270000000000000018 ) ;
#1081 = ORIENTED_EDGE ( 'NONE', *, *, #917, .T. ) ;
#1082 = SURFACE_STYLE_USAGE ( .BOTH. , #759 ) ;
#1083 = VECTOR ( 'NONE', #1889, 1000.000000000000000 ) ;
#1084 = ADVANCED_FACE ( 'NONE', ( #1642 ), #1995, .F. ) ;
#1085 = SURFACE_STYLE_FILL_AREA ( #1950 ) ;
#1086 =( NAMED_UNIT ( * ) PLANE_ANGLE_UNIT ( ) SI_UNIT ( $, .RADIAN. ) );
#1087 = ORIENTED_EDGE ( 'NONE', *, *, #2089, .F. ) ;
#1088 = DIRECTION ( 'NONE',  ( 0.000000000000000000, 0.000000000000000000, 1.000000000000000000 ) ) ;
#1089 = STYLED_ITEM ( 'NONE', ( #591 ), #10 ) ;
#1090 = DIRECTION ( 'NONE',  ( 0.000000000000000000, 1.000000000000000000, -1.807003620809175766E-15 ) ) ;
#1091 = ORIENTED_EDGE ( 'NONE', *, *, #299, .F. ) ;
#1092 = LINE ( 'NONE', #1768, #1578 ) ;
#1093 = ORIENTED_EDGE ( 'NONE', *, *, #2019, .T. ) ;
#1094 = LINE ( 'NONE', #1778, #596 ) ;
#1095 = SURFACE_STYLE_FILL_AREA ( #961 ) ;
#1096 = DIRECTION ( 'NONE',  ( 7.344299220900960394E-16, -1.000000000000000000, 0.000000000000000000 ) ) ;
#1097 = CARTESIAN_POINT ( 'NONE',  ( 0.000000000000000000, 0.000000000000000000, 0.000000000000000000 ) ) ;
#1098 = ORIENTED_EDGE ( 'NONE', *, *, #2055, .F. ) ;
#1099 = DIRECTION ( 'NONE',  ( 0.000000000000000000, 1.000000000000000000, 0.000000000000000000 ) ) ;
#1100 = ORIENTED_EDGE ( 'NONE', *, *, #1668, .F. ) ;
#1101 = CARTESIAN_POINT ( 'NONE',  ( -3.187500000000000000, -4.520999999999999908, 0.07599999999999999811 ) ) ;
#1102 = ORIENTED_EDGE ( 'NONE', *, *, #603, .T. ) ;
#1103 = FACE_OUTER_BOUND ( 'NONE', #727, .T. ) ;
#1104 = SURFACE_STYLE_USAGE ( .BOTH. , #438 ) ;
#1105 = AXIS2_PLACEMENT_3D ( 'NONE', #142, #1426, #1939 ) ;
#1106 = CARTESIAN_POINT ( 'NONE',  ( 3.250000000000000000, 5.791000000000000369, -1.012999999999999901 ) ) ;
#1107 = PRODUCT_CONTEXT ( 'NONE', #167, 'mechanical' ) ;
#1108 = EDGE_CURVE ( 'NONE', #2051, #601, #122, .T. ) ;
#1109 = ORIENTED_EDGE ( 'NONE', *, *, #275, .T. ) ;
#1110 = DIRECTION ( 'NONE',  ( -1.000000000000000000, 0.000000000000000000, 0.000000000000000000 ) ) ;
#1111 = SURFACE_STYLE_USAGE ( .BOTH. , #1493 ) ;
#1112 = EDGE_LOOP ( 'NONE', ( #563, #1515, #1454, #934, #400, #763, #1598, #1367, #1373, #755 ) ) ;
#1113 = DIRECTION ( 'NONE',  ( 0.000000000000000000, 0.000000000000000000, 1.000000000000000000 ) ) ;
#1114 = EDGE_CURVE ( 'NONE', #1445, #1379, #1820, .T. ) ;
#1115 = ORIENTED_EDGE ( 'NONE', *, *, #1264, .T. ) ;
#1116 = LINE ( 'NONE', #1455, #1304 ) ;
#1117 = COLOUR_RGB ( '',0.000000000000000000, 0.000000000000000000, 0.000000000000000000 ) ;
#1118 = CARTESIAN_POINT ( 'NONE',  ( 4.902000000000000135, -6.000000000000000000, -2.158999999999999808 ) ) ;
#1119 = ORIENTED_EDGE ( 'NONE', *, *, #986, .F. ) ;
#1120 = CARTESIAN_POINT ( 'NONE',  ( -4.750000000000000000, 4.520999999999999908, -1.012999999999999901 ) ) ;
#1121 = FACE_OUTER_BOUND ( 'NONE', #2079, .T. ) ;
#1122 = ORIENTED_EDGE ( 'NONE', *, *, #529, .T. ) ;
#1123 = DIRECTION ( 'NONE',  ( 0.000000000000000000, 0.000000000000000000, -1.000000000000000000 ) ) ;
#1124 = ORIENTED_EDGE ( 'NONE', *, *, #2022, .F. ) ;
#1125 = LINE ( 'NONE', #1801, #156 ) ;
#1126 = EDGE_CURVE ( 'NONE', #1187, #1645, #793, .T. ) ;
#1127 = VECTOR ( 'NONE', #1629, 1000.000000000000000 ) ;
#1128 = CARTESIAN_POINT ( 'NONE',  ( 5.431638825927450398, -1.017877253188521847, 0.07600000000000110834 ) ) ;
#1129 =( NAMED_UNIT ( * ) SI_UNIT ( $, .STERADIAN. ) SOLID_ANGLE_UNIT ( ) );
#1130 = ORIENTED_EDGE ( 'NONE', *, *, #520, .F. ) ;
#1131 = DIRECTION ( 'NONE',  ( -1.000000000000000000, 0.000000000000000000, 0.000000000000000000 ) ) ;
#1132 = VERTEX_POINT ( 'NONE', #1977 ) ;
#1133 = DIRECTION ( 'NONE',  ( 0.000000000000000000, -1.000000000000000000, 0.000000000000000000 ) ) ;
#1134 = ORIENTED_EDGE ( 'NONE', *, *, #1628, .F. ) ;
#1135 = CARTESIAN_POINT ( 'NONE',  ( 0.6474999999999999645, -2.520999999999999908, 0.5330000000000000293 ) ) ;
#1136 = VECTOR ( 'NONE', #391, 1000.000000000000114 ) ;
#1137 = VERTEX_POINT ( 'NONE', #610 ) ;
#1138 = CARTESIAN_POINT ( 'NONE',  ( 4.751999999999999780, -6.000000000000000000, 0.07599999999999999811 ) ) ;
#1139 = DIRECTION ( 'NONE',  ( 0.9977554290246456459, 0.000000000000000000, -0.06696345161239268540 ) ) ;
#1140 = ORIENTED_EDGE ( 'NONE', *, *, #1758, .T. ) ;
#1141 = CARTESIAN_POINT ( 'NONE',  ( 2.870000000000000107, -7.886255170611041088, -2.158999999999999808 ) ) ;
#1142 = DIRECTION ( 'NONE',  ( 1.000000000000000000, 0.000000000000000000, 0.000000000000000000 ) ) ;
#1143 = LINE ( 'NONE', #1683, #1621 ) ;
#1144 = EDGE_CURVE ( 'NONE', #268, #238, #1276, .T. ) ;
#1145 = AXIS2_PLACEMENT_3D ( 'NONE', #728, #1088, #1738 ) ;
#1146 = VERTEX_POINT ( 'NONE', #446 ) ;
#1147 = STYLED_ITEM ( 'NONE', ( #789 ), #686 ) ;
#1148 = VECTOR ( 'NONE', #200, 1000.000000000000000 ) ;
#1149 = VERTEX_POINT ( 'NONE', #108 ) ;
#1150 = LINE ( 'NONE', #1807, #110 ) ;
#1151 = CARTESIAN_POINT ( 'NONE',  ( 4.750000000000000000, 5.120999999999999552, -1.012999999999999901 ) ) ;
#1152 = SURFACE_SIDE_STYLE ('',( #22 ) ) ;
#1153 = FACE_OUTER_BOUND ( 'NONE', #1439, .T. ) ;
#1154 = EDGE_LOOP ( 'NONE', ( #585, #1087, #710, #1947 ) ) ;
#1155 = ORIENTED_EDGE ( 'NONE', *, *, #2138, .T. ) ;
#1156 = UNCERTAINTY_MEASURE_WITH_UNIT (LENGTH_MEASURE( 1.000000000000000082E-05 ), #332, 'distance_accuracy_value', 'NONE');
#1157 = DIRECTION ( 'NONE',  ( 1.000000000000000000, 0.000000000000000000, 0.000000000000000000 ) ) ;
#1158 = CARTESIAN_POINT ( 'NONE',  ( -2.870000000000000107, -7.348777171530960217, -0.02595174266355824641 ) ) ;
#1159 = CARTESIAN_POINT ( 'NONE',  ( 0.000000000000000000, -0.5590000000000000524, -2.156000000000000139 ) ) ;
#1160 = DIRECTION ( 'NONE',  ( 1.000000000000000000, 0.000000000000000000, 0.000000000000000000 ) ) ;
#1161 = ADVANCED_FACE ( 'NONE', ( #1988 ), #771, .T. ) ;
#1162 = VERTEX_POINT ( 'NONE', #1265 ) ;
#1163 = AXIS2_PLACEMENT_3D ( 'NONE', #1942, #754, #890 ) ;
#1164 = ORIENTED_EDGE ( 'NONE', *, *, #654, .T. ) ;
#1165 = LINE ( 'NONE', #992, #1830 ) ;
#1166 = LINE ( 'NONE', #707, #1322 ) ;
#1167 = STYLED_ITEM ( 'NONE', ( #361 ), #1922 ) ;
#1168 = SURFACE_STYLE_FILL_AREA ( #1312 ) ;
#1169 = DIRECTION ( 'NONE',  ( 0.000000000000000000, 0.000000000000000000, -1.000000000000000000 ) ) ;
#1170 = DIRECTION ( 'NONE',  ( 1.000000000000000000, 0.000000000000000000, 0.000000000000000000 ) ) ;
#1171 = CARTESIAN_POINT ( 'NONE',  ( 5.431638825927450398, -1.017877253188521847, 0.5330000000000000293 ) ) ;
#1172 = CIRCLE ( 'NONE', #341, 0.6969999999999997309 ) ;
#1173 = VERTEX_POINT ( 'NONE', #129 ) ;
#1174 = VECTOR ( 'NONE', #602, 1000.000000000000000 ) ;
#1175 = LINE ( 'NONE', #2029, #627 ) ;
#1176 = AXIS2_PLACEMENT_3D ( 'NONE', #1410, #2092, #1776 ) ;
#1177 = AXIS2_PLACEMENT_3D ( 'NONE', #17, #1674, #2014 ) ;
#1178 = CARTESIAN_POINT ( 'NONE',  ( 2.209999999999999964, -7.200122330668610182, -1.597642439218809995 ) ) ;
#1179 = ORIENTED_EDGE ( 'NONE', *, *, #1395, .F. ) ;
#1180 =( NAMED_UNIT ( * ) SI_UNIT ( $, .STERADIAN. ) SOLID_ANGLE_UNIT ( ) );
#1181 = LINE ( 'NONE', #2024, #345 ) ;
#1182 = VECTOR ( 'NONE', #791, 1000.000000000000000 ) ;
#1183 = EDGE_CURVE ( 'NONE', #1761, #2011, #953, .T. ) ;
#1184 = DIRECTION ( 'NONE',  ( 3.217506086362929885E-16, -1.000000000000000000, 6.317305850200880524E-16 ) ) ;
#1185 = LINE ( 'NONE', #360, #1065 ) ;
#1186 = DIRECTION ( 'NONE',  ( 0.000000000000000000, 0.000000000000000000, 1.000000000000000000 ) ) ;
#1187 = VERTEX_POINT ( 'NONE', #2141 ) ;
#1188 = DIRECTION ( 'NONE',  ( 0.000000000000000000, 1.000000000000000000, 0.000000000000000000 ) ) ;
#1189 = LINE ( 'NONE', #862, #1314 ) ;
#1190 = PLANE ( 'NONE',  #1798 ) ;
#1191 = EDGE_LOOP ( 'NONE', ( #427, #1385, #1475, #1914, #1371, #1220 ) ) ;
#1192 = LINE ( 'NONE', #369, #86 ) ;
#1193 = CARTESIAN_POINT ( 'NONE',  ( -2.870000000000000107, -6.665584900902570276, 0.07600000000000139977 ) ) ;
#1194 = CARTESIAN_POINT ( 'NONE',  ( 1.892500000000000071, -2.302985817852400217E-17, 0.07600000000000151079 ) ) ;
#1195 = EDGE_CURVE ( 'NONE', #1542, #1212, #464, .T. ) ;
#1196 = DIRECTION ( 'NONE',  ( 0.000000000000000000, 1.000000000000000000, 0.000000000000000000 ) ) ;
#1197 = ORIENTED_EDGE ( 'NONE', *, *, #1514, .T. ) ;
#1198 = LINE ( 'NONE', #2078, #1520 ) ;
#1199 = AXIS2_PLACEMENT_3D ( 'NONE', #1369, #1739, #746 ) ;
#1200 = ORIENTED_EDGE ( 'NONE', *, *, #884, .F. ) ;
#1201 = DIRECTION ( 'NONE',  ( -1.000000000000000000, 0.000000000000000000, 0.000000000000000000 ) ) ;
#1202 = EDGE_LOOP ( 'NONE', ( #84, #552, #1812, #851 ) ) ;
#1203 = LINE ( 'NONE', #1241, #911 ) ;
#1204 = CARTESIAN_POINT ( 'NONE',  ( -3.187500000000000000, -1.751994920128895186E-16, 0.5330000000000000293 ) ) ;
#1205 = CARTESIAN_POINT ( 'NONE',  ( -6.000000000000000000, 4.444087248322144745, -1.012999999999999901 ) ) ;
#1206 = FILL_AREA_STYLE_COLOUR ( '', #2106 ) ;
#1207 = ORIENTED_EDGE ( 'NONE', *, *, #1974, .F. ) ;
#1208 = CARTESIAN_POINT ( 'NONE',  ( -4.750000000000000000, 4.520999999999999908, -2.156000000000000139 ) ) ;
#1209 = ADVANCED_FACE ( 'NONE', ( #1655 ), #816, .T. ) ;
#1210 = LINE ( 'NONE', #2064, #1639 ) ;
#1211 = PRESENTATION_LAYER_ASSIGNMENT (  '', '', ( #1975 ) ) ;
#1212 = VERTEX_POINT ( 'NONE', #700 ) ;
#1213 =( GEOMETRIC_REPRESENTATION_CONTEXT ( 3 ) GLOBAL_UNCERTAINTY_ASSIGNED_CONTEXT ( ( #662 ) ) GLOBAL_UNIT_ASSIGNED_CONTEXT ( ( #1451, #1814, #1281 ) ) REPRESENTATION_CONTEXT ( 'NONE', 'WORKASPACE' ) );
#1214 = CARTESIAN_POINT ( 'NONE',  ( 2.870000000000000107, -7.055461057877869813, 1.425651526837836247 ) ) ;
#1215 = ORIENTED_EDGE ( 'NONE', *, *, #1337, .T. ) ;
#1216 = CARTESIAN_POINT ( 'NONE',  ( -2.870000000000000107, -8.916000000000000369, 0.000000000000000000 ) ) ;
#1217 = CARTESIAN_POINT ( 'NONE',  ( 4.750000000000000000, 4.520999999999999908, -2.158999999999999808 ) ) ;
#1218 = CARTESIAN_POINT ( 'NONE',  ( -3.320357677769325202E-15, 4.520999999999999908, -2.156000000000000139 ) ) ;
#1219 = SURFACE_STYLE_USAGE ( .BOTH. , #1709 ) ;
#1220 = ORIENTED_EDGE ( 'NONE', *, *, #820, .F. ) ;
#1221 = FACE_OUTER_BOUND ( 'NONE', #871, .T. ) ;
#1222 = EDGE_CURVE ( 'NONE', #1755, #958, #24, .T. ) ;
#1223 = EDGE_CURVE ( 'NONE', #828, #253, #846, .T. ) ;
#1224 = EDGE_CURVE ( 'NONE', #230, #1897, #2032, .T. ) ;
#1225 = DIRECTION ( 'NONE',  ( -0.4130676549920510032, 0.9107003417147530033, 2.759644699055750115E-16 ) ) ;
#1226 = EDGE_CURVE ( 'NONE', #1295, #854, #346, .T. ) ;
#1227 = ORIENTED_EDGE ( 'NONE', *, *, #1350, .T. ) ;
#1228 = CARTESIAN_POINT ( 'NONE',  ( -2.209999999999999964, -7.886255170611041088, -1.701999999999999957 ) ) ;
#1229 = CARTESIAN_POINT ( 'NONE',  ( -4.750000000000000000, 4.520999999999999908, -2.156000000000000139 ) ) ;
#1230 = LINE ( 'NONE', #1748, #383 ) ;
#1231 =( NAMED_UNIT ( * ) PLANE_ANGLE_UNIT ( ) SI_UNIT ( $, .RADIAN. ) );
#1232 = CARTESIAN_POINT ( 'NONE',  ( 4.750000000000000000, 4.520999999999999908, -2.156000000000000139 ) ) ;
#1233 = VERTEX_POINT ( 'NONE', #827 ) ;
#1234 = PLANE ( 'NONE',  #71 ) ;
#1235 = CARTESIAN_POINT ( 'NONE',  ( 0.6474999999999999645, -2.520999999999999908, 0.5330000000000000293 ) ) ;
#1236 = ORIENTED_EDGE ( 'NONE', *, *, #1298, .T. ) ;
#1237 = LINE ( 'NONE', #413, #1834 ) ;
#1238 = AXIS2_PLACEMENT_3D ( 'NONE', #225, #1397, #1090 ) ;
#1239 = EDGE_CURVE ( 'NONE', #1690, #2081, #1010, .T. ) ;
#1240 = ORIENTED_EDGE ( 'NONE', *, *, #614, .T. ) ;
#1241 = CARTESIAN_POINT ( 'NONE',  ( 4.750000000000000000, 4.520999999999999908, -1.012999999999999901 ) ) ;
#1242 = LINE ( 'NONE', #1790, #2150 ) ;
#1243 = CARTESIAN_POINT ( 'NONE',  ( -3.187500000000000000, -5.965584900902570098, 0.07599999999999999811 ) ) ;
#1244 =( NAMED_UNIT ( * ) PLANE_ANGLE_UNIT ( ) SI_UNIT ( $, .RADIAN. ) );
#1245 = VERTEX_POINT ( 'NONE', #1342 ) ;
#1246 = LINE ( 'NONE', #265, #306 ) ;
#1247 = VERTEX_POINT ( 'NONE', #670 ) ;
#1248 = CARTESIAN_POINT ( 'NONE',  ( 2.870000000000000107, -7.200122330668610182, -1.597642439218809995 ) ) ;
#1249 = AXIS2_PLACEMENT_3D ( 'NONE', #1271, #285, #2002 ) ;
#1250 = VECTOR ( 'NONE', #1487, 1000.000000000000000 ) ;
#1251 = ORIENTED_EDGE ( 'NONE', *, *, #359, .T. ) ;
#1252 = VECTOR ( 'NONE', #1580, 1000.000000000000000 ) ;
#1253 = FILL_AREA_STYLE_COLOUR ( '', #2042 ) ;
#1254 = EDGE_CURVE ( 'NONE', #1427, #2086, #1908, .T. ) ;
#1255 = DIRECTION ( 'NONE',  ( 1.000000000000000000, 0.000000000000000000, 0.000000000000000000 ) ) ;
#1256 = ORIENTED_EDGE ( 'NONE', *, *, #1457, .F. ) ;
#1257 = LINE ( 'NONE', #564, #1614 ) ;
#1258 = PLANE ( 'NONE',  #463 ) ;
#1259 = EDGE_LOOP ( 'NONE', ( #304, #1494, #269, #1119, #1920, #39, #296, #1649, #620, #329, #1434, #123, #840, #1124, #187, #389 ) ) ;
#1260 = CARTESIAN_POINT ( 'NONE',  ( 3.187500000000000000, -7.886255170611041088, -1.459000000000000075 ) ) ;
#1261 = VERTEX_POINT ( 'NONE', #1490 ) ;
#1262 = EDGE_CURVE ( 'NONE', #1848, #230, #1143, .T. ) ;
#1263 =( NAMED_UNIT ( * ) SI_UNIT ( $, .STERADIAN. ) SOLID_ANGLE_UNIT ( ) );
#1264 = EDGE_CURVE ( 'NONE', #2081, #580, #1500, .T. ) ;
#1265 = CARTESIAN_POINT ( 'NONE',  ( -2.209999999999999964, -7.886255170611041088, -2.158999999999999808 ) ) ;
#1266 = VERTEX_POINT ( 'NONE', #335 ) ;
#1267 = DIRECTION ( 'NONE',  ( 0.000000000000000000, 1.000000000000000000, 0.000000000000000000 ) ) ;
#1268 = EDGE_CURVE ( 'NONE', #1173, #1035, #1706, .T. ) ;
#1269 = LINE ( 'NONE', #2044, #747 ) ;
#1270 = ORIENTED_EDGE ( 'NONE', *, *, #745, .F. ) ;
#1271 = CARTESIAN_POINT ( 'NONE',  ( -6.000000000000000000, -4.367504468767124948, -0.7816562807636919796 ) ) ;
#1272 = EDGE_CURVE ( 'NONE', #2112, #1980, #328, .T. ) ;
#1273 = ORIENTED_EDGE ( 'NONE', *, *, #720, .T. ) ;
#1274 =( NAMED_UNIT ( * ) PLANE_ANGLE_UNIT ( ) SI_UNIT ( $, .RADIAN. ) );
#1275 = DIRECTION ( 'NONE',  ( 0.000000000000000000, 0.000000000000000000, -1.000000000000000000 ) ) ;
#1276 = LINE ( 'NONE', #1135, #1174 ) ;
#1277 = AXIS2_PLACEMENT_3D ( 'NONE', #1749, #2085, #1074 ) ;
#1278 = FACE_OUTER_BOUND ( 'NONE', #1259, .T. ) ;
#1279 = ORIENTED_EDGE ( 'NONE', *, *, #694, .T. ) ;
#1280 = CARTESIAN_POINT ( 'NONE',  ( -2.540000000000000036, 2.168404344971009854E-16, -2.156000000000000139 ) ) ;
#1281 =( NAMED_UNIT ( * ) SI_UNIT ( $, .STERADIAN. ) SOLID_ANGLE_UNIT ( ) );
#1282 = ORIENTED_EDGE ( 'NONE', *, *, #1974, .T. ) ;
#1283 = EDGE_CURVE ( 'NONE', #308, #1534, #1530, .T. ) ;
#1284 = CARTESIAN_POINT ( 'NONE',  ( -4.750000000000000000, 5.120999999999999552, -2.156000000000000139 ) ) ;
#1285 = ORIENTED_EDGE ( 'NONE', *, *, #117, .T. ) ;
#1286 = DIRECTION ( 'NONE',  ( 0.000000000000000000, -1.000000000000000000, 0.000000000000000000 ) ) ;
#1287 = VECTOR ( 'NONE', #872, 1000.000000000000227 ) ;
#1288 = VECTOR ( 'NONE', #205, 1000.000000000000114 ) ;
#1289 = VECTOR ( 'NONE', #931, 1000.000000000000000 ) ;
#1290 = VECTOR ( 'NONE', #105, 1000.000000000000114 ) ;
#1291 = CIRCLE ( 'NONE', #668, 0.2429999999999999383 ) ;
#1292 = FACE_OUTER_BOUND ( 'NONE', #242, .T. ) ;
#1293 = ORIENTED_EDGE ( 'NONE', *, *, #860, .F. ) ;
#1294 = CARTESIAN_POINT ( 'NONE',  ( 0.000000000000000000, 0.000000000000000000, -1.012999999999999901 ) ) ;
#1295 = VERTEX_POINT ( 'NONE', #1845 ) ;
#1296 = EDGE_CURVE ( 'NONE', #919, #1379, #1291, .T. ) ;
#1297 = DIRECTION ( 'NONE',  ( 0.000000000000000000, 1.000000000000000000, 0.000000000000000000 ) ) ;
#1298 = EDGE_CURVE ( 'NONE', #2136, #831, #1512, .T. ) ;
#1299 = AXIS2_PLACEMENT_3D ( 'NONE', #440, #893, #1564 ) ;
#1300 = ADVANCED_FACE ( 'NONE', ( #174 ), #1324, .F. ) ;
#1301 = VERTEX_POINT ( 'NONE', #1336 ) ;
#1302 = ADVANCED_FACE ( 'NONE', ( #1153 ), #357, .F. ) ;
#1303 = SURFACE_STYLE_USAGE ( .BOTH. , #309 ) ;
#1304 = VECTOR ( 'NONE', #462, 1000.000000000000000 ) ;
#1305 = DIRECTION ( 'NONE',  ( 0.000000000000000000, 1.000000000000000000, -6.317305850200880524E-16 ) ) ;
#1306 = CARTESIAN_POINT ( 'NONE',  ( 4.761231444852240813, -4.532254622790419241, -0.05219399751477810101 ) ) ;
#1307 = ORIENTED_EDGE ( 'NONE', *, *, #520, .T. ) ;
#1308 = SURFACE_SIDE_STYLE ('',( #124 ) ) ;
#1309 = LINE ( 'NONE', #305, #1468 ) ;
#1310 = EDGE_LOOP ( 'NONE', ( #201, #672, #1923, #1465 ) ) ;
#1311 =( NAMED_UNIT ( * ) PLANE_ANGLE_UNIT ( ) SI_UNIT ( $, .RADIAN. ) );
#1312 = FILL_AREA_STYLE ('',( #835 ) ) ;
#1313 = EDGE_CURVE ( 'NONE', #907, #466, #1181, .T. ) ;
#1314 = VECTOR ( 'NONE', #683, 1000.000000000000000 ) ;
#1315 = SURFACE_STYLE_USAGE ( .BOTH. , #1958 ) ;
#1316 = VECTOR ( 'NONE', #582, 1000.000000000000114 ) ;
#1317 = ORIENTED_EDGE ( 'NONE', *, *, #501, .F. ) ;
#1318 =( NAMED_UNIT ( * ) PLANE_ANGLE_UNIT ( ) SI_UNIT ( $, .RADIAN. ) );
#1319 = CARTESIAN_POINT ( 'NONE',  ( -2.870000000000000107, -6.607514332372599775, 1.335137820090702032 ) ) ;
#1320 = ORIENTED_EDGE ( 'NONE', *, *, #2055, .T. ) ;
#1321 = CYLINDRICAL_SURFACE ( 'NONE', #1504, 1.270000000000000018 ) ;
#1322 = VECTOR ( 'NONE', #492, 1000.000000000000000 ) ;
#1323 = DIRECTION ( 'NONE',  ( 1.000000000000000000, 0.000000000000000000, 0.000000000000000000 ) ) ;
#1324 = CYLINDRICAL_SURFACE ( 'NONE', #774, 0.2400000000000000189 ) ;
#1325 = AXIS2_PLACEMENT_3D ( 'NONE', #1368, #664, #1535 ) ;
#1326 = CARTESIAN_POINT ( 'NONE',  ( 1.270000000000000018, 1.574999999999999956, 2.059000000000000163 ) ) ;
#1327 = AXIS2_PLACEMENT_3D ( 'NONE', #260, #211, #752 ) ;
#1328 = VECTOR ( 'NONE', #703, 1000.000000000000114 ) ;
#1329 = ORIENTED_EDGE ( 'NONE', *, *, #1108, .F. ) ;
#1330 = PLANE ( 'NONE',  #491 ) ;
#1331 = PRESENTATION_LAYER_ASSIGNMENT (  '', '', ( #2152 ) ) ;
#1332 = UNCERTAINTY_MEASURE_WITH_UNIT (LENGTH_MEASURE( 1.000000000000000082E-05 ), #572, 'distance_accuracy_value', 'NONE');
#1333 = ORIENTED_EDGE ( 'NONE', *, *, #456, .F. ) ;
#1334 = FACE_OUTER_BOUND ( 'NONE', #632, .T. ) ;
#1335 = PRESENTATION_STYLE_ASSIGNMENT (( #5 ) ) ;
#1336 = CARTESIAN_POINT ( 'NONE',  ( 3.187500000000000000, -4.520999999999999908, 0.07599999999999999811 ) ) ;
#1337 = EDGE_CURVE ( 'NONE', #1361, #1651, #1358, .T. ) ;
#1338 = VERTEX_POINT ( 'NONE', #406 ) ;
#1339 = ORIENTED_EDGE ( 'NONE', *, *, #1462, .T. ) ;
#1340 = EDGE_CURVE ( 'NONE', #1137, #2039, #1718, .T. ) ;
#1341 = SURFACE_SIDE_STYLE ('',( #188 ) ) ;
#1342 = CARTESIAN_POINT ( 'NONE',  ( -2.209999999999999964, -8.916000000000000369, -2.158999999999999808 ) ) ;
#1343 = LINE ( 'NONE', #1306, #1599 ) ;
#1344 = LINE ( 'NONE', #1032, #760 ) ;
#1345 = AXIS2_PLACEMENT_3D ( 'NONE', #689, #712, #2047 ) ;
#1346 = ORIENTED_EDGE ( 'NONE', *, *, #1933, .T. ) ;
#1347 = LINE ( 'NONE', #1014, #2110 ) ;
#1348 = DIRECTION ( 'NONE',  ( 0.000000000000000000, 0.000000000000000000, 1.000000000000000000 ) ) ;
#1349 = FILL_AREA_STYLE_COLOUR ( '', #420 ) ;
#1350 = EDGE_CURVE ( 'NONE', #1983, #735, #2057, .T. ) ;
#1351 = DIRECTION ( 'NONE',  ( 0.000000000000000000, 0.000000000000000000, -1.000000000000000000 ) ) ;
#1352 = LINE ( 'NONE', #2035, #233 ) ;
#1353 = CARTESIAN_POINT ( 'NONE',  ( 3.187500000000000000, -4.493041170375384752, 0.3944606185525975084 ) ) ;
#1354 = COLOUR_RGB ( '',0.000000000000000000, 0.000000000000000000, 0.000000000000000000 ) ;
#1355 = VERTEX_POINT ( 'NONE', #243 ) ;
#1356 = CARTESIAN_POINT ( 'NONE',  ( -0.6474999999999999645, -4.480878288258935527, 0.5330000000000000293 ) ) ;
#1357 = VECTOR ( 'NONE', #1225, 1000.000000000000000 ) ;
#1358 = CIRCLE ( 'NONE', #1536, 0.6970000000000000639 ) ;
#1359 = CARTESIAN_POINT ( 'NONE',  ( -3.187500000000000000, -6.665584900902570276, -0.1640000000000000069 ) ) ;
#1360 = LINE ( 'NONE', #366, #283 ) ;
#1361 = VERTEX_POINT ( 'NONE', #908 ) ;
#1362 = CARTESIAN_POINT ( 'NONE',  ( -1.892500000000000071, -1.751994920128895186E-16, 0.5330000000000000293 ) ) ;
#1363 = CARTESIAN_POINT ( 'NONE',  ( -4.750000000000000000, 5.120999999999999552, -1.012999999999999901 ) ) ;
#1364 = FACE_OUTER_BOUND ( 'NONE', #788, .T. ) ;
#1365 = DIRECTION ( 'NONE',  ( 1.000000000000000000, 0.000000000000000000, 0.000000000000000000 ) ) ;
#1366 = CARTESIAN_POINT ( 'NONE',  ( -4.902000000000000135, -4.120999999999999552, -2.158999999999999808 ) ) ;
#1367 = ORIENTED_EDGE ( 'NONE', *, *, #1800, .F. ) ;
#1368 = CARTESIAN_POINT ( 'NONE',  ( 0.6474999999999999645, -2.520999999999999908, 0.07599999999999999811 ) ) ;
#1369 = CARTESIAN_POINT ( 'NONE',  ( -4.750000000000000000, 4.520999999999999908, -1.012999999999999901 ) ) ;
#1370 = CARTESIAN_POINT ( 'NONE',  ( 0.6474999999999999645, -6.520999999999999908, 0.07599999999999999811 ) ) ;
#1371 = ORIENTED_EDGE ( 'NONE', *, *, #278, .F. ) ;
#1372 = DIRECTION ( 'NONE',  ( 1.000000000000000000, 0.000000000000000000, 0.000000000000000000 ) ) ;
#1373 = ORIENTED_EDGE ( 'NONE', *, *, #1069, .F. ) ;
#1374 = DIRECTION ( 'NONE',  ( 1.000000000000000000, 0.000000000000000000, 0.000000000000000000 ) ) ;
#1375 = DIRECTION ( 'NONE',  ( 0.000000000000000000, 0.000000000000000000, -1.000000000000000000 ) ) ;
#1376 = PLANE ( 'NONE',  #2036 ) ;
#1377 = DIRECTION ( 'NONE',  ( 1.000000000000000000, -6.222107159170749382E-16, 0.000000000000000000 ) ) ;
#1378 = APPLICATION_PROTOCOL_DEFINITION ( 'draft international standard', 'automotive_design', 1998, #167 ) ;
#1379 = VERTEX_POINT ( 'NONE', #1228 ) ;
#1380 = CARTESIAN_POINT ( 'NONE',  ( -3.187500000000000000, -1.751994920128895186E-16, 0.5330000000000000293 ) ) ;
#1381 = PLANE ( 'NONE',  #1603 ) ;
#1382 = VERTEX_POINT ( 'NONE', #2045 ) ;
#1383 = VECTOR ( 'NONE', #430, 1000.000000000000000 ) ;
#1384 = LINE ( 'NONE', #1214, #1288 ) ;
#1385 = ORIENTED_EDGE ( 'NONE', *, *, #1673, .T. ) ;
#1386 = DIRECTION ( 'NONE',  ( 0.000000000000000000, 0.000000000000000000, -1.000000000000000000 ) ) ;
#1387 = DIRECTION ( 'NONE',  ( 0.000000000000000000, -1.000000000000000000, -3.030244497174150146E-16 ) ) ;
#1388 = ADVANCED_FACE ( 'NONE', ( #1898 ), #85, .T. ) ;
#1389 = LINE ( 'NONE', #99, #6 ) ;
#1390 = PRODUCT ( 'MC7915BD2TR4G', 'MC7915BD2TR4G', '', ( #1107 ) ) ;
#1391 = CARTESIAN_POINT ( 'NONE',  ( 4.602000000000000313, 0.000000000000000000, 2.158999999999999808 ) ) ;
#1392 = DIRECTION ( 'NONE',  ( 0.000000000000000000, 0.000000000000000000, -1.000000000000000000 ) ) ;
#1393 = EDGE_CURVE ( 'NONE', #1622, #1651, #711, .T. ) ;
#1394 = ORIENTED_EDGE ( 'NONE', *, *, #652, .F. ) ;
#1395 = EDGE_CURVE ( 'NONE', #216, #475, #252, .T. ) ;
#1396 = CARTESIAN_POINT ( 'NONE',  ( -4.750000000000000000, 4.520999999999999908, -2.158999999999999808 ) ) ;
#1397 = DIRECTION ( 'NONE',  ( -1.000000000000000000, -1.050600063404431914E-45, -5.814045148033370320E-31 ) ) ;
#1398 = COLOUR_RGB ( '',0.000000000000000000, 0.000000000000000000, 0.000000000000000000 ) ;
#1399 = DIRECTION ( 'NONE',  ( 0.06681381911485997915, -0.06681381911485965996, 0.9955259048114084575 ) ) ;
#1400 = ORIENTED_EDGE ( 'NONE', *, *, #914, .F. ) ;
#1401 = CARTESIAN_POINT ( 'NONE',  ( 2.209999999999999964, -7.886255170611041088, -1.459000000000000075 ) ) ;
#1402 = DIRECTION ( 'NONE',  ( 1.000000000000000000, 3.217506086362929885E-16, 0.000000000000000000 ) ) ;
#1403 = DIRECTION ( 'NONE',  ( -1.000000000000000000, 0.000000000000000000, 0.000000000000000000 ) ) ;
#1404 = CARTESIAN_POINT ( 'NONE',  ( -4.902000000000000135, 4.520999999999999908, -2.158999999999999808 ) ) ;
#1405 =( NAMED_UNIT ( * ) SI_UNIT ( $, .STERADIAN. ) SOLID_ANGLE_UNIT ( ) );
#1406 =( GEOMETRIC_REPRESENTATION_CONTEXT ( 3 ) GLOBAL_UNCERTAINTY_ASSIGNED_CONTEXT ( ( #1679 ) ) GLOBAL_UNIT_ASSIGNED_CONTEXT ( ( #1877, #1663, #342 ) ) REPRESENTATION_CONTEXT ( 'NONE', 'WORKASPACE' ) );
#1407 = ORIENTED_EDGE ( 'NONE', *, *, #234, .T. ) ;
#1408 = LINE ( 'NONE', #1772, #733 ) ;
#1409 = CARTESIAN_POINT ( 'NONE',  ( -2.540000000000000036, -0.5590000000000000524, -2.156000000000000139 ) ) ;
#1410 = CARTESIAN_POINT ( 'NONE',  ( 0.6474999999999999645, -6.520999999999999908, 0.07599999999999999811 ) ) ;
#1411 = ORIENTED_EDGE ( 'NONE', *, *, #1833, .F. ) ;
#1412 = CARTESIAN_POINT ( 'NONE',  ( 3.187500000000000000, -6.665584900902570276, 0.5330000000000000293 ) ) ;
#1413 = CARTESIAN_POINT ( 'NONE',  ( -4.880225958311809720, -4.179064111168514728, -1.834566778845919899 ) ) ;
#1414 = LINE ( 'NONE', #1218, #1576 ) ;
#1415 = ORIENTED_EDGE ( 'NONE', *, *, #792, .F. ) ;
#1416 = CARTESIAN_POINT ( 'NONE',  ( 2.540000000000000036, -0.5590000000000000524, -2.156000000000000139 ) ) ;
#1417 = VECTOR ( 'NONE', #1513, 1000.000000000000114 ) ;
#1418 = ORIENTED_EDGE ( 'NONE', *, *, #529, .F. ) ;
#1419 = PLANE ( 'NONE',  #1766 ) ;
#1420 = VECTOR ( 'NONE', #1532, 1000.000000000000000 ) ;
#1421 = EDGE_CURVE ( 'NONE', #2018, #132, #2094, .T. ) ;
#1422 = ORIENTED_EDGE ( 'NONE', *, *, #1226, .F. ) ;
#1423 =( NAMED_UNIT ( * ) SI_UNIT ( $, .STERADIAN. ) SOLID_ANGLE_UNIT ( ) );
#1424 = FACE_OUTER_BOUND ( 'NONE', #1737, .T. ) ;
#1425 = CARTESIAN_POINT ( 'NONE',  ( 0.000000000000000000, 1.574999999999999956, 2.059000000000000163 ) ) ;
#1426 = DIRECTION ( 'NONE',  ( -0.9107003417147537805, 0.4130676549920493934, 0.000000000000000000 ) ) ;
#1427 = VERTEX_POINT ( 'NONE', #1193 ) ;
#1428 = DIRECTION ( 'NONE',  ( -1.000000000000000000, 0.000000000000000000, 0.000000000000000000 ) ) ;
#1429 = ORIENTED_EDGE ( 'NONE', *, *, #428, .F. ) ;
#1430 = EDGE_CURVE ( 'NONE', #294, #2056, #1689, .T. ) ;
#1431 = CYLINDRICAL_SURFACE ( 'NONE', #1945, 0.2429999999999999383 ) ;
#1432 = AXIS2_PLACEMENT_3D ( 'NONE', #855, #515, #195 ) ;
#1433 = VECTOR ( 'NONE', #834, 1000.000000000000000 ) ;
#1434 = ORIENTED_EDGE ( 'NONE', *, *, #1268, .F. ) ;
#1435 = ADVANCED_FACE ( 'NONE', ( #371 ), #98, .T. ) ;
#1436 = MECHANICAL_DESIGN_GEOMETRIC_PRESENTATION_REPRESENTATION (  '', ( #2152 ), #386 ) ;
#1437 =( LENGTH_UNIT ( ) NAMED_UNIT ( * ) SI_UNIT ( .MILLI., .METRE. ) );
#1438 =( LENGTH_UNIT ( ) NAMED_UNIT ( * ) SI_UNIT ( .MILLI., .METRE. ) );
#1439 = EDGE_LOOP ( 'NONE', ( #1855, #1964, #924, #901 ) ) ;
#1440 = DIRECTION ( 'NONE',  ( 0.000000000000000000, 0.000000000000000000, -1.000000000000000000 ) ) ;
#1441 = VECTOR ( 'NONE', #541, 1000.000000000000114 ) ;
#1442 = PLANE ( 'NONE',  #1299 ) ;
#1443 = VERTEX_POINT ( 'NONE', #382 ) ;
#1444 = DIRECTION ( 'NONE',  ( -1.000000000000000000, 0.000000000000000000, 0.000000000000000000 ) ) ;
#1445 = VERTEX_POINT ( 'NONE', #1567 ) ;
#1446 =( NAMED_UNIT ( * ) SI_UNIT ( $, .STERADIAN. ) SOLID_ANGLE_UNIT ( ) );
#1447 = CARTESIAN_POINT ( 'NONE',  ( -4.750000000000000000, 5.120999999999999552, -1.012999999999999901 ) ) ;
#1448 = ADVANCED_FACE ( 'NONE', ( #875 ), #544, .T. ) ;
#1449 = ORIENTED_EDGE ( 'NONE', *, *, #1272, .F. ) ;
#1450 = SURFACE_STYLE_USAGE ( .BOTH. , #1308 ) ;
#1451 =( LENGTH_UNIT ( ) NAMED_UNIT ( * ) SI_UNIT ( .MILLI., .METRE. ) );
#1452 = ORIENTED_EDGE ( 'NONE', *, *, #2087, .T. ) ;
#1453 = VECTOR ( 'NONE', #87, 1000.000000000000114 ) ;
#1454 = ORIENTED_EDGE ( 'NONE', *, *, #145, .F. ) ;
#1455 = CARTESIAN_POINT ( 'NONE',  ( 3.187500000000000000, -1.751994920128895186E-16, 0.5330000000000000293 ) ) ;
#1456 = DIRECTION ( 'NONE',  ( 0.000000000000000000, 1.000000000000000000, 0.000000000000000000 ) ) ;
#1457 = EDGE_CURVE ( 'NONE', #2126, #1266, #1203, .T. ) ;
#1458 = ORIENTED_EDGE ( 'NONE', *, *, #60, .F. ) ;
#1459 = DIRECTION ( 'NONE',  ( 0.000000000000000000, 0.000000000000000000, 1.000000000000000000 ) ) ;
#1460 = EDGE_CURVE ( 'NONE', #1651, #1443, #895, .T. ) ;
#1461 = LINE ( 'NONE', #168, #1943 ) ;
#1462 = EDGE_CURVE ( 'NONE', #1651, #1261, #1731, .T. ) ;
#1463 = ORIENTED_EDGE ( 'NONE', *, *, #1114, .T. ) ;
#1464 = FACE_OUTER_BOUND ( 'NONE', #938, .T. ) ;
#1465 = ORIENTED_EDGE ( 'NONE', *, *, #2134, .F. ) ;
#1466 = ORIENTED_EDGE ( 'NONE', *, *, #566, .T. ) ;
#1467 =( GEOMETRIC_REPRESENTATION_CONTEXT ( 3 ) GLOBAL_UNCERTAINTY_ASSIGNED_CONTEXT ( ( #2000 ) ) GLOBAL_UNIT_ASSIGNED_CONTEXT ( ( #1963, #1311, #315 ) ) REPRESENTATION_CONTEXT ( 'NONE', 'WORKASPACE' ) );
#1468 = VECTOR ( 'NONE', #648, 1000.000000000000114 ) ;
#1469 = VECTOR ( 'NONE', #646, 1000.000000000000114 ) ;
#1470 = CARTESIAN_POINT ( 'NONE',  ( 3.187500000000000000, -7.886255170611041088, -1.701999999999999957 ) ) ;
#1471 =( GEOMETRIC_REPRESENTATION_CONTEXT ( 3 ) GLOBAL_UNCERTAINTY_ASSIGNED_CONTEXT ( ( #2176 ) ) GLOBAL_UNIT_ASSIGNED_CONTEXT ( ( #640, #1318, #476 ) ) REPRESENTATION_CONTEXT ( 'NONE', 'WORKASPACE' ) );
#1472 = DIRECTION ( 'NONE',  ( 0.000000000000000000, 0.000000000000000000, -1.000000000000000000 ) ) ;
#1473 = ORIENTED_EDGE ( 'NONE', *, *, #1296, .T. ) ;
#1474 = LINE ( 'NONE', #2158, #1533 ) ;
#1475 = ORIENTED_EDGE ( 'NONE', *, *, #2017, .T. ) ;
#1476 = ADVANCED_FACE ( 'NONE', ( #883, #1745 ), #416, .F. ) ;
#1477 = PRESENTATION_LAYER_ASSIGNMENT (  '', '', ( #1089 ) ) ;
#1478 = FACE_OUTER_BOUND ( 'NONE', #1775, .T. ) ;
#1479 = AXIS2_PLACEMENT_3D ( 'NONE', #516, #1874, #1702 ) ;
#1480 = CARTESIAN_POINT ( 'NONE',  ( 1.892500000000000071, -5.965584900902570098, 0.07599999999999999811 ) ) ;
#1481 = ORIENTED_EDGE ( 'NONE', *, *, #1395, .T. ) ;
#1482 = CARTESIAN_POINT ( 'NONE',  ( -3.250000000000000000, 5.791000000000000369, -2.156000000000000139 ) ) ;
#1483 = CARTESIAN_POINT ( 'NONE',  ( 3.187500000000000000, 0.000000000000000000, -2.158999999999999808 ) ) ;
#1484 = DIRECTION ( 'NONE',  ( 0.07155172703151196911, -0.08723311579415976569, -0.9936149827109345134 ) ) ;
#1485 = ORIENTED_EDGE ( 'NONE', *, *, #1254, .T. ) ;
#1486 = DIRECTION ( 'NONE',  ( -0.07182553128626079086, 0.000000000000000000, 0.9974172111285458664 ) ) ;
#1487 = DIRECTION ( 'NONE',  ( 0.000000000000000000, 0.000000000000000000, -1.000000000000000000 ) ) ;
#1488 = ORIENTED_EDGE ( 'NONE', *, *, #1239, .F. ) ;
#1489 = DIRECTION ( 'NONE',  ( 0.000000000000000000, 0.1980606274554405355, 0.9801897713463231243 ) ) ;
#1490 = CARTESIAN_POINT ( 'NONE',  ( 2.209999999999999964, -6.665584900902570276, 0.07599999999999999811 ) ) ;
#1491 = VECTOR ( 'NONE', #1882, 1000.000000000000000 ) ;
#1492 = ORIENTED_EDGE ( 'NONE', *, *, #1821, .T. ) ;
#1493 = SURFACE_SIDE_STYLE ('',( #829 ) ) ;
#1494 = ORIENTED_EDGE ( 'NONE', *, *, #884, .T. ) ;
#1495 = UNCERTAINTY_MEASURE_WITH_UNIT (LENGTH_MEASURE( 1.000000000000000082E-05 ), #511, 'distance_accuracy_value', 'NONE');
#1496 = LINE ( 'NONE', #506, #4 ) ;
#1497 = DIRECTION ( 'NONE',  ( 1.000000000000000000, 0.000000000000000000, 0.000000000000000000 ) ) ;
#1498 = ADVANCED_FACE ( 'NONE', ( #1103 ), #153, .T. ) ;
#1499 = EDGE_CURVE ( 'NONE', #1761, #308, #1094, .T. ) ;
#1500 = LINE ( 'NONE', #2173, #944 ) ;
#1501 = VECTOR ( 'NONE', #162, 1000.000000000000000 ) ;
#1502 = EDGE_CURVE ( 'NONE', #1690, #1577, #939, .T. ) ;
#1503 = AXIS2_PLACEMENT_3D ( 'NONE', #972, #155, #289 ) ;
#1504 = AXIS2_PLACEMENT_3D ( 'NONE', #1875, #353, #196 ) ;
#1505 = VERTEX_POINT ( 'NONE', #528 ) ;
#1506 = UNCERTAINTY_MEASURE_WITH_UNIT (LENGTH_MEASURE( 1.000000000000000082E-05 ), #2098, 'distance_accuracy_value', 'NONE');
#1507 = ORIENTED_EDGE ( 'NONE', *, *, #2129, .F. ) ;
#1508 = DIRECTION ( 'NONE',  ( 1.000000000000000000, 0.000000000000000000, 0.000000000000000000 ) ) ;
#1509 = FACE_OUTER_BOUND ( 'NONE', #1078, .T. ) ;
#1510 =( NAMED_UNIT ( * ) PLANE_ANGLE_UNIT ( ) SI_UNIT ( $, .RADIAN. ) );
#1511 = VECTOR ( 'NONE', #1323, 1000.000000000000000 ) ;
#1512 = LINE ( 'NONE', #191, #1726 ) ;
#1513 = DIRECTION ( 'NONE',  ( 0.05097428659215489516, 0.7045081258769810839, -0.7078629264763939277 ) ) ;
#1514 = EDGE_CURVE ( 'NONE', #393, #1755, #1846, .T. ) ;
#1515 = ORIENTED_EDGE ( 'NONE', *, *, #2016, .F. ) ;
#1516 = CARTESIAN_POINT ( 'NONE',  ( -3.187500000000000000, -4.493041170375384752, 0.3944606185525975084 ) ) ;
#1517 = DIRECTION ( 'NONE',  ( 0.000000000000000000, 0.000000000000000000, 1.000000000000000000 ) ) ;
#1518 = PLANE ( 'NONE',  #2161 ) ;
#1519 = DIRECTION ( 'NONE',  ( 0.000000000000000000, 1.000000000000000000, 0.000000000000000000 ) ) ;
#1520 = VECTOR ( 'NONE', #54, 1000.000000000000114 ) ;
#1521 = CARTESIAN_POINT ( 'NONE',  ( 0.6474999999999999645, -6.520999999999999908, 0.07599999999999999811 ) ) ;
#1522 = EDGE_CURVE ( 'NONE', #1744, #1247, #1344, .T. ) ;
#1523 = ORIENTED_EDGE ( 'NONE', *, *, #1620, .F. ) ;
#1524 = EDGE_CURVE ( 'NONE', #1622, #1149, #513, .T. ) ;
#1525 = DIRECTION ( 'NONE',  ( 3.217506086362929885E-16, 1.000000000000000000, -6.317305850200880524E-16 ) ) ;
#1526 = LINE ( 'NONE', #1850, #969 ) ;
#1527 = CARTESIAN_POINT ( 'NONE',  ( -2.209999999999999964, -7.200122330668610182, -1.597642439218809995 ) ) ;
#1528 = EDGE_LOOP ( 'NONE', ( #1027, #1700, #977, #1572 ) ) ;
#1529 = CARTESIAN_POINT ( 'NONE',  ( 2.870000000000000107, -7.886255170611041088, -1.701999999999999957 ) ) ;
#1530 = LINE ( 'NONE', #503, #1007 ) ;
#1531 = PLANE ( 'NONE',  #1853 ) ;
#1532 = DIRECTION ( 'NONE',  ( -1.000000000000000000, 0.000000000000000000, 0.000000000000000000 ) ) ;
#1533 = VECTOR ( 'NONE', #983, 1000.000000000000000 ) ;
#1534 = VERTEX_POINT ( 'NONE', #348 ) ;
#1535 = DIRECTION ( 'NONE',  ( 0.000000000000000000, -1.000000000000000000, -9.147955830346439964E-17 ) ) ;
#1536 = AXIS2_PLACEMENT_3D ( 'NONE', #512, #1854, #206 ) ;
#1537 = CARTESIAN_POINT ( 'NONE',  ( -0.6474999999999999645, -6.520999999999999908, 0.5330000000000000293 ) ) ;
#1538 = DIRECTION ( 'NONE',  ( -1.000000000000000000, 0.000000000000000000, 0.000000000000000000 ) ) ;
#1539 = EDGE_CURVE ( 'NONE', #1622, #1542, #1185, .T. ) ;
#1540 = ORIENTED_EDGE ( 'NONE', *, *, #680, .F. ) ;
#1541 = LINE ( 'NONE', #1913, #1732 ) ;
#1542 = VERTEX_POINT ( 'NONE', #1708 ) ;
#1543 = DIRECTION ( 'NONE',  ( 0.000000000000000000, 0.000000000000000000, 1.000000000000000000 ) ) ;
#1544 = LINE ( 'NONE', #385, #1926 ) ;
#1545 = SURFACE_SIDE_STYLE ('',( #1085 ) ) ;
#1546 = CARTESIAN_POINT ( 'NONE',  ( -4.602000000000000313, -4.338125764646305171, 2.158999999999999808 ) ) ;
#1547 = DIRECTION ( 'NONE',  ( 6.222107159170759243E-16, 1.000000000000000000, 0.000000000000000000 ) ) ;
#1548 = ORIENTED_EDGE ( 'NONE', *, *, #2017, .F. ) ;
#1549 = DIRECTION ( 'NONE',  ( 0.000000000000000000, 0.000000000000000000, -1.000000000000000000 ) ) ;
#1550 = LINE ( 'NONE', #378, #1817 ) ;
#1551 = ORIENTED_EDGE ( 'NONE', *, *, #926, .F. ) ;
#1552 = LINE ( 'NONE', #67, #1575 ) ;
#1553 = EDGE_LOOP ( 'NONE', ( #279, #1952 ) ) ;
#1554 = FILL_AREA_STYLE ('',( #69 ) ) ;
#1555 = DIRECTION ( 'NONE',  ( 0.000000000000000000, -1.000000000000000000, -3.030244497174150146E-16 ) ) ;
#1556 = UNCERTAINTY_MEASURE_WITH_UNIT (LENGTH_MEASURE( 1.000000000000000082E-05 ), #900, 'distance_accuracy_value', 'NONE');
#1557 = FILL_AREA_STYLE ('',( #713 ) ) ;
#1558 = ORIENTED_EDGE ( 'NONE', *, *, #1539, .F. ) ;
#1559 = CARTESIAN_POINT ( 'NONE',  ( -4.602000000000000313, 3.620999999999999996, 2.158999999999999808 ) ) ;
#1560 = CARTESIAN_POINT ( 'NONE',  ( 3.187500000000000000, -7.200122330668610182, -1.597642439218809995 ) ) ;
#1561 = EDGE_CURVE ( 'NONE', #216, #1137, #1544, .T. ) ;
#1562 = DIRECTION ( 'NONE',  ( 6.372612743067400065E-17, 0.1980606274554405355, 0.9801897713463231243 ) ) ;
#1563 = VECTOR ( 'NONE', #1967, 1000.000000000000000 ) ;
#1564 = DIRECTION ( 'NONE',  ( 0.000000000000000000, -1.000000000000000000, 6.317305850200880524E-16 ) ) ;
#1565 = EDGE_CURVE ( 'NONE', #1443, #460, #1568, .T. ) ;
#1566 = ORIENTED_EDGE ( 'NONE', *, *, #1195, .T. ) ;
#1567 = CARTESIAN_POINT ( 'NONE',  ( -2.209999999999999964, -8.916000000000000369, -1.701999999999999957 ) ) ;
#1568 = LINE ( 'NONE', #910, #1994 ) ;
#1569 = LINE ( 'NONE', #898, #183 ) ;
#1570 = LINE ( 'NONE', #1404, #2059 ) ;
#1571 = ADVANCED_FACE ( 'NONE', ( #868 ), #1531, .T. ) ;
#1572 = ORIENTED_EDGE ( 'NONE', *, *, #1673, .F. ) ;
#1573 =( NAMED_UNIT ( * ) PLANE_ANGLE_UNIT ( ) SI_UNIT ( $, .RADIAN. ) );
#1574 = AXIS2_PLACEMENT_3D ( 'NONE', #490, #1650, #1973 ) ;
#1575 = VECTOR ( 'NONE', #1054, 1000.000000000000000 ) ;
#1576 = VECTOR ( 'NONE', #1596, 1000.000000000000000 ) ;
#1577 = VERTEX_POINT ( 'NONE', #1747 ) ;
#1578 = VECTOR ( 'NONE', #1399, 1000.000000000000114 ) ;
#1579 = VECTOR ( 'NONE', #1057, 1000.000000000000000 ) ;
#1580 = DIRECTION ( 'NONE',  ( 0.000000000000000000, -1.000000000000000000, -3.030244497174150146E-16 ) ) ;
#1581 = ORIENTED_EDGE ( 'NONE', *, *, #1666, .T. ) ;
#1582 = CARTESIAN_POINT ( 'NONE',  ( 3.187500000000000000, -8.916000000000000369, -1.701999999999999957 ) ) ;
#1583 = LINE ( 'NONE', #2095, #1316 ) ;
#1584 = PRESENTATION_LAYER_ASSIGNMENT (  '', '', ( #350 ) ) ;
#1585 = DIRECTION ( 'NONE',  ( 1.000000000000000000, 0.000000000000000000, 0.000000000000000000 ) ) ;
#1586 = LINE ( 'NONE', #762, #1563 ) ;
#1587 = VECTOR ( 'NONE', #1009, 1000.000000000000000 ) ;
#1588 = VERTEX_POINT ( 'NONE', #1229 ) ;
#1589 = DIRECTION ( 'NONE',  ( 0.9107003417147530033, -0.4130676549920510032, 0.000000000000000000 ) ) ;
#1590 = EDGE_CURVE ( 'NONE', #1980, #1645, #48, .T. ) ;
#1591 = PLANE ( 'NONE',  #1163 ) ;
#1592 =( GEOMETRIC_REPRESENTATION_CONTEXT ( 3 ) GLOBAL_UNCERTAINTY_ASSIGNED_CONTEXT ( ( #1495 ) ) GLOBAL_UNIT_ASSIGNED_CONTEXT ( ( #511, #687, #1180 ) ) REPRESENTATION_CONTEXT ( 'NONE', 'WORKASPACE' ) );
#1593 = ORIENTED_EDGE ( 'NONE', *, *, #1264, .F. ) ;
#1594 = CARTESIAN_POINT ( 'NONE',  ( 2.870000000000000107, -8.916000000000000369, -2.158999999999999808 ) ) ;
#1595 = EDGE_LOOP ( 'NONE', ( #785, #1837, #1888, #1665 ) ) ;
#1596 = DIRECTION ( 'NONE',  ( -1.000000000000000000, -7.344299220900960394E-16, 0.000000000000000000 ) ) ;
#1597 = PLANE ( 'NONE',  #1105 ) ;
#1598 = ORIENTED_EDGE ( 'NONE', *, *, #18, .F. ) ;
#1599 = VECTOR ( 'NONE', #1484, 1000.000000000000000 ) ;
#1600 = ADVANCED_FACE ( 'NONE', ( #1046 ), #209, .T. ) ;
#1601 = EDGE_LOOP ( 'NONE', ( #2075, #781, #1463, #104 ) ) ;
#1602 = CARTESIAN_POINT ( 'NONE',  ( -4.332042825801014629, -0.1100384426497404144, 5.907805292376630213 ) ) ;
#1603 = AXIS2_PLACEMENT_3D ( 'NONE', #42, #880, #716 ) ;
#1604 = ORIENTED_EDGE ( 'NONE', *, *, #510, .F. ) ;
#1605 = FILL_AREA_STYLE ('',( #1253 ) ) ;
#1606 = DIRECTION ( 'NONE',  ( -1.000000000000000000, 0.000000000000000000, 0.000000000000000000 ) ) ;
#1607 = EDGE_CURVE ( 'NONE', #1505, #2051, #35, .T. ) ;
#1608 = CARTESIAN_POINT ( 'NONE',  ( -1.270000000000000018, 1.574999999999999956, 2.158999999999999808 ) ) ;
#1609 = AXIS2_PLACEMENT_3D ( 'NONE', #1359, #1672, #172 ) ;
#1610 = ORIENTED_EDGE ( 'NONE', *, *, #679, .T. ) ;
#1611 = DIRECTION ( 'NONE',  ( 0.000000000000000000, 0.000000000000000000, 1.000000000000000000 ) ) ;
#1612 = DIRECTION ( 'NONE',  ( -1.000000000000000000, 0.000000000000000000, 0.000000000000000000 ) ) ;
#1613 = VERTEX_POINT ( 'NONE', #1217 ) ;
#1614 = VECTOR ( 'NONE', #1953, 1000.000000000000000 ) ;
#1615 = CARTESIAN_POINT ( 'NONE',  ( -4.750000000000000000, 4.356477781265409632, 0.2923810591453299690 ) ) ;
#1616 = AXIS2_PLACEMENT_3D ( 'NONE', #1425, #571, #1255 ) ;
#1617 = AXIS2_PLACEMENT_3D ( 'NONE', #1693, #1993, #317 ) ;
#1618 = ORIENTED_EDGE ( 'NONE', *, *, #458, .T. ) ;
#1619 = CARTESIAN_POINT ( 'NONE',  ( 4.902000000000000135, -4.520999999999999908, -2.158999999999999808 ) ) ;
#1620 = EDGE_CURVE ( 'NONE', #907, #600, #611, .T. ) ;
#1621 = VECTOR ( 'NONE', #1832, 1000.000000000000000 ) ;
#1622 = VERTEX_POINT ( 'NONE', #1030 ) ;
#1623 = MECHANICAL_DESIGN_GEOMETRIC_PRESENTATION_REPRESENTATION (  '', ( #350 ), #1406 ) ;
#1624 =( LENGTH_UNIT ( ) NAMED_UNIT ( * ) SI_UNIT ( .MILLI., .METRE. ) );
#1625 = ORIENTED_EDGE ( 'NONE', *, *, #1298, .F. ) ;
#1626 = FACE_OUTER_BOUND ( 'NONE', #439, .T. ) ;
#1627 = ORIENTED_EDGE ( 'NONE', *, *, #417, .T. ) ;
#1628 = EDGE_CURVE ( 'NONE', #2008, #1427, #1352, .T. ) ;
#1629 = DIRECTION ( 'NONE',  ( 0.000000000000000000, 0.000000000000000000, 1.000000000000000000 ) ) ;
#1630 = EDGE_CURVE ( 'NONE', #466, #1162, #408, .T. ) ;
#1631 = ADVANCED_FACE ( 'NONE', ( #1899 ), #397, .F. ) ;
#1632 = CARTESIAN_POINT ( 'NONE',  ( 2.540000000000000036, 0.000000000000000000, -2.156000000000000139 ) ) ;
#1633 = ADVANCED_FACE ( 'NONE', ( #1733 ), #221, .F. ) ;
#1634 = EDGE_LOOP ( 'NONE', ( #1911, #2100, #1481, #916 ) ) ;
#1635 = FACE_OUTER_BOUND ( 'NONE', #488, .T. ) ;
#1636 = DIRECTION ( 'NONE',  ( 0.000000000000000000, 0.000000000000000000, -1.000000000000000000 ) ) ;
#1637 = ORIENTED_EDGE ( 'NONE', *, *, #229, .F. ) ;
#1638 = FILL_AREA_STYLE ('',( #457 ) ) ;
#1639 = VECTOR ( 'NONE', #729, 1000.000000000000000 ) ;
#1640 = ORIENTED_EDGE ( 'NONE', *, *, #1666, .F. ) ;
#1641 = SURFACE_STYLE_FILL_AREA ( #635 ) ;
#1642 = FACE_OUTER_BOUND ( 'NONE', #1788, .T. ) ;
#1643 = PLANE ( 'NONE',  #1856 ) ;
#1644 = APPLICATION_PROTOCOL_DEFINITION ( 'draft international standard', 'automotive_design', 1998, #576 ) ;
#1645 = VERTEX_POINT ( 'NONE', #1058 ) ;
#1646 = FILL_AREA_STYLE ('',( #966 ) ) ;
#1647 = DIRECTION ( 'NONE',  ( 6.372612743067419786E-17, 0.1980606274554410073, 0.9801897713463230133 ) ) ;
#1648 = CIRCLE ( 'NONE', #1825, 0.2400000000000000189 ) ;
#1649 = ORIENTED_EDGE ( 'NONE', *, *, #202, .F. ) ;
#1650 = DIRECTION ( 'NONE',  ( -1.000000000000000000, 0.000000000000000000, 0.000000000000000000 ) ) ;
#1651 = VERTEX_POINT ( 'NONE', #1019 ) ;
#1652 = ORIENTED_EDGE ( 'NONE', *, *, #1224, .T. ) ;
#1653 = MECHANICAL_DESIGN_GEOMETRIC_PRESENTATION_REPRESENTATION (  '', ( #489 ), #343 ) ;
#1654 = STYLED_ITEM ( 'NONE', ( #667 ), #459 ) ;
#1655 = FACE_OUTER_BOUND ( 'NONE', #82, .T. ) ;
#1656 = COLOUR_RGB ( '',0.000000000000000000, 0.000000000000000000, 0.000000000000000000 ) ;
#1657 = AXIS2_PLACEMENT_3D ( 'NONE', #1401, #581, #1386 ) ;
#1658 = ORIENTED_EDGE ( 'NONE', *, *, #1910, .F. ) ;
#1659 = PLANE ( 'NONE',  #72 ) ;
#1660 = ORIENTED_EDGE ( 'NONE', *, *, #926, .T. ) ;
#1661 = ADVANCED_FACE ( 'NONE', ( #1364 ), #536, .F. ) ;
#1662 = CARTESIAN_POINT ( 'NONE',  ( 4.750000000000000000, 4.520999999999999908, -1.012999999999999901 ) ) ;
#1663 =( NAMED_UNIT ( * ) PLANE_ANGLE_UNIT ( ) SI_UNIT ( $, .RADIAN. ) );
#1664 = DIRECTION ( 'NONE',  ( -1.000000000000000000, 0.000000000000000000, 0.000000000000000000 ) ) ;
#1665 = ORIENTED_EDGE ( 'NONE', *, *, #1272, .T. ) ;
#1666 = EDGE_CURVE ( 'NONE', #854, #460, #59, .T. ) ;
#1667 = FILL_AREA_STYLE_COLOUR ( '', #906 ) ;
#1668 = EDGE_CURVE ( 'NONE', #1691, #403, #570, .T. ) ;
#1669 = UNCERTAINTY_MEASURE_WITH_UNIT (LENGTH_MEASURE( 1.000000000000000082E-05 ), #61, 'distance_accuracy_value', 'NONE');
#1670 = ORIENTED_EDGE ( 'NONE', *, *, #2103, .F. ) ;
#1671 = FACE_OUTER_BOUND ( 'NONE', #450, .T. ) ;
#1672 = DIRECTION ( 'NONE',  ( 1.000000000000000000, 0.000000000000000000, 0.000000000000000000 ) ) ;
#1673 = EDGE_CURVE ( 'NONE', #753, #1338, #1583, .T. ) ;
#1674 = DIRECTION ( 'NONE',  ( 0.000000000000000000, 0.000000000000000000, 1.000000000000000000 ) ) ;
#1675 = ADVANCED_FACE ( 'NONE', ( #751 ), #1381, .T. ) ;
#1676 = ORIENTED_EDGE ( 'NONE', *, *, #1222, .T. ) ;
#1677 = COLOUR_RGB ( '',0.000000000000000000, 0.000000000000000000, 0.000000000000000000 ) ;
#1678 = ORIENTED_EDGE ( 'NONE', *, *, #288, .T. ) ;
#1679 = UNCERTAINTY_MEASURE_WITH_UNIT (LENGTH_MEASURE( 1.000000000000000082E-05 ), #1877, 'distance_accuracy_value', 'NONE');
#1680 = FACE_OUTER_BOUND ( 'NONE', #2104, .T. ) ;
#1681 = DIRECTION ( 'NONE',  ( 0.000000000000000000, 0.000000000000000000, -1.000000000000000000 ) ) ;
#1682 = LINE ( 'NONE', #2003, #849 ) ;
#1683 = CARTESIAN_POINT ( 'NONE',  ( -4.750000000000000000, 3.520999999999999908, -1.012999999999999901 ) ) ;
#1684 = EDGE_CURVE ( 'NONE', #1847, #1613, #1210, .T. ) ;
#1685 = STYLED_ITEM ( 'NONE', ( #1960 ), #496 ) ;
#1686 = CARTESIAN_POINT ( 'NONE',  ( 4.332042825801014629, -0.1100384426497412055, 5.907805292376630213 ) ) ;
#1687 = VECTOR ( 'NONE', #235, 1000.000000000000000 ) ;
#1688 = PRESENTATION_LAYER_ASSIGNMENT (  '', '', ( #1147 ) ) ;
#1689 = CIRCLE ( 'NONE', #1657, 0.6999999999999998446 ) ;
#1690 = VERTEX_POINT ( 'NONE', #1409 ) ;
#1691 = VERTEX_POINT ( 'NONE', #2088 ) ;
#1692 = LINE ( 'NONE', #1516, #770 ) ;
#1693 = CARTESIAN_POINT ( 'NONE',  ( 2.870000000000000107, -7.886255170611041088, -1.459000000000000075 ) ) ;
#1694 = DIRECTION ( 'NONE',  ( 3.217506086362929885E-16, 1.000000000000000000, 0.000000000000000000 ) ) ;
#1695 = DIRECTION ( 'NONE',  ( 1.000000000000000000, 0.000000000000000000, 0.000000000000000000 ) ) ;
#1696 = EDGE_CURVE ( 'NONE', #1035, #854, #565, .T. ) ;
#1697 = ADVANCED_FACE ( 'NONE', ( #1038 ), #424, .F. ) ;
#1698 = EDGE_CURVE ( 'NONE', #802, #919, #1550, .T. ) ;
#1699 = EDGE_CURVE ( 'NONE', #1613, #1534, #902, .T. ) ;
#1700 = ORIENTED_EDGE ( 'NONE', *, *, #1628, .T. ) ;
#1701 = PLANE ( 'NONE',  #1432 ) ;
#1702 = DIRECTION ( 'NONE',  ( -1.000000000000000000, 0.000000000000000000, 0.000000000000000000 ) ) ;
#1703 = CARTESIAN_POINT ( 'NONE',  ( 4.602000000000000313, -4.338125764646310500, 2.158999999999999808 ) ) ;
#1704 = VERTEX_POINT ( 'NONE', #1909 ) ;
#1705 = LINE ( 'NONE', #697, #247 ) ;
#1706 = LINE ( 'NONE', #867, #810 ) ;
#1707 = VECTOR ( 'NONE', #1996, 1000.000000000000000 ) ;
#1708 = CARTESIAN_POINT ( 'NONE',  ( 2.870000000000000107, -6.665584900902570276, 0.07599999999999999811 ) ) ;
#1709 = SURFACE_SIDE_STYLE ('',( #1918 ) ) ;
#1710 = ADVANCED_FACE ( 'NONE', ( #575 ), #81, .F. ) ;
#1711 = ORIENTED_EDGE ( 'NONE', *, *, #218, .T. ) ;
#1712 = CARTESIAN_POINT ( 'NONE',  ( 1.892500000000000071, -4.520999999999999908, 0.07599999999999999811 ) ) ;
#1713 = FACE_OUTER_BOUND ( 'NONE', #1906, .T. ) ;
#1714 = DIRECTION ( 'NONE',  ( -1.000000000000000000, 0.000000000000000000, 0.000000000000000000 ) ) ;
#1715 = ORIENTED_EDGE ( 'NONE', *, *, #560, .T. ) ;
#1716 = CARTESIAN_POINT ( 'NONE',  ( 0.6474999999999999645, -6.520999999999999908, 0.5330000000000000293 ) ) ;
#1717 = VECTOR ( 'NONE', #742, 1000.000000000000000 ) ;
#1718 = LINE ( 'NONE', #1582, #1870 ) ;
#1719 = DIRECTION ( 'NONE',  ( 1.000000000000000000, 0.000000000000000000, 0.000000000000000000 ) ) ;
#1720 = CARTESIAN_POINT ( 'NONE',  ( -3.187500000000000000, -7.886255170611041088, -1.459000000000000075 ) ) ;
#1721 = LINE ( 'NONE', #1521, #208 ) ;
#1722 = AXIS2_PLACEMENT_3D ( 'NONE', #1984, #800, #1113 ) ;
#1723 = CIRCLE ( 'NONE', #1617, 0.7000000000000000666 ) ;
#1724 = ORIENTED_EDGE ( 'NONE', *, *, #41, .T. ) ;
#1725 = DIRECTION ( 'NONE',  ( 0.000000000000000000, 0.000000000000000000, 1.000000000000000000 ) ) ;
#1726 = VECTOR ( 'NONE', #1160, 1000.000000000000000 ) ;
#1727 = FACE_OUTER_BOUND ( 'NONE', #1806, .T. ) ;
#1728 = ORIENTED_EDGE ( 'NONE', *, *, #145, .T. ) ;
#1729 = CARTESIAN_POINT ( 'NONE',  ( 3.187500000000000000, -8.916000000000000369, -2.158999999999999808 ) ) ;
#1730 = ORIENTED_EDGE ( 'NONE', *, *, #1758, .F. ) ;
#1731 = LINE ( 'NONE', #1935, #210 ) ;
#1732 = VECTOR ( 'NONE', #709, 1000.000000000000000 ) ;
#1733 = FACE_OUTER_BOUND ( 'NONE', #336, .T. ) ;
#1734 = DIRECTION ( 'NONE',  ( -0.000000000000000000, 0.7087843702499930787, 0.7054252026184780755 ) ) ;
#1735 = CARTESIAN_POINT ( 'NONE',  ( -6.000000000000000000, -4.338125764646310500, 2.158999999999999808 ) ) ;
#1736 = FILL_AREA_STYLE ('',( #1206 ) ) ;
#1737 = EDGE_LOOP ( 'NONE', ( #1407, #186, #2028, #822 ) ) ;
#1738 = DIRECTION ( 'NONE',  ( 1.000000000000000000, 0.000000000000000000, 0.000000000000000000 ) ) ;
#1739 = DIRECTION ( 'NONE',  ( -1.000000000000000000, 1.445602896647340100E-15, 0.000000000000000000 ) ) ;
#1740 = ADVANCED_FACE ( 'NONE', ( #918 ), #1591, .F. ) ;
#1741 = ORIENTED_EDGE ( 'NONE', *, *, #1460, .T. ) ;
#1742 = LINE ( 'NONE', #756, #150 ) ;
#1743 = LINE ( 'NONE', #1362, #593 ) ;
#1744 = VERTEX_POINT ( 'NONE', #1537 ) ;
#1745 = FACE_BOUND ( 'NONE', #1553, .T. ) ;
#1746 = ADVANCED_FACE ( 'NONE', ( #1727 ), #1773, .T. ) ;
#1747 = CARTESIAN_POINT ( 'NONE',  ( -2.540000000000000036, -0.5590000000000000524, -2.158999999999999808 ) ) ;
#1748 = CARTESIAN_POINT ( 'NONE',  ( -6.000000000000000000, 3.620999999999999996, 2.158999999999999808 ) ) ;
#1749 = CARTESIAN_POINT ( 'NONE',  ( -4.751999999999999780, -6.000000000000000000, 0.07599999999999999811 ) ) ;
#1750 = VECTOR ( 'NONE', #1387, 1000.000000000000000 ) ;
#1751 = ORIENTED_EDGE ( 'NONE', *, *, #2022, .T. ) ;
#1752 = CARTESIAN_POINT ( 'NONE',  ( -2.209999999999999964, -6.665584900902570276, -2.996999999999999886 ) ) ;
#1753 = LINE ( 'NONE', #1560, #2135 ) ;
#1754 = ORIENTED_EDGE ( 'NONE', *, *, #52, .F. ) ;
#1755 = VERTEX_POINT ( 'NONE', #2053 ) ;
#1756 = DIRECTION ( 'NONE',  ( 0.000000000000000000, -1.000000000000000000, 0.000000000000000000 ) ) ;
#1757 = DIRECTION ( 'NONE',  ( 0.000000000000000000, 0.000000000000000000, -1.000000000000000000 ) ) ;
#1758 = EDGE_CURVE ( 'NONE', #650, #2056, #1753, .T. ) ;
#1759 = PLANE ( 'NONE',  #2073 ) ;
#1760 = LINE ( 'NONE', #248, #63 ) ;
#1761 = VERTEX_POINT ( 'NONE', #1416 ) ;
#1762 = FILL_AREA_STYLE_COLOUR ( '', #1796 ) ;
#1763 =( GEOMETRIC_REPRESENTATION_CONTEXT ( 3 ) GLOBAL_UNCERTAINTY_ASSIGNED_CONTEXT ( ( #170 ) ) GLOBAL_UNIT_ASSIGNED_CONTEXT ( ( #1624, #11, #349 ) ) REPRESENTATION_CONTEXT ( 'NONE', 'WORKASPACE' ) );
#1764 = VECTOR ( 'NONE', #678, 1000.000000000000000 ) ;
#1765 = ORIENTED_EDGE ( 'NONE', *, *, #1036, .F. ) ;
#1766 = AXIS2_PLACEMENT_3D ( 'NONE', #578, #1064, #1079 ) ;
#1767 = VECTOR ( 'NONE', #184, 1000.000000000000000 ) ;
#1768 = CARTESIAN_POINT ( 'NONE',  ( -4.855033346725590171, 4.474033346725589944, -1.459196866211330157 ) ) ;
#1769 = ORIENTED_EDGE ( 'NONE', *, *, #228, .T. ) ;
#1770 = CARTESIAN_POINT ( 'NONE',  ( -6.000000000000000000, 2.898588720506420024, 2.884851333205449730 ) ) ;
#1771 = ORIENTED_EDGE ( 'NONE', *, *, #272, .F. ) ;
#1772 = CARTESIAN_POINT ( 'NONE',  ( -4.750000000000000000, 5.120999999999999552, -1.012999999999999901 ) ) ;
#1773 = PLANE ( 'NONE',  #1199 ) ;
#1774 = AXIS2_PLACEMENT_3D ( 'NONE', #1986, #2128, #1275 ) ;
#1775 = EDGE_LOOP ( 'NONE', ( #175, #331, #1346, #743, #1803, #1551, #1540, #273, #1056, #514 ) ) ;
#1776 = DIRECTION ( 'NONE',  ( 1.000000000000000000, 0.000000000000000000, 0.000000000000000000 ) ) ;
#1777 = VERTEX_POINT ( 'NONE', #586 ) ;
#1778 = CARTESIAN_POINT ( 'NONE',  ( 2.540000000000000036, -0.5590000000000000524, -2.156000000000000139 ) ) ;
#1779 = PLANE ( 'NONE',  #922 ) ;
#1780 = DIRECTION ( 'NONE',  ( -0.06696345161239278254, 0.000000000000000000, 0.9977554290246456459 ) ) ;
#1781 = LINE ( 'NONE', #804, #1383 ) ;
#1782 = EDGE_LOOP ( 'NONE', ( #1808, #376, #1164, #64 ) ) ;
#1783 = DIRECTION ( 'NONE',  ( -0.000000000000000000, 0.9965929962951464161, 0.08247666176235715629 ) ) ;
#1784 = EDGE_CURVE ( 'NONE', #1233, #1542, #1890, .T. ) ;
#1785 = CARTESIAN_POINT ( 'NONE',  ( 4.690928233002280123, 4.300813798258615428, 0.9240832710416759799 ) ) ;
#1786 = ORIENTED_EDGE ( 'NONE', *, *, #392, .F. ) ;
#1787 = CARTESIAN_POINT ( 'NONE',  ( -4.690928233002280123, 4.300813798258615428, 0.9240832710416759799 ) ) ;
#1788 = EDGE_LOOP ( 'NONE', ( #714, #799, #1317, #1329 ) ) ;
#1789 = DIRECTION ( 'NONE',  ( 0.000000000000000000, 0.000000000000000000, -1.000000000000000000 ) ) ;
#1790 = CARTESIAN_POINT ( 'NONE',  ( -4.902000000000000135, -4.520999999999999908, -2.158999999999999808 ) ) ;
#1791 = ORIENTED_EDGE ( 'NONE', *, *, #417, .F. ) ;
#1792 = DIRECTION ( 'NONE',  ( -0.9974172111285459774, 0.000000000000000000, -0.07182553128626080474 ) ) ;
#1793 = PRESENTATION_STYLE_ASSIGNMENT (( #1111 ) ) ;
#1794 = PRODUCT_DEFINITION_SHAPE ( 'NONE', 'NONE',  #1045 ) ;
#1795 = ORIENTED_EDGE ( 'NONE', *, *, #579, .F. ) ;
#1796 = COLOUR_RGB ( '',0.000000000000000000, 0.000000000000000000, 0.000000000000000000 ) ;
#1797 = DIRECTION ( 'NONE',  ( 1.000000000000000000, 0.000000000000000000, 0.000000000000000000 ) ) ;
#1798 = AXIS2_PLACEMENT_3D ( 'NONE', #531, #1714, #1026 ) ;
#1799 = ORIENTED_EDGE ( 'NONE', *, *, #1861, .T. ) ;
#1800 = EDGE_CURVE ( 'NONE', #403, #1505, #1246, .T. ) ;
#1801 = CARTESIAN_POINT ( 'NONE',  ( -0.6474999999999999645, -4.493041170375384752, 0.3944606185525975084 ) ) ;
#1802 = CARTESIAN_POINT ( 'NONE',  ( 2.540000000000000036, 4.520999999999999908, -2.156000000000000139 ) ) ;
#1803 = ORIENTED_EDGE ( 'NONE', *, *, #1036, .T. ) ;
#1804 = VECTOR ( 'NONE', #1863, 1000.000000000000000 ) ;
#1805 = DIRECTION ( 'NONE',  ( 1.000000000000000000, 0.000000000000000000, 0.000000000000000000 ) ) ;
#1806 = EDGE_LOOP ( 'NONE', ( #1604, #2153, #119, #1652, #1660 ) ) ;
#1807 = CARTESIAN_POINT ( 'NONE',  ( 4.750000000000000000, 5.120999999999999552, -1.012999999999999901 ) ) ;
#1808 = ORIENTED_EDGE ( 'NONE', *, *, #1337, .F. ) ;
#1809 = SURFACE_STYLE_FILL_AREA ( #1605 ) ;
#1810 = LINE ( 'NONE', #1470, #76 ) ;
#1811 = PLANE ( 'NONE',  #2061 ) ;
#1812 = ORIENTED_EDGE ( 'NONE', *, *, #1833, .T. ) ;
#1813 = LINE ( 'NONE', #1120, #2037 ) ;
#1814 =( NAMED_UNIT ( * ) PLANE_ANGLE_UNIT ( ) SI_UNIT ( $, .RADIAN. ) );
#1815 = ORIENTED_EDGE ( 'NONE', *, *, #560, .F. ) ;
#1816 = SURFACE_STYLE_USAGE ( .BOTH. , #2 ) ;
#1817 = VECTOR ( 'NONE', #550, 1000.000000000000000 ) ;
#1818 = ORIENTED_EDGE ( 'NONE', *, *, #1698, .F. ) ;
#1819 = ORIENTED_EDGE ( 'NONE', *, *, #2089, .T. ) ;
#1820 = LINE ( 'NONE', #783, #807 ) ;
#1821 = EDGE_CURVE ( 'NONE', #1266, #1613, #1198, .T. ) ;
#1822 = ORIENTED_EDGE ( 'NONE', *, *, #275, .F. ) ;
#1823 = PLANE ( 'NONE',  #251 ) ;
#1824 = SURFACE_STYLE_FILL_AREA ( #787 ) ;
#1825 = AXIS2_PLACEMENT_3D ( 'NONE', #562, #388, #1392 ) ;
#1826 = EDGE_LOOP ( 'NONE', ( #1610, #1795, #2145, #97 ) ) ;
#1827 = PLANE ( 'NONE',  #380 ) ;
#1828 = DIRECTION ( 'NONE',  ( 0.000000000000000000, 0.000000000000000000, 1.000000000000000000 ) ) ;
#1829 = DIRECTION ( 'NONE',  ( 0.000000000000000000, -1.000000000000000000, 0.000000000000000000 ) ) ;
#1830 = VECTOR ( 'NONE', #2052, 1000.000000000000000 ) ;
#1831 = MECHANICAL_DESIGN_GEOMETRIC_PRESENTATION_REPRESENTATION (  '', ( #772 ), #1213 ) ;
#1832 = DIRECTION ( 'NONE',  ( 0.000000000000000000, 1.000000000000000000, 0.000000000000000000 ) ) ;
#1833 = EDGE_CURVE ( 'NONE', #2086, #1146, #402, .T. ) ;
#1834 = VECTOR ( 'NONE', #256, 1000.000000000000000 ) ;
#1835 = VECTOR ( 'NONE', #526, 1000.000000000000000 ) ;
#1836 = CARTESIAN_POINT ( 'NONE',  ( 4.751999999999999780, -4.520999999999999908, 0.07599999999999999811 ) ) ;
#1837 = ORIENTED_EDGE ( 'NONE', *, *, #1900, .T. ) ;
#1838 = CARTESIAN_POINT ( 'NONE',  ( 4.855033346725590171, 4.474033346725589944, -1.459196866211327936 ) ) ;
#1839 = ADVANCED_FACE ( 'NONE', ( #90 ), #1905, .T. ) ;
#1840 = CARTESIAN_POINT ( 'NONE',  ( -6.000000000000000000, -4.520999999999999908, 0.07599999999999999811 ) ) ;
#1841 = ORIENTED_EDGE ( 'NONE', *, *, #330, .T. ) ;
#1842 =( GEOMETRIC_REPRESENTATION_CONTEXT ( 3 ) GLOBAL_UNCERTAINTY_ASSIGNED_CONTEXT ( ( #13 ) ) GLOBAL_UNIT_ASSIGNED_CONTEXT ( ( #971, #769, #1263 ) ) REPRESENTATION_CONTEXT ( 'NONE', 'WORKASPACE' ) );
#1843 = DIRECTION ( 'NONE',  ( 0.9130569412034917898, -0.4078321004042267939, 0.000000000000000000 ) ) ;
#1844 = CYLINDRICAL_SURFACE ( 'NONE', #1609, 0.2400000000000000189 ) ;
#1845 = CARTESIAN_POINT ( 'NONE',  ( 0.6474999999999999645, -4.520999999999999908, 0.07599999999999999811 ) ) ;
#1846 = LINE ( 'NONE', #1881, #892 ) ;
#1847 = VERTEX_POINT ( 'NONE', #877 ) ;
#1848 = VERTEX_POINT ( 'NONE', #1048 ) ;
#1849 = DIRECTION ( 'NONE',  ( -1.000000000000000000, 0.000000000000000000, 0.000000000000000000 ) ) ;
#1850 = CARTESIAN_POINT ( 'NONE',  ( -2.870000000000000107, -6.665584900902570276, 2.158999999999999808 ) ) ;
#1851 = EDGE_CURVE ( 'NONE', #1233, #455, #2072, .T. ) ;
#1852 = DIRECTION ( 'NONE',  ( -0.000000000000000000, 0.9977554290246457569, 0.06696345161239239396 ) ) ;
#1853 = AXIS2_PLACEMENT_3D ( 'NONE', #25, #2069, #1916 ) ;
#1854 = DIRECTION ( 'NONE',  ( -1.000000000000000000, 0.000000000000000000, 0.000000000000000000 ) ) ;
#1855 = ORIENTED_EDGE ( 'NONE', *, *, #522, .F. ) ;
#1856 = AXIS2_PLACEMENT_3D ( 'NONE', #943, #795, #1472 ) ;
#1857 = ORIENTED_EDGE ( 'NONE', *, *, #2077, .T. ) ;
#1858 = CARTESIAN_POINT ( 'NONE',  ( -2.870000000000000107, -7.200122330668610182, -1.597642439218809995 ) ) ;
#1859 = CARTESIAN_POINT ( 'NONE',  ( -3.187500000000000000, -6.665584900902570276, 0.07599999999999999811 ) ) ;
#1860 =( NAMED_UNIT ( * ) SI_UNIT ( $, .STERADIAN. ) SOLID_ANGLE_UNIT ( ) );
#1861 = EDGE_CURVE ( 'NONE', #1266, #1848, #2097, .T. ) ;
#1862 = EDGE_CURVE ( 'NONE', #470, #958, #870, .T. ) ;
#1863 = DIRECTION ( 'NONE',  ( 0.000000000000000000, -1.000000000000000000, -3.287044878290605345E-16 ) ) ;
#1864 = EDGE_CURVE ( 'NONE', #1892, #437, #236, .T. ) ;
#1865 = CARTESIAN_POINT ( 'NONE',  ( -6.000000000000000000, -4.520999999999999908, 0.07599999999999999811 ) ) ;
#1866 = STYLED_ITEM ( 'NONE', ( #215 ), #912 ) ;
#1867 = VECTOR ( 'NONE', #1647, 1000.000000000000227 ) ;
#1868 = VECTOR ( 'NONE', #270, 1000.000000000000000 ) ;
#1869 = VECTOR ( 'NONE', #83, 1000.000000000000227 ) ;
#1870 = VECTOR ( 'NONE', #1068, 1000.000000000000000 ) ;
#1871 = DIRECTION ( 'NONE',  ( 0.4130676549920493379, 0.9107003417147536695, 2.993512893890984605E-16 ) ) ;
#1872 = ORIENTED_EDGE ( 'NONE', *, *, #2060, .F. ) ;
#1873 = SURFACE_STYLE_USAGE ( .BOTH. , #1341 ) ;
#1874 = DIRECTION ( 'NONE',  ( 0.000000000000000000, 3.287044878290605345E-16, -1.000000000000000000 ) ) ;
#1875 = CARTESIAN_POINT ( 'NONE',  ( 0.000000000000000000, 1.574999999999999956, 2.059000000000000163 ) ) ;
#1876 = ORIENTED_EDGE ( 'NONE', *, *, #347, .F. ) ;
#1877 =( LENGTH_UNIT ( ) NAMED_UNIT ( * ) SI_UNIT ( .MILLI., .METRE. ) );
#1878 = DIRECTION ( 'NONE',  ( 0.000000000000000000, 0.000000000000000000, -1.000000000000000000 ) ) ;
#1879 = EDGE_CURVE ( 'NONE', #1542, #1261, #899, .T. ) ;
#1880 = CARTESIAN_POINT ( 'NONE',  ( -3.187500000000000000, -6.607514332372599775, 1.335137820090702032 ) ) ;
#1881 = CARTESIAN_POINT ( 'NONE',  ( 0.1306795964846339808, -1.505031459834109908, 0.07600000000000101119 ) ) ;
#1882 = DIRECTION ( 'NONE',  ( -1.000000000000000000, 0.000000000000000000, 0.000000000000000000 ) ) ;
#1883 = DIRECTION ( 'NONE',  ( 0.000000000000000000, 0.000000000000000000, -1.000000000000000000 ) ) ;
#1884 = ORIENTED_EDGE ( 'NONE', *, *, #848, .T. ) ;
#1885 = CARTESIAN_POINT ( 'NONE',  ( -1.270000000000000018, 1.574999999999999956, 2.059000000000000163 ) ) ;
#1886 = LINE ( 'NONE', #1370, #107 ) ;
#1887 = FACE_OUTER_BOUND ( 'NONE', #79, .T. ) ;
#1888 = ORIENTED_EDGE ( 'NONE', *, *, #288, .F. ) ;
#1889 = DIRECTION ( 'NONE',  ( -1.000000000000000000, 0.000000000000000000, 0.000000000000000000 ) ) ;
#1890 = CIRCLE ( 'NONE', #1238, 0.2399999999999997691 ) ;
#1891 = DIRECTION ( 'NONE',  ( 1.000000000000000000, 0.000000000000000000, 0.000000000000000000 ) ) ;
#1892 = VERTEX_POINT ( 'NONE', #1546 ) ;
#1893 = LINE ( 'NONE', #1037, #1972 ) ;
#1894 = DIRECTION ( 'NONE',  ( -1.000000000000000000, 0.000000000000000000, 0.000000000000000000 ) ) ;
#1895 = DIRECTION ( 'NONE',  ( 0.000000000000000000, 0.000000000000000000, -1.000000000000000000 ) ) ;
#1896 =( GEOMETRIC_REPRESENTATION_CONTEXT ( 3 ) GLOBAL_UNCERTAINTY_ASSIGNED_CONTEXT ( ( #1556 ) ) GLOBAL_UNIT_ASSIGNED_CONTEXT ( ( #900, #1244, #1405 ) ) REPRESENTATION_CONTEXT ( 'NONE', 'WORKASPACE' ) );
#1897 = VERTEX_POINT ( 'NONE', #62 ) ;
#1898 = FACE_OUTER_BOUND ( 'NONE', #1955, .T. ) ;
#1899 = FACE_OUTER_BOUND ( 'NONE', #1202, .T. ) ;
#1900 = EDGE_CURVE ( 'NONE', #1645, #120, #537, .T. ) ;
#1901 = PRODUCT_DEFINITION_CONTEXT ( 'detailed design', #576, 'design' ) ;
#1902 = VECTOR ( 'NONE', #1725, 1000.000000000000000 ) ;
#1903 = FACE_OUTER_BOUND ( 'NONE', #116, .T. ) ;
#1904 = EDGE_CURVE ( 'NONE', #945, #160, #1570, .T. ) ;
#1905 = CYLINDRICAL_SURFACE ( 'NONE', #2099, 0.6999999999999998446 ) ;
#1906 = EDGE_LOOP ( 'NONE', ( #337, #681, #479, #1754, #691, #2109 ) ) ;
#1907 = DIRECTION ( 'NONE',  ( 0.000000000000000000, -1.000000000000000000, -3.287044878290605345E-16 ) ) ;
#1908 = CIRCLE ( 'NONE', #118, 0.2399999999999997691 ) ;
#1909 = CARTESIAN_POINT ( 'NONE',  ( -3.187500000000000000, -4.480878288258935527, 0.5330000000000000293 ) ) ;
#1910 = EDGE_CURVE ( 'NONE', #437, #425, #51, .T. ) ;
#1911 = ORIENTED_EDGE ( 'NONE', *, *, #431, .F. ) ;
#1912 = CARTESIAN_POINT ( 'NONE',  ( -2.870000000000000107, -7.886255170611041088, -2.158999999999999808 ) ) ;
#1913 = CARTESIAN_POINT ( 'NONE',  ( -4.761231444852240813, -4.532254622790419241, -0.05219399751477810101 ) ) ;
#1914 = ORIENTED_EDGE ( 'NONE', *, *, #1862, .T. ) ;
#1915 = DIRECTION ( 'NONE',  ( 0.000000000000000000, 0.9801897713463231243, -0.1980606274554410351 ) ) ;
#1916 = DIRECTION ( 'NONE',  ( -0.4130676549920493934, 0.9107003417147537805, 0.000000000000000000 ) ) ;
#1917 = PRESENTATION_STYLE_ASSIGNMENT (( #1047 ) ) ;
#1918 = SURFACE_STYLE_FILL_AREA ( #1557 ) ;
#1919 = ORIENTED_EDGE ( 'NONE', *, *, #994, .T. ) ;
#1920 = ORIENTED_EDGE ( 'NONE', *, *, #1223, .T. ) ;
#1921 = DIRECTION ( 'NONE',  ( -1.000000000000000000, 0.000000000000000000, 0.000000000000000000 ) ) ;
#1922 = ADVANCED_FACE ( 'NONE', ( #887 ), #1060, .F. ) ;
#1923 = ORIENTED_EDGE ( 'NONE', *, *, #745, .T. ) ;
#1924 = CARTESIAN_POINT ( 'NONE',  ( -0.1306795964846339808, -1.505031459834109908, 0.5330000000000000293 ) ) ;
#1925 = CARTESIAN_POINT ( 'NONE',  ( 0.1306795964846339808, -1.505031459834109908, 0.5330000000000000293 ) ) ;
#1926 = VECTOR ( 'NONE', #1184, 1000.000000000000000 ) ;
#1927 = ORIENTED_EDGE ( 'NONE', *, *, #1879, .T. ) ;
#1928 = SURFACE_SIDE_STYLE ('',( #889 ) ) ;
#1929 = CARTESIAN_POINT ( 'NONE',  ( 0.000000000000000000, 4.520999999999999908, -2.158999999999999808 ) ) ;
#1930 = ORIENTED_EDGE ( 'NONE', *, *, #1313, .T. ) ;
#1931 = CARTESIAN_POINT ( 'NONE',  ( -4.751999999999999780, 4.370999999999999552, 0.07599999999999999811 ) ) ;
#1932 = EDGE_CURVE ( 'NONE', #294, #936, #1760, .T. ) ;
#1933 = EDGE_CURVE ( 'NONE', #1761, #1690, #1586, .T. ) ;
#1934 = ORIENTED_EDGE ( 'NONE', *, *, #1864, .T. ) ;
#1935 = CARTESIAN_POINT ( 'NONE',  ( 2.209999999999999964, -6.665584900902570276, 2.158999999999999808 ) ) ;
#1936 = ADVANCED_FACE ( 'NONE', ( #1292 ), #1811, .F. ) ;
#1937 = VECTOR ( 'NONE', #1497, 1000.000000000000000 ) ;
#1938 = PLANE ( 'NONE',  #1004 ) ;
#1939 = DIRECTION ( 'NONE',  ( 0.000000000000000000, 0.000000000000000000, 1.000000000000000000 ) ) ;
#1940 = SURFACE_SIDE_STYLE ('',( #249 ) ) ;
#1941 = ORIENTED_EDGE ( 'NONE', *, *, #603, .F. ) ;
#1942 = CARTESIAN_POINT ( 'NONE',  ( -3.187500000000000000, -8.916000000000000369, 0.000000000000000000 ) ) ;
#1943 = VECTOR ( 'NONE', #630, 1000.000000000000000 ) ;
#1944 = ORIENTED_EDGE ( 'NONE', *, *, #121, .F. ) ;
#1945 = AXIS2_PLACEMENT_3D ( 'NONE', #1260, #1444, #96 ) ;
#1946 = DIRECTION ( 'NONE',  ( -6.222107159170759243E-16, 1.000000000000000000, 0.000000000000000000 ) ) ;
#1947 = ORIENTED_EDGE ( 'NONE', *, *, #2134, .T. ) ;
#1948 = DIRECTION ( 'NONE',  ( 0.000000000000000000, 0.000000000000000000, -1.000000000000000000 ) ) ;
#1949 = ADVANCED_FACE ( 'NONE', ( #1951 ), #594, .T. ) ;
#1950 = FILL_AREA_STYLE ('',( #876 ) ) ;
#1951 = FACE_OUTER_BOUND ( 'NONE', #749, .T. ) ;
#1952 = ORIENTED_EDGE ( 'NONE', *, *, #2077, .F. ) ;
#1953 = DIRECTION ( 'NONE',  ( -1.000000000000000000, -7.344299220900960394E-16, 0.000000000000000000 ) ) ;
#1954 = DIRECTION ( 'NONE',  ( 0.000000000000000000, -1.000000000000000000, -3.287044878290605345E-16 ) ) ;
#1955 = EDGE_LOOP ( 'NONE', ( #504, #32, #730, #1140 ) ) ;
#1956 = LINE ( 'NONE', #435, #1357 ) ;
#1957 = ORIENTED_EDGE ( 'NONE', *, *, #1630, .T. ) ;
#1958 = SURFACE_SIDE_STYLE ('',( #1095 ) ) ;
#1959 = ORIENTED_EDGE ( 'NONE', *, *, #131, .F. ) ;
#1960 = PRESENTATION_STYLE_ASSIGNMENT (( #1450 ) ) ;
#1961 = LINE ( 'NONE', #227, #1441 ) ;
#1962 = VERTEX_POINT ( 'NONE', #1608 ) ;
#1963 =( LENGTH_UNIT ( ) NAMED_UNIT ( * ) SI_UNIT ( .MILLI., .METRE. ) );
#1964 = ORIENTED_EDGE ( 'NONE', *, *, #131, .T. ) ;
#1965 = CARTESIAN_POINT ( 'NONE',  ( -3.187500000000000000, -7.886255170611041088, -1.701999999999999957 ) ) ;
#1966 =( NAMED_UNIT ( * ) PLANE_ANGLE_UNIT ( ) SI_UNIT ( $, .RADIAN. ) );
#1967 = DIRECTION ( 'NONE',  ( -1.000000000000000000, 0.000000000000000000, 0.000000000000000000 ) ) ;
#1968 = ADVANCED_FACE ( 'NONE', ( #2119 ), #1597, .F. ) ;
#1969 = ORIENTED_EDGE ( 'NONE', *, *, #1933, .F. ) ;
#1970 = DIRECTION ( 'NONE',  ( -1.000000000000000000, 8.537024980200829953E-17, 0.000000000000000000 ) ) ;
#1971 = EDGE_LOOP ( 'NONE', ( #111, #589, #1658, #1751, #606 ) ) ;
#1972 = VECTOR ( 'NONE', #1849, 1000.000000000000000 ) ;
#1973 = DIRECTION ( 'NONE',  ( 0.000000000000000000, 0.000000000000000000, -1.000000000000000000 ) ) ;
#1974 = EDGE_CURVE ( 'NONE', #950, #1892, #1781, .T. ) ;
#1975 = STYLED_ITEM ( 'NONE', ( #141 ), #1084 ) ;
#1976 = ORIENTED_EDGE ( 'NONE', *, *, #1072, .T. ) ;
#1977 = CARTESIAN_POINT ( 'NONE',  ( 2.209999999999999964, -7.886255170611041088, -1.701999999999999957 ) ) ;
#1978 = DIRECTION ( 'NONE',  ( 0.000000000000000000, 0.000000000000000000, 1.000000000000000000 ) ) ;
#1979 = MECHANICAL_DESIGN_GEOMETRIC_PRESENTATION_REPRESENTATION (  '', ( #257 ), #1592 ) ;
#1980 = VERTEX_POINT ( 'NONE', #1106 ) ;
#1981 = FACE_OUTER_BOUND ( 'NONE', #1971, .T. ) ;
#1982 = LINE ( 'NONE', #322, #1250 ) ;
#1983 = VERTEX_POINT ( 'NONE', #447 ) ;
#1984 = CARTESIAN_POINT ( 'NONE',  ( -3.187500000000000000, 0.000000000000000000, 0.000000000000000000 ) ) ;
#1985 = ORIENTED_EDGE ( 'NONE', *, *, #1499, .T. ) ;
#1986 = CARTESIAN_POINT ( 'NONE',  ( 0.000000000000000000, 4.520999999999999908, -2.156000000000000139 ) ) ;
#1987 = ADVANCED_FACE ( 'NONE', ( #271 ), #1643, .T. ) ;
#1988 = FACE_OUTER_BOUND ( 'NONE', #1595, .T. ) ;
#1989 = ORIENTED_EDGE ( 'NONE', *, *, #694, .F. ) ;
#1990 = DIRECTION ( 'NONE',  ( 0.000000000000000000, -1.000000000000000000, 0.000000000000000000 ) ) ;
#1991 = ORIENTED_EDGE ( 'NONE', *, *, #192, .F. ) ;
#1992 = CARTESIAN_POINT ( 'NONE',  ( 0.6474999999999999645, -2.520999999999999908, 0.07599999999999999811 ) ) ;
#1993 = DIRECTION ( 'NONE',  ( 1.000000000000000000, 6.195440985631460248E-16, 0.000000000000000000 ) ) ;
#1994 = VECTOR ( 'NONE', #407, 1000.000000000000000 ) ;
#1995 = PLANE ( 'NONE',  #737 ) ;
#1996 = DIRECTION ( 'NONE',  ( 0.000000000000000000, 1.000000000000000000, 0.000000000000000000 ) ) ;
#1997 = ORIENTED_EDGE ( 'NONE', *, *, #181, .F. ) ;
#1998 = LINE ( 'NONE', #1353, #1328 ) ;
#1999 = AXIS2_PLACEMENT_3D ( 'NONE', #1097, #2156, #933 ) ;
#2000 = UNCERTAINTY_MEASURE_WITH_UNIT (LENGTH_MEASURE( 1.000000000000000082E-05 ), #1963, 'distance_accuracy_value', 'NONE');
#2001 = EDGE_LOOP ( 'NONE', ( #2015, #363, #2067, #1200 ) ) ;
#2002 = DIRECTION ( 'NONE',  ( 0.000000000000000000, 0.1761717136911514214, -0.9843594502493095977 ) ) ;
#2003 = CARTESIAN_POINT ( 'NONE',  ( -2.870000000000000107, -1.021558182420238111E-16, -2.158999999999999808 ) ) ;
#2004 = CIRCLE ( 'NONE', #1041, 0.2429999999999999383 ) ;
#2005 = DIRECTION ( 'NONE',  ( 0.000000000000000000, 0.000000000000000000, 1.000000000000000000 ) ) ;
#2006 = AXIS2_PLACEMENT_3D ( 'NONE', #1029, #2068, #569 ) ;
#2007 = LINE ( 'NONE', #671, #1707 ) ;
#2008 = VERTEX_POINT ( 'NONE', #1243 ) ;
#2009 = SURFACE_STYLE_USAGE ( .BOTH. , #487 ) ;
#2010 = ADVANCED_FACE ( 'NONE', ( #1278 ), #109, .F. ) ;
#2011 = VERTEX_POINT ( 'NONE', #1802 ) ;
#2012 = PLANE ( 'NONE',  #554 ) ;
#2013 = FACE_OUTER_BOUND ( 'NONE', #157, .T. ) ;
#2014 = DIRECTION ( 'NONE',  ( 1.000000000000000000, 0.000000000000000000, 0.000000000000000000 ) ) ;
#2015 = ORIENTED_EDGE ( 'NONE', *, *, #443, .T. ) ;
#2016 = EDGE_CURVE ( 'NONE', #1577, #580, #290, .T. ) ;
#2017 = EDGE_CURVE ( 'NONE', #1338, #470, #963, .T. ) ;
#2018 = VERTEX_POINT ( 'NONE', #1326 ) ;
#2019 = EDGE_CURVE ( 'NONE', #1245, #1162, #2007, .T. ) ;
#2020 = DIRECTION ( 'NONE',  ( 1.000000000000000000, 0.000000000000000000, 0.000000000000000000 ) ) ;
#2021 = DIRECTION ( 'NONE',  ( 0.000000000000000000, 0.000000000000000000, 1.000000000000000000 ) ) ;
#2022 = EDGE_CURVE ( 'NONE', #437, #2051, #1343, .T. ) ;
#2023 = VECTOR ( 'NONE', #1375, 1000.000000000000000 ) ;
#2024 = CARTESIAN_POINT ( 'NONE',  ( -3.187500000000000000, -7.200122330668610182, -1.597642439218809995 ) ) ;
#2025 = LINE ( 'NONE', #676, #474 ) ;
#2026 = DIRECTION ( 'NONE',  ( 0.000000000000000000, 0.000000000000000000, -1.000000000000000000 ) ) ;
#2027 = AXIS2_PLACEMENT_3D ( 'NONE', #1447, #261, #1978 ) ;
#2028 = ORIENTED_EDGE ( 'NONE', *, *, #897, .F. ) ;
#2029 = CARTESIAN_POINT ( 'NONE',  ( -2.870000000000000107, -1.177361273946217941E-15, -1.701999999999999957 ) ) ;
#2030 = SURFACE_STYLE_USAGE ( .BOTH. , #1152 ) ;
#2031 = CARTESIAN_POINT ( 'NONE',  ( 0.000000000000000000, 1.574999999999999956, 2.059000000000000163 ) ) ;
#2032 = LINE ( 'NONE', #1363, #1148 ) ;
#2033 =( GEOMETRIC_REPRESENTATION_CONTEXT ( 3 ) GLOBAL_UNCERTAINTY_ASSIGNED_CONTEXT ( ( #49 ) ) GLOBAL_UNIT_ASSIGNED_CONTEXT ( ( #377, #692, #744 ) ) REPRESENTATION_CONTEXT ( 'NONE', 'WORKASPACE' ) );
#2034 = VECTOR ( 'NONE', #857, 1000.000000000000000 ) ;
#2035 = CARTESIAN_POINT ( 'NONE',  ( -5.431638825927450398, -1.017877253188521847, 0.07600000000000110834 ) ) ;
#2036 = AXIS2_PLACEMENT_3D ( 'NONE', #1770, #1734, #761 ) ;
#2037 = VECTOR ( 'NONE', #1611, 1000.000000000000000 ) ;
#2038 = VECTOR ( 'NONE', #231, 1000.000000000000000 ) ;
#2039 = VERTEX_POINT ( 'NONE', #484 ) ;
#2040 = LINE ( 'NONE', #705, #1287 ) ;
#2041 = CARTESIAN_POINT ( 'NONE',  ( -2.209999999999999964, -6.665584900902570276, 0.5330000000000000293 ) ) ;
#2042 = COLOUR_RGB ( '',0.000000000000000000, 0.000000000000000000, 0.000000000000000000 ) ;
#2043 = ORIENTED_EDGE ( 'NONE', *, *, #1430, .T. ) ;
#2044 = CARTESIAN_POINT ( 'NONE',  ( 2.870000000000000107, -1.021558182420238111E-16, -2.158999999999999808 ) ) ;
#2045 = CARTESIAN_POINT ( 'NONE',  ( 0.6474999999999999645, -6.520999999999999908, 0.07599999999999999811 ) ) ;
#2046 = EDGE_CURVE ( 'NONE', #425, #1777, #165, .T. ) ;
#2047 = DIRECTION ( 'NONE',  ( 6.195440985631453345E-16, 1.000000000000000000, 0.000000000000000000 ) ) ;
#2048 = PRESENTATION_LAYER_ASSIGNMENT (  '', '', ( #257 ) ) ;
#2049 = CARTESIAN_POINT ( 'NONE',  ( 3.187500000000000000, -6.900830446025690179, -0.1164654494106946020 ) ) ;
#2050 =( NAMED_UNIT ( * ) SI_UNIT ( $, .STERADIAN. ) SOLID_ANGLE_UNIT ( ) );
#2051 = VERTEX_POINT ( 'NONE', #1836 ) ;
#2052 = DIRECTION ( 'NONE',  ( 0.000000000000000000, 0.000000000000000000, -1.000000000000000000 ) ) ;
#2053 = CARTESIAN_POINT ( 'NONE',  ( -1.892500000000000071, -5.965584900902570098, 0.07599999999999999811 ) ) ;
#2054 = DIRECTION ( 'NONE',  ( 0.000000000000000000, 0.000000000000000000, 1.000000000000000000 ) ) ;
#2055 = EDGE_CURVE ( 'NONE', #393, #470, #2025, .T. ) ;
#2056 = VERTEX_POINT ( 'NONE', #1178 ) ;
#2057 = LINE ( 'NONE', #1216, #2038 ) ;
#2058 = CARTESIAN_POINT ( 'NONE',  ( 4.880225958311809720, -4.179064111168514728, -1.834566778845919899 ) ) ;
#2059 = VECTOR ( 'NONE', #584, 1000.000000000000000 ) ;
#2060 = EDGE_CURVE ( 'NONE', #253, #1295, #1189, .T. ) ;
#2061 = AXIS2_PLACEMENT_3D ( 'NONE', #2108, #1096, #100 ) ;
#2062 = ORIENTED_EDGE ( 'NONE', *, *, #2046, .T. ) ;
#2063 = PLANE ( 'NONE',  #207 ) ;
#2064 = CARTESIAN_POINT ( 'NONE',  ( -4.902000000000000135, 4.520999999999999908, -2.158999999999999808 ) ) ;
#2065 = ADVANCED_FACE ( 'NONE', ( #1713 ), #993, .F. ) ;
#2066 = CARTESIAN_POINT ( 'NONE',  ( -3.187500000000000000, -7.886255170611041088, -2.158999999999999808 ) ) ;
#2067 = ORIENTED_EDGE ( 'NONE', *, *, #998, .F. ) ;
#2068 = DIRECTION ( 'NONE',  ( 1.000000000000000000, 0.000000000000000000, 0.000000000000000000 ) ) ;
#2069 = DIRECTION ( 'NONE',  ( -0.9107003417147537805, -0.4130676549920493934, 0.000000000000000000 ) ) ;
#2070 = PRESENTATION_LAYER_ASSIGNMENT (  '', '', ( #1866 ) ) ;
#2071 = DIRECTION ( 'NONE',  ( 1.000000000000000000, 0.000000000000000000, 0.000000000000000000 ) ) ;
#2072 = LINE ( 'NONE', #2049, #1491 ) ;
#2073 = AXIS2_PLACEMENT_3D ( 'NONE', #913, #1585, #88 ) ;
#2074 = PRESENTATION_LAYER_ASSIGNMENT (  '', '', ( #1654 ) ) ;
#2075 = ORIENTED_EDGE ( 'NONE', *, *, #873, .F. ) ;
#2076 = LINE ( 'NONE', #1208, #660 ) ;
#2077 = EDGE_CURVE ( 'NONE', #1962, #132, #483, .T. ) ;
#2078 = CARTESIAN_POINT ( 'NONE',  ( 4.750000000000000000, 4.356477781265409632, 0.2923810591453290253 ) ) ;
#2079 = EDGE_LOOP ( 'NONE', ( #9, #1256, #1989, #1449, #1400, #500 ) ) ;
#2080 = FACE_OUTER_BOUND ( 'NONE', #1634, .T. ) ;
#2081 = VERTEX_POINT ( 'NONE', #1008 ) ;
#2082 = AXIS2_PLACEMENT_3D ( 'NONE', #2031, #826, #2171 ) ;
#2083 = CARTESIAN_POINT ( 'NONE',  ( -3.187500000000000000, -2.302985817852400217E-17, 0.07600000000000151079 ) ) ;
#2084 = CARTESIAN_POINT ( 'NONE',  ( 2.209999999999999964, -6.607514332372599775, 1.335137820090702032 ) ) ;
#2085 = DIRECTION ( 'NONE',  ( 0.9974172111285459774, 0.000000000000000000, -0.07182553128626072148 ) ) ;
#2086 = VERTEX_POINT ( 'NONE', #179 ) ;
#2087 = EDGE_CURVE ( 'NONE', #854, #1301, #856, .T. ) ;
#2088 = CARTESIAN_POINT ( 'NONE',  ( -4.751999999999999780, -4.520999999999999908, 0.07599999999999999811 ) ) ;
#2089 = EDGE_CURVE ( 'NONE', #1382, #1247, #1886, .T. ) ;
#2090 = ADVANCED_FACE ( 'NONE', ( #1509 ), #28, .T. ) ;
#2091 = ORIENTED_EDGE ( 'NONE', *, *, #525, .F. ) ;
#2092 = DIRECTION ( 'NONE',  ( -0.000000000000000000, 1.000000000000000000, 0.000000000000000000 ) ) ;
#2093 = ORIENTED_EDGE ( 'NONE', *, *, #1684, .T. ) ;
#2094 = LINE ( 'NONE', #534, #422 ) ;
#2095 = CARTESIAN_POINT ( 'NONE',  ( -5.431638825927450398, -1.017877253188521847, 0.5330000000000000293 ) ) ;
#2096 = PLANE ( 'NONE',  #1327 ) ;
#2097 = LINE ( 'NONE', #1205, #863 ) ;
#2098 =( LENGTH_UNIT ( ) NAMED_UNIT ( * ) SI_UNIT ( .MILLI., .METRE. ) );
#2099 = AXIS2_PLACEMENT_3D ( 'NONE', #1720, #1891, #74 ) ;
#2100 = ORIENTED_EDGE ( 'NONE', *, *, #1072, .F. ) ;
#2101 = CARTESIAN_POINT ( 'NONE',  ( -1.892500000000000071, 0.000000000000000000, 0.000000000000000000 ) ) ;
#2102 = ORIENTED_EDGE ( 'NONE', *, *, #218, .F. ) ;
#2103 = EDGE_CURVE ( 'NONE', #828, #1755, #1166, .T. ) ;
#2104 = EDGE_LOOP ( 'NONE', ( #695, #1415, #1819, #878 ) ) ;
#2105 = DIRECTION ( 'NONE',  ( 0.000000000000000000, 0.08745727838274552912, 0.9961682711559743941 ) ) ;
#2106 = COLOUR_RGB ( '',0.7921568627450980005, 0.8196078431372548767, 0.9333333333333333481 ) ;
#2107 = DIRECTION ( 'NONE',  ( 0.000000000000000000, 0.08745727838274552912, 0.9961682711559743941 ) ) ;
#2108 = CARTESIAN_POINT ( 'NONE',  ( -3.320357677769325202E-15, 4.520999999999999908, -2.156000000000000139 ) ) ;
#2109 = ORIENTED_EDGE ( 'NONE', *, *, #121, .T. ) ;
#2110 = VECTOR ( 'NONE', #2020, 1000.000000000000000 ) ;
#2111 = LINE ( 'NONE', #1785, #780 ) ;
#2112 = VERTEX_POINT ( 'NONE', #15 ) ;
#2113 = VECTOR ( 'NONE', #282, 1000.000000000000000 ) ;
#2114 = LINE ( 'NONE', #1602, #1290 ) ;
#2115 = ORIENTED_EDGE ( 'NONE', *, *, #264, .T. ) ;
#2116 = DIRECTION ( 'NONE',  ( 0.000000000000000000, 0.000000000000000000, -1.000000000000000000 ) ) ;
#2117 = DIRECTION ( 'NONE',  ( 0.000000000000000000, 0.000000000000000000, -1.000000000000000000 ) ) ;
#2118 = VECTOR ( 'NONE', #115, 1000.000000000000000 ) ;
#2119 = FACE_OUTER_BOUND ( 'NONE', #1000, .T. ) ;
#2120 = SHAPE_DEFINITION_REPRESENTATION ( #1794, #193 ) ;
#2121 = ORIENTED_EDGE ( 'NONE', *, *, #501, .T. ) ;
#2122 = FACE_OUTER_BOUND ( 'NONE', #1826, .T. ) ;
#2123 = CARTESIAN_POINT ( 'NONE',  ( -4.750000000000000000, 5.120999999999999552, -1.012999999999999901 ) ) ;
#2124 = ORIENTED_EDGE ( 'NONE', *, *, #679, .F. ) ;
#2125 = FACE_OUTER_BOUND ( 'NONE', #1154, .T. ) ;
#2126 = VERTEX_POINT ( 'NONE', #1151 ) ;
#2127 = ADVANCED_FACE ( 'NONE', ( #2013 ), #1844, .F. ) ;
#2128 = DIRECTION ( 'NONE',  ( 0.000000000000000000, -1.000000000000000000, 0.000000000000000000 ) ) ;
#2129 = EDGE_CURVE ( 'NONE', #1427, #393, #833, .T. ) ;
#2130 = CARTESIAN_POINT ( 'NONE',  ( 4.750000000000000000, 5.120999999999999552, -2.156000000000000139 ) ) ;
#2131 = SURFACE_STYLE_FILL_AREA ( #2155 ) ;
#2132 = ORIENTED_EDGE ( 'NONE', *, *, #579, .T. ) ;
#2133 = LINE ( 'NONE', #616, #976 ) ;
#2134 = EDGE_CURVE ( 'NONE', #238, #1744, #3, .T. ) ;
#2135 = VECTOR ( 'NONE', #1051, 1000.000000000000000 ) ;
#2136 = VERTEX_POINT ( 'NONE', #1158 ) ;
#2137 = DIRECTION ( 'NONE',  ( -0.9130569412034917898, -0.4078321004042267939, 0.000000000000000000 ) ) ;
#2138 = EDGE_CURVE ( 'NONE', #1338, #1427, #1526, .T. ) ;
#2139 = ORIENTED_EDGE ( 'NONE', *, *, #202, .T. ) ;
#2140 = COLOUR_RGB ( '',0.000000000000000000, 0.000000000000000000, 0.000000000000000000 ) ;
#2141 = CARTESIAN_POINT ( 'NONE',  ( 4.750000000000000000, 5.120999999999999552, -2.156000000000000139 ) ) ;
#2142 =( NAMED_UNIT ( * ) PLANE_ANGLE_UNIT ( ) SI_UNIT ( $, .RADIAN. ) );
#2143 = ORIENTED_EDGE ( 'NONE', *, *, #1784, .F. ) ;
#2144 = CARTESIAN_POINT ( 'NONE',  ( -4.647583293326929876, 4.250999999999999446, 1.526000000000000023 ) ) ;
#2145 = ORIENTED_EDGE ( 'NONE', *, *, #375, .F. ) ;
#2146 = EDGE_CURVE ( 'NONE', #466, #1146, #844, .T. ) ;
#2147 = MECHANICAL_DESIGN_GEOMETRIC_PRESENTATION_REPRESENTATION (  '', ( #1866 ), #2033 ) ;
#2148 = CARTESIAN_POINT ( 'NONE',  ( 0.000000000000000000, 0.000000000000000000, -2.156000000000000139 ) ) ;
#2149 = STYLED_ITEM ( 'NONE', ( #1793 ), #355 ) ;
#2150 = VECTOR ( 'NONE', #803, 1000.000000000000000 ) ;
#2151 = AXIS2_PLACEMENT_3D ( 'NONE', #1053, #748, #1946 ) ;
#2152 = STYLED_ITEM ( 'NONE', ( #736 ), #1476 ) ;
#2153 = ORIENTED_EDGE ( 'NONE', *, *, #617, .T. ) ;
#2154 = CARTESIAN_POINT ( 'NONE',  ( -2.870000000000000107, -7.886255170611041088, -1.701999999999999957 ) ) ;
#2155 = FILL_AREA_STYLE ('',( #130 ) ) ;
#2156 = DIRECTION ( 'NONE',  ( 0.000000000000000000, 0.000000000000000000, 1.000000000000000000 ) ) ;
#2157 = ORIENTED_EDGE ( 'NONE', *, *, #1183, .T. ) ;
#2158 = CARTESIAN_POINT ( 'NONE',  ( 2.209999999999999964, -1.075205455704194044E-15, -1.701999999999999957 ) ) ;
#2159 = ORIENTED_EDGE ( 'NONE', *, *, #995, .F. ) ;
#2160 = CARTESIAN_POINT ( 'NONE',  ( 2.209999999999999964, 0.000000000000000000, 2.158999999999999808 ) ) ;
#2161 = AXIS2_PLACEMENT_3D ( 'NONE', #1159, #1829, #154 ) ;
#2162 = LINE ( 'NONE', #685, #2034 ) ;
#2163 = EDGE_CURVE ( 'NONE', #485, #1187, #38, .T. ) ;
#2164 = ORIENTED_EDGE ( 'NONE', *, *, #303, .T. ) ;
#2165 = ORIENTED_EDGE ( 'NONE', *, *, #1565, .T. ) ;
#2166 = DIRECTION ( 'NONE',  ( 1.000000000000000000, 0.000000000000000000, 0.000000000000000000 ) ) ;
#2167 = ORIENTED_EDGE ( 'NONE', *, *, #117, .F. ) ;
#2168 = CARTESIAN_POINT ( 'NONE',  ( -2.870000000000000107, -7.648069056173880220, -1.507128732471675114 ) ) ;
#2169 = CARTESIAN_POINT ( 'NONE',  ( -3.187500000000000000, -2.302985817852400217E-17, 0.07600000000000151079 ) ) ;
#2170 = AXIS2_PLACEMENT_3D ( 'NONE', #358, #1719, #739 ) ;
#2171 = DIRECTION ( 'NONE',  ( 1.000000000000000000, 0.000000000000000000, 0.000000000000000000 ) ) ;
#2172 = EDGE_CURVE ( 'NONE', #393, #1146, #1648, .T. ) ;
#2173 = CARTESIAN_POINT ( 'NONE',  ( -2.540000000000000036, 4.520999999999999908, -2.156000000000000139 ) ) ;
#2174 = ORIENTED_EDGE ( 'NONE', *, *, #614, .F. ) ;
#2175 =( GEOMETRIC_REPRESENTATION_CONTEXT ( 3 ) GLOBAL_UNCERTAINTY_ASSIGNED_CONTEXT ( ( #1506 ) ) GLOBAL_UNIT_ASSIGNED_CONTEXT ( ( #2098, #1086, #2050 ) ) REPRESENTATION_CONTEXT ( 'NONE', 'WORKASPACE' ) );
#2176 = UNCERTAINTY_MEASURE_WITH_UNIT (LENGTH_MEASURE( 1.000000000000000082E-05 ), #640, 'distance_accuracy_value', 'NONE');
ENDSEC;
END-ISO-10303-21;
